[ViT-B-32/fairface] 7 classes, calibration 7 pairs, 3500 images total
  seed pair ('vision', ('attn', 11, 1)) + ('text', ('attn', 10, 5))  loss=1.4491
  +('text', ('mlp', 7, -1)) -> loss=1.3264 (|pool|=3)
  +('vision', ('attn', 4, 6)) -> loss=1.2909 (|pool|=4)
  +('text', ('mlp', 11, -1)) -> loss=1.2554 (|pool|=5)
  +('vision', ('attn', 11, 5)) -> loss=1.1898 (|pool|=6)
  +('vision', ('attn', 9, 6)) -> loss=1.1530 (|pool|=7)
  +('text', ('attn', 7, 1)) -> loss=1.1116 (|pool|=8)
  +('vision', ('attn', 11, 6)) -> loss=1.0800 (|pool|=9)
  +('vision', ('attn', 11, 0)) -> loss=1.0527 (|pool|=10)
  +('text', ('attn', 8, 7)) -> loss=1.0253 (|pool|=11)
  +('text', ('attn', 5, 7)) -> loss=1.0031 (|pool|=12)
  +('vision', ('attn', 10, 1)) -> loss=0.9797 (|pool|=13)
  +('vision', ('attn', 11, 8)) -> loss=0.9567 (|pool|=14)
  +('vision', ('attn', 10, 8)) -> loss=0.9332 (|pool|=15)
  +('vision', ('attn', 9, 7)) -> loss=0.9171 (|pool|=16)
  +('vision', ('attn', 8, 6)) -> loss=0.8965 (|pool|=17)
  +('vision', ('attn', 5, 6)) -> loss=0.8817 (|pool|=18)
  +('vision', ('attn', 11, 9)) -> loss=0.8661 (|pool|=19)
  +('text', ('attn', 11, 4)) -> loss=0.8497 (|pool|=20)
  +('text', ('mlp', 4, -1)) -> loss=0.8300 (|pool|=21)
  +('text', ('attn', 3, 4)) -> loss=0.8090 (|pool|=22)
  +('vision', ('attn', 10, 0)) -> loss=0.7828 (|pool|=23)
  +('text', ('attn', 4, 5)) -> loss=0.7666 (|pool|=24)
  +('vision', ('attn', 8, 5)) -> loss=0.7536 (|pool|=25)
  +('text', ('attn', 4, 6)) -> loss=0.7420 (|pool|=26)
  +('text', ('attn', 9, 7)) -> loss=0.7320 (|pool|=27)
  +('vision', ('attn', 8, 1)) -> loss=0.7230 (|pool|=28)
  +('vision', ('attn', 10, 7)) -> loss=0.7143 (|pool|=29)
  +('vision', ('attn', 5, 5)) -> loss=0.7050 (|pool|=30)
  +('text', ('attn', 9, 0)) -> loss=0.6971 (|pool|=31)
  +('text', ('attn', 8, 4)) -> loss=0.6900 (|pool|=32)
  +('vision', ('attn', 5, 3)) -> loss=0.6834 (|pool|=33)
  +('text', ('attn', 11, 7)) -> loss=0.6760 (|pool|=34)
  +('vision', ('attn', 10, 10)) -> loss=0.6690 (|pool|=35)
  +('text', ('attn', 6, 5)) -> loss=0.6630 (|pool|=36)
  +('vision', ('attn', 5, 1)) -> loss=0.6574 (|pool|=37)
  +('text', ('attn', 5, 0)) -> loss=0.6519 (|pool|=38)
  +('vision', ('attn', 9, 9)) -> loss=0.6469 (|pool|=39)
  +('vision', ('mlp', 4, -1)) -> loss=0.6420 (|pool|=40)
  +('vision', ('attn', 4, 2)) -> loss=0.6376 (|pool|=41)
  +('vision', ('attn', 7, 4)) -> loss=0.6335 (|pool|=42)
  +('text', ('attn', 4, 0)) -> loss=0.6297 (|pool|=43)
  +('vision', ('attn', 5, 8)) -> loss=0.6260 (|pool|=44)
  +('vision', ('attn', 2, 0)) -> loss=0.6227 (|pool|=45)
  +('vision', ('attn', 7, 7)) -> loss=0.6189 (|pool|=46)
  +('text', ('attn', 2, 3)) -> loss=0.6157 (|pool|=47)
  +('vision', ('attn', 6, 7)) -> loss=0.6125 (|pool|=48)
  +('text', ('attn', 10, 7)) -> loss=0.6093 (|pool|=49)
  +('text', ('mlp', 3, -1)) -> loss=0.6041 (|pool|=50)
  +('text', ('attn', 4, 1)) -> loss=0.6001 (|pool|=51)
  +('text', ('attn', 9, 1)) -> loss=0.5973 (|pool|=52)
  +('vision', ('attn', 11, 2)) -> loss=0.5944 (|pool|=53)
  +('vision', ('attn', 6, 6)) -> loss=0.5884 (|pool|=54)
  +('vision', ('attn', 5, 7)) -> loss=0.5853 (|pool|=55)
  +('vision', ('attn', 5, 10)) -> loss=0.5824 (|pool|=56)
  +('text', ('attn', 6, 6)) -> loss=0.5799 (|pool|=57)
  +('text', ('attn', 9, 5)) -> loss=0.5775 (|pool|=58)
  +('vision', ('attn', 10, 11)) -> loss=0.5743 (|pool|=59)
  +('text', ('attn', 3, 6)) -> loss=0.5716 (|pool|=60)
  +('text', ('mlp', 10, -1)) -> loss=0.5689 (|pool|=61)
  +('text', ('attn', 11, 0)) -> loss=0.5611 (|pool|=62)
  +('vision', ('attn', 9, 5)) -> loss=0.5556 (|pool|=63)
  +('text', ('mlp', 1, -1)) -> loss=0.5501 (|pool|=64)
  +('vision', ('attn', 3, 9)) -> loss=0.5451 (|pool|=65)
  +('vision', ('attn', 7, 2)) -> loss=0.5414 (|pool|=66)
  +('text', ('mlp', 9, -1)) -> loss=0.5371 (|pool|=67)
  +('text', ('attn', 6, 3)) -> loss=0.5304 (|pool|=68)
  +('vision', ('attn', 2, 7)) -> loss=0.5257 (|pool|=69)
  +('vision', ('attn', 1, 3)) -> loss=0.5216 (|pool|=70)
  +('vision', ('mlp', 8, -1)) -> loss=0.5160 (|pool|=71)
  +('vision', ('attn', 1, 11)) -> loss=0.5110 (|pool|=72)
  +('vision', ('attn', 4, 9)) -> loss=0.5078 (|pool|=73)
  +('vision', ('attn', 4, 11)) -> loss=0.5052 (|pool|=74)
  +('text', ('attn', 11, 6)) -> loss=0.5025 (|pool|=75)
  +('text', ('attn', 3, 5)) -> loss=0.5000 (|pool|=76)
  +('text', ('attn', 4, 7)) -> loss=0.4978 (|pool|=77)
  +('text', ('attn', 6, 7)) -> loss=0.4957 (|pool|=78)
  +('vision', ('attn', 6, 10)) -> loss=0.4936 (|pool|=79)
  +('vision', ('attn', 8, 8)) -> loss=0.4915 (|pool|=80)
  +('text', ('attn', 7, 3)) -> loss=0.4894 (|pool|=81)
  +('vision', ('attn', 2, 3)) -> loss=0.4877 (|pool|=82)
  +('vision', ('attn', 4, 7)) -> loss=0.4863 (|pool|=83)
  +('text', ('attn', 9, 6)) -> loss=0.4849 (|pool|=84)
  +('text', ('attn', 0, 1)) -> loss=0.4836 (|pool|=85)
  +('vision', ('attn', 7, 11)) -> loss=0.4823 (|pool|=86)
  +('vision', ('attn', 9, 8)) -> loss=0.4809 (|pool|=87)
  +('vision', ('attn', 3, 11)) -> loss=0.4798 (|pool|=88)
  +('text', ('mlp', 0, -1)) -> loss=0.4787 (|pool|=89)
  +('vision', ('attn', 6, 9)) -> loss=0.4776 (|pool|=90)
  +('text', ('attn', 7, 5)) -> loss=0.4766 (|pool|=91)
  +('text', ('attn', 0, 3)) -> loss=0.4758 (|pool|=92)
  +('text', ('attn', 2, 1)) -> loss=0.4751 (|pool|=93)
  +('text', ('attn', 5, 3)) -> loss=0.4745 (|pool|=94)
  +('text', ('attn', 10, 4)) -> loss=0.4739 (|pool|=95)
  +('text', ('attn', 10, 1)) -> loss=0.4734 (|pool|=96)
[ViT-B-32/fairface] full=49.40  pool(96)=53.89  best prefix(52)=58.66
[ViT-B-32/fairface] 7 classes, calibration 7 pairs, 3500 images total
  seed pair ('vision', ('attn', 11, 1)) + ('text', ('attn', 10, 5))  loss=1.7484
  +('text', ('mlp', 7, -1)) -> loss=1.6815 (|pool|=3)
  +('text', ('attn', 6, 1)) -> loss=1.6404 (|pool|=4)
  +('vision', ('attn', 9, 6)) -> loss=1.6103 (|pool|=5)
  +('text', ('attn', 11, 1)) -> loss=1.5772 (|pool|=6)
  +('text', ('mlp', 11, -1)) -> loss=1.5177 (|pool|=7)
  +('vision', ('attn', 4, 11)) -> loss=1.4808 (|pool|=8)
  +('vision', ('attn', 11, 4)) -> loss=1.4488 (|pool|=9)
  +('vision', ('mlp', 10, -1)) -> loss=1.4173 (|pool|=10)
  +('vision', ('attn', 10, 1)) -> loss=1.3735 (|pool|=11)
  +('text', ('attn', 8, 7)) -> loss=1.3333 (|pool|=12)
  +('vision', ('attn', 5, 5)) -> loss=1.2973 (|pool|=13)
  +('text', ('attn', 11, 0)) -> loss=1.2552 (|pool|=14)
  +('text', ('attn', 6, 2)) -> loss=1.2189 (|pool|=15)
  +('text', ('attn', 11, 7)) -> loss=1.1883 (|pool|=16)
  +('vision', ('mlp', 1, -1)) -> loss=1.1624 (|pool|=17)
  +('vision', ('attn', 4, 6)) -> loss=1.1366 (|pool|=18)
  +('vision', ('mlp', 4, -1)) -> loss=1.1121 (|pool|=19)
  +('text', ('attn', 5, 7)) -> loss=1.0872 (|pool|=20)
  +('text', ('attn', 4, 5)) -> loss=1.0627 (|pool|=21)
  +('vision', ('attn', 8, 3)) -> loss=1.0402 (|pool|=22)
  +('vision', ('attn', 7, 10)) -> loss=1.0189 (|pool|=23)
  +('vision', ('attn', 5, 6)) -> loss=1.0015 (|pool|=24)
  +('vision', ('attn', 9, 11)) -> loss=0.9846 (|pool|=25)
  +('vision', ('attn', 7, 8)) -> loss=0.9671 (|pool|=26)
  +('vision', ('attn', 9, 9)) -> loss=0.9516 (|pool|=27)
  +('vision', ('attn', 9, 4)) -> loss=0.9377 (|pool|=28)
  +('vision', ('attn', 9, 1)) -> loss=0.9249 (|pool|=29)
  +('vision', ('attn', 9, 5)) -> loss=0.9128 (|pool|=30)
  +('text', ('attn', 11, 2)) -> loss=0.9000 (|pool|=31)
  +('vision', ('attn', 10, 7)) -> loss=0.8875 (|pool|=32)
  +('text', ('mlp', 6, -1)) -> loss=0.8718 (|pool|=33)
  +('vision', ('attn', 5, 8)) -> loss=0.8555 (|pool|=34)
  +('text', ('attn', 9, 4)) -> loss=0.8416 (|pool|=35)
  +('text', ('attn', 9, 0)) -> loss=0.8296 (|pool|=36)
  +('vision', ('attn', 8, 5)) -> loss=0.8186 (|pool|=37)
  +('vision', ('attn', 9, 3)) -> loss=0.8085 (|pool|=38)
  +('text', ('attn', 1, 2)) -> loss=0.7987 (|pool|=39)
  +('text', ('attn', 0, 4)) -> loss=0.7881 (|pool|=40)
  +('vision', ('attn', 10, 11)) -> loss=0.7774 (|pool|=41)
  +('vision', ('mlp', 8, -1)) -> loss=0.7627 (|pool|=42)
  +('vision', ('attn', 11, 10)) -> loss=0.7421 (|pool|=43)
  +('text', ('attn', 0, 2)) -> loss=0.7301 (|pool|=44)
  +('text', ('attn', 2, 7)) -> loss=0.7196 (|pool|=45)
  +('text', ('attn', 6, 3)) -> loss=0.7106 (|pool|=46)
  +('vision', ('attn', 8, 8)) -> loss=0.7024 (|pool|=47)
  +('text', ('attn', 3, 6)) -> loss=0.6937 (|pool|=48)
  +('vision', ('attn', 9, 2)) -> loss=0.6847 (|pool|=49)
  +('vision', ('attn', 7, 9)) -> loss=0.6778 (|pool|=50)
  +('text', ('attn', 9, 7)) -> loss=0.6704 (|pool|=51)
  +('vision', ('attn', 9, 0)) -> loss=0.6636 (|pool|=52)
  +('text', ('attn', 7, 7)) -> loss=0.6566 (|pool|=53)
  +('vision', ('attn', 9, 8)) -> loss=0.6497 (|pool|=54)
  +('text', ('attn', 0, 6)) -> loss=0.6415 (|pool|=55)
  +('vision', ('attn', 1, 4)) -> loss=0.6355 (|pool|=56)
  +('text', ('attn', 6, 0)) -> loss=0.6293 (|pool|=57)
  +('text', ('attn', 9, 2)) -> loss=0.6234 (|pool|=58)
  +('vision', ('attn', 2, 2)) -> loss=0.6176 (|pool|=59)
  +('vision', ('attn', 4, 1)) -> loss=0.6124 (|pool|=60)
  +('vision', ('attn', 3, 5)) -> loss=0.6074 (|pool|=61)
  +('vision', ('attn', 5, 2)) -> loss=0.6027 (|pool|=62)
  +('text', ('attn', 11, 4)) -> loss=0.5952 (|pool|=63)
  +('text', ('attn', 2, 6)) -> loss=0.5900 (|pool|=64)
  +('vision', ('attn', 8, 10)) -> loss=0.5847 (|pool|=65)
  +('text', ('attn', 2, 5)) -> loss=0.5806 (|pool|=66)
  +('text', ('attn', 2, 4)) -> loss=0.5764 (|pool|=67)
  +('vision', ('attn', 3, 11)) -> loss=0.5726 (|pool|=68)
  +('vision', ('attn', 4, 5)) -> loss=0.5690 (|pool|=69)
  +('text', ('attn', 9, 1)) -> loss=0.5654 (|pool|=70)
  +('vision', ('attn', 8, 9)) -> loss=0.5620 (|pool|=71)
  +('text', ('mlp', 10, -1)) -> loss=0.5558 (|pool|=72)
  +('text', ('attn', 4, 1)) -> loss=0.5499 (|pool|=73)
  +('text', ('attn', 10, 0)) -> loss=0.5429 (|pool|=74)
  +('vision', ('mlp', 2, -1)) -> loss=0.5368 (|pool|=75)
  +('vision', ('attn', 7, 2)) -> loss=0.5323 (|pool|=76)
  +('text', ('attn', 0, 1)) -> loss=0.5286 (|pool|=77)
  +('vision', ('attn', 10, 8)) -> loss=0.5244 (|pool|=78)
  +('vision', ('attn', 6, 11)) -> loss=0.5203 (|pool|=79)
  +('text', ('attn', 11, 6)) -> loss=0.5171 (|pool|=80)
  +('vision', ('attn', 2, 5)) -> loss=0.5140 (|pool|=81)
  +('vision', ('attn', 6, 3)) -> loss=0.5110 (|pool|=82)
  +('text', ('attn', 1, 7)) -> loss=0.5081 (|pool|=83)
  +('text', ('attn', 7, 0)) -> loss=0.5058 (|pool|=84)
  +('text', ('attn', 10, 3)) -> loss=0.5039 (|pool|=85)
  +('text', ('mlp', 2, -1)) -> loss=0.5020 (|pool|=86)
  +('vision', ('attn', 5, 7)) -> loss=0.5002 (|pool|=87)
  +('vision', ('attn', 1, 1)) -> loss=0.4986 (|pool|=88)
  +('vision', ('mlp', 3, -1)) -> loss=0.4968 (|pool|=89)
  +('text', ('attn', 7, 6)) -> loss=0.4952 (|pool|=90)
  +('text', ('attn', 8, 1)) -> loss=0.4938 (|pool|=91)
  +('vision', ('attn', 2, 1)) -> loss=0.4926 (|pool|=92)
  +('vision', ('attn', 3, 8)) -> loss=0.4914 (|pool|=93)
  +('text', ('attn', 8, 4)) -> loss=0.4903 (|pool|=94)
  +('text', ('attn', 9, 5)) -> loss=0.4891 (|pool|=95)
  +('text', ('attn', 1, 3)) -> loss=0.4880 (|pool|=96)
[ViT-B-32/fairface] full=49.40  pool(96)=54.97  best prefix(70)=57.23
[ViT-B-32/fairface] 7 classes, calibration 7 pairs, 3500 images total
  seed pair ('vision', ('attn', 11, 1)) + ('text', ('attn', 10, 5))  loss=1.6646
  +('vision', ('attn', 11, 7)) -> loss=1.3981 (|pool|=3)
  +('vision', ('attn', 10, 0)) -> loss=1.2924 (|pool|=4)
  +('text', ('mlp', 8, -1)) -> loss=1.2056 (|pool|=5)
  +('text', ('mlp', 11, -1)) -> loss=1.1139 (|pool|=6)
  +('text', ('attn', 11, 7)) -> loss=1.0456 (|pool|=7)
  +('text', ('attn', 6, 1)) -> loss=0.9816 (|pool|=8)
  +('vision', ('attn', 10, 1)) -> loss=0.9214 (|pool|=9)
  +('text', ('attn', 11, 5)) -> loss=0.8620 (|pool|=10)
  +('text', ('attn', 5, 7)) -> loss=0.8243 (|pool|=11)
  +('vision', ('mlp', 8, -1)) -> loss=0.7891 (|pool|=12)
  +('text', ('mlp', 3, -1)) -> loss=0.7525 (|pool|=13)
  +('text', ('attn', 7, 1)) -> loss=0.7140 (|pool|=14)
  +('vision', ('mlp', 11, -1)) -> loss=0.6647 (|pool|=15)
  +('vision', ('mlp', 10, -1)) -> loss=0.6130 (|pool|=16)
  +('vision', ('attn', 11, 0)) -> loss=0.5817 (|pool|=17)
  +('text', ('attn', 11, 4)) -> loss=0.5503 (|pool|=18)
  +('vision', ('attn', 10, 4)) -> loss=0.5232 (|pool|=19)
  +('vision', ('attn', 9, 1)) -> loss=0.5042 (|pool|=20)
  +('text', ('attn', 9, 4)) -> loss=0.4860 (|pool|=21)
  +('vision', ('attn', 9, 7)) -> loss=0.4684 (|pool|=22)
  +('vision', ('attn', 10, 6)) -> loss=0.4549 (|pool|=23)
  +('vision', ('attn', 11, 11)) -> loss=0.4412 (|pool|=24)
  +('vision', ('attn', 10, 7)) -> loss=0.4283 (|pool|=25)
  +('text', ('attn', 8, 7)) -> loss=0.4137 (|pool|=26)
  +('vision', ('attn', 10, 11)) -> loss=0.4011 (|pool|=27)
  +('vision', ('attn', 9, 2)) -> loss=0.3910 (|pool|=28)
  +('vision', ('attn', 5, 6)) -> loss=0.3817 (|pool|=29)
  +('text', ('attn', 0, 4)) -> loss=0.3727 (|pool|=30)
  +('vision', ('attn', 8, 11)) -> loss=0.3642 (|pool|=31)
  +('vision', ('attn', 7, 0)) -> loss=0.3565 (|pool|=32)
  +('vision', ('attn', 10, 8)) -> loss=0.3483 (|pool|=33)
  +('vision', ('attn', 8, 7)) -> loss=0.3414 (|pool|=34)
  +('vision', ('attn', 9, 10)) -> loss=0.3339 (|pool|=35)
  +('vision', ('mlp', 6, -1)) -> loss=0.3262 (|pool|=36)
  +('vision', ('attn', 6, 4)) -> loss=0.3190 (|pool|=37)
  +('vision', ('attn', 9, 11)) -> loss=0.3125 (|pool|=38)
  +('vision', ('attn', 9, 9)) -> loss=0.3073 (|pool|=39)
  +('vision', ('attn', 1, 6)) -> loss=0.3024 (|pool|=40)
  +('vision', ('attn', 7, 9)) -> loss=0.2980 (|pool|=41)
  +('text', ('attn', 2, 5)) -> loss=0.2937 (|pool|=42)
  +('vision', ('attn', 7, 7)) -> loss=0.2894 (|pool|=43)
  +('vision', ('attn', 10, 2)) -> loss=0.2850 (|pool|=44)
  +('text', ('attn', 1, 1)) -> loss=0.2810 (|pool|=45)
  +('text', ('attn', 0, 2)) -> loss=0.2771 (|pool|=46)
  +('text', ('attn', 5, 4)) -> loss=0.2736 (|pool|=47)
  +('vision', ('attn', 8, 4)) -> loss=0.2705 (|pool|=48)
  +('text', ('attn', 4, 0)) -> loss=0.2675 (|pool|=49)
  +('vision', ('attn', 8, 8)) -> loss=0.2646 (|pool|=50)
  +('vision', ('attn', 6, 8)) -> loss=0.2619 (|pool|=51)
  +('vision', ('attn', 4, 11)) -> loss=0.2590 (|pool|=52)
  +('text', ('attn', 6, 5)) -> loss=0.2564 (|pool|=53)
  +('vision', ('attn', 7, 4)) -> loss=0.2535 (|pool|=54)
  +('vision', ('attn', 4, 1)) -> loss=0.2512 (|pool|=55)
  +('text', ('attn', 3, 3)) -> loss=0.2490 (|pool|=56)
  +('text', ('attn', 2, 2)) -> loss=0.2463 (|pool|=57)
  +('vision', ('attn', 8, 0)) -> loss=0.2438 (|pool|=58)
  +('vision', ('attn', 7, 11)) -> loss=0.2418 (|pool|=59)
  +('vision', ('attn', 9, 8)) -> loss=0.2400 (|pool|=60)
  +('text', ('attn', 10, 2)) -> loss=0.2383 (|pool|=61)
  +('text', ('attn', 0, 0)) -> loss=0.2366 (|pool|=62)
  +('text', ('attn', 9, 0)) -> loss=0.2351 (|pool|=63)
  +('vision', ('attn', 8, 10)) -> loss=0.2336 (|pool|=64)
  +('text', ('attn', 3, 2)) -> loss=0.2320 (|pool|=65)
  +('vision', ('attn', 7, 1)) -> loss=0.2300 (|pool|=66)
  +('text', ('attn', 4, 7)) -> loss=0.2283 (|pool|=67)
  +('text', ('attn', 6, 7)) -> loss=0.2268 (|pool|=68)
  +('vision', ('attn', 8, 1)) -> loss=0.2254 (|pool|=69)
  +('text', ('attn', 7, 7)) -> loss=0.2241 (|pool|=70)
  +('text', ('attn', 8, 4)) -> loss=0.2230 (|pool|=71)
  +('vision', ('attn', 5, 7)) -> loss=0.2217 (|pool|=72)
  +('vision', ('attn', 0, 4)) -> loss=0.2209 (|pool|=73)
  +('text', ('attn', 11, 3)) -> loss=0.2200 (|pool|=74)
  +('text', ('attn', 3, 1)) -> loss=0.2192 (|pool|=75)
  +('vision', ('attn', 11, 5)) -> loss=0.2177 (|pool|=76)
  +('text', ('attn', 3, 4)) -> loss=0.2121 (|pool|=77)
  +('text', ('attn', 8, 0)) -> loss=0.2092 (|pool|=78)
  +('text', ('attn', 1, 2)) -> loss=0.2075 (|pool|=79)
  +('text', ('attn', 0, 5)) -> loss=0.2060 (|pool|=80)
  +('vision', ('attn', 8, 2)) -> loss=0.2047 (|pool|=81)
  +('text', ('attn', 10, 7)) -> loss=0.2039 (|pool|=82)
  +('vision', ('attn', 0, 10)) -> loss=0.2031 (|pool|=83)
  +('text', ('attn', 8, 6)) -> loss=0.2024 (|pool|=84)
  +('text', ('attn', 3, 0)) -> loss=0.2016 (|pool|=85)
  +('text', ('attn', 1, 0)) -> loss=0.2011 (|pool|=86)
  +('text', ('attn', 4, 3)) -> loss=0.2005 (|pool|=87)
  +('vision', ('attn', 6, 7)) -> loss=0.1998 (|pool|=88)
  +('vision', ('attn', 7, 3)) -> loss=0.1992 (|pool|=89)
  +('text', ('attn', 8, 2)) -> loss=0.1985 (|pool|=90)
  +('text', ('attn', 1, 7)) -> loss=0.1979 (|pool|=91)
  +('vision', ('attn', 10, 10)) -> loss=0.1973 (|pool|=92)
  +('vision', ('attn', 4, 4)) -> loss=0.1966 (|pool|=93)
  +('vision', ('attn', 0, 0)) -> loss=0.1960 (|pool|=94)
  +('vision', ('attn', 5, 1)) -> loss=0.1956 (|pool|=95)
  +('vision', ('attn', 4, 6)) -> loss=0.1950 (|pool|=96)
[ViT-B-32/fairface] full=49.40  pool(96)=56.34  best prefix(36)=58.37
[ViT-B-32/CIFAR100] 100 classes, calibration 100 pairs, 2000 images total
  seed pair ('vision', ('attn', 11, 7)) + ('text', ('attn', 8, 0))  loss=3.5938
  +('text', ('attn', 11, 7)) -> loss=3.0863 (|pool|=3)
  +('vision', ('attn', 11, 11)) -> loss=2.8818 (|pool|=4)
  +('text', ('attn', 11, 2)) -> loss=2.7323 (|pool|=5)
  +('vision', ('attn', 10, 4)) -> loss=2.5619 (|pool|=6)
  +('text', ('attn', 10, 2)) -> loss=2.4258 (|pool|=7)
  +('vision', ('attn', 11, 8)) -> loss=2.0943 (|pool|=8)
  +('vision', ('attn', 10, 2)) -> loss=1.9693 (|pool|=9)
  +('vision', ('attn', 11, 9)) -> loss=1.8739 (|pool|=10)
  +('text', ('attn', 8, 1)) -> loss=1.7613 (|pool|=11)
  +('text', ('attn', 8, 2)) -> loss=1.6943 (|pool|=12)
  +('text', ('attn', 9, 5)) -> loss=1.6401 (|pool|=13)
  +('text', ('attn', 7, 5)) -> loss=1.5923 (|pool|=14)
  +('vision', ('attn', 11, 2)) -> loss=1.5490 (|pool|=15)
  +('text', ('attn', 10, 6)) -> loss=1.4861 (|pool|=16)
  +('vision', ('attn', 9, 1)) -> loss=1.4486 (|pool|=17)
  +('text', ('attn', 5, 6)) -> loss=1.4137 (|pool|=18)
  +('text', ('attn', 6, 4)) -> loss=1.3801 (|pool|=19)
  +('text', ('attn', 11, 4)) -> loss=1.3532 (|pool|=20)
  +('vision', ('attn', 9, 11)) -> loss=1.3281 (|pool|=21)
  +('text', ('attn', 8, 3)) -> loss=1.3036 (|pool|=22)
  +('text', ('attn', 2, 2)) -> loss=1.2836 (|pool|=23)
  +('text', ('attn', 9, 6)) -> loss=1.2656 (|pool|=24)
  +('vision', ('attn', 10, 5)) -> loss=1.2464 (|pool|=25)
  +('text', ('attn', 8, 4)) -> loss=1.2299 (|pool|=26)
  +('vision', ('attn', 10, 6)) -> loss=1.2135 (|pool|=27)
  +('text', ('attn', 7, 2)) -> loss=1.1963 (|pool|=28)
  +('text', ('attn', 6, 3)) -> loss=1.1812 (|pool|=29)
  +('text', ('mlp', 11, -1)) -> loss=1.1612 (|pool|=30)
  +('vision', ('attn', 11, 6)) -> loss=1.1302 (|pool|=31)
  +('text', ('attn', 11, 1)) -> loss=1.0975 (|pool|=32)
  +('vision', ('attn', 8, 0)) -> loss=1.0829 (|pool|=33)
  +('text', ('attn', 9, 3)) -> loss=1.0687 (|pool|=34)
  +('vision', ('attn', 10, 0)) -> loss=1.0539 (|pool|=35)
  +('text', ('attn', 10, 5)) -> loss=1.0414 (|pool|=36)
  +('vision', ('attn', 8, 6)) -> loss=1.0300 (|pool|=37)
  +('text', ('attn', 10, 4)) -> loss=1.0189 (|pool|=38)
  +('vision', ('attn', 7, 8)) -> loss=1.0091 (|pool|=39)
  +('text', ('attn', 5, 4)) -> loss=0.9996 (|pool|=40)
  +('vision', ('mlp', 3, -1)) -> loss=0.9920 (|pool|=41)
  +('text', ('attn', 9, 1)) -> loss=0.9849 (|pool|=42)
  +('text', ('attn', 2, 7)) -> loss=0.9787 (|pool|=43)
  +('vision', ('attn', 10, 1)) -> loss=0.9728 (|pool|=44)
  +('text', ('attn', 10, 3)) -> loss=0.9665 (|pool|=45)
  +('text', ('attn', 8, 7)) -> loss=0.9609 (|pool|=46)
  +('vision', ('attn', 9, 9)) -> loss=0.9552 (|pool|=47)
  +('text', ('attn', 6, 2)) -> loss=0.9492 (|pool|=48)
  +('vision', ('attn', 10, 10)) -> loss=0.9434 (|pool|=49)
  +('text', ('attn', 6, 6)) -> loss=0.9389 (|pool|=50)
  +('text', ('attn', 2, 6)) -> loss=0.9354 (|pool|=51)
  +('text', ('attn', 6, 5)) -> loss=0.9318 (|pool|=52)
  +('vision', ('attn', 6, 3)) -> loss=0.9286 (|pool|=53)
  +('vision', ('attn', 6, 4)) -> loss=0.9255 (|pool|=54)
  +('text', ('attn', 7, 4)) -> loss=0.9223 (|pool|=55)
  +('text', ('attn', 4, 0)) -> loss=0.9193 (|pool|=56)
  +('vision', ('attn', 6, 1)) -> loss=0.9164 (|pool|=57)
  +('text', ('attn', 5, 2)) -> loss=0.9138 (|pool|=58)
  +('text', ('mlp', 2, -1)) -> loss=0.9112 (|pool|=59)
  +('vision', ('attn', 11, 3)) -> loss=0.9087 (|pool|=60)
  +('text', ('attn', 11, 0)) -> loss=0.9030 (|pool|=61)
  +('text', ('attn', 0, 6)) -> loss=0.8996 (|pool|=62)
  +('vision', ('attn', 11, 10)) -> loss=0.8962 (|pool|=63)
  +('text', ('attn', 9, 4)) -> loss=0.8922 (|pool|=64)
  +('vision', ('attn', 10, 9)) -> loss=0.8891 (|pool|=65)
  +('text', ('attn', 10, 1)) -> loss=0.8864 (|pool|=66)
  +('text', ('attn', 0, 7)) -> loss=0.8836 (|pool|=67)
  +('text', ('attn', 0, 1)) -> loss=0.8813 (|pool|=68)
  +('text', ('attn', 6, 0)) -> loss=0.8791 (|pool|=69)
  +('vision', ('attn', 3, 6)) -> loss=0.8772 (|pool|=70)
  +('vision', ('attn', 8, 4)) -> loss=0.8754 (|pool|=71)
  +('vision', ('attn', 8, 11)) -> loss=0.8736 (|pool|=72)
  +('text', ('attn', 8, 5)) -> loss=0.8719 (|pool|=73)
  +('vision', ('attn', 8, 10)) -> loss=0.8702 (|pool|=74)
  +('vision', ('mlp', 4, -1)) -> loss=0.8688 (|pool|=75)
  +('text', ('attn', 0, 0)) -> loss=0.8675 (|pool|=76)
  +('vision', ('attn', 8, 2)) -> loss=0.8663 (|pool|=77)
  +('vision', ('attn', 9, 0)) -> loss=0.8651 (|pool|=78)
  +('text', ('attn', 3, 7)) -> loss=0.8637 (|pool|=79)
  +('vision', ('attn', 5, 10)) -> loss=0.8626 (|pool|=80)
  +('text', ('attn', 1, 2)) -> loss=0.8614 (|pool|=81)
  +('text', ('attn', 2, 5)) -> loss=0.8603 (|pool|=82)
  +('vision', ('attn', 8, 8)) -> loss=0.8593 (|pool|=83)
  +('text', ('mlp', 0, -1)) -> loss=0.8582 (|pool|=84)
  +('vision', ('attn', 7, 9)) -> loss=0.8571 (|pool|=85)
  +('text', ('attn', 2, 4)) -> loss=0.8561 (|pool|=86)
  +('text', ('attn', 4, 1)) -> loss=0.8552 (|pool|=87)
  +('text', ('attn', 7, 7)) -> loss=0.8543 (|pool|=88)
  +('text', ('attn', 0, 2)) -> loss=0.8534 (|pool|=89)
  +('vision', ('attn', 8, 3)) -> loss=0.8525 (|pool|=90)
  +('text', ('attn', 1, 5)) -> loss=0.8517 (|pool|=91)
  +('vision', ('attn', 0, 4)) -> loss=0.8510 (|pool|=92)
  +('vision', ('attn', 3, 1)) -> loss=0.8505 (|pool|=93)
  +('vision', ('attn', 5, 6)) -> loss=0.8500 (|pool|=94)
  +('text', ('attn', 2, 3)) -> loss=0.8496 (|pool|=95)
  +('text', ('attn', 0, 5)) -> loss=0.8492 (|pool|=96)
[ViT-B-32/CIFAR100] full=65.85  pool(96)=68.35  best prefix(56)=69.75
[ViT-B-32/CIFAR100] 100 classes, calibration 100 pairs, 2000 images total
  seed pair ('vision', ('attn', 11, 7)) + ('text', ('attn', 8, 0))  loss=3.7093
  +('text', ('attn', 11, 7)) -> loss=3.2926 (|pool|=3)
  +('vision', ('attn', 11, 11)) -> loss=3.1119 (|pool|=4)
  +('text', ('attn', 11, 2)) -> loss=2.9750 (|pool|=5)
  +('vision', ('attn', 11, 9)) -> loss=2.8297 (|pool|=6)
  +('vision', ('attn', 11, 6)) -> loss=2.7261 (|pool|=7)
  +('text', ('attn', 8, 1)) -> loss=2.6427 (|pool|=8)
  +('vision', ('attn', 10, 4)) -> loss=2.5651 (|pool|=9)
  +('text', ('attn', 10, 2)) -> loss=2.4523 (|pool|=10)
  +('vision', ('attn', 11, 8)) -> loss=2.1554 (|pool|=11)
  +('vision', ('attn', 10, 2)) -> loss=2.0812 (|pool|=12)
  +('text', ('attn', 7, 5)) -> loss=2.0114 (|pool|=13)
  +('text', ('attn', 11, 4)) -> loss=1.9606 (|pool|=14)
  +('text', ('attn', 4, 5)) -> loss=1.9153 (|pool|=15)
  +('text', ('attn', 11, 1)) -> loss=1.8770 (|pool|=16)
  +('vision', ('attn', 9, 1)) -> loss=1.8393 (|pool|=17)
  +('vision', ('attn', 10, 3)) -> loss=1.8086 (|pool|=18)
  +('text', ('attn', 10, 4)) -> loss=1.7794 (|pool|=19)
  +('vision', ('attn', 11, 4)) -> loss=1.7544 (|pool|=20)
  +('text', ('mlp', 10, -1)) -> loss=1.7306 (|pool|=21)
  +('vision', ('attn', 10, 6)) -> loss=1.7072 (|pool|=22)
  +('text', ('attn', 10, 6)) -> loss=1.6794 (|pool|=23)
  +('text', ('attn', 8, 3)) -> loss=1.6588 (|pool|=24)
  +('vision', ('attn', 8, 6)) -> loss=1.6386 (|pool|=25)
  +('vision', ('attn', 10, 5)) -> loss=1.6230 (|pool|=26)
  +('vision', ('attn', 10, 9)) -> loss=1.6073 (|pool|=27)
  +('text', ('attn', 8, 7)) -> loss=1.5929 (|pool|=28)
  +('vision', ('attn', 10, 11)) -> loss=1.5803 (|pool|=29)
  +('text', ('attn', 6, 3)) -> loss=1.5694 (|pool|=30)
  +('vision', ('attn', 8, 8)) -> loss=1.5588 (|pool|=31)
  +('text', ('attn', 10, 7)) -> loss=1.5486 (|pool|=32)
  +('vision', ('attn', 6, 8)) -> loss=1.5395 (|pool|=33)
  +('text', ('attn', 9, 5)) -> loss=1.5297 (|pool|=34)
  +('text', ('attn', 2, 7)) -> loss=1.5208 (|pool|=35)
  +('text', ('mlp', 11, -1)) -> loss=1.5111 (|pool|=36)
  +('text', ('attn', 7, 0)) -> loss=1.4913 (|pool|=37)
  +('text', ('attn', 6, 4)) -> loss=1.4761 (|pool|=38)
  +('text', ('mlp', 1, -1)) -> loss=1.4637 (|pool|=39)
  +('vision', ('attn', 10, 10)) -> loss=1.4512 (|pool|=40)
  +('text', ('attn', 5, 4)) -> loss=1.4395 (|pool|=41)
  +('text', ('attn', 8, 6)) -> loss=1.4292 (|pool|=42)
  +('vision', ('attn', 11, 3)) -> loss=1.4192 (|pool|=43)
  +('text', ('attn', 9, 6)) -> loss=1.4099 (|pool|=44)
  +('text', ('attn', 7, 4)) -> loss=1.4006 (|pool|=45)
  +('vision', ('attn', 9, 8)) -> loss=1.3932 (|pool|=46)
  +('vision', ('mlp', 7, -1)) -> loss=1.3856 (|pool|=47)
  +('text', ('attn', 10, 3)) -> loss=1.3774 (|pool|=48)
  +('text', ('attn', 9, 3)) -> loss=1.3704 (|pool|=49)
  +('text', ('attn', 9, 1)) -> loss=1.3645 (|pool|=50)
  +('text', ('attn', 2, 2)) -> loss=1.3588 (|pool|=51)
  +('vision', ('attn', 8, 10)) -> loss=1.3532 (|pool|=52)
  +('vision', ('attn', 5, 4)) -> loss=1.3481 (|pool|=53)
  +('text', ('attn', 4, 0)) -> loss=1.3433 (|pool|=54)
  +('vision', ('attn', 11, 1)) -> loss=1.3389 (|pool|=55)
  +('vision', ('attn', 9, 9)) -> loss=1.3339 (|pool|=56)
  +('text', ('attn', 0, 4)) -> loss=1.3293 (|pool|=57)
  +('text', ('mlp', 2, -1)) -> loss=1.3248 (|pool|=58)
  +('vision', ('attn', 6, 1)) -> loss=1.3210 (|pool|=59)
  +('vision', ('attn', 6, 4)) -> loss=1.3176 (|pool|=60)
  +('vision', ('attn', 5, 10)) -> loss=1.3145 (|pool|=61)
  +('text', ('attn', 5, 3)) -> loss=1.3113 (|pool|=62)
  +('text', ('attn', 0, 5)) -> loss=1.3083 (|pool|=63)
  +('text', ('attn', 8, 4)) -> loss=1.3057 (|pool|=64)
  +('vision', ('attn', 5, 0)) -> loss=1.3027 (|pool|=65)
  +('vision', ('attn', 4, 6)) -> loss=1.2999 (|pool|=66)
  +('vision', ('attn', 4, 11)) -> loss=1.2973 (|pool|=67)
  +('vision', ('attn', 8, 4)) -> loss=1.2952 (|pool|=68)
  +('vision', ('attn', 6, 10)) -> loss=1.2932 (|pool|=69)
  +('vision', ('attn', 9, 11)) -> loss=1.2912 (|pool|=70)
  +('text', ('attn', 5, 6)) -> loss=1.2894 (|pool|=71)
  +('text', ('mlp', 0, -1)) -> loss=1.2877 (|pool|=72)
  +('vision', ('attn', 5, 11)) -> loss=1.2859 (|pool|=73)
  +('vision', ('attn', 8, 7)) -> loss=1.2843 (|pool|=74)
  +('text', ('attn', 6, 0)) -> loss=1.2825 (|pool|=75)
  +('vision', ('attn', 1, 6)) -> loss=1.2811 (|pool|=76)
  +('text', ('attn', 4, 1)) -> loss=1.2797 (|pool|=77)
  +('text', ('attn', 2, 5)) -> loss=1.2784 (|pool|=78)
  +('vision', ('attn', 8, 3)) -> loss=1.2771 (|pool|=79)
  +('vision', ('attn', 7, 10)) -> loss=1.2759 (|pool|=80)
  +('text', ('attn', 2, 6)) -> loss=1.2745 (|pool|=81)
  +('vision', ('attn', 5, 7)) -> loss=1.2732 (|pool|=82)
  +('vision', ('attn', 7, 6)) -> loss=1.2720 (|pool|=83)
  +('vision', ('attn', 10, 8)) -> loss=1.2708 (|pool|=84)
  +('vision', ('attn', 0, 4)) -> loss=1.2697 (|pool|=85)
  +('text', ('attn', 3, 0)) -> loss=1.2687 (|pool|=86)
  +('vision', ('attn', 2, 2)) -> loss=1.2677 (|pool|=87)
  +('text', ('attn', 2, 4)) -> loss=1.2667 (|pool|=88)
  +('vision', ('attn', 7, 3)) -> loss=1.2658 (|pool|=89)
  +('text', ('attn', 10, 0)) -> loss=1.2645 (|pool|=90)
  +('vision', ('attn', 10, 1)) -> loss=1.2630 (|pool|=91)
  +('text', ('attn', 4, 3)) -> loss=1.2612 (|pool|=92)
  +('text', ('attn', 5, 2)) -> loss=1.2600 (|pool|=93)
  +('text', ('attn', 1, 4)) -> loss=1.2589 (|pool|=94)
  +('text', ('attn', 2, 0)) -> loss=1.2579 (|pool|=95)
  +('text', ('attn', 1, 6)) -> loss=1.2568 (|pool|=96)
[ViT-B-32/CIFAR100] full=65.85  pool(96)=67.60  best prefix(90)=67.85
[ViT-B-32/CIFAR100] 100 classes, calibration 100 pairs, 2000 images total
  seed pair ('vision', ('attn', 11, 7)) + ('text', ('attn', 8, 0))  loss=3.5340
  +('text', ('attn', 11, 7)) -> loss=3.0690 (|pool|=3)
  +('vision', ('attn', 11, 11)) -> loss=2.8536 (|pool|=4)
  +('text', ('attn', 11, 2)) -> loss=2.6979 (|pool|=5)
  +('vision', ('attn', 11, 9)) -> loss=2.5521 (|pool|=6)
  +('text', ('attn', 8, 1)) -> loss=2.4493 (|pool|=7)
  +('vision', ('attn', 10, 4)) -> loss=2.3550 (|pool|=8)
  +('text', ('attn', 10, 2)) -> loss=2.2207 (|pool|=9)
  +('vision', ('attn', 11, 8)) -> loss=1.9613 (|pool|=10)
  +('vision', ('attn', 10, 2)) -> loss=1.8667 (|pool|=11)
  +('text', ('attn', 4, 5)) -> loss=1.8019 (|pool|=12)
  +('vision', ('attn', 10, 5)) -> loss=1.7503 (|pool|=13)
  +('text', ('attn', 9, 5)) -> loss=1.7070 (|pool|=14)
  +('vision', ('attn', 11, 2)) -> loss=1.6641 (|pool|=15)
  +('text', ('attn', 11, 4)) -> loss=1.6199 (|pool|=16)
  +('text', ('attn', 7, 5)) -> loss=1.5861 (|pool|=17)
  +('vision', ('attn', 10, 3)) -> loss=1.5492 (|pool|=18)
  +('vision', ('attn', 9, 11)) -> loss=1.5203 (|pool|=19)
  +('text', ('attn', 11, 1)) -> loss=1.4896 (|pool|=20)
  +('text', ('attn', 10, 6)) -> loss=1.4598 (|pool|=21)
  +('text', ('attn', 5, 6)) -> loss=1.4347 (|pool|=22)
  +('vision', ('attn', 10, 6)) -> loss=1.4137 (|pool|=23)
  +('text', ('attn', 10, 4)) -> loss=1.3934 (|pool|=24)
  +('vision', ('attn', 10, 10)) -> loss=1.3768 (|pool|=25)
  +('vision', ('attn', 9, 7)) -> loss=1.3619 (|pool|=26)
  +('vision', ('attn', 10, 1)) -> loss=1.3479 (|pool|=27)
  +('text', ('attn', 8, 7)) -> loss=1.3328 (|pool|=28)
  +('vision', ('attn', 10, 11)) -> loss=1.3206 (|pool|=29)
  +('text', ('attn', 10, 5)) -> loss=1.3100 (|pool|=30)
  +('text', ('attn', 9, 3)) -> loss=1.3009 (|pool|=31)
  +('vision', ('attn', 9, 1)) -> loss=1.2915 (|pool|=32)
  +('text', ('attn', 10, 7)) -> loss=1.2831 (|pool|=33)
  +('text', ('attn', 2, 2)) -> loss=1.2761 (|pool|=34)
  +('vision', ('attn', 10, 0)) -> loss=1.2682 (|pool|=35)
  +('text', ('attn', 11, 0)) -> loss=1.2555 (|pool|=36)
  +('text', ('attn', 9, 6)) -> loss=1.2473 (|pool|=37)
  +('vision', ('attn', 11, 3)) -> loss=1.2406 (|pool|=38)
  +('text', ('attn', 2, 7)) -> loss=1.2337 (|pool|=39)
  +('vision', ('attn', 8, 2)) -> loss=1.2275 (|pool|=40)
  +('text', ('mlp', 2, -1)) -> loss=1.2216 (|pool|=41)
  +('text', ('attn', 7, 4)) -> loss=1.2157 (|pool|=42)
  +('vision', ('attn', 9, 9)) -> loss=1.2105 (|pool|=43)
  +('text', ('attn', 2, 6)) -> loss=1.2056 (|pool|=44)
  +('vision', ('attn', 5, 0)) -> loss=1.2010 (|pool|=45)
  +('text', ('attn', 0, 3)) -> loss=1.1968 (|pool|=46)
  +('text', ('attn', 4, 0)) -> loss=1.1926 (|pool|=47)
  +('text', ('attn', 8, 4)) -> loss=1.1886 (|pool|=48)
  +('vision', ('attn', 5, 10)) -> loss=1.1845 (|pool|=49)
  +('text', ('attn', 3, 4)) -> loss=1.1806 (|pool|=50)
  +('vision', ('attn', 6, 7)) -> loss=1.1770 (|pool|=51)
  +('text', ('attn', 0, 1)) -> loss=1.1735 (|pool|=52)
  +('text', ('attn', 5, 7)) -> loss=1.1698 (|pool|=53)
  +('vision', ('attn', 6, 6)) -> loss=1.1663 (|pool|=54)
  +('text', ('attn', 5, 3)) -> loss=1.1628 (|pool|=55)
  +('vision', ('attn', 7, 1)) -> loss=1.1594 (|pool|=56)
  +('text', ('attn', 0, 4)) -> loss=1.1562 (|pool|=57)
  +('text', ('attn', 0, 7)) -> loss=1.1532 (|pool|=58)
  +('vision', ('attn', 8, 6)) -> loss=1.1499 (|pool|=59)
  +('vision', ('attn', 6, 4)) -> loss=1.1469 (|pool|=60)
  +('text', ('attn', 6, 0)) -> loss=1.1439 (|pool|=61)
  +('vision', ('attn', 8, 8)) -> loss=1.1410 (|pool|=62)
  +('vision', ('attn', 7, 7)) -> loss=1.1382 (|pool|=63)
  +('vision', ('attn', 5, 5)) -> loss=1.1356 (|pool|=64)
  +('vision', ('mlp', 8, -1)) -> loss=1.1328 (|pool|=65)
  +('vision', ('attn', 7, 4)) -> loss=1.1289 (|pool|=66)
  +('text', ('attn', 10, 0)) -> loss=1.1256 (|pool|=67)
  +('vision', ('attn', 9, 8)) -> loss=1.1217 (|pool|=68)
  +('vision', ('attn', 5, 4)) -> loss=1.1178 (|pool|=69)
  +('text', ('attn', 3, 7)) -> loss=1.1148 (|pool|=70)
  +('vision', ('attn', 8, 4)) -> loss=1.1120 (|pool|=71)
  +('vision', ('attn', 9, 0)) -> loss=1.1094 (|pool|=72)
  +('vision', ('attn', 6, 11)) -> loss=1.1068 (|pool|=73)
  +('text', ('attn', 2, 3)) -> loss=1.1045 (|pool|=74)
  +('vision', ('attn', 5, 7)) -> loss=1.1022 (|pool|=75)
  +('text', ('attn', 0, 6)) -> loss=1.1000 (|pool|=76)
  +('text', ('attn', 1, 6)) -> loss=1.0977 (|pool|=77)
  +('text', ('attn', 8, 3)) -> loss=1.0957 (|pool|=78)
  +('text', ('attn', 5, 2)) -> loss=1.0938 (|pool|=79)
  +('vision', ('attn', 0, 4)) -> loss=1.0919 (|pool|=80)
  +('vision', ('attn', 6, 3)) -> loss=1.0900 (|pool|=81)
  +('vision', ('attn', 7, 3)) -> loss=1.0883 (|pool|=82)
  +('vision', ('attn', 2, 7)) -> loss=1.0869 (|pool|=83)
  +('text', ('attn', 7, 7)) -> loss=1.0855 (|pool|=84)
  +('text', ('attn', 7, 3)) -> loss=1.0843 (|pool|=85)
  +('text', ('attn', 9, 7)) -> loss=1.0831 (|pool|=86)
  +('vision', ('attn', 4, 6)) -> loss=1.0816 (|pool|=87)
  +('text', ('attn', 4, 1)) -> loss=1.0805 (|pool|=88)
  +('text', ('mlp', 0, -1)) -> loss=1.0794 (|pool|=89)
  +('text', ('mlp', 11, -1)) -> loss=1.0777 (|pool|=90)
  +('text', ('attn', 6, 4)) -> loss=1.0725 (|pool|=91)
  +('text', ('mlp', 1, -1)) -> loss=1.0669 (|pool|=92)
  +('text', ('attn', 10, 1)) -> loss=1.0632 (|pool|=93)
  +('text', ('attn', 6, 2)) -> loss=1.0604 (|pool|=94)
  +('text', ('attn', 6, 3)) -> loss=1.0577 (|pool|=95)
  +('vision', ('attn', 9, 2)) -> loss=1.0557 (|pool|=96)
[ViT-B-32/CIFAR100] full=65.85  pool(96)=67.95  best prefix(93)=68.10
[ViT-B-32/caltech] 101 classes, calibration 99 pairs, 2020 images total
  seed pair ('vision', ('attn', 11, 7)) + ('text', ('attn', 8, 0))  loss=3.0826
  +('text', ('attn', 11, 7)) -> loss=2.4792 (|pool|=3)
  +('vision', ('attn', 11, 11)) -> loss=2.2522 (|pool|=4)
  +('text', ('attn', 7, 5)) -> loss=1.9960 (|pool|=5)
  +('text', ('attn', 9, 7)) -> loss=1.8148 (|pool|=6)
  +('vision', ('attn', 10, 2)) -> loss=1.6766 (|pool|=7)
  +('text', ('attn', 10, 2)) -> loss=1.4500 (|pool|=8)
  +('vision', ('attn', 11, 8)) -> loss=1.2077 (|pool|=9)
  +('text', ('attn', 8, 2)) -> loss=1.0878 (|pool|=10)
  +('text', ('attn', 11, 2)) -> loss=1.0181 (|pool|=11)
  +('vision', ('attn', 10, 4)) -> loss=0.9339 (|pool|=12)
  +('text', ('attn', 6, 4)) -> loss=0.8898 (|pool|=13)
  +('text', ('mlp', 10, -1)) -> loss=0.8492 (|pool|=14)
  +('vision', ('attn', 11, 6)) -> loss=0.8139 (|pool|=15)
  +('text', ('attn', 6, 3)) -> loss=0.7790 (|pool|=16)
  +('vision', ('attn', 10, 9)) -> loss=0.7476 (|pool|=17)
  +('vision', ('attn', 10, 3)) -> loss=0.7221 (|pool|=18)
  +('text', ('attn', 8, 1)) -> loss=0.7008 (|pool|=19)
  +('vision', ('attn', 9, 11)) -> loss=0.6833 (|pool|=20)
  +('vision', ('mlp', 7, -1)) -> loss=0.6657 (|pool|=21)
  +('text', ('attn', 10, 5)) -> loss=0.6503 (|pool|=22)
  +('vision', ('attn', 11, 2)) -> loss=0.6364 (|pool|=23)
  +('vision', ('mlp', 10, -1)) -> loss=0.6196 (|pool|=24)
  +('vision', ('attn', 8, 11)) -> loss=0.6068 (|pool|=25)
  +('text', ('attn', 4, 5)) -> loss=0.5942 (|pool|=26)
  +('vision', ('attn', 10, 6)) -> loss=0.5831 (|pool|=27)
  +('text', ('attn', 8, 3)) -> loss=0.5722 (|pool|=28)
  +('vision', ('attn', 2, 0)) -> loss=0.5617 (|pool|=29)
  +('vision', ('attn', 8, 5)) -> loss=0.5522 (|pool|=30)
  +('vision', ('attn', 7, 8)) -> loss=0.5435 (|pool|=31)
  +('text', ('attn', 2, 7)) -> loss=0.5349 (|pool|=32)
  +('text', ('attn', 6, 0)) -> loss=0.5276 (|pool|=33)
  +('text', ('attn', 7, 0)) -> loss=0.5210 (|pool|=34)
  +('text', ('attn', 8, 6)) -> loss=0.5148 (|pool|=35)
  +('vision', ('attn', 8, 6)) -> loss=0.5068 (|pool|=36)
  +('vision', ('attn', 7, 5)) -> loss=0.5009 (|pool|=37)
  +('text', ('mlp', 5, -1)) -> loss=0.4948 (|pool|=38)
  +('vision', ('mlp', 9, -1)) -> loss=0.4861 (|pool|=39)
  +('text', ('attn', 10, 6)) -> loss=0.4763 (|pool|=40)
  +('text', ('attn', 11, 4)) -> loss=0.4695 (|pool|=41)
  +('text', ('attn', 10, 1)) -> loss=0.4633 (|pool|=42)
  +('text', ('attn', 0, 2)) -> loss=0.4575 (|pool|=43)
  +('vision', ('attn', 7, 3)) -> loss=0.4516 (|pool|=44)
  +('text', ('attn', 7, 6)) -> loss=0.4451 (|pool|=45)
  +('vision', ('attn', 8, 0)) -> loss=0.4409 (|pool|=46)
  +('vision', ('attn', 10, 10)) -> loss=0.4366 (|pool|=47)
  +('text', ('attn', 9, 0)) -> loss=0.4324 (|pool|=48)
  +('text', ('attn', 10, 0)) -> loss=0.4284 (|pool|=49)
  +('vision', ('attn', 9, 10)) -> loss=0.4245 (|pool|=50)
  +('text', ('attn', 0, 1)) -> loss=0.4207 (|pool|=51)
  +('vision', ('attn', 8, 7)) -> loss=0.4175 (|pool|=52)
  +('vision', ('attn', 7, 6)) -> loss=0.4144 (|pool|=53)
  +('vision', ('attn', 9, 3)) -> loss=0.4113 (|pool|=54)
  +('text', ('attn', 0, 3)) -> loss=0.4085 (|pool|=55)
  +('text', ('attn', 1, 5)) -> loss=0.4057 (|pool|=56)
  +('vision', ('attn', 8, 2)) -> loss=0.4031 (|pool|=57)
  +('vision', ('attn', 5, 1)) -> loss=0.4005 (|pool|=58)
  +('vision', ('attn', 9, 8)) -> loss=0.3980 (|pool|=59)
  +('vision', ('mlp', 6, -1)) -> loss=0.3954 (|pool|=60)
  +('vision', ('attn', 5, 0)) -> loss=0.3928 (|pool|=61)
  +('vision', ('attn', 9, 4)) -> loss=0.3903 (|pool|=62)
  +('text', ('attn', 0, 6)) -> loss=0.3882 (|pool|=63)
  +('text', ('attn', 8, 4)) -> loss=0.3860 (|pool|=64)
  +('text', ('attn', 9, 1)) -> loss=0.3839 (|pool|=65)
  +('vision', ('mlp', 5, -1)) -> loss=0.3817 (|pool|=66)
  +('vision', ('attn', 7, 1)) -> loss=0.3798 (|pool|=67)
  +('vision', ('attn', 8, 4)) -> loss=0.3781 (|pool|=68)
  +('text', ('attn', 3, 7)) -> loss=0.3764 (|pool|=69)
  +('text', ('attn', 10, 7)) -> loss=0.3747 (|pool|=70)
  +('text', ('attn', 3, 4)) -> loss=0.3732 (|pool|=71)
  +('vision', ('attn', 5, 3)) -> loss=0.3715 (|pool|=72)
  +('text', ('attn', 0, 0)) -> loss=0.3700 (|pool|=73)
  +('vision', ('attn', 1, 3)) -> loss=0.3686 (|pool|=74)
  +('vision', ('attn', 3, 9)) -> loss=0.3672 (|pool|=75)
  +('vision', ('attn', 6, 4)) -> loss=0.3659 (|pool|=76)
  +('text', ('attn', 1, 6)) -> loss=0.3647 (|pool|=77)
  +('vision', ('attn', 5, 8)) -> loss=0.3635 (|pool|=78)
  +('vision', ('mlp', 3, -1)) -> loss=0.3623 (|pool|=79)
  +('text', ('attn', 1, 1)) -> loss=0.3613 (|pool|=80)
  +('vision', ('attn', 6, 10)) -> loss=0.3603 (|pool|=81)
  +('text', ('attn', 2, 1)) -> loss=0.3593 (|pool|=82)
  +('vision', ('attn', 0, 5)) -> loss=0.3586 (|pool|=83)
  +('vision', ('attn', 4, 8)) -> loss=0.3579 (|pool|=84)
  +('text', ('attn', 3, 0)) -> loss=0.3572 (|pool|=85)
  +('text', ('attn', 2, 5)) -> loss=0.3565 (|pool|=86)
  +('vision', ('attn', 7, 2)) -> loss=0.3559 (|pool|=87)
  +('vision', ('attn', 3, 0)) -> loss=0.3553 (|pool|=88)
  +('vision', ('attn', 7, 10)) -> loss=0.3549 (|pool|=89)
  +('text', ('attn', 2, 3)) -> loss=0.3545 (|pool|=90)
  +('vision', ('attn', 6, 7)) -> loss=0.3541 (|pool|=91)
  +('vision', ('attn', 4, 5)) -> loss=0.3538 (|pool|=92)
  +('vision', ('attn', 8, 9)) -> loss=0.3535 (|pool|=93)
  +('vision', ('attn', 7, 9)) -> loss=0.3531 (|pool|=94)
  +('vision', ('attn', 5, 11)) -> loss=0.3528 (|pool|=95)
  +('text', ('attn', 4, 6)) -> loss=0.3526 (|pool|=96)
[ViT-B-32/caltech] full=80.30  pool(96)=80.15  best prefix(68)=81.68
[ViT-B-32/caltech] 101 classes, calibration 99 pairs, 2020 images total
  seed pair ('vision', ('attn', 11, 7)) + ('text', ('attn', 8, 0))  loss=3.0297
  +('text', ('attn', 11, 7)) -> loss=2.3615 (|pool|=3)
  +('text', ('attn', 9, 7)) -> loss=2.0513 (|pool|=4)
  +('vision', ('attn', 11, 11)) -> loss=1.8524 (|pool|=5)
  +('text', ('attn', 7, 5)) -> loss=1.6436 (|pool|=6)
  +('vision', ('attn', 10, 2)) -> loss=1.4680 (|pool|=7)
  +('text', ('attn', 10, 2)) -> loss=1.2323 (|pool|=8)
  +('vision', ('attn', 11, 8)) -> loss=0.9837 (|pool|=9)
  +('text', ('attn', 8, 2)) -> loss=0.8664 (|pool|=10)
  +('vision', ('attn', 10, 4)) -> loss=0.8035 (|pool|=11)
  +('text', ('attn', 6, 4)) -> loss=0.7561 (|pool|=12)
  +('text', ('attn', 4, 5)) -> loss=0.7202 (|pool|=13)
  +('vision', ('attn', 11, 6)) -> loss=0.6898 (|pool|=14)
  +('vision', ('attn', 10, 9)) -> loss=0.6589 (|pool|=15)
  +('text', ('attn', 8, 6)) -> loss=0.6326 (|pool|=16)
  +('vision', ('attn', 9, 11)) -> loss=0.6100 (|pool|=17)
  +('text', ('attn', 6, 3)) -> loss=0.5835 (|pool|=18)
  +('vision', ('attn', 9, 9)) -> loss=0.5649 (|pool|=19)
  +('vision', ('attn', 8, 5)) -> loss=0.5485 (|pool|=20)
  +('text', ('attn', 11, 2)) -> loss=0.5327 (|pool|=21)
  +('text', ('mlp', 10, -1)) -> loss=0.5224 (|pool|=22)
  +('text', ('attn', 11, 0)) -> loss=0.4964 (|pool|=23)
  +('text', ('attn', 7, 0)) -> loss=0.4863 (|pool|=24)
  +('vision', ('attn', 11, 1)) -> loss=0.4774 (|pool|=25)
  +('vision', ('attn', 9, 2)) -> loss=0.4690 (|pool|=26)
  +('text', ('attn', 8, 3)) -> loss=0.4611 (|pool|=27)
  +('vision', ('attn', 8, 6)) -> loss=0.4526 (|pool|=28)
  +('text', ('mlp', 5, -1)) -> loss=0.4456 (|pool|=29)
  +('vision', ('mlp', 10, -1)) -> loss=0.4357 (|pool|=30)
  +('text', ('attn', 8, 1)) -> loss=0.4278 (|pool|=31)
  +('text', ('attn', 5, 3)) -> loss=0.4210 (|pool|=32)
  +('vision', ('attn', 5, 5)) -> loss=0.4151 (|pool|=33)
  +('text', ('attn', 6, 5)) -> loss=0.4095 (|pool|=34)
  +('vision', ('attn', 10, 5)) -> loss=0.4037 (|pool|=35)
  +('text', ('attn', 0, 6)) -> loss=0.3980 (|pool|=36)
  +('text', ('attn', 0, 2)) -> loss=0.3930 (|pool|=37)
  +('text', ('attn', 1, 5)) -> loss=0.3879 (|pool|=38)
  +('vision', ('attn', 8, 11)) -> loss=0.3832 (|pool|=39)
  +('text', ('attn', 0, 1)) -> loss=0.3785 (|pool|=40)
  +('vision', ('attn', 8, 0)) -> loss=0.3741 (|pool|=41)
  +('text', ('attn', 0, 4)) -> loss=0.3705 (|pool|=42)
  +('vision', ('attn', 10, 6)) -> loss=0.3669 (|pool|=43)
  +('vision', ('attn', 5, 4)) -> loss=0.3632 (|pool|=44)
  +('text', ('attn', 2, 6)) -> loss=0.3595 (|pool|=45)
  +('text', ('attn', 5, 4)) -> loss=0.3560 (|pool|=46)
  +('text', ('attn', 9, 4)) -> loss=0.3528 (|pool|=47)
  +('vision', ('attn', 5, 9)) -> loss=0.3497 (|pool|=48)
  +('text', ('attn', 2, 2)) -> loss=0.3469 (|pool|=49)
  +('vision', ('attn', 9, 3)) -> loss=0.3442 (|pool|=50)
  +('vision', ('attn', 9, 10)) -> loss=0.3414 (|pool|=51)
  +('text', ('attn', 7, 2)) -> loss=0.3385 (|pool|=52)
  +('text', ('attn', 2, 5)) -> loss=0.3359 (|pool|=53)
  +('vision', ('attn', 8, 8)) -> loss=0.3335 (|pool|=54)
  +('text', ('attn', 0, 5)) -> loss=0.3310 (|pool|=55)
  +('text', ('attn', 1, 6)) -> loss=0.3287 (|pool|=56)
  +('text', ('attn', 0, 7)) -> loss=0.3265 (|pool|=57)
  +('vision', ('attn', 8, 9)) -> loss=0.3244 (|pool|=58)
  +('vision', ('attn', 5, 1)) -> loss=0.3222 (|pool|=59)
  +('text', ('mlp', 7, -1)) -> loss=0.3200 (|pool|=60)
  +('vision', ('attn', 9, 1)) -> loss=0.3165 (|pool|=61)
  +('vision', ('mlp', 4, -1)) -> loss=0.3144 (|pool|=62)
  +('vision', ('mlp', 1, -1)) -> loss=0.3123 (|pool|=63)
  +('text', ('attn', 3, 4)) -> loss=0.3104 (|pool|=64)
  +('text', ('attn', 3, 3)) -> loss=0.3086 (|pool|=65)
  +('vision', ('attn', 8, 1)) -> loss=0.3069 (|pool|=66)
  +('text', ('attn', 8, 4)) -> loss=0.3051 (|pool|=67)
  +('vision', ('attn', 5, 2)) -> loss=0.3032 (|pool|=68)
  +('vision', ('attn', 3, 5)) -> loss=0.3015 (|pool|=69)
  +('vision', ('mlp', 3, -1)) -> loss=0.3000 (|pool|=70)
  +('text', ('attn', 6, 0)) -> loss=0.2985 (|pool|=71)
  +('text', ('mlp', 11, -1)) -> loss=0.2929 (|pool|=72)
  +('text', ('attn', 10, 4)) -> loss=0.2706 (|pool|=73)
  +('text', ('attn', 11, 1)) -> loss=0.2595 (|pool|=74)
  +('text', ('attn', 10, 6)) -> loss=0.2534 (|pool|=75)
  +('text', ('attn', 8, 7)) -> loss=0.2489 (|pool|=76)
  +('text', ('mlp', 9, -1)) -> loss=0.2443 (|pool|=77)
  +('vision', ('attn', 4, 2)) -> loss=0.2417 (|pool|=78)
  +('text', ('attn', 9, 1)) -> loss=0.2393 (|pool|=79)
  +('text', ('attn', 5, 1)) -> loss=0.2371 (|pool|=80)
  +('text', ('attn', 3, 0)) -> loss=0.2350 (|pool|=81)
  +('text', ('attn', 4, 0)) -> loss=0.2333 (|pool|=82)
  +('vision', ('attn', 5, 6)) -> loss=0.2317 (|pool|=83)
  +('vision', ('attn', 10, 1)) -> loss=0.2301 (|pool|=84)
  +('text', ('attn', 11, 6)) -> loss=0.2285 (|pool|=85)
  +('vision', ('attn', 9, 4)) -> loss=0.2273 (|pool|=86)
  +('vision', ('attn', 7, 7)) -> loss=0.2260 (|pool|=87)
  +('vision', ('attn', 5, 3)) -> loss=0.2248 (|pool|=88)
  +('vision', ('attn', 3, 11)) -> loss=0.2239 (|pool|=89)
  +('text', ('attn', 4, 4)) -> loss=0.2230 (|pool|=90)
  +('vision', ('attn', 10, 11)) -> loss=0.2222 (|pool|=91)
  +('text', ('attn', 9, 0)) -> loss=0.2214 (|pool|=92)
  +('text', ('attn', 4, 1)) -> loss=0.2207 (|pool|=93)
  +('vision', ('attn', 7, 10)) -> loss=0.2201 (|pool|=94)
  +('text', ('attn', 2, 7)) -> loss=0.2193 (|pool|=95)
  +('vision', ('attn', 8, 10)) -> loss=0.2186 (|pool|=96)
[ViT-B-32/caltech] full=80.30  pool(96)=82.03  best prefix(96)=82.03
[ViT-B-32/caltech] 101 classes, calibration 99 pairs, 2020 images total
  seed pair ('vision', ('attn', 11, 7)) + ('text', ('attn', 8, 0))  loss=3.1073
  +('text', ('attn', 11, 7)) -> loss=2.4045 (|pool|=3)
  +('text', ('attn', 9, 7)) -> loss=2.1651 (|pool|=4)
  +('vision', ('attn', 11, 11)) -> loss=1.9301 (|pool|=5)
  +('text', ('attn', 7, 5)) -> loss=1.6990 (|pool|=6)
  +('text', ('attn', 8, 2)) -> loss=1.5433 (|pool|=7)
  +('vision', ('attn', 10, 2)) -> loss=1.3208 (|pool|=8)
  +('text', ('attn', 10, 2)) -> loss=1.1394 (|pool|=9)
  +('vision', ('attn', 11, 8)) -> loss=0.9161 (|pool|=10)
  +('vision', ('attn', 10, 9)) -> loss=0.8504 (|pool|=11)
  +('text', ('attn', 11, 2)) -> loss=0.7930 (|pool|=12)
  +('vision', ('attn', 10, 4)) -> loss=0.7272 (|pool|=13)
  +('vision', ('attn', 11, 9)) -> loss=0.6770 (|pool|=14)
  +('text', ('attn', 6, 4)) -> loss=0.6343 (|pool|=15)
  +('text', ('mlp', 10, -1)) -> loss=0.6032 (|pool|=16)
  +('text', ('attn', 8, 1)) -> loss=0.5730 (|pool|=17)
  +('text', ('attn', 4, 5)) -> loss=0.5528 (|pool|=18)
  +('vision', ('attn', 8, 5)) -> loss=0.5326 (|pool|=19)
  +('text', ('attn', 8, 6)) -> loss=0.5176 (|pool|=20)
  +('vision', ('mlp', 9, -1)) -> loss=0.5020 (|pool|=21)
  +('text', ('attn', 6, 1)) -> loss=0.4884 (|pool|=22)
  +('text', ('attn', 6, 5)) -> loss=0.4767 (|pool|=23)
  +('vision', ('attn', 10, 5)) -> loss=0.4650 (|pool|=24)
  +('vision', ('attn', 8, 0)) -> loss=0.4543 (|pool|=25)
  +('text', ('attn', 10, 0)) -> loss=0.4445 (|pool|=26)
  +('vision', ('attn', 9, 10)) -> loss=0.4346 (|pool|=27)
  +('text', ('attn', 6, 3)) -> loss=0.4260 (|pool|=28)
  +('vision', ('attn', 10, 6)) -> loss=0.4163 (|pool|=29)
  +('vision', ('attn', 9, 8)) -> loss=0.4083 (|pool|=30)
  +('text', ('attn', 11, 0)) -> loss=0.4006 (|pool|=31)
  +('vision', ('mlp', 7, -1)) -> loss=0.3879 (|pool|=32)
  +('vision', ('attn', 11, 1)) -> loss=0.3786 (|pool|=33)
  +('text', ('attn', 5, 4)) -> loss=0.3719 (|pool|=34)
  +('vision', ('attn', 7, 0)) -> loss=0.3665 (|pool|=35)
  +('text', ('attn', 0, 2)) -> loss=0.3613 (|pool|=36)
  +('text', ('attn', 7, 2)) -> loss=0.3563 (|pool|=37)
  +('vision', ('attn', 10, 8)) -> loss=0.3516 (|pool|=38)
  +('text', ('attn', 7, 6)) -> loss=0.3469 (|pool|=39)
  +('text', ('mlp', 2, -1)) -> loss=0.3424 (|pool|=40)
  +('text', ('attn', 7, 0)) -> loss=0.3379 (|pool|=41)
  +('vision', ('attn', 8, 8)) -> loss=0.3340 (|pool|=42)
  +('text', ('attn', 10, 7)) -> loss=0.3301 (|pool|=43)
  +('vision', ('attn', 9, 3)) -> loss=0.3266 (|pool|=44)
  +('vision', ('attn', 8, 6)) -> loss=0.3235 (|pool|=45)
  +('text', ('attn', 10, 5)) -> loss=0.3201 (|pool|=46)
  +('vision', ('attn', 2, 0)) -> loss=0.3170 (|pool|=47)
  +('vision', ('attn', 7, 10)) -> loss=0.3142 (|pool|=48)
  +('text', ('attn', 0, 4)) -> loss=0.3114 (|pool|=49)
  +('vision', ('attn', 6, 11)) -> loss=0.3089 (|pool|=50)
  +('vision', ('attn', 6, 10)) -> loss=0.3064 (|pool|=51)
  +('text', ('attn', 1, 5)) -> loss=0.3043 (|pool|=52)
  +('vision', ('attn', 9, 6)) -> loss=0.3018 (|pool|=53)
  +('text', ('attn', 2, 7)) -> loss=0.2990 (|pool|=54)
  +('vision', ('attn', 5, 8)) -> loss=0.2971 (|pool|=55)
  +('text', ('mlp', 3, -1)) -> loss=0.2953 (|pool|=56)
  +('vision', ('attn', 5, 0)) -> loss=0.2924 (|pool|=57)
  +('text', ('attn', 8, 3)) -> loss=0.2898 (|pool|=58)
  +('vision', ('attn', 10, 1)) -> loss=0.2878 (|pool|=59)
  +('vision', ('attn', 9, 4)) -> loss=0.2856 (|pool|=60)
  +('text', ('attn', 0, 6)) -> loss=0.2836 (|pool|=61)
  +('text', ('attn', 4, 0)) -> loss=0.2818 (|pool|=62)
  +('vision', ('mlp', 4, -1)) -> loss=0.2802 (|pool|=63)
  +('text', ('attn', 0, 0)) -> loss=0.2786 (|pool|=64)
  +('text', ('attn', 1, 6)) -> loss=0.2771 (|pool|=65)
  +('vision', ('attn', 6, 3)) -> loss=0.2757 (|pool|=66)
  +('text', ('attn', 8, 4)) -> loss=0.2743 (|pool|=67)
  +('text', ('attn', 0, 3)) -> loss=0.2730 (|pool|=68)
  +('vision', ('attn', 11, 2)) -> loss=0.2718 (|pool|=69)
  +('vision', ('attn', 11, 6)) -> loss=0.2656 (|pool|=70)
  +('text', ('mlp', 12, -1)) -> loss=0.2611 (|pool|=71)
  +('vision', ('attn', 10, 7)) -> loss=0.2467 (|pool|=72)
  +('vision', ('attn', 9, 11)) -> loss=0.2369 (|pool|=73)
  +('vision', ('attn', 9, 2)) -> loss=0.2302 (|pool|=74)
  +('vision', ('attn', 8, 11)) -> loss=0.2246 (|pool|=75)
  +('text', ('attn', 2, 6)) -> loss=0.2197 (|pool|=76)
  +('vision', ('attn', 9, 9)) -> loss=0.2153 (|pool|=77)
  +('text', ('attn', 5, 3)) -> loss=0.2117 (|pool|=78)
  +('text', ('attn', 11, 4)) -> loss=0.2089 (|pool|=79)
  +('vision', ('attn', 5, 9)) -> loss=0.2061 (|pool|=80)
  +('text', ('attn', 1, 2)) -> loss=0.2037 (|pool|=81)
  +('vision', ('attn', 7, 8)) -> loss=0.2015 (|pool|=82)
  +('text', ('attn', 7, 4)) -> loss=0.1993 (|pool|=83)
  +('vision', ('attn', 9, 1)) -> loss=0.1976 (|pool|=84)
  +('text', ('attn', 5, 6)) -> loss=0.1962 (|pool|=85)
  +('text', ('attn', 10, 4)) -> loss=0.1949 (|pool|=86)
  +('vision', ('attn', 5, 1)) -> loss=0.1938 (|pool|=87)
  +('vision', ('attn', 5, 3)) -> loss=0.1926 (|pool|=88)
  +('vision', ('attn', 8, 10)) -> loss=0.1916 (|pool|=89)
  +('vision', ('attn', 9, 7)) -> loss=0.1906 (|pool|=90)
  +('vision', ('attn', 0, 8)) -> loss=0.1896 (|pool|=91)
  +('vision', ('attn', 5, 11)) -> loss=0.1887 (|pool|=92)
  +('vision', ('attn', 7, 1)) -> loss=0.1879 (|pool|=93)
  +('text', ('attn', 1, 7)) -> loss=0.1871 (|pool|=94)
  +('text', ('attn', 0, 5)) -> loss=0.1864 (|pool|=95)
  +('vision', ('attn', 7, 3)) -> loss=0.1858 (|pool|=96)
[ViT-B-32/caltech] full=80.30  pool(96)=76.19  best prefix(96)=76.19
[ViT-B-32/imagenet] 1000 classes, calibration 1000 pairs, 5000 images total
  seed pair ('vision', ('attn', 11, 7)) + ('text', ('attn', 11, 7))  loss=5.2015
  +('text', ('attn', 8, 0)) -> loss=4.7189 (|pool|=3)
  +('vision', ('attn', 11, 11)) -> loss=4.5668 (|pool|=4)
  +('text', ('attn', 7, 5)) -> loss=4.2960 (|pool|=5)
  +('text', ('attn', 11, 2)) -> loss=4.1473 (|pool|=6)
  +('vision', ('attn', 11, 8)) -> loss=3.9514 (|pool|=7)
  +('text', ('attn', 10, 2)) -> loss=3.5170 (|pool|=8)
  +('vision', ('attn', 10, 4)) -> loss=3.3073 (|pool|=9)
  +('vision', ('attn', 10, 2)) -> loss=3.1379 (|pool|=10)
  +('text', ('attn', 6, 4)) -> loss=2.9977 (|pool|=11)
  +('vision', ('attn', 11, 9)) -> loss=2.9018 (|pool|=12)
  +('text', ('attn', 8, 1)) -> loss=2.8303 (|pool|=13)
  +('vision', ('attn', 10, 9)) -> loss=2.7700 (|pool|=14)
  +('text', ('attn', 7, 0)) -> loss=2.7240 (|pool|=15)
  +('vision', ('attn', 10, 3)) -> loss=2.6783 (|pool|=16)
  +('text', ('attn', 10, 4)) -> loss=2.6369 (|pool|=17)
  +('vision', ('attn', 10, 6)) -> loss=2.5997 (|pool|=18)
  +('text', ('attn', 6, 1)) -> loss=2.5633 (|pool|=19)
  +('vision', ('mlp', 10, -1)) -> loss=2.5277 (|pool|=20)
  +('vision', ('attn', 10, 5)) -> loss=2.4944 (|pool|=21)
  +('text', ('attn', 6, 5)) -> loss=2.4671 (|pool|=22)
  +('vision', ('attn', 10, 1)) -> loss=2.4403 (|pool|=23)
  +('text', ('attn', 5, 4)) -> loss=2.4144 (|pool|=24)
  +('vision', ('attn', 10, 10)) -> loss=2.3929 (|pool|=25)
  +('vision', ('attn', 11, 1)) -> loss=2.3723 (|pool|=26)
  +('text', ('attn', 7, 2)) -> loss=2.3510 (|pool|=27)
  +('vision', ('attn', 8, 5)) -> loss=2.3350 (|pool|=28)
  +('text', ('attn', 10, 6)) -> loss=2.3207 (|pool|=29)
  +('vision', ('attn', 10, 11)) -> loss=2.3086 (|pool|=30)
  +('vision', ('attn', 9, 9)) -> loss=2.2978 (|pool|=31)
  +('vision', ('attn', 11, 4)) -> loss=2.2870 (|pool|=32)
  +('text', ('attn', 6, 3)) -> loss=2.2759 (|pool|=33)
  +('text', ('attn', 5, 3)) -> loss=2.2659 (|pool|=34)
  +('vision', ('attn', 9, 2)) -> loss=2.2563 (|pool|=35)
  +('text', ('attn', 8, 4)) -> loss=2.2492 (|pool|=36)
  +('vision', ('attn', 10, 7)) -> loss=2.2423 (|pool|=37)
  +('text', ('attn', 8, 3)) -> loss=2.2350 (|pool|=38)
  +('text', ('attn', 5, 7)) -> loss=2.2290 (|pool|=39)
  +('text', ('attn', 3, 4)) -> loss=2.2231 (|pool|=40)
  +('vision', ('attn', 9, 0)) -> loss=2.2179 (|pool|=41)
  +('vision', ('attn', 7, 0)) -> loss=2.2127 (|pool|=42)
  +('text', ('attn', 6, 6)) -> loss=2.2078 (|pool|=43)
  +('vision', ('attn', 1, 6)) -> loss=2.2032 (|pool|=44)
  +('vision', ('attn', 9, 11)) -> loss=2.1987 (|pool|=45)
  +('text', ('attn', 7, 6)) -> loss=2.1943 (|pool|=46)
  +('vision', ('attn', 4, 11)) -> loss=2.1902 (|pool|=47)
  +('vision', ('attn', 9, 8)) -> loss=2.1864 (|pool|=48)
  +('vision', ('attn', 5, 4)) -> loss=2.1832 (|pool|=49)
  +('text', ('attn', 5, 1)) -> loss=2.1799 (|pool|=50)
  +('vision', ('attn', 9, 7)) -> loss=2.1763 (|pool|=51)
  +('vision', ('attn', 5, 9)) -> loss=2.1734 (|pool|=52)
  +('vision', ('attn', 9, 6)) -> loss=2.1707 (|pool|=53)
  +('text', ('attn', 7, 3)) -> loss=2.1680 (|pool|=54)
  +('text', ('attn', 0, 6)) -> loss=2.1653 (|pool|=55)
  +('text', ('mlp', 4, -1)) -> loss=2.1628 (|pool|=56)
  +('text', ('attn', 10, 5)) -> loss=2.1581 (|pool|=57)
  +('text', ('attn', 4, 0)) -> loss=2.1553 (|pool|=58)
  +('text', ('mlp', 10, -1)) -> loss=2.1518 (|pool|=59)
  +('text', ('attn', 10, 0)) -> loss=2.1474 (|pool|=60)
  +('vision', ('attn', 2, 0)) -> loss=2.1439 (|pool|=61)
  +('text', ('mlp', 9, -1)) -> loss=2.1405 (|pool|=62)
  +('text', ('attn', 11, 1)) -> loss=2.1359 (|pool|=63)
  +('text', ('attn', 8, 7)) -> loss=2.1323 (|pool|=64)
  +('vision', ('attn', 11, 0)) -> loss=2.1302 (|pool|=65)
  +('vision', ('attn', 4, 6)) -> loss=2.1280 (|pool|=66)
  +('vision', ('attn', 8, 8)) -> loss=2.1258 (|pool|=67)
  +('text', ('attn', 3, 0)) -> loss=2.1235 (|pool|=68)
  +('vision', ('attn', 6, 4)) -> loss=2.1215 (|pool|=69)
  +('text', ('mlp', 3, -1)) -> loss=2.1195 (|pool|=70)
  +('text', ('attn', 6, 7)) -> loss=2.1174 (|pool|=71)
  +('text', ('attn', 1, 7)) -> loss=2.1157 (|pool|=72)
  +('vision', ('mlp', 5, -1)) -> loss=2.1139 (|pool|=73)
  +('vision', ('attn', 6, 0)) -> loss=2.1124 (|pool|=74)
  +('vision', ('attn', 8, 1)) -> loss=2.1107 (|pool|=75)
  +('text', ('attn', 0, 3)) -> loss=2.1092 (|pool|=76)
  +('text', ('attn', 2, 3)) -> loss=2.1078 (|pool|=77)
  +('text', ('attn', 1, 3)) -> loss=2.1065 (|pool|=78)
  +('text', ('attn', 4, 7)) -> loss=2.1051 (|pool|=79)
  +('vision', ('attn', 9, 3)) -> loss=2.1039 (|pool|=80)
  +('vision', ('attn', 5, 6)) -> loss=2.1025 (|pool|=81)
  +('vision', ('attn', 5, 7)) -> loss=2.1012 (|pool|=82)
  +('vision', ('attn', 5, 0)) -> loss=2.0998 (|pool|=83)
  +('vision', ('attn', 9, 4)) -> loss=2.0985 (|pool|=84)
  +('vision', ('attn', 6, 9)) -> loss=2.0973 (|pool|=85)
  +('vision', ('mlp', 4, -1)) -> loss=2.0962 (|pool|=86)
  +('vision', ('attn', 2, 2)) -> loss=2.0950 (|pool|=87)
  +('vision', ('attn', 2, 10)) -> loss=2.0940 (|pool|=88)
  +('text', ('attn', 9, 3)) -> loss=2.0929 (|pool|=89)
  +('vision', ('attn', 4, 4)) -> loss=2.0919 (|pool|=90)
  +('vision', ('attn', 3, 5)) -> loss=2.0909 (|pool|=91)
  +('vision', ('attn', 2, 9)) -> loss=2.0901 (|pool|=92)
  +('text', ('attn', 1, 1)) -> loss=2.0893 (|pool|=93)
  +('text', ('attn', 9, 0)) -> loss=2.0885 (|pool|=94)
  +('vision', ('attn', 3, 2)) -> loss=2.0877 (|pool|=95)
  +('text', ('attn', 3, 5)) -> loss=2.0869 (|pool|=96)
[ViT-B-32/imagenet] full=63.68  pool(96)=54.04  best prefix(68)=54.42
[ViT-B-32/imagenet] 1000 classes, calibration 1000 pairs, 5000 images total
  seed pair ('vision', ('attn', 11, 7)) + ('text', ('attn', 11, 7))  loss=5.2061
  +('text', ('attn', 8, 0)) -> loss=4.7553 (|pool|=3)
  +('vision', ('attn', 11, 11)) -> loss=4.5874 (|pool|=4)
  +('text', ('attn', 7, 5)) -> loss=4.3353 (|pool|=5)
  +('vision', ('attn', 11, 8)) -> loss=4.1819 (|pool|=6)
  +('text', ('attn', 10, 2)) -> loss=3.6903 (|pool|=7)
  +('vision', ('attn', 10, 2)) -> loss=3.4791 (|pool|=8)
  +('text', ('attn', 8, 2)) -> loss=3.3138 (|pool|=9)
  +('vision', ('attn', 10, 4)) -> loss=3.1924 (|pool|=10)
  +('text', ('attn', 11, 2)) -> loss=3.0234 (|pool|=11)
  +('text', ('attn', 6, 4)) -> loss=2.9021 (|pool|=12)
  +('vision', ('attn', 11, 9)) -> loss=2.8081 (|pool|=13)
  +('text', ('attn', 8, 1)) -> loss=2.7454 (|pool|=14)
  +('vision', ('attn', 10, 9)) -> loss=2.6936 (|pool|=15)
  +('vision', ('attn', 10, 5)) -> loss=2.6468 (|pool|=16)
  +('text', ('attn', 6, 5)) -> loss=2.6047 (|pool|=17)
  +('vision', ('attn', 10, 6)) -> loss=2.5635 (|pool|=18)
  +('text', ('attn', 6, 1)) -> loss=2.5240 (|pool|=19)
  +('vision', ('attn', 10, 1)) -> loss=2.4823 (|pool|=20)
  +('text', ('attn', 10, 4)) -> loss=2.4498 (|pool|=21)
  +('vision', ('attn', 10, 10)) -> loss=2.4179 (|pool|=22)
  +('text', ('attn', 7, 2)) -> loss=2.3898 (|pool|=23)
  +('vision', ('attn', 10, 3)) -> loss=2.3637 (|pool|=24)
  +('vision', ('mlp', 10, -1)) -> loss=2.3409 (|pool|=25)
  +('vision', ('attn', 11, 2)) -> loss=2.3144 (|pool|=26)
  +('text', ('attn', 5, 4)) -> loss=2.2865 (|pool|=27)
  +('text', ('attn', 7, 0)) -> loss=2.2651 (|pool|=28)
  +('vision', ('attn', 9, 11)) -> loss=2.2476 (|pool|=29)
  +('text', ('attn', 8, 4)) -> loss=2.2321 (|pool|=30)
  +('vision', ('attn', 9, 2)) -> loss=2.2203 (|pool|=31)
  +('text', ('attn', 7, 6)) -> loss=2.2101 (|pool|=32)
  +('text', ('attn', 6, 3)) -> loss=2.2013 (|pool|=33)
  +('vision', ('mlp', 1, -1)) -> loss=2.1932 (|pool|=34)
  +('vision', ('attn', 10, 7)) -> loss=2.1841 (|pool|=35)
  +('text', ('attn', 10, 5)) -> loss=2.1766 (|pool|=36)
  +('text', ('attn', 5, 7)) -> loss=2.1706 (|pool|=37)
  +('vision', ('attn', 1, 6)) -> loss=2.1647 (|pool|=38)
  +('text', ('attn', 8, 7)) -> loss=2.1596 (|pool|=39)
  +('text', ('attn', 0, 6)) -> loss=2.1545 (|pool|=40)
  +('vision', ('attn', 8, 5)) -> loss=2.1502 (|pool|=41)
  +('vision', ('attn', 4, 2)) -> loss=2.1464 (|pool|=42)
  +('text', ('attn', 3, 4)) -> loss=2.1430 (|pool|=43)
  +('vision', ('attn', 9, 1)) -> loss=2.1392 (|pool|=44)
  +('text', ('attn', 7, 7)) -> loss=2.1359 (|pool|=45)
  +('text', ('attn', 6, 0)) -> loss=2.1327 (|pool|=46)
  +('text', ('mlp', 4, -1)) -> loss=2.1294 (|pool|=47)
  +('text', ('mlp', 2, -1)) -> loss=2.1261 (|pool|=48)
  +('text', ('attn', 8, 3)) -> loss=2.1231 (|pool|=49)
  +('vision', ('attn', 7, 5)) -> loss=2.1202 (|pool|=50)
  +('vision', ('attn', 6, 10)) -> loss=2.1174 (|pool|=51)
  +('text', ('attn', 5, 1)) -> loss=2.1147 (|pool|=52)
  +('vision', ('attn', 9, 7)) -> loss=2.1119 (|pool|=53)
  +('text', ('attn', 0, 2)) -> loss=2.1094 (|pool|=54)
  +('vision', ('attn', 9, 4)) -> loss=2.1069 (|pool|=55)
  +('text', ('attn', 1, 1)) -> loss=2.1046 (|pool|=56)
  +('vision', ('attn', 8, 3)) -> loss=2.1024 (|pool|=57)
  +('text', ('attn', 4, 3)) -> loss=2.1002 (|pool|=58)
  +('text', ('attn', 6, 7)) -> loss=2.0983 (|pool|=59)
  +('vision', ('attn', 9, 0)) -> loss=2.0963 (|pool|=60)
  +('vision', ('attn', 6, 1)) -> loss=2.0944 (|pool|=61)
  +('text', ('attn', 0, 1)) -> loss=2.0927 (|pool|=62)
  +('vision', ('attn', 6, 3)) -> loss=2.0910 (|pool|=63)
  +('vision', ('attn', 9, 6)) -> loss=2.0893 (|pool|=64)
  +('text', ('attn', 7, 3)) -> loss=2.0877 (|pool|=65)
  +('vision', ('attn', 8, 1)) -> loss=2.0863 (|pool|=66)
  +('vision', ('attn', 8, 11)) -> loss=2.0848 (|pool|=67)
  +('vision', ('attn', 5, 3)) -> loss=2.0836 (|pool|=68)
  +('vision', ('attn', 4, 10)) -> loss=2.0824 (|pool|=69)
  +('text', ('attn', 0, 7)) -> loss=2.0813 (|pool|=70)
  +('vision', ('attn', 8, 9)) -> loss=2.0801 (|pool|=71)
  +('text', ('attn', 10, 3)) -> loss=2.0791 (|pool|=72)
  +('vision', ('attn', 11, 0)) -> loss=2.0779 (|pool|=73)
  +('vision', ('attn', 5, 9)) -> loss=2.0763 (|pool|=74)
  +('vision', ('attn', 7, 10)) -> loss=2.0751 (|pool|=75)
  +('vision', ('attn', 4, 8)) -> loss=2.0740 (|pool|=76)
  +('text', ('attn', 2, 5)) -> loss=2.0730 (|pool|=77)
  +('vision', ('attn', 8, 4)) -> loss=2.0719 (|pool|=78)
  +('vision', ('attn', 3, 1)) -> loss=2.0708 (|pool|=79)
  +('vision', ('attn', 7, 0)) -> loss=2.0698 (|pool|=80)
  +('text', ('attn', 0, 3)) -> loss=2.0689 (|pool|=81)
  +('vision', ('attn', 7, 11)) -> loss=2.0681 (|pool|=82)
  +('text', ('attn', 4, 7)) -> loss=2.0673 (|pool|=83)
  +('text', ('attn', 1, 7)) -> loss=2.0666 (|pool|=84)
  +('text', ('attn', 2, 1)) -> loss=2.0658 (|pool|=85)
  +('vision', ('attn', 5, 11)) -> loss=2.0651 (|pool|=86)
  +('text', ('attn', 5, 2)) -> loss=2.0645 (|pool|=87)
  +('vision', ('attn', 3, 3)) -> loss=2.0639 (|pool|=88)
  +('vision', ('attn', 8, 7)) -> loss=2.0633 (|pool|=89)
  +('text', ('mlp', 10, -1)) -> loss=2.0626 (|pool|=90)
  +('text', ('mlp', 9, -1)) -> loss=2.0588 (|pool|=91)
  +('text', ('attn', 11, 1)) -> loss=2.0543 (|pool|=92)
  +('vision', ('attn', 8, 8)) -> loss=2.0519 (|pool|=93)
  +('vision', ('attn', 5, 6)) -> loss=2.0507 (|pool|=94)
  +('text', ('attn', 10, 0)) -> loss=2.0495 (|pool|=95)
  +('vision', ('mlp', 3, -1)) -> loss=2.0482 (|pool|=96)
[ViT-B-32/imagenet] full=63.68  pool(96)=54.46  best prefix(96)=54.46
[ViT-B-32/imagenet] 1000 classes, calibration 1000 pairs, 5000 images total
  seed pair ('vision', ('attn', 11, 7)) + ('text', ('attn', 11, 7))  loss=5.2135
  +('text', ('attn', 8, 0)) -> loss=4.7543 (|pool|=3)
  +('vision', ('attn', 11, 11)) -> loss=4.5823 (|pool|=4)
  +('text', ('attn', 7, 5)) -> loss=4.3096 (|pool|=5)
  +('vision', ('attn', 11, 8)) -> loss=4.1558 (|pool|=6)
  +('text', ('attn', 10, 2)) -> loss=3.6628 (|pool|=7)
  +('vision', ('attn', 10, 2)) -> loss=3.4370 (|pool|=8)
  +('text', ('attn', 11, 2)) -> loss=3.2751 (|pool|=9)
  +('vision', ('attn', 10, 4)) -> loss=3.0947 (|pool|=10)
  +('text', ('attn', 6, 4)) -> loss=2.9470 (|pool|=11)
  +('vision', ('attn', 11, 9)) -> loss=2.8202 (|pool|=12)
  +('text', ('attn', 8, 1)) -> loss=2.7482 (|pool|=13)
  +('vision', ('attn', 10, 9)) -> loss=2.6802 (|pool|=14)
  +('vision', ('attn', 10, 6)) -> loss=2.6278 (|pool|=15)
  +('text', ('attn', 8, 5)) -> loss=2.5736 (|pool|=16)
  +('vision', ('attn', 10, 3)) -> loss=2.5304 (|pool|=17)
  +('text', ('attn', 5, 4)) -> loss=2.4877 (|pool|=18)
  +('vision', ('mlp', 10, -1)) -> loss=2.4478 (|pool|=19)
  +('vision', ('attn', 10, 1)) -> loss=2.4107 (|pool|=20)
  +('text', ('attn', 6, 5)) -> loss=2.3752 (|pool|=21)
  +('text', ('attn', 7, 0)) -> loss=2.3448 (|pool|=22)
  +('vision', ('attn', 10, 5)) -> loss=2.3154 (|pool|=23)
  +('text', ('attn', 6, 1)) -> loss=2.2879 (|pool|=24)
  +('vision', ('attn', 10, 10)) -> loss=2.2636 (|pool|=25)
  +('text', ('attn', 10, 4)) -> loss=2.2395 (|pool|=26)
  +('vision', ('attn', 11, 2)) -> loss=2.2149 (|pool|=27)
  +('text', ('attn', 7, 2)) -> loss=2.1929 (|pool|=28)
  +('vision', ('mlp', 1, -1)) -> loss=2.1771 (|pool|=29)
  +('vision', ('attn', 9, 11)) -> loss=2.1611 (|pool|=30)
  +('text', ('attn', 8, 4)) -> loss=2.1484 (|pool|=31)
  +('vision', ('attn', 9, 2)) -> loss=2.1381 (|pool|=32)
  +('text', ('attn', 8, 3)) -> loss=2.1272 (|pool|=33)
  +('vision', ('attn', 9, 7)) -> loss=2.1180 (|pool|=34)
  +('text', ('attn', 10, 5)) -> loss=2.1092 (|pool|=35)
  +('text', ('attn', 6, 3)) -> loss=2.1011 (|pool|=36)
  +('vision', ('attn', 10, 11)) -> loss=2.0925 (|pool|=37)
  +('text', ('attn', 8, 7)) -> loss=2.0851 (|pool|=38)
  +('text', ('attn', 10, 7)) -> loss=2.0790 (|pool|=39)
  +('vision', ('attn', 9, 9)) -> loss=2.0731 (|pool|=40)
  +('text', ('attn', 3, 4)) -> loss=2.0676 (|pool|=41)
  +('text', ('attn', 5, 3)) -> loss=2.0621 (|pool|=42)
  +('vision', ('attn', 8, 8)) -> loss=2.0565 (|pool|=43)
  +('vision', ('attn', 9, 8)) -> loss=2.0511 (|pool|=44)
  +('text', ('attn', 9, 6)) -> loss=2.0469 (|pool|=45)
  +('text', ('mlp', 4, -1)) -> loss=2.0430 (|pool|=46)
  +('text', ('mlp', 10, -1)) -> loss=2.0351 (|pool|=47)
  +('text', ('attn', 11, 1)) -> loss=2.0278 (|pool|=48)
  +('text', ('attn', 6, 0)) -> loss=2.0228 (|pool|=49)
  +('vision', ('mlp', 2, -1)) -> loss=2.0184 (|pool|=50)
  +('vision', ('attn', 9, 6)) -> loss=2.0147 (|pool|=51)
  +('text', ('attn', 0, 6)) -> loss=2.0111 (|pool|=52)
  +('vision', ('attn', 5, 9)) -> loss=2.0081 (|pool|=53)
  +('vision', ('attn', 6, 8)) -> loss=2.0052 (|pool|=54)
  +('text', ('attn', 7, 7)) -> loss=2.0025 (|pool|=55)
  +('vision', ('attn', 9, 5)) -> loss=1.9998 (|pool|=56)
  +('text', ('attn', 5, 7)) -> loss=1.9972 (|pool|=57)
  +('text', ('attn', 2, 7)) -> loss=1.9950 (|pool|=58)
  +('text', ('attn', 9, 3)) -> loss=1.9930 (|pool|=59)
  +('vision', ('mlp', 3, -1)) -> loss=1.9912 (|pool|=60)
  +('vision', ('attn', 7, 5)) -> loss=1.9893 (|pool|=61)
  +('text', ('attn', 0, 3)) -> loss=1.9876 (|pool|=62)
  +('vision', ('attn', 6, 4)) -> loss=1.9860 (|pool|=63)
  +('text', ('attn', 8, 6)) -> loss=1.9842 (|pool|=64)
  +('vision', ('attn', 5, 8)) -> loss=1.9824 (|pool|=65)
  +('text', ('attn', 7, 3)) -> loss=1.9809 (|pool|=66)
  +('vision', ('attn', 7, 8)) -> loss=1.9794 (|pool|=67)
  +('text', ('attn', 5, 1)) -> loss=1.9780 (|pool|=68)
  +('vision', ('attn', 9, 4)) -> loss=1.9766 (|pool|=69)
  +('text', ('attn', 6, 7)) -> loss=1.9753 (|pool|=70)
  +('vision', ('attn', 6, 0)) -> loss=1.9741 (|pool|=71)
  +('vision', ('attn', 4, 11)) -> loss=1.9730 (|pool|=72)
  +('text', ('attn', 0, 1)) -> loss=1.9720 (|pool|=73)
  +('text', ('attn', 0, 2)) -> loss=1.9709 (|pool|=74)
  +('vision', ('attn', 7, 0)) -> loss=1.9700 (|pool|=75)
  +('vision', ('attn', 5, 3)) -> loss=1.9691 (|pool|=76)
  +('text', ('attn', 9, 0)) -> loss=1.9682 (|pool|=77)
  +('vision', ('attn', 2, 4)) -> loss=1.9674 (|pool|=78)
  +('vision', ('attn', 8, 4)) -> loss=1.9666 (|pool|=79)
  +('text', ('attn', 0, 4)) -> loss=1.9658 (|pool|=80)
  +('text', ('attn', 2, 4)) -> loss=1.9651 (|pool|=81)
  +('text', ('attn', 4, 7)) -> loss=1.9644 (|pool|=82)
  +('vision', ('attn', 4, 3)) -> loss=1.9637 (|pool|=83)
  +('vision', ('attn', 5, 11)) -> loss=1.9630 (|pool|=84)
  +('vision', ('attn', 9, 3)) -> loss=1.9624 (|pool|=85)
  +('text', ('attn', 6, 6)) -> loss=1.9616 (|pool|=86)
  +('text', ('attn', 2, 0)) -> loss=1.9610 (|pool|=87)
  +('vision', ('attn', 2, 5)) -> loss=1.9603 (|pool|=88)
  +('text', ('attn', 2, 5)) -> loss=1.9597 (|pool|=89)
  +('text', ('attn', 5, 0)) -> loss=1.9591 (|pool|=90)
  +('vision', ('attn', 0, 10)) -> loss=1.9585 (|pool|=91)
  +('vision', ('attn', 3, 2)) -> loss=1.9581 (|pool|=92)
  +('text', ('attn', 2, 1)) -> loss=1.9576 (|pool|=93)
  +('vision', ('attn', 0, 8)) -> loss=1.9572 (|pool|=94)
  +('vision', ('attn', 9, 0)) -> loss=1.9568 (|pool|=95)
  +('text', ('attn', 3, 0)) -> loss=1.9565 (|pool|=96)
[ViT-B-32/imagenet] full=63.68  pool(96)=54.20  best prefix(96)=54.20
  seed pair ('vision', ('attn', 11, 8)) + ('text', ('attn', 10, 2))  loss=3.3951
  +('vision', ('attn', 10, 4)) -> loss=3.1188 (|pool|=3)
  +('text', ('attn', 11, 2)) -> loss=2.6598 (|pool|=4)
  +('vision', ('attn', 11, 11)) -> loss=2.4169 (|pool|=5)
  +('text', ('attn', 8, 0)) -> loss=2.1379 (|pool|=6)
  +('text', ('attn', 6, 4)) -> loss=1.9450 (|pool|=7)
  +('vision', ('attn', 10, 6)) -> loss=1.8005 (|pool|=8)
  +('text', ('attn', 6, 0)) -> loss=1.6596 (|pool|=9)
  +('vision', ('attn', 10, 3)) -> loss=1.5029 (|pool|=10)
  +('text', ('attn', 8, 1)) -> loss=1.3313 (|pool|=11)
  +('vision', ('attn', 11, 6)) -> loss=1.2281 (|pool|=12)
  +('vision', ('attn', 11, 5)) -> loss=1.1391 (|pool|=13)
  +('vision', ('attn', 9, 11)) -> loss=1.0724 (|pool|=14)
  +('text', ('attn', 6, 1)) -> loss=1.0081 (|pool|=15)
  +('vision', ('attn', 9, 9)) -> loss=0.9459 (|pool|=16)
  +('text', ('attn', 8, 3)) -> loss=0.8821 (|pool|=17)
  +('vision', ('attn', 9, 10)) -> loss=0.8277 (|pool|=18)
  +('text', ('attn', 6, 2)) -> loss=0.7822 (|pool|=19)
  +('vision', ('attn', 11, 2)) -> loss=0.7255 (|pool|=20)
  +('text', ('attn', 6, 5)) -> loss=0.6820 (|pool|=21)
  +('text', ('attn', 9, 6)) -> loss=0.6480 (|pool|=22)
  +('vision', ('attn', 10, 10)) -> loss=0.6120 (|pool|=23)
  +('text', ('mlp', 8, -1)) -> loss=0.5828 (|pool|=24)
  +('vision', ('attn', 10, 1)) -> loss=0.5514 (|pool|=25)
  +('vision', ('attn', 10, 0)) -> loss=0.5197 (|pool|=26)
  +('vision', ('attn', 10, 9)) -> loss=0.5021 (|pool|=27)
  +('vision', ('attn', 11, 1)) -> loss=0.4866 (|pool|=28)
  +('vision', ('attn', 2, 0)) -> loss=0.4714 (|pool|=29)
  +('text', ('mlp', 4, -1)) -> loss=0.4570 (|pool|=30)
  +('text', ('mlp', 3, -1)) -> loss=0.4424 (|pool|=31)
  +('text', ('attn', 10, 4)) -> loss=0.4283 (|pool|=32)
  +('vision', ('attn', 7, 3)) -> loss=0.4137 (|pool|=33)
  +('text', ('attn', 11, 4)) -> loss=0.4013 (|pool|=34)
  +('vision', ('mlp', 10, -1)) -> loss=0.3889 (|pool|=35)
  +('text', ('attn', 8, 6)) -> loss=0.3741 (|pool|=36)
  +('text', ('attn', 5, 6)) -> loss=0.3613 (|pool|=37)
  +('vision', ('attn', 8, 0)) -> loss=0.3496 (|pool|=38)
  +('vision', ('attn', 3, 6)) -> loss=0.3394 (|pool|=39)
  +('vision', ('attn', 8, 8)) -> loss=0.3309 (|pool|=40)
  +('vision', ('attn', 6, 4)) -> loss=0.3226 (|pool|=41)
  +('vision', ('attn', 9, 5)) -> loss=0.3149 (|pool|=42)
  +('vision', ('attn', 8, 10)) -> loss=0.3085 (|pool|=43)
  +('vision', ('attn', 7, 0)) -> loss=0.3027 (|pool|=44)
  +('text', ('attn', 5, 3)) -> loss=0.2967 (|pool|=45)
  +('vision', ('attn', 11, 0)) -> loss=0.2908 (|pool|=46)
  +('vision', ('attn', 6, 6)) -> loss=0.2845 (|pool|=47)
  +('text', ('attn', 9, 1)) -> loss=0.2787 (|pool|=48)
  +('text', ('attn', 9, 3)) -> loss=0.2732 (|pool|=49)
  +('vision', ('attn', 9, 1)) -> loss=0.2678 (|pool|=50)
  +('text', ('attn', 4, 2)) -> loss=0.2625 (|pool|=51)
  +('vision', ('attn', 7, 10)) -> loss=0.2577 (|pool|=52)
  +('vision', ('attn', 10, 7)) -> loss=0.2531 (|pool|=53)
  +('text', ('mlp', 9, -1)) -> loss=0.2490 (|pool|=54)
  +('vision', ('attn', 7, 8)) -> loss=0.2437 (|pool|=55)
  +('vision', ('attn', 5, 4)) -> loss=0.2390 (|pool|=56)
  +('vision', ('attn', 5, 5)) -> loss=0.2345 (|pool|=57)
  +('vision', ('attn', 3, 9)) -> loss=0.2306 (|pool|=58)
  +('text', ('attn', 3, 0)) -> loss=0.2277 (|pool|=59)
  +('vision', ('attn', 10, 8)) -> loss=0.2244 (|pool|=60)
  +('vision', ('attn', 5, 6)) -> loss=0.2209 (|pool|=61)
  +('text', ('attn', 8, 5)) -> loss=0.2180 (|pool|=62)
  +('text', ('attn', 0, 6)) -> loss=0.2153 (|pool|=63)
  +('vision', ('attn', 9, 0)) -> loss=0.2131 (|pool|=64)
  +('text', ('attn', 2, 2)) -> loss=0.2106 (|pool|=65)
  +('text', ('attn', 2, 3)) -> loss=0.2084 (|pool|=66)
  +('vision', ('attn', 6, 3)) -> loss=0.2061 (|pool|=67)
  +('vision', ('attn', 7, 6)) -> loss=0.2040 (|pool|=68)
  +('text', ('attn', 7, 7)) -> loss=0.2019 (|pool|=69)
  +('vision', ('attn', 7, 11)) -> loss=0.2001 (|pool|=70)
  +('text', ('attn', 5, 1)) -> loss=0.1982 (|pool|=71)
  +('vision', ('attn', 8, 6)) -> loss=0.1966 (|pool|=72)
  +('vision', ('attn', 2, 4)) -> loss=0.1950 (|pool|=73)
  +('vision', ('attn', 5, 10)) -> loss=0.1936 (|pool|=74)
  +('vision', ('attn', 7, 9)) -> loss=0.1923 (|pool|=75)
  +('vision', ('attn', 0, 4)) -> loss=0.1909 (|pool|=76)
  +('vision', ('attn', 3, 10)) -> loss=0.1897 (|pool|=77)
  +('vision', ('attn', 5, 11)) -> loss=0.1884 (|pool|=78)
  +('vision', ('attn', 2, 8)) -> loss=0.1873 (|pool|=79)
  +('vision', ('attn', 7, 4)) -> loss=0.1862 (|pool|=80)
  +('text', ('attn', 10, 3)) -> loss=0.1850 (|pool|=81)
  +('text', ('attn', 3, 7)) -> loss=0.1840 (|pool|=82)
  +('vision', ('attn', 4, 6)) -> loss=0.1828 (|pool|=83)
  +('text', ('attn', 4, 4)) -> loss=0.1815 (|pool|=84)
  +('vision', ('mlp', 4, -1)) -> loss=0.1803 (|pool|=85)
  +('vision', ('attn', 2, 2)) -> loss=0.1795 (|pool|=86)
  +('text', ('attn', 1, 3)) -> loss=0.1787 (|pool|=87)
  +('vision', ('attn', 6, 10)) -> loss=0.1778 (|pool|=88)
  +('text', ('attn', 9, 7)) -> loss=0.1768 (|pool|=89)
  +('vision', ('attn', 8, 1)) -> loss=0.1758 (|pool|=90)
  +('vision', ('attn', 2, 9)) -> loss=0.1750 (|pool|=91)
  +('vision', ('attn', 1, 9)) -> loss=0.1742 (|pool|=92)
  +('vision', ('attn', 1, 10)) -> loss=0.1734 (|pool|=93)
  +('text', ('attn', 0, 1)) -> loss=0.1726 (|pool|=94)
  +('vision', ('attn', 1, 6)) -> loss=0.1717 (|pool|=95)
  +('text', ('mlp', 0, -1)) -> loss=0.1710 (|pool|=96)
   model    n      method size   R@1_i2t   R@5_i2t  R@10_i2t  medr_i2t  meanr_i2t   R@1_t2i   R@5_t2i  R@10_t2i  medr_t2i  meanr_t2i       rsum
ViT-B-32  500 greedy pool   96 51.200002 85.200000 95.800000       1.0     3.0480 45.600000 80.400002 92.199999       2.0   3.684000 450.400004
ViT-B-32  500  full model  all 68.400002 94.199997 98.400003       1.0     2.0480 67.400002 92.199999 97.799999       1.0   2.086000 518.400002
ViT-B-32 1000 greedy pool   96 41.000000 72.500002 85.600001       2.0     6.3820 36.300001 67.400002 81.699997       3.0   7.330000 384.500003
ViT-B-32 1000  full model  all 58.700001 86.199999 95.200002       1.0     3.2080 59.200001 85.399997 93.199998       1.0   3.611000 477.899998
ViT-B-32 2500 greedy pool   96 28.400001 57.200003 71.200001       4.0    15.5324 24.680001 52.880001 65.840000       5.0  19.529200 300.200006
ViT-B-32 2500  full model  all 47.760001 74.800003 85.839999       2.0     6.7256 47.279999 74.640000 83.840001       2.0   8.586000 414.160001
ViT-B-32 5000 greedy pool   96 22.820000 46.660000 59.420002       6.0    29.7628 18.799999 41.800001 54.659998       8.0  38.389400 244.160001
ViT-B-32 5000  full model  all 40.880001 67.079997 76.999998       2.0    12.5784 39.640000 65.420002 75.700003       2.0  17.625601 365.720001
[ViT-B-32] wrote greedy_pool_{eval,trace,pool}
[ViT-B-16/fairface] 7 classes, calibration 7 pairs, 3500 images total
  seed pair ('vision', ('attn', 11, 0)) + ('text', ('attn', 9, 2))  loss=1.5821
  +('text', ('attn', 5, 2)) -> loss=1.5036 (|pool|=3)
  +('vision', ('mlp', 11, -1)) -> loss=1.4378 (|pool|=4)
  +('text', ('attn', 11, 0)) -> loss=1.3907 (|pool|=5)
  +('vision', ('attn', 10, 1)) -> loss=1.3485 (|pool|=6)
  +('text', ('attn', 10, 3)) -> loss=1.3203 (|pool|=7)
  +('text', ('attn', 0, 2)) -> loss=1.2922 (|pool|=8)
  +('text', ('attn', 10, 0)) -> loss=1.2671 (|pool|=9)
  +('vision', ('attn', 10, 3)) -> loss=1.2415 (|pool|=10)
  +('text', ('mlp', 11, -1)) -> loss=1.2170 (|pool|=11)
  +('text', ('mlp', 6, -1)) -> loss=1.1754 (|pool|=12)
  +('text', ('attn', 10, 1)) -> loss=1.1375 (|pool|=13)
  +('text', ('attn', 6, 0)) -> loss=1.1109 (|pool|=14)
  +('text', ('mlp', 2, -1)) -> loss=1.0898 (|pool|=15)
  +('text', ('attn', 11, 7)) -> loss=1.0704 (|pool|=16)
  +('vision', ('attn', 11, 11)) -> loss=1.0486 (|pool|=17)
  +('text', ('attn', 3, 5)) -> loss=1.0302 (|pool|=18)
  +('text', ('mlp', 5, -1)) -> loss=1.0173 (|pool|=19)
  +('vision', ('mlp', 6, -1)) -> loss=1.0002 (|pool|=20)
  +('text', ('attn', 11, 3)) -> loss=0.9839 (|pool|=21)
  +('vision', ('attn', 11, 4)) -> loss=0.9701 (|pool|=22)
  +('text', ('mlp', 3, -1)) -> loss=0.9320 (|pool|=23)
  +('vision', ('attn', 11, 7)) -> loss=0.9060 (|pool|=24)
  +('text', ('attn', 4, 0)) -> loss=0.8889 (|pool|=25)
  +('text', ('attn', 4, 3)) -> loss=0.8703 (|pool|=26)
  +('vision', ('attn', 11, 10)) -> loss=0.8557 (|pool|=27)
  +('text', ('attn', 11, 2)) -> loss=0.8242 (|pool|=28)
  +('text', ('attn', 11, 1)) -> loss=0.7986 (|pool|=29)
  +('vision', ('attn', 10, 7)) -> loss=0.7816 (|pool|=30)
  +('text', ('attn', 9, 5)) -> loss=0.7683 (|pool|=31)
  +('vision', ('attn', 3, 5)) -> loss=0.7568 (|pool|=32)
  +('text', ('attn', 5, 0)) -> loss=0.7444 (|pool|=33)
  +('vision', ('attn', 10, 4)) -> loss=0.7320 (|pool|=34)
  +('vision', ('mlp', 7, -1)) -> loss=0.7214 (|pool|=35)
  +('vision', ('attn', 5, 2)) -> loss=0.7115 (|pool|=36)
  +('text', ('attn', 1, 7)) -> loss=0.7023 (|pool|=37)
  +('vision', ('mlp', 8, -1)) -> loss=0.6939 (|pool|=38)
  +('text', ('attn', 3, 0)) -> loss=0.6832 (|pool|=39)
  +('text', ('attn', 7, 4)) -> loss=0.6750 (|pool|=40)
  +('text', ('attn', 4, 7)) -> loss=0.6670 (|pool|=41)
  +('vision', ('attn', 6, 4)) -> loss=0.6589 (|pool|=42)
  +('vision', ('attn', 4, 9)) -> loss=0.6510 (|pool|=43)
  +('vision', ('attn', 10, 5)) -> loss=0.6437 (|pool|=44)
  +('vision', ('attn', 4, 6)) -> loss=0.6350 (|pool|=45)
  +('vision', ('attn', 4, 10)) -> loss=0.6287 (|pool|=46)
  +('text', ('attn', 6, 2)) -> loss=0.6226 (|pool|=47)
  +('vision', ('mlp', 4, -1)) -> loss=0.6167 (|pool|=48)
  +('vision', ('attn', 8, 4)) -> loss=0.6111 (|pool|=49)
  +('text', ('attn', 8, 6)) -> loss=0.6051 (|pool|=50)
  +('vision', ('attn', 9, 2)) -> loss=0.5993 (|pool|=51)
  +('text', ('attn', 8, 4)) -> loss=0.5937 (|pool|=52)
  +('vision', ('attn', 8, 11)) -> loss=0.5882 (|pool|=53)
  +('text', ('attn', 7, 0)) -> loss=0.5837 (|pool|=54)
  +('vision', ('attn', 7, 11)) -> loss=0.5790 (|pool|=55)
  +('vision', ('attn', 6, 1)) -> loss=0.5749 (|pool|=56)
  +('vision', ('attn', 8, 10)) -> loss=0.5709 (|pool|=57)
  +('vision', ('attn', 2, 8)) -> loss=0.5672 (|pool|=58)
  +('text', ('attn', 5, 7)) -> loss=0.5636 (|pool|=59)
  +('text', ('attn', 10, 6)) -> loss=0.5604 (|pool|=60)
  +('vision', ('attn', 7, 10)) -> loss=0.5574 (|pool|=61)
  +('vision', ('attn', 4, 11)) -> loss=0.5545 (|pool|=62)
  +('text', ('attn', 10, 5)) -> loss=0.5517 (|pool|=63)
  +('vision', ('attn', 8, 3)) -> loss=0.5489 (|pool|=64)
  +('text', ('attn', 2, 5)) -> loss=0.5463 (|pool|=65)
  +('vision', ('attn', 4, 3)) -> loss=0.5437 (|pool|=66)
  +('vision', ('attn', 3, 9)) -> loss=0.5410 (|pool|=67)
  +('text', ('attn', 2, 7)) -> loss=0.5386 (|pool|=68)
  +('text', ('attn', 0, 6)) -> loss=0.5361 (|pool|=69)
  +('vision', ('attn', 1, 5)) -> loss=0.5338 (|pool|=70)
  +('text', ('attn', 2, 3)) -> loss=0.5315 (|pool|=71)
  +('text', ('attn', 3, 2)) -> loss=0.5292 (|pool|=72)
  +('vision', ('attn', 7, 1)) -> loss=0.5268 (|pool|=73)
  +('text', ('attn', 5, 6)) -> loss=0.5242 (|pool|=74)
  +('text', ('attn', 8, 1)) -> loss=0.5215 (|pool|=75)
  +('text', ('attn', 5, 1)) -> loss=0.5193 (|pool|=76)
  +('text', ('attn', 7, 7)) -> loss=0.5168 (|pool|=77)
  +('vision', ('attn', 2, 7)) -> loss=0.5147 (|pool|=78)
  +('text', ('attn', 2, 6)) -> loss=0.5126 (|pool|=79)
  +('vision', ('attn', 6, 8)) -> loss=0.5106 (|pool|=80)
  +('vision', ('attn', 7, 6)) -> loss=0.5083 (|pool|=81)
  +('vision', ('attn', 3, 11)) -> loss=0.5063 (|pool|=82)
  +('vision', ('attn', 0, 3)) -> loss=0.5045 (|pool|=83)
  +('text', ('attn', 7, 6)) -> loss=0.5027 (|pool|=84)
  +('text', ('attn', 6, 7)) -> loss=0.5009 (|pool|=85)
  +('vision', ('attn', 7, 9)) -> loss=0.4994 (|pool|=86)
  +('vision', ('attn', 9, 0)) -> loss=0.4979 (|pool|=87)
  +('vision', ('attn', 4, 4)) -> loss=0.4960 (|pool|=88)
  +('vision', ('attn', 1, 0)) -> loss=0.4945 (|pool|=89)
  +('vision', ('attn', 2, 5)) -> loss=0.4931 (|pool|=90)
  +('text', ('attn', 3, 6)) -> loss=0.4917 (|pool|=91)
  +('text', ('attn', 9, 1)) -> loss=0.4903 (|pool|=92)
  +('vision', ('attn', 0, 2)) -> loss=0.4890 (|pool|=93)
  +('text', ('attn', 1, 5)) -> loss=0.4876 (|pool|=94)
  +('vision', ('attn', 2, 10)) -> loss=0.4864 (|pool|=95)
  +('text', ('attn', 3, 3)) -> loss=0.4853 (|pool|=96)
[ViT-B-16/fairface] full=51.17  pool(96)=50.86  best prefix(27)=56.14
[ViT-B-16/fairface] 7 classes, calibration 7 pairs, 3500 images total
  seed pair ('vision', ('attn', 11, 0)) + ('text', ('attn', 9, 2))  loss=1.7817
  +('text', ('attn', 9, 4)) -> loss=1.5950 (|pool|=3)
  +('text', ('mlp', 10, -1)) -> loss=1.4706 (|pool|=4)
  +('text', ('attn', 11, 2)) -> loss=1.3996 (|pool|=5)
  +('vision', ('attn', 11, 11)) -> loss=1.3319 (|pool|=6)
  +('text', ('attn', 11, 3)) -> loss=1.2753 (|pool|=7)
  +('text', ('attn', 11, 0)) -> loss=1.2267 (|pool|=8)
  +('vision', ('attn', 10, 10)) -> loss=1.1859 (|pool|=9)
  +('text', ('mlp', 7, -1)) -> loss=1.1480 (|pool|=10)
  +('vision', ('attn', 10, 11)) -> loss=1.1127 (|pool|=11)
  +('vision', ('attn', 9, 5)) -> loss=1.0796 (|pool|=12)
  +('text', ('attn', 10, 3)) -> loss=1.0481 (|pool|=13)
  +('text', ('attn', 6, 0)) -> loss=1.0190 (|pool|=14)
  +('vision', ('attn', 4, 9)) -> loss=0.9869 (|pool|=15)
  +('text', ('attn', 11, 5)) -> loss=0.9589 (|pool|=16)
  +('vision', ('attn', 5, 11)) -> loss=0.9346 (|pool|=17)
  +('vision', ('attn', 11, 7)) -> loss=0.9141 (|pool|=18)
  +('vision', ('attn', 6, 11)) -> loss=0.8969 (|pool|=19)
  +('text', ('attn', 5, 2)) -> loss=0.8790 (|pool|=20)
  +('vision', ('attn', 11, 6)) -> loss=0.8617 (|pool|=21)
  +('vision', ('attn', 7, 1)) -> loss=0.8444 (|pool|=22)
  +('text', ('attn', 8, 2)) -> loss=0.8291 (|pool|=23)
  +('vision', ('attn', 1, 8)) -> loss=0.8144 (|pool|=24)
  +('text', ('attn', 10, 7)) -> loss=0.8006 (|pool|=25)
  +('vision', ('attn', 7, 11)) -> loss=0.7878 (|pool|=26)
  +('text', ('mlp', 3, -1)) -> loss=0.7754 (|pool|=27)
  +('vision', ('attn', 5, 1)) -> loss=0.7622 (|pool|=28)
  +('vision', ('attn', 4, 0)) -> loss=0.7492 (|pool|=29)
  +('text', ('attn', 11, 7)) -> loss=0.7389 (|pool|=30)
  +('vision', ('attn', 4, 2)) -> loss=0.7277 (|pool|=31)
  +('vision', ('attn', 9, 4)) -> loss=0.7175 (|pool|=32)
  +('vision', ('attn', 4, 1)) -> loss=0.7074 (|pool|=33)
  +('vision', ('attn', 8, 8)) -> loss=0.6979 (|pool|=34)
  +('text', ('attn', 10, 2)) -> loss=0.6895 (|pool|=35)
  +('vision', ('attn', 5, 4)) -> loss=0.6800 (|pool|=36)
  +('vision', ('attn', 2, 7)) -> loss=0.6710 (|pool|=37)
  +('text', ('attn', 3, 5)) -> loss=0.6634 (|pool|=38)
  +('vision', ('attn', 1, 10)) -> loss=0.6556 (|pool|=39)
  +('vision', ('attn', 6, 9)) -> loss=0.6494 (|pool|=40)
  +('vision', ('attn', 10, 8)) -> loss=0.6437 (|pool|=41)
  +('vision', ('attn', 9, 6)) -> loss=0.6381 (|pool|=42)
  +('vision', ('attn', 3, 11)) -> loss=0.6331 (|pool|=43)
  +('vision', ('attn', 4, 7)) -> loss=0.6283 (|pool|=44)
  +('vision', ('attn', 8, 5)) -> loss=0.6239 (|pool|=45)
  +('vision', ('attn', 3, 2)) -> loss=0.6195 (|pool|=46)
  +('text', ('attn', 10, 6)) -> loss=0.6153 (|pool|=47)
  +('vision', ('attn', 10, 5)) -> loss=0.6111 (|pool|=48)
  +('vision', ('attn', 11, 2)) -> loss=0.6042 (|pool|=49)
  +('text', ('attn', 10, 0)) -> loss=0.5942 (|pool|=50)
  +('text', ('attn', 5, 1)) -> loss=0.5867 (|pool|=51)
  +('vision', ('attn', 7, 2)) -> loss=0.5819 (|pool|=52)
  +('text', ('attn', 4, 0)) -> loss=0.5774 (|pool|=53)
  +('vision', ('attn', 3, 6)) -> loss=0.5728 (|pool|=54)
  +('text', ('attn', 7, 0)) -> loss=0.5683 (|pool|=55)
  +('text', ('attn', 9, 1)) -> loss=0.5639 (|pool|=56)
  +('vision', ('attn', 4, 5)) -> loss=0.5600 (|pool|=57)
  +('text', ('attn', 10, 1)) -> loss=0.5565 (|pool|=58)
  +('vision', ('attn', 6, 3)) -> loss=0.5534 (|pool|=59)
  +('vision', ('attn', 10, 3)) -> loss=0.5496 (|pool|=60)
  +('vision', ('attn', 8, 0)) -> loss=0.5462 (|pool|=61)
  +('text', ('attn', 8, 3)) -> loss=0.5429 (|pool|=62)
  +('text', ('attn', 8, 6)) -> loss=0.5398 (|pool|=63)
  +('text', ('attn', 3, 4)) -> loss=0.5367 (|pool|=64)
  +('vision', ('attn', 6, 1)) -> loss=0.5337 (|pool|=65)
  +('vision', ('attn', 8, 7)) -> loss=0.5308 (|pool|=66)
  +('vision', ('attn', 1, 7)) -> loss=0.5280 (|pool|=67)
  +('vision', ('attn', 1, 0)) -> loss=0.5254 (|pool|=68)
  +('vision', ('attn', 3, 9)) -> loss=0.5229 (|pool|=69)
  +('vision', ('attn', 1, 2)) -> loss=0.5205 (|pool|=70)
  +('text', ('attn', 4, 7)) -> loss=0.5183 (|pool|=71)
  +('vision', ('attn', 3, 10)) -> loss=0.5160 (|pool|=72)
  +('vision', ('attn', 7, 10)) -> loss=0.5139 (|pool|=73)
  +('text', ('attn', 11, 1)) -> loss=0.5119 (|pool|=74)
  +('text', ('attn', 5, 0)) -> loss=0.5075 (|pool|=75)
  +('vision', ('attn', 9, 0)) -> loss=0.5046 (|pool|=76)
  +('text', ('attn', 3, 0)) -> loss=0.5023 (|pool|=77)
  +('vision', ('attn', 2, 6)) -> loss=0.5001 (|pool|=78)
  +('vision', ('attn', 2, 10)) -> loss=0.4984 (|pool|=79)
  +('vision', ('attn', 2, 8)) -> loss=0.4970 (|pool|=80)
  +('vision', ('attn', 9, 7)) -> loss=0.4957 (|pool|=81)
  +('vision', ('attn', 7, 4)) -> loss=0.4943 (|pool|=82)
  +('text', ('attn', 7, 7)) -> loss=0.4929 (|pool|=83)
  +('text', ('attn', 4, 5)) -> loss=0.4914 (|pool|=84)
  +('vision', ('attn', 0, 2)) -> loss=0.4900 (|pool|=85)
  +('vision', ('attn', 6, 6)) -> loss=0.4887 (|pool|=86)
  +('text', ('attn', 5, 4)) -> loss=0.4874 (|pool|=87)
  +('text', ('attn', 1, 0)) -> loss=0.4863 (|pool|=88)
  +('text', ('attn', 2, 7)) -> loss=0.4852 (|pool|=89)
  +('text', ('attn', 0, 5)) -> loss=0.4842 (|pool|=90)
  +('text', ('attn', 6, 7)) -> loss=0.4835 (|pool|=91)
  +('text', ('attn', 1, 5)) -> loss=0.4826 (|pool|=92)
  +('vision', ('attn', 1, 11)) -> loss=0.4818 (|pool|=93)
  +('text', ('attn', 4, 6)) -> loss=0.4811 (|pool|=94)
  +('text', ('attn', 9, 7)) -> loss=0.4804 (|pool|=95)
  +('text', ('attn', 6, 2)) -> loss=0.4797 (|pool|=96)
[ViT-B-16/fairface] full=51.17  pool(96)=49.49  best prefix(92)=49.86
[ViT-B-16/fairface] 7 classes, calibration 7 pairs, 3500 images total
  seed pair ('vision', ('attn', 11, 0)) + ('text', ('attn', 9, 2))  loss=1.4665
  +('text', ('attn', 9, 4)) -> loss=1.3471 (|pool|=3)
  +('vision', ('mlp', 12, -1)) -> loss=1.1919 (|pool|=4)
  +('text', ('attn', 11, 3)) -> loss=1.0706 (|pool|=5)
  +('text', ('attn', 5, 2)) -> loss=0.9796 (|pool|=6)
  +('vision', ('mlp', 11, -1)) -> loss=0.9051 (|pool|=7)
  +('vision', ('attn', 11, 4)) -> loss=0.8056 (|pool|=8)
  +('text', ('attn', 11, 0)) -> loss=0.7003 (|pool|=9)
  +('text', ('mlp', 7, -1)) -> loss=0.6422 (|pool|=10)
  +('vision', ('mlp', 9, -1)) -> loss=0.5826 (|pool|=11)
  +('vision', ('attn', 10, 1)) -> loss=0.5466 (|pool|=12)
  +('vision', ('attn', 11, 6)) -> loss=0.5156 (|pool|=13)
  +('vision', ('attn', 10, 3)) -> loss=0.4870 (|pool|=14)
  +('text', ('mlp', 10, -1)) -> loss=0.4635 (|pool|=15)
  +('text', ('attn', 11, 2)) -> loss=0.4328 (|pool|=16)
  +('vision', ('mlp', 2, -1)) -> loss=0.4114 (|pool|=17)
  +('text', ('attn', 8, 5)) -> loss=0.3955 (|pool|=18)
  +('text', ('attn', 6, 0)) -> loss=0.3793 (|pool|=19)
  +('text', ('mlp', 8, -1)) -> loss=0.3563 (|pool|=20)
  +('vision', ('attn', 10, 2)) -> loss=0.3233 (|pool|=21)
  +('vision', ('mlp', 7, -1)) -> loss=0.3089 (|pool|=22)
  +('vision', ('attn', 7, 5)) -> loss=0.2942 (|pool|=23)
  +('text', ('attn', 10, 3)) -> loss=0.2808 (|pool|=24)
  +('vision', ('attn', 11, 2)) -> loss=0.2686 (|pool|=25)
  +('text', ('attn', 11, 7)) -> loss=0.2577 (|pool|=26)
  +('vision', ('attn', 11, 5)) -> loss=0.2396 (|pool|=27)
  +('vision', ('mlp', 1, -1)) -> loss=0.2283 (|pool|=28)
  +('text', ('attn', 11, 5)) -> loss=0.2182 (|pool|=29)
  +('vision', ('attn', 9, 10)) -> loss=0.2094 (|pool|=30)
  +('vision', ('attn', 4, 6)) -> loss=0.2008 (|pool|=31)
  +('text', ('attn', 7, 4)) -> loss=0.1932 (|pool|=32)
  +('vision', ('attn', 5, 9)) -> loss=0.1862 (|pool|=33)
  +('vision', ('mlp', 4, -1)) -> loss=0.1793 (|pool|=34)
  +('vision', ('mlp', 3, -1)) -> loss=0.1732 (|pool|=35)
  +('text', ('attn', 3, 7)) -> loss=0.1680 (|pool|=36)
  +('text', ('attn', 0, 0)) -> loss=0.1634 (|pool|=37)
  +('text', ('attn', 10, 7)) -> loss=0.1589 (|pool|=38)
  +('vision', ('attn', 10, 0)) -> loss=0.1543 (|pool|=39)
  +('text', ('attn', 3, 5)) -> loss=0.1503 (|pool|=40)
  +('text', ('attn', 1, 2)) -> loss=0.1465 (|pool|=41)
  +('vision', ('attn', 10, 6)) -> loss=0.1429 (|pool|=42)
  +('text', ('attn', 4, 3)) -> loss=0.1387 (|pool|=43)
  +('vision', ('attn', 8, 5)) -> loss=0.1354 (|pool|=44)
  +('vision', ('attn', 10, 11)) -> loss=0.1322 (|pool|=45)
  +('vision', ('attn', 10, 5)) -> loss=0.1295 (|pool|=46)
  +('text', ('attn', 8, 2)) -> loss=0.1268 (|pool|=47)
  +('vision', ('attn', 5, 7)) -> loss=0.1242 (|pool|=48)
  +('vision', ('attn', 4, 5)) -> loss=0.1217 (|pool|=49)
  +('text', ('attn', 5, 1)) -> loss=0.1193 (|pool|=50)
  +('text', ('attn', 0, 3)) -> loss=0.1169 (|pool|=51)
  +('text', ('attn', 4, 0)) -> loss=0.1147 (|pool|=52)
  +('text', ('attn', 2, 7)) -> loss=0.1126 (|pool|=53)
  +('text', ('attn', 4, 4)) -> loss=0.1107 (|pool|=54)
  +('vision', ('attn', 11, 8)) -> loss=0.1087 (|pool|=55)
  +('vision', ('attn', 4, 10)) -> loss=0.1068 (|pool|=56)
  +('vision', ('attn', 9, 3)) -> loss=0.1051 (|pool|=57)
  +('vision', ('attn', 10, 9)) -> loss=0.1035 (|pool|=58)
  +('text', ('attn', 6, 5)) -> loss=0.1020 (|pool|=59)
  +('vision', ('attn', 9, 5)) -> loss=0.1006 (|pool|=60)
  +('vision', ('attn', 5, 5)) -> loss=0.0992 (|pool|=61)
  +('vision', ('attn', 9, 2)) -> loss=0.0978 (|pool|=62)
  +('vision', ('attn', 1, 9)) -> loss=0.0965 (|pool|=63)
  +('text', ('attn', 1, 5)) -> loss=0.0952 (|pool|=64)
  +('vision', ('attn', 2, 1)) -> loss=0.0940 (|pool|=65)
  +('vision', ('attn', 3, 5)) -> loss=0.0928 (|pool|=66)
  +('vision', ('attn', 4, 4)) -> loss=0.0917 (|pool|=67)
  +('text', ('attn', 5, 7)) -> loss=0.0905 (|pool|=68)
  +('vision', ('attn', 5, 10)) -> loss=0.0895 (|pool|=69)
  +('vision', ('attn', 4, 9)) -> loss=0.0885 (|pool|=70)
  +('text', ('attn', 1, 7)) -> loss=0.0876 (|pool|=71)
  +('text', ('attn', 6, 1)) -> loss=0.0867 (|pool|=72)
  +('vision', ('attn', 7, 1)) -> loss=0.0858 (|pool|=73)
  +('text', ('attn', 2, 0)) -> loss=0.0849 (|pool|=74)
  +('vision', ('attn', 4, 0)) -> loss=0.0842 (|pool|=75)
  +('text', ('attn', 5, 4)) -> loss=0.0834 (|pool|=76)
  +('vision', ('attn', 0, 10)) -> loss=0.0828 (|pool|=77)
  +('text', ('attn', 4, 5)) -> loss=0.0820 (|pool|=78)
  +('vision', ('attn', 10, 7)) -> loss=0.0813 (|pool|=79)
  +('text', ('attn', 10, 2)) -> loss=0.0788 (|pool|=80)
  +('text', ('attn', 10, 6)) -> loss=0.0777 (|pool|=81)
  +('vision', ('attn', 11, 11)) -> loss=0.0768 (|pool|=82)
  +('vision', ('attn', 8, 9)) -> loss=0.0758 (|pool|=83)
  +('text', ('attn', 3, 3)) -> loss=0.0750 (|pool|=84)
  +('text', ('attn', 6, 3)) -> loss=0.0743 (|pool|=85)
  +('text', ('attn', 5, 5)) -> loss=0.0736 (|pool|=86)
  +('vision', ('attn', 9, 0)) -> loss=0.0730 (|pool|=87)
  +('vision', ('attn', 7, 8)) -> loss=0.0725 (|pool|=88)
  +('text', ('attn', 7, 3)) -> loss=0.0720 (|pool|=89)
  +('text', ('attn', 6, 7)) -> loss=0.0715 (|pool|=90)
  +('vision', ('attn', 0, 2)) -> loss=0.0711 (|pool|=91)
  +('text', ('mlp', 0, -1)) -> loss=0.0707 (|pool|=92)
  +('text', ('attn', 8, 0)) -> loss=0.0704 (|pool|=93)
  +('text', ('attn', 4, 7)) -> loss=0.0701 (|pool|=94)
  +('vision', ('attn', 10, 4)) -> loss=0.0697 (|pool|=95)
  +('vision', ('attn', 8, 3)) -> loss=0.0693 (|pool|=96)
[ViT-B-16/fairface] full=51.17  pool(96)=58.20  best prefix(83)=58.29
[ViT-B-16/CIFAR100] 100 classes, calibration 100 pairs, 2000 images total
  seed pair ('vision', ('attn', 11, 5)) + ('text', ('attn', 9, 6))  loss=3.3031
  +('text', ('attn', 11, 7)) -> loss=2.6872 (|pool|=3)
  +('text', ('attn', 10, 6)) -> loss=2.4743 (|pool|=4)
  +('vision', ('attn', 11, 3)) -> loss=2.3764 (|pool|=5)
  +('text', ('attn', 10, 3)) -> loss=2.2090 (|pool|=6)
  +('vision', ('attn', 10, 10)) -> loss=2.1224 (|pool|=7)
  +('text', ('attn', 8, 7)) -> loss=2.0186 (|pool|=8)
  +('vision', ('attn', 11, 7)) -> loss=1.8561 (|pool|=9)
  +('text', ('attn', 9, 0)) -> loss=1.6210 (|pool|=10)
  +('vision', ('attn', 11, 8)) -> loss=1.5321 (|pool|=11)
  +('text', ('attn', 10, 7)) -> loss=1.4432 (|pool|=12)
  +('text', ('attn', 8, 0)) -> loss=1.3871 (|pool|=13)
  +('text', ('attn', 11, 0)) -> loss=1.3383 (|pool|=14)
  +('vision', ('attn', 11, 4)) -> loss=1.2714 (|pool|=15)
  +('text', ('attn', 7, 1)) -> loss=1.2416 (|pool|=16)
  +('vision', ('attn', 11, 10)) -> loss=1.2146 (|pool|=17)
  +('text', ('attn', 11, 2)) -> loss=1.1750 (|pool|=18)
  +('vision', ('attn', 10, 4)) -> loss=1.1476 (|pool|=19)
  +('text', ('mlp', 7, -1)) -> loss=1.1265 (|pool|=20)
  +('vision', ('attn', 10, 9)) -> loss=1.1085 (|pool|=21)
  +('text', ('attn', 7, 2)) -> loss=1.0917 (|pool|=22)
  +('vision', ('mlp', 6, -1)) -> loss=1.0787 (|pool|=23)
  +('text', ('attn', 5, 0)) -> loss=1.0684 (|pool|=24)
  +('text', ('attn', 2, 2)) -> loss=1.0585 (|pool|=25)
  +('vision', ('attn', 11, 2)) -> loss=1.0497 (|pool|=26)
  +('text', ('attn', 11, 1)) -> loss=1.0401 (|pool|=27)
  +('text', ('mlp', 3, -1)) -> loss=1.0307 (|pool|=28)
  +('text', ('attn', 0, 3)) -> loss=1.0231 (|pool|=29)
  +('vision', ('attn', 11, 6)) -> loss=1.0155 (|pool|=30)
  +('vision', ('attn', 11, 11)) -> loss=1.0082 (|pool|=31)
  +('text', ('attn', 9, 7)) -> loss=1.0021 (|pool|=32)
  +('text', ('attn', 11, 5)) -> loss=0.9961 (|pool|=33)
  +('vision', ('mlp', 7, -1)) -> loss=0.9893 (|pool|=34)
  +('text', ('attn', 0, 6)) -> loss=0.9841 (|pool|=35)
  +('vision', ('attn', 10, 0)) -> loss=0.9791 (|pool|=36)
  +('vision', ('attn', 9, 2)) -> loss=0.9746 (|pool|=37)
  +('text', ('attn', 6, 0)) -> loss=0.9705 (|pool|=38)
  +('text', ('attn', 10, 2)) -> loss=0.9668 (|pool|=39)
  +('text', ('attn', 2, 4)) -> loss=0.9633 (|pool|=40)
  +('text', ('attn', 9, 5)) -> loss=0.9598 (|pool|=41)
  +('vision', ('attn', 8, 9)) -> loss=0.9567 (|pool|=42)
  +('text', ('attn', 5, 5)) -> loss=0.9536 (|pool|=43)
  +('text', ('attn', 6, 4)) -> loss=0.9509 (|pool|=44)
  +('text', ('attn', 2, 7)) -> loss=0.9483 (|pool|=45)
  +('vision', ('attn', 9, 5)) -> loss=0.9456 (|pool|=46)
  +('vision', ('attn', 4, 0)) -> loss=0.9430 (|pool|=47)
  +('text', ('attn', 10, 0)) -> loss=0.9402 (|pool|=48)
  +('text', ('mlp', 11, -1)) -> loss=0.9376 (|pool|=49)
  +('text', ('attn', 11, 3)) -> loss=0.9287 (|pool|=50)
  +('text', ('attn', 6, 6)) -> loss=0.9225 (|pool|=51)
  +('vision', ('mlp', 9, -1)) -> loss=0.9181 (|pool|=52)
  +('text', ('attn', 5, 7)) -> loss=0.9135 (|pool|=53)
  +('vision', ('attn', 6, 4)) -> loss=0.9094 (|pool|=54)
  +('vision', ('attn', 7, 1)) -> loss=0.9056 (|pool|=55)
  +('text', ('attn', 8, 5)) -> loss=0.9024 (|pool|=56)
  +('text', ('attn', 0, 7)) -> loss=0.8994 (|pool|=57)
  +('vision', ('attn', 8, 10)) -> loss=0.8964 (|pool|=58)
  +('text', ('attn', 11, 6)) -> loss=0.8934 (|pool|=59)
  +('vision', ('mlp', 0, -1)) -> loss=0.8906 (|pool|=60)
  +('vision', ('mlp', 12, -1)) -> loss=0.8847 (|pool|=61)
  +('vision', ('attn', 10, 5)) -> loss=0.8601 (|pool|=62)
  +('text', ('attn', 9, 1)) -> loss=0.8399 (|pool|=63)
  +('text', ('attn', 8, 2)) -> loss=0.8273 (|pool|=64)
  +('vision', ('attn', 10, 1)) -> loss=0.8151 (|pool|=65)
  +('vision', ('attn', 9, 1)) -> loss=0.8059 (|pool|=66)
  +('text', ('mlp', 10, -1)) -> loss=0.7963 (|pool|=67)
  +('text', ('attn', 7, 5)) -> loss=0.7876 (|pool|=68)
  +('vision', ('attn', 9, 11)) -> loss=0.7812 (|pool|=69)
  +('text', ('attn', 9, 4)) -> loss=0.7755 (|pool|=70)
  +('vision', ('attn', 4, 6)) -> loss=0.7700 (|pool|=71)
  +('vision', ('attn', 9, 0)) -> loss=0.7651 (|pool|=72)
  +('vision', ('attn', 10, 7)) -> loss=0.7605 (|pool|=73)
  +('vision', ('attn', 8, 5)) -> loss=0.7564 (|pool|=74)
  +('text', ('attn', 2, 6)) -> loss=0.7529 (|pool|=75)
  +('vision', ('attn', 5, 4)) -> loss=0.7496 (|pool|=76)
  +('vision', ('attn', 4, 1)) -> loss=0.7464 (|pool|=77)
  +('vision', ('attn', 5, 9)) -> loss=0.7434 (|pool|=78)
  +('vision', ('attn', 5, 11)) -> loss=0.7406 (|pool|=79)
  +('vision', ('attn', 10, 11)) -> loss=0.7379 (|pool|=80)
  +('vision', ('attn', 3, 2)) -> loss=0.7355 (|pool|=81)
  +('vision', ('attn', 5, 5)) -> loss=0.7331 (|pool|=82)
  +('text', ('attn', 4, 2)) -> loss=0.7306 (|pool|=83)
  +('vision', ('attn', 6, 8)) -> loss=0.7282 (|pool|=84)
  +('vision', ('attn', 6, 3)) -> loss=0.7260 (|pool|=85)
  +('text', ('attn', 3, 4)) -> loss=0.7239 (|pool|=86)
  +('vision', ('attn', 0, 5)) -> loss=0.7219 (|pool|=87)
  +('text', ('attn', 6, 2)) -> loss=0.7198 (|pool|=88)
  +('vision', ('attn', 8, 4)) -> loss=0.7180 (|pool|=89)
  +('text', ('attn', 3, 5)) -> loss=0.7162 (|pool|=90)
  +('vision', ('attn', 5, 1)) -> loss=0.7144 (|pool|=91)
  +('vision', ('attn', 2, 5)) -> loss=0.7127 (|pool|=92)
  +('vision', ('attn', 10, 3)) -> loss=0.7109 (|pool|=93)
  +('text', ('attn', 3, 0)) -> loss=0.7091 (|pool|=94)
  +('vision', ('attn', 9, 7)) -> loss=0.7073 (|pool|=95)
  +('text', ('attn', 0, 4)) -> loss=0.7056 (|pool|=96)
[ViT-B-16/CIFAR100] full=67.40  pool(96)=71.10  best prefix(93)=71.20
[ViT-B-16/CIFAR100] 100 classes, calibration 100 pairs, 2000 images total
  seed pair ('vision', ('attn', 11, 5)) + ('text', ('attn', 9, 6))  loss=3.5074
  +('text', ('attn', 11, 7)) -> loss=2.9610 (|pool|=3)
  +('text', ('attn', 10, 6)) -> loss=2.8506 (|pool|=4)
  +('vision', ('attn', 11, 3)) -> loss=2.7840 (|pool|=5)
  +('text', ('attn', 10, 3)) -> loss=2.6749 (|pool|=6)
  +('vision', ('attn', 10, 10)) -> loss=2.5947 (|pool|=7)
  +('text', ('attn', 8, 7)) -> loss=2.4765 (|pool|=8)
  +('vision', ('attn', 11, 7)) -> loss=2.3404 (|pool|=9)
  +('text', ('attn', 9, 0)) -> loss=2.1400 (|pool|=10)
  +('vision', ('attn', 11, 8)) -> loss=2.0368 (|pool|=11)
  +('text', ('attn', 10, 7)) -> loss=1.9624 (|pool|=12)
  +('text', ('attn', 8, 0)) -> loss=1.9320 (|pool|=13)
  +('text', ('attn', 10, 2)) -> loss=1.9054 (|pool|=14)
  +('vision', ('attn', 11, 6)) -> loss=1.8807 (|pool|=15)
  +('text', ('attn', 11, 5)) -> loss=1.8491 (|pool|=16)
  +('vision', ('attn', 10, 9)) -> loss=1.8260 (|pool|=17)
  +('text', ('mlp', 7, -1)) -> loss=1.7941 (|pool|=18)
  +('text', ('attn', 7, 1)) -> loss=1.7716 (|pool|=19)
  +('text', ('attn', 5, 0)) -> loss=1.7543 (|pool|=20)
  +('vision', ('attn', 11, 1)) -> loss=1.7399 (|pool|=21)
  +('text', ('attn', 11, 1)) -> loss=1.7198 (|pool|=22)
  +('vision', ('attn', 11, 11)) -> loss=1.6994 (|pool|=23)
  +('vision', ('attn', 10, 0)) -> loss=1.6833 (|pool|=24)
  +('text', ('attn', 9, 7)) -> loss=1.6691 (|pool|=25)
  +('vision', ('attn', 9, 2)) -> loss=1.6557 (|pool|=26)
  +('vision', ('mlp', 9, -1)) -> loss=1.6450 (|pool|=27)
  +('text', ('attn', 8, 2)) -> loss=1.6348 (|pool|=28)
  +('vision', ('attn', 10, 11)) -> loss=1.6256 (|pool|=29)
  +('vision', ('attn', 10, 2)) -> loss=1.6168 (|pool|=30)
  +('text', ('attn', 6, 0)) -> loss=1.6082 (|pool|=31)
  +('vision', ('mlp', 5, -1)) -> loss=1.6000 (|pool|=32)
  +('vision', ('mlp', 0, -1)) -> loss=1.5906 (|pool|=33)
  +('text', ('attn', 10, 4)) -> loss=1.5823 (|pool|=34)
  +('vision', ('attn', 8, 5)) -> loss=1.5744 (|pool|=35)
  +('vision', ('attn', 10, 5)) -> loss=1.5673 (|pool|=36)
  +('vision', ('attn', 9, 8)) -> loss=1.5613 (|pool|=37)
  +('text', ('attn', 2, 2)) -> loss=1.5556 (|pool|=38)
  +('vision', ('mlp', 8, -1)) -> loss=1.5504 (|pool|=39)
  +('text', ('attn', 0, 2)) -> loss=1.5447 (|pool|=40)
  +('text', ('mlp', 4, -1)) -> loss=1.5388 (|pool|=41)
  +('text', ('attn', 10, 1)) -> loss=1.5334 (|pool|=42)
  +('vision', ('attn', 9, 6)) -> loss=1.5281 (|pool|=43)
  +('vision', ('attn', 11, 0)) -> loss=1.5227 (|pool|=44)
  +('vision', ('attn', 8, 7)) -> loss=1.5173 (|pool|=45)
  +('text', ('attn', 0, 3)) -> loss=1.5124 (|pool|=46)
  +('text', ('attn', 0, 7)) -> loss=1.5077 (|pool|=47)
  +('vision', ('attn', 9, 3)) -> loss=1.5031 (|pool|=48)
  +('text', ('mlp', 3, -1)) -> loss=1.4984 (|pool|=49)
  +('text', ('attn', 6, 4)) -> loss=1.4940 (|pool|=50)
  +('text', ('attn', 4, 5)) -> loss=1.4905 (|pool|=51)
  +('vision', ('attn', 4, 2)) -> loss=1.4871 (|pool|=52)
  +('vision', ('attn', 3, 0)) -> loss=1.4839 (|pool|=53)
  +('vision', ('mlp', 7, -1)) -> loss=1.4807 (|pool|=54)
  +('vision', ('attn', 6, 3)) -> loss=1.4780 (|pool|=55)
  +('text', ('mlp', 8, -1)) -> loss=1.4754 (|pool|=56)
  +('vision', ('attn', 5, 6)) -> loss=1.4718 (|pool|=57)
  +('vision', ('mlp', 4, -1)) -> loss=1.4686 (|pool|=58)
  +('text', ('attn', 9, 2)) -> loss=1.4646 (|pool|=59)
  +('vision', ('attn', 5, 8)) -> loss=1.4615 (|pool|=60)
  +('text', ('attn', 4, 4)) -> loss=1.4585 (|pool|=61)
  +('vision', ('attn', 8, 8)) -> loss=1.4561 (|pool|=62)
  +('vision', ('mlp', 12, -1)) -> loss=1.4520 (|pool|=63)
  +('vision', ('mlp', 11, -1)) -> loss=1.3987 (|pool|=64)
  +('vision', ('attn', 11, 10)) -> loss=1.3666 (|pool|=65)
  +('text', ('attn', 7, 2)) -> loss=1.3468 (|pool|=66)
  +('text', ('attn', 9, 4)) -> loss=1.3321 (|pool|=67)
  +('text', ('mlp', 11, -1)) -> loss=1.3105 (|pool|=68)
  +('text', ('attn', 11, 3)) -> loss=1.2811 (|pool|=69)
  +('vision', ('attn', 11, 4)) -> loss=1.2648 (|pool|=70)
  +('text', ('attn', 11, 0)) -> loss=1.2434 (|pool|=71)
  +('text', ('attn', 9, 1)) -> loss=1.2319 (|pool|=72)
  +('text', ('attn', 9, 5)) -> loss=1.2223 (|pool|=73)
  +('vision', ('attn', 6, 8)) -> loss=1.2138 (|pool|=74)
  +('vision', ('attn', 7, 5)) -> loss=1.2071 (|pool|=75)
  +('text', ('attn', 2, 6)) -> loss=1.2007 (|pool|=76)
  +('vision', ('attn', 5, 4)) -> loss=1.1944 (|pool|=77)
  +('text', ('attn', 4, 2)) -> loss=1.1888 (|pool|=78)
  +('vision', ('attn', 8, 4)) -> loss=1.1847 (|pool|=79)
  +('vision', ('attn', 6, 11)) -> loss=1.1811 (|pool|=80)
  +('text', ('attn', 8, 4)) -> loss=1.1777 (|pool|=81)
  +('vision', ('attn', 5, 2)) -> loss=1.1744 (|pool|=82)
  +('vision', ('attn', 3, 2)) -> loss=1.1713 (|pool|=83)
  +('vision', ('attn', 5, 5)) -> loss=1.1687 (|pool|=84)
  +('text', ('attn', 3, 4)) -> loss=1.1661 (|pool|=85)
  +('vision', ('attn', 6, 1)) -> loss=1.1636 (|pool|=86)
  +('text', ('attn', 7, 4)) -> loss=1.1610 (|pool|=87)
  +('vision', ('attn', 11, 9)) -> loss=1.1585 (|pool|=88)
  +('vision', ('attn', 8, 11)) -> loss=1.1563 (|pool|=89)
  +('vision', ('attn', 8, 6)) -> loss=1.1542 (|pool|=90)
  +('vision', ('attn', 4, 5)) -> loss=1.1523 (|pool|=91)
  +('text', ('attn', 5, 1)) -> loss=1.1503 (|pool|=92)
  +('vision', ('attn', 6, 7)) -> loss=1.1485 (|pool|=93)
  +('text', ('attn', 0, 4)) -> loss=1.1468 (|pool|=94)
  +('vision', ('attn', 3, 3)) -> loss=1.1452 (|pool|=95)
  +('text', ('attn', 4, 1)) -> loss=1.1437 (|pool|=96)
[ViT-B-16/CIFAR100] full=67.40  pool(96)=72.20  best prefix(88)=72.25
[ViT-B-16/CIFAR100] 100 classes, calibration 100 pairs, 2000 images total
  seed pair ('vision', ('attn', 11, 5)) + ('text', ('attn', 9, 6))  loss=3.3664
  +('text', ('attn', 11, 7)) -> loss=2.7970 (|pool|=3)
  +('text', ('attn', 10, 6)) -> loss=2.6370 (|pool|=4)
  +('vision', ('attn', 11, 10)) -> loss=2.5624 (|pool|=5)
  +('text', ('attn', 10, 3)) -> loss=2.5062 (|pool|=6)
  +('vision', ('attn', 11, 3)) -> loss=2.3885 (|pool|=7)
  +('vision', ('attn', 10, 10)) -> loss=2.3127 (|pool|=8)
  +('text', ('attn', 8, 7)) -> loss=2.1867 (|pool|=9)
  +('vision', ('attn', 11, 7)) -> loss=2.0565 (|pool|=10)
  +('text', ('attn', 9, 0)) -> loss=1.8552 (|pool|=11)
  +('vision', ('attn', 11, 8)) -> loss=1.7634 (|pool|=12)
  +('text', ('attn', 8, 0)) -> loss=1.6919 (|pool|=13)
  +('text', ('attn', 10, 7)) -> loss=1.6548 (|pool|=14)
  +('vision', ('attn', 10, 4)) -> loss=1.6208 (|pool|=15)
  +('text', ('attn', 11, 5)) -> loss=1.5937 (|pool|=16)
  +('text', ('attn', 9, 4)) -> loss=1.5707 (|pool|=17)
  +('text', ('attn', 10, 2)) -> loss=1.5486 (|pool|=18)
  +('vision', ('attn', 10, 9)) -> loss=1.5268 (|pool|=19)
  +('text', ('attn', 10, 1)) -> loss=1.5065 (|pool|=20)
  +('text', ('mlp', 11, -1)) -> loss=1.4839 (|pool|=21)
  +('text', ('attn', 11, 3)) -> loss=1.4499 (|pool|=22)
  +('vision', ('attn', 10, 0)) -> loss=1.4285 (|pool|=23)
  +('text', ('attn', 7, 1)) -> loss=1.4116 (|pool|=24)
  +('vision', ('attn', 10, 11)) -> loss=1.3943 (|pool|=25)
  +('text', ('attn', 10, 4)) -> loss=1.3796 (|pool|=26)
  +('text', ('attn', 5, 0)) -> loss=1.3672 (|pool|=27)
  +('text', ('attn', 9, 5)) -> loss=1.3557 (|pool|=28)
  +('vision', ('attn', 9, 2)) -> loss=1.3454 (|pool|=29)
  +('text', ('attn', 11, 1)) -> loss=1.3333 (|pool|=30)
  +('text', ('attn', 8, 2)) -> loss=1.3213 (|pool|=31)
  +('vision', ('mlp', 0, -1)) -> loss=1.3131 (|pool|=32)
  +('text', ('attn', 4, 4)) -> loss=1.3058 (|pool|=33)
  +('vision', ('attn', 9, 5)) -> loss=1.2989 (|pool|=34)
  +('vision', ('attn', 9, 6)) -> loss=1.2923 (|pool|=35)
  +('text', ('mlp', 4, -1)) -> loss=1.2860 (|pool|=36)
  +('text', ('attn', 9, 7)) -> loss=1.2797 (|pool|=37)
  +('text', ('attn', 0, 7)) -> loss=1.2739 (|pool|=38)
  +('text', ('attn', 0, 3)) -> loss=1.2682 (|pool|=39)
  +('text', ('attn', 2, 2)) -> loss=1.2629 (|pool|=40)
  +('text', ('attn', 4, 2)) -> loss=1.2581 (|pool|=41)
  +('vision', ('attn', 11, 4)) -> loss=1.2511 (|pool|=42)
  +('text', ('attn', 11, 0)) -> loss=1.2290 (|pool|=43)
  +('vision', ('attn', 10, 1)) -> loss=1.2232 (|pool|=44)
  +('vision', ('attn', 9, 0)) -> loss=1.2187 (|pool|=45)
  +('text', ('attn', 0, 6)) -> loss=1.2147 (|pool|=46)
  +('vision', ('attn', 5, 5)) -> loss=1.2109 (|pool|=47)
  +('text', ('attn', 4, 5)) -> loss=1.2071 (|pool|=48)
  +('vision', ('attn', 5, 8)) -> loss=1.2034 (|pool|=49)
  +('text', ('attn', 8, 4)) -> loss=1.1999 (|pool|=50)
  +('vision', ('attn', 4, 11)) -> loss=1.1968 (|pool|=51)
  +('vision', ('attn', 8, 10)) -> loss=1.1936 (|pool|=52)
  +('vision', ('attn', 4, 10)) -> loss=1.1906 (|pool|=53)
  +('vision', ('attn', 6, 7)) -> loss=1.1878 (|pool|=54)
  +('text', ('attn', 2, 7)) -> loss=1.1850 (|pool|=55)
  +('text', ('attn', 6, 2)) -> loss=1.1822 (|pool|=56)
  +('vision', ('attn', 5, 11)) -> loss=1.1796 (|pool|=57)
  +('vision', ('attn', 10, 3)) -> loss=1.1769 (|pool|=58)
  +('text', ('attn', 3, 4)) -> loss=1.1743 (|pool|=59)
  +('text', ('attn', 4, 3)) -> loss=1.1718 (|pool|=60)
  +('vision', ('attn', 7, 10)) -> loss=1.1693 (|pool|=61)
  +('vision', ('attn', 5, 0)) -> loss=1.1671 (|pool|=62)
  +('vision', ('attn', 2, 5)) -> loss=1.1649 (|pool|=63)
  +('vision', ('attn', 7, 9)) -> loss=1.1628 (|pool|=64)
  +('vision', ('attn', 7, 1)) -> loss=1.1607 (|pool|=65)
  +('text', ('attn', 6, 3)) -> loss=1.1588 (|pool|=66)
  +('vision', ('attn', 10, 6)) -> loss=1.1569 (|pool|=67)
  +('vision', ('attn', 9, 10)) -> loss=1.1551 (|pool|=68)
  +('vision', ('attn', 8, 11)) -> loss=1.1534 (|pool|=69)
  +('vision', ('attn', 1, 9)) -> loss=1.1517 (|pool|=70)
  +('vision', ('attn', 7, 8)) -> loss=1.1501 (|pool|=71)
  +('text', ('attn', 0, 0)) -> loss=1.1485 (|pool|=72)
  +('vision', ('attn', 4, 5)) -> loss=1.1467 (|pool|=73)
  +('text', ('attn', 6, 0)) -> loss=1.1451 (|pool|=74)
  +('text', ('mlp', 0, -1)) -> loss=1.1437 (|pool|=75)
  +('vision', ('attn', 5, 2)) -> loss=1.1423 (|pool|=76)
  +('vision', ('attn', 6, 0)) -> loss=1.1409 (|pool|=77)
  +('vision', ('attn', 6, 8)) -> loss=1.1395 (|pool|=78)
  +('vision', ('attn', 9, 7)) -> loss=1.1381 (|pool|=79)
  +('vision', ('attn', 11, 6)) -> loss=1.1369 (|pool|=80)
  +('vision', ('mlp', 12, -1)) -> loss=1.0884 (|pool|=81)
  +('vision', ('attn', 10, 5)) -> loss=1.0559 (|pool|=82)
  +('vision', ('mlp', 11, -1)) -> loss=1.0301 (|pool|=83)
  +('text', ('attn', 7, 2)) -> loss=1.0090 (|pool|=84)
  +('vision', ('mlp', 7, -1)) -> loss=0.9985 (|pool|=85)
  +('text', ('attn', 9, 2)) -> loss=0.9914 (|pool|=86)
  +('text', ('attn', 2, 4)) -> loss=0.9848 (|pool|=87)
  +('vision', ('attn', 8, 8)) -> loss=0.9787 (|pool|=88)
  +('vision', ('attn', 11, 2)) -> loss=0.9730 (|pool|=89)
  +('text', ('attn', 3, 7)) -> loss=0.9691 (|pool|=90)
  +('vision', ('attn', 11, 0)) -> loss=0.9653 (|pool|=91)
  +('vision', ('attn', 8, 5)) -> loss=0.9617 (|pool|=92)
  +('text', ('attn', 5, 2)) -> loss=0.9587 (|pool|=93)
  +('text', ('attn', 0, 2)) -> loss=0.9564 (|pool|=94)
  +('vision', ('attn', 4, 7)) -> loss=0.9545 (|pool|=95)
  +('vision', ('attn', 3, 3)) -> loss=0.9527 (|pool|=96)
[ViT-B-16/CIFAR100] full=67.40  pool(96)=71.80  best prefix(86)=71.90
[ViT-B-16/caltech] 101 classes, calibration 99 pairs, 2020 images total
  seed pair ('vision', ('attn', 11, 5)) + ('text', ('attn', 9, 6))  loss=2.5422
  +('text', ('attn', 11, 7)) -> loss=1.9925 (|pool|=3)
  +('text', ('attn', 10, 6)) -> loss=1.8740 (|pool|=4)
  +('vision', ('attn', 11, 7)) -> loss=1.7596 (|pool|=5)
  +('text', ('attn', 9, 0)) -> loss=1.1355 (|pool|=6)
  +('text', ('attn', 8, 0)) -> loss=1.0186 (|pool|=7)
  +('vision', ('attn', 11, 8)) -> loss=0.9193 (|pool|=8)
  +('text', ('attn', 8, 7)) -> loss=0.8284 (|pool|=9)
  +('text', ('attn', 9, 1)) -> loss=0.7726 (|pool|=10)
  +('vision', ('attn', 10, 10)) -> loss=0.7218 (|pool|=11)
  +('vision', ('attn', 10, 9)) -> loss=0.6873 (|pool|=12)
  +('text', ('attn', 5, 0)) -> loss=0.6598 (|pool|=13)
  +('vision', ('attn', 10, 2)) -> loss=0.6352 (|pool|=14)
  +('text', ('attn', 9, 7)) -> loss=0.6123 (|pool|=15)
  +('text', ('mlp', 11, -1)) -> loss=0.5947 (|pool|=16)
  +('vision', ('attn', 10, 4)) -> loss=0.5646 (|pool|=17)
  +('text', ('attn', 8, 2)) -> loss=0.5410 (|pool|=18)
  +('text', ('attn', 11, 3)) -> loss=0.5192 (|pool|=19)
  +('text', ('attn', 7, 1)) -> loss=0.5048 (|pool|=20)
  +('vision', ('attn', 9, 1)) -> loss=0.4912 (|pool|=21)
  +('text', ('attn', 10, 2)) -> loss=0.4788 (|pool|=22)
  +('vision', ('attn', 10, 7)) -> loss=0.4641 (|pool|=23)
  +('text', ('attn', 8, 4)) -> loss=0.4552 (|pool|=24)
  +('vision', ('attn', 10, 1)) -> loss=0.4456 (|pool|=25)
  +('vision', ('mlp', 4, -1)) -> loss=0.4385 (|pool|=26)
  +('text', ('attn', 10, 0)) -> loss=0.4311 (|pool|=27)
  +('vision', ('attn', 0, 10)) -> loss=0.4242 (|pool|=28)
  +('vision', ('attn', 7, 5)) -> loss=0.4174 (|pool|=29)
  +('vision', ('attn', 9, 2)) -> loss=0.4113 (|pool|=30)
  +('text', ('attn', 11, 0)) -> loss=0.4050 (|pool|=31)
  +('vision', ('attn', 8, 4)) -> loss=0.3998 (|pool|=32)
  +('text', ('attn', 2, 6)) -> loss=0.3946 (|pool|=33)
  +('text', ('attn', 0, 3)) -> loss=0.3902 (|pool|=34)
  +('vision', ('attn', 9, 0)) -> loss=0.3856 (|pool|=35)
  +('text', ('attn', 10, 7)) -> loss=0.3808 (|pool|=36)
  +('vision', ('mlp', 5, -1)) -> loss=0.3757 (|pool|=37)
  +('vision', ('attn', 11, 0)) -> loss=0.3709 (|pool|=38)
  +('text', ('attn', 10, 1)) -> loss=0.3652 (|pool|=39)
  +('vision', ('attn', 10, 8)) -> loss=0.3607 (|pool|=40)
  +('vision', ('attn', 5, 8)) -> loss=0.3566 (|pool|=41)
  +('text', ('attn', 8, 5)) -> loss=0.3528 (|pool|=42)
  +('text', ('attn', 5, 7)) -> loss=0.3491 (|pool|=43)
  +('text', ('mlp', 4, -1)) -> loss=0.3455 (|pool|=44)
  +('text', ('attn', 9, 2)) -> loss=0.3417 (|pool|=45)
  +('text', ('attn', 0, 7)) -> loss=0.3382 (|pool|=46)
  +('vision', ('attn', 4, 4)) -> loss=0.3350 (|pool|=47)
  +('vision', ('attn', 8, 7)) -> loss=0.3321 (|pool|=48)
  +('text', ('attn', 0, 2)) -> loss=0.3296 (|pool|=49)
  +('text', ('attn', 4, 5)) -> loss=0.3271 (|pool|=50)
  +('vision', ('attn', 8, 0)) -> loss=0.3251 (|pool|=51)
  +('vision', ('attn', 5, 11)) -> loss=0.3231 (|pool|=52)
  +('text', ('attn', 7, 6)) -> loss=0.3211 (|pool|=53)
  +('vision', ('attn', 9, 10)) -> loss=0.3192 (|pool|=54)
  +('vision', ('attn', 5, 3)) -> loss=0.3173 (|pool|=55)
  +('vision', ('mlp', 6, -1)) -> loss=0.3150 (|pool|=56)
  +('vision', ('attn', 3, 0)) -> loss=0.3129 (|pool|=57)
  +('vision', ('attn', 9, 5)) -> loss=0.3111 (|pool|=58)
  +('text', ('mlp', 2, -1)) -> loss=0.3091 (|pool|=59)
  +('vision', ('attn', 8, 8)) -> loss=0.3072 (|pool|=60)
  +('vision', ('attn', 5, 9)) -> loss=0.3055 (|pool|=61)
  +('vision', ('attn', 7, 2)) -> loss=0.3038 (|pool|=62)
  +('vision', ('attn', 6, 2)) -> loss=0.3022 (|pool|=63)
  +('text', ('attn', 0, 5)) -> loss=0.3006 (|pool|=64)
  +('vision', ('attn', 9, 4)) -> loss=0.2989 (|pool|=65)
  +('vision', ('attn', 9, 7)) -> loss=0.2974 (|pool|=66)
  +('vision', ('attn', 6, 9)) -> loss=0.2959 (|pool|=67)
  +('vision', ('attn', 3, 11)) -> loss=0.2945 (|pool|=68)
  +('vision', ('attn', 8, 10)) -> loss=0.2932 (|pool|=69)
  +('text', ('attn', 4, 0)) -> loss=0.2921 (|pool|=70)
  +('vision', ('attn', 0, 5)) -> loss=0.2910 (|pool|=71)
  +('text', ('attn', 6, 6)) -> loss=0.2899 (|pool|=72)
  +('text', ('attn', 4, 3)) -> loss=0.2889 (|pool|=73)
  +('vision', ('attn', 9, 11)) -> loss=0.2878 (|pool|=74)
  +('text', ('attn', 5, 2)) -> loss=0.2869 (|pool|=75)
  +('vision', ('attn', 4, 9)) -> loss=0.2860 (|pool|=76)
  +('text', ('attn', 2, 4)) -> loss=0.2852 (|pool|=77)
  +('vision', ('attn', 4, 1)) -> loss=0.2843 (|pool|=78)
  +('vision', ('attn', 3, 10)) -> loss=0.2836 (|pool|=79)
  +('vision', ('attn', 4, 8)) -> loss=0.2829 (|pool|=80)
  +('text', ('attn', 1, 7)) -> loss=0.2822 (|pool|=81)
  +('text', ('attn', 3, 0)) -> loss=0.2815 (|pool|=82)
  +('vision', ('attn', 1, 9)) -> loss=0.2809 (|pool|=83)
  +('vision', ('attn', 7, 8)) -> loss=0.2803 (|pool|=84)
  +('text', ('attn', 4, 1)) -> loss=0.2798 (|pool|=85)
  +('vision', ('attn', 7, 10)) -> loss=0.2792 (|pool|=86)
  +('text', ('mlp', 5, -1)) -> loss=0.2785 (|pool|=87)
  +('text', ('attn', 11, 6)) -> loss=0.2772 (|pool|=88)
  +('vision', ('attn', 2, 4)) -> loss=0.2762 (|pool|=89)
  +('text', ('attn', 6, 3)) -> loss=0.2754 (|pool|=90)
  +('vision', ('attn', 11, 9)) -> loss=0.2744 (|pool|=91)
  +('text', ('attn', 2, 1)) -> loss=0.2735 (|pool|=92)
  +('vision', ('attn', 7, 3)) -> loss=0.2729 (|pool|=93)
  +('text', ('attn', 3, 5)) -> loss=0.2724 (|pool|=94)
  +('vision', ('attn', 8, 3)) -> loss=0.2718 (|pool|=95)
  +('vision', ('attn', 0, 4)) -> loss=0.2712 (|pool|=96)
[ViT-B-16/caltech] full=80.94  pool(96)=80.45  best prefix(86)=81.88
[ViT-B-16/caltech] 101 classes, calibration 99 pairs, 2020 images total
  seed pair ('vision', ('attn', 11, 5)) + ('text', ('attn', 9, 6))  loss=2.4722
  +('text', ('attn', 11, 7)) -> loss=1.9220 (|pool|=3)
  +('text', ('attn', 10, 6)) -> loss=1.7756 (|pool|=4)
  +('vision', ('attn', 11, 7)) -> loss=1.6616 (|pool|=5)
  +('text', ('attn', 9, 0)) -> loss=1.0418 (|pool|=6)
  +('text', ('attn', 8, 0)) -> loss=0.9299 (|pool|=7)
  +('vision', ('attn', 11, 8)) -> loss=0.8424 (|pool|=8)
  +('text', ('attn', 9, 1)) -> loss=0.7749 (|pool|=9)
  +('vision', ('attn', 10, 5)) -> loss=0.7204 (|pool|=10)
  +('vision', ('attn', 10, 2)) -> loss=0.6746 (|pool|=11)
  +('text', ('attn', 9, 7)) -> loss=0.6340 (|pool|=12)
  +('text', ('attn', 8, 2)) -> loss=0.6046 (|pool|=13)
  +('vision', ('attn', 11, 4)) -> loss=0.5790 (|pool|=14)
  +('text', ('attn', 8, 7)) -> loss=0.5551 (|pool|=15)
  +('vision', ('attn', 11, 10)) -> loss=0.5343 (|pool|=16)
  +('text', ('mlp', 11, -1)) -> loss=0.5177 (|pool|=17)
  +('vision', ('attn', 11, 3)) -> loss=0.4876 (|pool|=18)
  +('text', ('attn', 11, 3)) -> loss=0.4611 (|pool|=19)
  +('vision', ('attn', 10, 10)) -> loss=0.4379 (|pool|=20)
  +('vision', ('attn', 10, 0)) -> loss=0.4194 (|pool|=21)
  +('text', ('attn', 11, 0)) -> loss=0.4055 (|pool|=22)
  +('text', ('mlp', 5, -1)) -> loss=0.3926 (|pool|=23)
  +('text', ('attn', 10, 0)) -> loss=0.3823 (|pool|=24)
  +('vision', ('attn', 9, 2)) -> loss=0.3713 (|pool|=25)
  +('text', ('attn', 0, 3)) -> loss=0.3633 (|pool|=26)
  +('text', ('attn', 2, 6)) -> loss=0.3560 (|pool|=27)
  +('vision', ('attn', 8, 4)) -> loss=0.3490 (|pool|=28)
  +('text', ('attn', 3, 5)) -> loss=0.3433 (|pool|=29)
  +('text', ('attn', 8, 5)) -> loss=0.3380 (|pool|=30)
  +('vision', ('attn', 10, 7)) -> loss=0.3328 (|pool|=31)
  +('text', ('mlp', 7, -1)) -> loss=0.3277 (|pool|=32)
  +('vision', ('attn', 10, 4)) -> loss=0.3204 (|pool|=33)
  +('vision', ('mlp', 9, -1)) -> loss=0.3130 (|pool|=34)
  +('vision', ('attn', 4, 9)) -> loss=0.3079 (|pool|=35)
  +('text', ('attn', 10, 7)) -> loss=0.3030 (|pool|=36)
  +('text', ('attn', 10, 1)) -> loss=0.2987 (|pool|=37)
  +('text', ('attn', 0, 0)) -> loss=0.2951 (|pool|=38)
  +('text', ('attn', 7, 1)) -> loss=0.2914 (|pool|=39)
  +('text', ('attn', 2, 4)) -> loss=0.2879 (|pool|=40)
  +('vision', ('attn', 9, 10)) -> loss=0.2846 (|pool|=41)
  +('vision', ('attn', 5, 11)) -> loss=0.2817 (|pool|=42)
  +('vision', ('attn', 9, 5)) -> loss=0.2790 (|pool|=43)
  +('text', ('attn', 6, 6)) -> loss=0.2762 (|pool|=44)
  +('vision', ('attn', 11, 1)) -> loss=0.2728 (|pool|=45)
  +('vision', ('mlp', 8, -1)) -> loss=0.2688 (|pool|=46)
  +('text', ('attn', 6, 0)) -> loss=0.2658 (|pool|=47)
  +('vision', ('attn', 5, 8)) -> loss=0.2630 (|pool|=48)
  +('text', ('mlp', 3, -1)) -> loss=0.2601 (|pool|=49)
  +('vision', ('mlp', 5, -1)) -> loss=0.2577 (|pool|=50)
  +('text', ('attn', 1, 7)) -> loss=0.2555 (|pool|=51)
  +('vision', ('attn', 1, 10)) -> loss=0.2536 (|pool|=52)
  +('text', ('attn', 8, 3)) -> loss=0.2516 (|pool|=53)
  +('text', ('attn', 4, 0)) -> loss=0.2497 (|pool|=54)
  +('vision', ('attn', 3, 11)) -> loss=0.2480 (|pool|=55)
  +('vision', ('attn', 5, 9)) -> loss=0.2464 (|pool|=56)
  +('vision', ('attn', 4, 8)) -> loss=0.2450 (|pool|=57)
  +('text', ('attn', 0, 4)) -> loss=0.2435 (|pool|=58)
  +('vision', ('attn', 4, 2)) -> loss=0.2421 (|pool|=59)
  +('vision', ('attn', 1, 9)) -> loss=0.2407 (|pool|=60)
  +('vision', ('attn', 3, 4)) -> loss=0.2393 (|pool|=61)
  +('vision', ('attn', 8, 0)) -> loss=0.2380 (|pool|=62)
  +('vision', ('attn', 6, 3)) -> loss=0.2367 (|pool|=63)
  +('vision', ('attn', 8, 7)) -> loss=0.2355 (|pool|=64)
  +('text', ('attn', 0, 2)) -> loss=0.2344 (|pool|=65)
  +('vision', ('attn', 7, 5)) -> loss=0.2333 (|pool|=66)
  +('text', ('attn', 9, 2)) -> loss=0.2321 (|pool|=67)
  +('text', ('attn', 0, 7)) -> loss=0.2311 (|pool|=68)
  +('vision', ('attn', 5, 4)) -> loss=0.2301 (|pool|=69)
  +('vision', ('attn', 4, 10)) -> loss=0.2291 (|pool|=70)
  +('vision', ('attn', 10, 1)) -> loss=0.2280 (|pool|=71)
  +('vision', ('attn', 7, 2)) -> loss=0.2270 (|pool|=72)
  +('vision', ('attn', 4, 1)) -> loss=0.2260 (|pool|=73)
  +('vision', ('attn', 6, 6)) -> loss=0.2251 (|pool|=74)
  +('vision', ('attn', 8, 10)) -> loss=0.2242 (|pool|=75)
  +('vision', ('attn', 1, 6)) -> loss=0.2233 (|pool|=76)
  +('vision', ('attn', 6, 1)) -> loss=0.2225 (|pool|=77)
  +('vision', ('attn', 8, 6)) -> loss=0.2218 (|pool|=78)
  +('vision', ('attn', 6, 0)) -> loss=0.2211 (|pool|=79)
  +('text', ('attn', 7, 5)) -> loss=0.2204 (|pool|=80)
  +('text', ('attn', 8, 4)) -> loss=0.2195 (|pool|=81)
  +('text', ('attn', 4, 3)) -> loss=0.2185 (|pool|=82)
  +('text', ('attn', 3, 6)) -> loss=0.2176 (|pool|=83)
  +('vision', ('attn', 9, 7)) -> loss=0.2169 (|pool|=84)
  +('vision', ('attn', 3, 5)) -> loss=0.2163 (|pool|=85)
  +('text', ('attn', 0, 5)) -> loss=0.2157 (|pool|=86)
  +('text', ('attn', 11, 2)) -> loss=0.2150 (|pool|=87)
  +('vision', ('mlp', 3, -1)) -> loss=0.2143 (|pool|=88)
  +('text', ('attn', 3, 4)) -> loss=0.2135 (|pool|=89)
  +('vision', ('attn', 0, 10)) -> loss=0.2128 (|pool|=90)
  +('text', ('attn', 4, 4)) -> loss=0.2120 (|pool|=91)
  +('vision', ('attn', 4, 5)) -> loss=0.2112 (|pool|=92)
  +('text', ('attn', 7, 6)) -> loss=0.2106 (|pool|=93)
  +('vision', ('attn', 5, 6)) -> loss=0.2100 (|pool|=94)
  +('vision', ('attn', 7, 9)) -> loss=0.2095 (|pool|=95)
  +('vision', ('attn', 0, 7)) -> loss=0.2092 (|pool|=96)
[ViT-B-16/caltech] full=80.94  pool(96)=86.49  best prefix(77)=86.78
[ViT-B-16/caltech] 101 classes, calibration 99 pairs, 2020 images total
  seed pair ('vision', ('attn', 11, 5)) + ('text', ('attn', 9, 6))  loss=2.6696
  +('text', ('attn', 11, 7)) -> loss=2.1390 (|pool|=3)
  +('vision', ('attn', 11, 7)) -> loss=2.0032 (|pool|=4)
  +('text', ('attn', 9, 0)) -> loss=1.2779 (|pool|=5)
  +('text', ('attn', 8, 0)) -> loss=1.1552 (|pool|=6)
  +('vision', ('attn', 11, 8)) -> loss=1.0464 (|pool|=7)
  +('text', ('attn', 8, 7)) -> loss=0.9655 (|pool|=8)
  +('vision', ('attn', 10, 10)) -> loss=0.9042 (|pool|=9)
  +('text', ('attn', 9, 1)) -> loss=0.8455 (|pool|=10)
  +('text', ('attn', 8, 2)) -> loss=0.7998 (|pool|=11)
  +('vision', ('attn', 10, 4)) -> loss=0.7615 (|pool|=12)
  +('text', ('attn', 10, 3)) -> loss=0.7310 (|pool|=13)
  +('text', ('mlp', 11, -1)) -> loss=0.7042 (|pool|=14)
  +('vision', ('attn', 10, 5)) -> loss=0.6590 (|pool|=15)
  +('text', ('attn', 11, 3)) -> loss=0.6230 (|pool|=16)
  +('text', ('attn', 9, 7)) -> loss=0.5898 (|pool|=17)
  +('text', ('mlp', 7, -1)) -> loss=0.5634 (|pool|=18)
  +('vision', ('attn', 10, 2)) -> loss=0.5396 (|pool|=19)
  +('text', ('attn', 9, 5)) -> loss=0.5215 (|pool|=20)
  +('vision', ('attn', 10, 0)) -> loss=0.5053 (|pool|=21)
  +('vision', ('attn', 11, 2)) -> loss=0.4911 (|pool|=22)
  +('text', ('attn', 10, 4)) -> loss=0.4791 (|pool|=23)
  +('vision', ('attn', 10, 7)) -> loss=0.4675 (|pool|=24)
  +('vision', ('attn', 11, 6)) -> loss=0.4564 (|pool|=25)
  +('text', ('attn', 5, 0)) -> loss=0.4465 (|pool|=26)
  +('vision', ('attn', 9, 2)) -> loss=0.4373 (|pool|=27)
  +('text', ('attn', 2, 6)) -> loss=0.4287 (|pool|=28)
  +('text', ('attn', 3, 5)) -> loss=0.4209 (|pool|=29)
  +('vision', ('attn', 10, 9)) -> loss=0.4130 (|pool|=30)
  +('text', ('attn', 10, 2)) -> loss=0.4053 (|pool|=31)
  +('text', ('attn', 11, 5)) -> loss=0.3986 (|pool|=32)
  +('vision', ('mlp', 0, -1)) -> loss=0.3918 (|pool|=33)
  +('text', ('attn', 0, 3)) -> loss=0.3851 (|pool|=34)
  +('text', ('attn', 0, 0)) -> loss=0.3794 (|pool|=35)
  +('vision', ('attn', 10, 6)) -> loss=0.3743 (|pool|=36)
  +('vision', ('attn', 4, 2)) -> loss=0.3697 (|pool|=37)
  +('text', ('attn', 2, 2)) -> loss=0.3653 (|pool|=38)
  +('vision', ('attn', 11, 10)) -> loss=0.3612 (|pool|=39)
  +('vision', ('attn', 11, 0)) -> loss=0.3563 (|pool|=40)
  +('text', ('attn', 9, 2)) -> loss=0.3485 (|pool|=41)
  +('vision', ('mlp', 9, -1)) -> loss=0.3421 (|pool|=42)
  +('vision', ('attn', 9, 11)) -> loss=0.3381 (|pool|=43)
  +('text', ('attn', 10, 0)) -> loss=0.3346 (|pool|=44)
  +('vision', ('attn', 11, 4)) -> loss=0.3306 (|pool|=45)
  +('text', ('attn', 4, 0)) -> loss=0.3274 (|pool|=46)
  +('vision', ('attn', 9, 8)) -> loss=0.3244 (|pool|=47)
  +('text', ('attn', 2, 4)) -> loss=0.3214 (|pool|=48)
  +('text', ('attn', 5, 2)) -> loss=0.3187 (|pool|=49)
  +('vision', ('attn', 10, 1)) -> loss=0.3161 (|pool|=50)
  +('vision', ('attn', 8, 4)) -> loss=0.3138 (|pool|=51)
  +('vision', ('attn', 1, 10)) -> loss=0.3117 (|pool|=52)
  +('text', ('attn', 5, 1)) -> loss=0.3097 (|pool|=53)
  +('vision', ('mlp', 6, -1)) -> loss=0.3074 (|pool|=54)
  +('text', ('attn', 10, 7)) -> loss=0.3048 (|pool|=55)
  +('text', ('attn', 6, 0)) -> loss=0.3025 (|pool|=56)
  +('vision', ('mlp', 7, -1)) -> loss=0.2998 (|pool|=57)
  +('vision', ('attn', 7, 2)) -> loss=0.2972 (|pool|=58)
  +('vision', ('mlp', 5, -1)) -> loss=0.2947 (|pool|=59)
  +('vision', ('attn', 5, 8)) -> loss=0.2924 (|pool|=60)
  +('vision', ('attn', 5, 11)) -> loss=0.2903 (|pool|=61)
  +('vision', ('attn', 3, 5)) -> loss=0.2882 (|pool|=62)
  +('vision', ('attn', 2, 3)) -> loss=0.2863 (|pool|=63)
  +('text', ('attn', 3, 6)) -> loss=0.2844 (|pool|=64)
  +('text', ('attn', 0, 7)) -> loss=0.2825 (|pool|=65)
  +('vision', ('attn', 9, 4)) -> loss=0.2808 (|pool|=66)
  +('vision', ('attn', 5, 5)) -> loss=0.2791 (|pool|=67)
  +('text', ('attn', 8, 5)) -> loss=0.2774 (|pool|=68)
  +('vision', ('attn', 4, 3)) -> loss=0.2759 (|pool|=69)
  +('vision', ('attn', 4, 0)) -> loss=0.2745 (|pool|=70)
  +('vision', ('attn', 6, 5)) -> loss=0.2731 (|pool|=71)
  +('text', ('attn', 4, 6)) -> loss=0.2718 (|pool|=72)
  +('vision', ('attn', 9, 9)) -> loss=0.2705 (|pool|=73)
  +('vision', ('attn', 4, 1)) -> loss=0.2693 (|pool|=74)
  +('vision', ('attn', 5, 4)) -> loss=0.2681 (|pool|=75)
  +('vision', ('attn', 6, 8)) -> loss=0.2670 (|pool|=76)
  +('text', ('attn', 0, 4)) -> loss=0.2660 (|pool|=77)
  +('vision', ('attn', 10, 8)) -> loss=0.2650 (|pool|=78)
  +('vision', ('attn', 6, 2)) -> loss=0.2640 (|pool|=79)
  +('vision', ('attn', 6, 0)) -> loss=0.2631 (|pool|=80)
  +('vision', ('attn', 6, 10)) -> loss=0.2623 (|pool|=81)
  +('text', ('attn', 8, 3)) -> loss=0.2615 (|pool|=82)
  +('vision', ('attn', 3, 11)) -> loss=0.2607 (|pool|=83)
  +('vision', ('attn', 4, 8)) -> loss=0.2599 (|pool|=84)
  +('text', ('attn', 7, 4)) -> loss=0.2591 (|pool|=85)
  +('vision', ('attn', 0, 3)) -> loss=0.2583 (|pool|=86)
  +('vision', ('attn', 4, 11)) -> loss=0.2576 (|pool|=87)
  +('text', ('attn', 0, 1)) -> loss=0.2569 (|pool|=88)
  +('vision', ('attn', 3, 7)) -> loss=0.2562 (|pool|=89)
  +('text', ('mlp', 3, -1)) -> loss=0.2556 (|pool|=90)
  +('vision', ('mlp', 10, -1)) -> loss=0.2544 (|pool|=91)
  +('text', ('attn', 10, 1)) -> loss=0.2533 (|pool|=92)
  +('text', ('attn', 2, 1)) -> loss=0.2523 (|pool|=93)
  +('vision', ('attn', 3, 4)) -> loss=0.2515 (|pool|=94)
  +('text', ('attn', 1, 7)) -> loss=0.2509 (|pool|=95)
  +('vision', ('attn', 7, 8)) -> loss=0.2503 (|pool|=96)
[ViT-B-16/caltech] full=80.94  pool(96)=87.03  best prefix(95)=87.13
[ViT-B-16/imagenet] 1000 classes, calibration 1000 pairs, 5000 images total
  seed pair ('vision', ('attn', 11, 5)) + ('text', ('attn', 9, 6))  loss=4.6117
  +('text', ('attn', 11, 7)) -> loss=4.3412 (|pool|=3)
  +('vision', ('attn', 11, 3)) -> loss=4.2149 (|pool|=4)
  +('text', ('attn', 10, 3)) -> loss=3.9564 (|pool|=5)
  +('vision', ('attn', 11, 7)) -> loss=3.7698 (|pool|=6)
  +('text', ('attn', 9, 0)) -> loss=3.0657 (|pool|=7)
  +('text', ('attn', 8, 7)) -> loss=2.8903 (|pool|=8)
  +('vision', ('attn', 11, 8)) -> loss=2.7062 (|pool|=9)
  +('vision', ('attn', 10, 10)) -> loss=2.5723 (|pool|=10)
  +('text', ('attn', 8, 0)) -> loss=2.4507 (|pool|=11)
  +('text', ('attn', 8, 2)) -> loss=2.3722 (|pool|=12)
  +('text', ('attn', 9, 7)) -> loss=2.3104 (|pool|=13)
  +('vision', ('attn', 10, 5)) -> loss=2.2625 (|pool|=14)
  +('vision', ('attn', 10, 9)) -> loss=2.2249 (|pool|=15)
  +('vision', ('attn', 11, 10)) -> loss=2.1874 (|pool|=16)
  +('text', ('attn', 11, 2)) -> loss=2.1080 (|pool|=17)
  +('text', ('attn', 9, 5)) -> loss=2.0864 (|pool|=18)
  +('vision', ('attn', 10, 0)) -> loss=2.0675 (|pool|=19)
  +('text', ('attn', 7, 1)) -> loss=2.0513 (|pool|=20)
  +('text', ('attn', 9, 2)) -> loss=2.0369 (|pool|=21)
  +('text', ('attn', 4, 3)) -> loss=2.0248 (|pool|=22)
  +('text', ('mlp', 5, -1)) -> loss=2.0119 (|pool|=23)
  +('text', ('attn', 10, 7)) -> loss=2.0005 (|pool|=24)
  +('text', ('attn', 5, 0)) -> loss=1.9920 (|pool|=25)
  +('vision', ('attn', 10, 3)) -> loss=1.9841 (|pool|=26)
  +('text', ('attn', 10, 1)) -> loss=1.9766 (|pool|=27)
  +('vision', ('attn', 9, 8)) -> loss=1.9702 (|pool|=28)
  +('text', ('attn', 2, 6)) -> loss=1.9638 (|pool|=29)
  +('text', ('mlp', 1, -1)) -> loss=1.9582 (|pool|=30)
  +('vision', ('attn', 9, 1)) -> loss=1.9535 (|pool|=31)
  +('text', ('attn', 5, 2)) -> loss=1.9492 (|pool|=32)
  +('vision', ('attn', 9, 11)) -> loss=1.9453 (|pool|=33)
  +('text', ('attn', 10, 0)) -> loss=1.9419 (|pool|=34)
  +('vision', ('attn', 8, 9)) -> loss=1.9383 (|pool|=35)
  +('vision', ('attn', 11, 9)) -> loss=1.9351 (|pool|=36)
  +('text', ('attn', 3, 5)) -> loss=1.9318 (|pool|=37)
  +('text', ('mlp', 0, -1)) -> loss=1.9289 (|pool|=38)
  +('vision', ('attn', 7, 1)) -> loss=1.9261 (|pool|=39)
  +('text', ('attn', 8, 4)) -> loss=1.9232 (|pool|=40)
  +('text', ('attn', 0, 2)) -> loss=1.9204 (|pool|=41)
  +('vision', ('attn', 2, 4)) -> loss=1.9177 (|pool|=42)
  +('text', ('attn', 0, 3)) -> loss=1.9151 (|pool|=43)
  +('text', ('attn', 6, 0)) -> loss=1.9125 (|pool|=44)
  +('text', ('attn', 5, 5)) -> loss=1.9102 (|pool|=45)
  +('text', ('attn', 7, 3)) -> loss=1.9081 (|pool|=46)
  +('text', ('mlp', 3, -1)) -> loss=1.9060 (|pool|=47)
  +('text', ('attn', 2, 2)) -> loss=1.9036 (|pool|=48)
  +('vision', ('attn', 10, 1)) -> loss=1.9010 (|pool|=49)
  +('vision', ('attn', 9, 10)) -> loss=1.8989 (|pool|=50)
  +('text', ('attn', 1, 1)) -> loss=1.8968 (|pool|=51)
  +('text', ('mlp', 4, -1)) -> loss=1.8948 (|pool|=52)
  +('vision', ('mlp', 2, -1)) -> loss=1.8928 (|pool|=53)
  +('text', ('mlp', 2, -1)) -> loss=1.8910 (|pool|=54)
  +('vision', ('attn', 10, 6)) -> loss=1.8892 (|pool|=55)
  +('text', ('attn', 0, 1)) -> loss=1.8874 (|pool|=56)
  +('vision', ('attn', 3, 2)) -> loss=1.8857 (|pool|=57)
  +('text', ('attn', 1, 7)) -> loss=1.8840 (|pool|=58)
  +('text', ('attn', 0, 5)) -> loss=1.8823 (|pool|=59)
  +('vision', ('attn', 9, 7)) -> loss=1.8808 (|pool|=60)
  +('text', ('attn', 3, 3)) -> loss=1.8793 (|pool|=61)
  +('text', ('attn', 4, 7)) -> loss=1.8778 (|pool|=62)
  +('text', ('attn', 8, 5)) -> loss=1.8763 (|pool|=63)
  +('vision', ('attn', 9, 5)) -> loss=1.8749 (|pool|=64)
  +('vision', ('attn', 1, 8)) -> loss=1.8735 (|pool|=65)
  +('vision', ('attn', 5, 9)) -> loss=1.8723 (|pool|=66)
  +('vision', ('attn', 10, 8)) -> loss=1.8710 (|pool|=67)
  +('vision', ('attn', 3, 8)) -> loss=1.8697 (|pool|=68)
  +('text', ('attn', 3, 4)) -> loss=1.8685 (|pool|=69)
  +('text', ('attn', 6, 5)) -> loss=1.8674 (|pool|=70)
  +('vision', ('attn', 4, 2)) -> loss=1.8664 (|pool|=71)
  +('vision', ('attn', 7, 11)) -> loss=1.8654 (|pool|=72)
  +('vision', ('attn', 7, 2)) -> loss=1.8645 (|pool|=73)
  +('vision', ('attn', 9, 9)) -> loss=1.8635 (|pool|=74)
  +('text', ('attn', 8, 6)) -> loss=1.8626 (|pool|=75)
  +('vision', ('attn', 3, 11)) -> loss=1.8617 (|pool|=76)
  +('text', ('attn', 1, 2)) -> loss=1.8608 (|pool|=77)
  +('text', ('attn', 3, 1)) -> loss=1.8600 (|pool|=78)
  +('vision', ('attn', 8, 3)) -> loss=1.8592 (|pool|=79)
  +('vision', ('attn', 6, 6)) -> loss=1.8584 (|pool|=80)
  +('text', ('attn', 0, 0)) -> loss=1.8575 (|pool|=81)
  +('text', ('attn', 6, 1)) -> loss=1.8567 (|pool|=82)
  +('vision', ('attn', 5, 3)) -> loss=1.8560 (|pool|=83)
  +('vision', ('attn', 2, 6)) -> loss=1.8552 (|pool|=84)
  +('text', ('mlp', 7, -1)) -> loss=1.8544 (|pool|=85)
  +('text', ('attn', 7, 5)) -> loss=1.8518 (|pool|=86)
  +('vision', ('attn', 2, 3)) -> loss=1.8510 (|pool|=87)
  +('vision', ('attn', 3, 9)) -> loss=1.8502 (|pool|=88)
  +('text', ('attn', 1, 5)) -> loss=1.8495 (|pool|=89)
  +('vision', ('attn', 1, 6)) -> loss=1.8488 (|pool|=90)
  +('vision', ('attn', 7, 6)) -> loss=1.8481 (|pool|=91)
  +('vision', ('attn', 4, 6)) -> loss=1.8475 (|pool|=92)
  +('vision', ('attn', 11, 11)) -> loss=1.8465 (|pool|=93)
  +('vision', ('attn', 10, 2)) -> loss=1.8456 (|pool|=94)
  +('text', ('attn', 5, 4)) -> loss=1.8449 (|pool|=95)
  +('vision', ('attn', 5, 2)) -> loss=1.8442 (|pool|=96)
[ViT-B-16/imagenet] full=66.74  pool(96)=56.60  best prefix(96)=56.60
[ViT-B-16/imagenet] 1000 classes, calibration 1000 pairs, 5000 images total
  seed pair ('vision', ('attn', 11, 5)) + ('text', ('attn', 9, 6))  loss=4.5864
  +('text', ('attn', 11, 7)) -> loss=4.3314 (|pool|=3)
  +('vision', ('attn', 11, 7)) -> loss=4.1974 (|pool|=4)
  +('text', ('attn', 9, 0)) -> loss=3.3983 (|pool|=5)
  +('text', ('attn', 8, 0)) -> loss=3.1992 (|pool|=6)
  +('vision', ('attn', 11, 8)) -> loss=2.9814 (|pool|=7)
  +('text', ('attn', 8, 7)) -> loss=2.7592 (|pool|=8)
  +('vision', ('attn', 10, 10)) -> loss=2.6151 (|pool|=9)
  +('text', ('attn', 10, 3)) -> loss=2.4732 (|pool|=10)
  +('vision', ('attn', 11, 3)) -> loss=2.3788 (|pool|=11)
  +('text', ('attn', 8, 2)) -> loss=2.2983 (|pool|=12)
  +('text', ('attn', 9, 7)) -> loss=2.2338 (|pool|=13)
  +('vision', ('attn', 10, 5)) -> loss=2.1919 (|pool|=14)
  +('vision', ('attn', 10, 9)) -> loss=2.1593 (|pool|=15)
  +('vision', ('attn', 11, 10)) -> loss=2.1274 (|pool|=16)
  +('text', ('attn', 9, 5)) -> loss=2.0809 (|pool|=17)
  +('text', ('attn', 9, 4)) -> loss=2.0511 (|pool|=18)
  +('text', ('attn', 10, 7)) -> loss=2.0295 (|pool|=19)
  +('vision', ('mlp', 11, -1)) -> loss=2.0114 (|pool|=20)
  +('text', ('attn', 7, 1)) -> loss=1.9922 (|pool|=21)
  +('text', ('attn', 10, 6)) -> loss=1.9772 (|pool|=22)
  +('text', ('attn', 4, 6)) -> loss=1.9656 (|pool|=23)
  +('text', ('attn', 9, 2)) -> loss=1.9556 (|pool|=24)
  +('text', ('attn', 4, 3)) -> loss=1.9466 (|pool|=25)
  +('text', ('mlp', 5, -1)) -> loss=1.9354 (|pool|=26)
  +('text', ('attn', 10, 1)) -> loss=1.9256 (|pool|=27)
  +('vision', ('attn', 10, 0)) -> loss=1.9172 (|pool|=28)
  +('text', ('attn', 3, 5)) -> loss=1.9091 (|pool|=29)
  +('vision', ('attn', 10, 1)) -> loss=1.9026 (|pool|=30)
  +('text', ('mlp', 1, -1)) -> loss=1.8960 (|pool|=31)
  +('text', ('attn', 2, 6)) -> loss=1.8898 (|pool|=32)
  +('vision', ('attn', 9, 2)) -> loss=1.8836 (|pool|=33)
  +('text', ('attn', 6, 0)) -> loss=1.8779 (|pool|=34)
  +('vision', ('attn', 10, 6)) -> loss=1.8726 (|pool|=35)
  +('text', ('mlp', 2, -1)) -> loss=1.8674 (|pool|=36)
  +('vision', ('attn', 10, 3)) -> loss=1.8631 (|pool|=37)
  +('text', ('attn', 2, 2)) -> loss=1.8591 (|pool|=38)
  +('text', ('attn', 5, 1)) -> loss=1.8554 (|pool|=39)
  +('text', ('attn', 0, 3)) -> loss=1.8520 (|pool|=40)
  +('vision', ('attn', 9, 7)) -> loss=1.8487 (|pool|=41)
  +('vision', ('attn', 11, 9)) -> loss=1.8454 (|pool|=42)
  +('text', ('attn', 7, 4)) -> loss=1.8424 (|pool|=43)
  +('text', ('attn', 8, 4)) -> loss=1.8394 (|pool|=44)
  +('text', ('mlp', 3, -1)) -> loss=1.8363 (|pool|=45)
  +('text', ('mlp', 0, -1)) -> loss=1.8335 (|pool|=46)
  +('text', ('attn', 4, 2)) -> loss=1.8308 (|pool|=47)
  +('vision', ('attn', 8, 10)) -> loss=1.8283 (|pool|=48)
  +('text', ('attn', 7, 3)) -> loss=1.8258 (|pool|=49)
  +('vision', ('attn', 4, 2)) -> loss=1.8237 (|pool|=50)
  +('vision', ('attn', 10, 7)) -> loss=1.8215 (|pool|=51)
  +('text', ('attn', 6, 2)) -> loss=1.8194 (|pool|=52)
  +('vision', ('attn', 9, 10)) -> loss=1.8173 (|pool|=53)
  +('vision', ('attn', 2, 4)) -> loss=1.8153 (|pool|=54)
  +('vision', ('mlp', 5, -1)) -> loss=1.8134 (|pool|=55)
  +('vision', ('attn', 3, 8)) -> loss=1.8111 (|pool|=56)
  +('vision', ('attn', 7, 2)) -> loss=1.8094 (|pool|=57)
  +('text', ('attn', 4, 7)) -> loss=1.8076 (|pool|=58)
  +('text', ('attn', 6, 3)) -> loss=1.8059 (|pool|=59)
  +('vision', ('attn', 6, 0)) -> loss=1.8041 (|pool|=60)
  +('text', ('attn', 0, 1)) -> loss=1.8025 (|pool|=61)
  +('text', ('attn', 5, 2)) -> loss=1.8010 (|pool|=62)
  +('vision', ('attn', 7, 4)) -> loss=1.7996 (|pool|=63)
  +('vision', ('attn', 1, 8)) -> loss=1.7983 (|pool|=64)
  +('text', ('attn', 3, 3)) -> loss=1.7970 (|pool|=65)
  +('text', ('attn', 1, 1)) -> loss=1.7958 (|pool|=66)
  +('text', ('attn', 0, 4)) -> loss=1.7946 (|pool|=67)
  +('vision', ('attn', 8, 5)) -> loss=1.7934 (|pool|=68)
  +('text', ('attn', 8, 5)) -> loss=1.7923 (|pool|=69)
  +('vision', ('attn', 7, 7)) -> loss=1.7912 (|pool|=70)
  +('text', ('attn', 5, 5)) -> loss=1.7902 (|pool|=71)
  +('text', ('attn', 0, 2)) -> loss=1.7891 (|pool|=72)
  +('text', ('attn', 4, 1)) -> loss=1.7882 (|pool|=73)
  +('vision', ('attn', 8, 7)) -> loss=1.7872 (|pool|=74)
  +('vision', ('attn', 1, 11)) -> loss=1.7863 (|pool|=75)
  +('text', ('attn', 5, 4)) -> loss=1.7854 (|pool|=76)
  +('vision', ('attn', 9, 9)) -> loss=1.7845 (|pool|=77)
  +('vision', ('attn', 2, 3)) -> loss=1.7837 (|pool|=78)
  +('text', ('attn', 4, 5)) -> loss=1.7829 (|pool|=79)
  +('vision', ('mlp', 2, -1)) -> loss=1.7820 (|pool|=80)
  +('vision', ('attn', 2, 2)) -> loss=1.7811 (|pool|=81)
  +('text', ('attn', 1, 5)) -> loss=1.7804 (|pool|=82)
  +('vision', ('attn', 5, 4)) -> loss=1.7796 (|pool|=83)
  +('vision', ('attn', 6, 7)) -> loss=1.7790 (|pool|=84)
  +('vision', ('attn', 8, 3)) -> loss=1.7784 (|pool|=85)
  +('text', ('attn', 3, 1)) -> loss=1.7778 (|pool|=86)
  +('vision', ('attn', 6, 4)) -> loss=1.7773 (|pool|=87)
  +('vision', ('attn', 0, 11)) -> loss=1.7768 (|pool|=88)
  +('vision', ('attn', 7, 6)) -> loss=1.7763 (|pool|=89)
  +('vision', ('attn', 0, 7)) -> loss=1.7758 (|pool|=90)
  +('text', ('attn', 4, 0)) -> loss=1.7753 (|pool|=91)
  +('vision', ('attn', 3, 3)) -> loss=1.7749 (|pool|=92)
  +('vision', ('attn', 0, 4)) -> loss=1.7744 (|pool|=93)
  +('vision', ('attn', 6, 3)) -> loss=1.7740 (|pool|=94)
  +('vision', ('attn', 2, 7)) -> loss=1.7736 (|pool|=95)
  +('vision', ('attn', 0, 2)) -> loss=1.7732 (|pool|=96)
[ViT-B-16/imagenet] full=66.74  pool(96)=58.56  best prefix(85)=58.78
[ViT-B-16/imagenet] 1000 classes, calibration 1000 pairs, 5000 images total
  seed pair ('vision', ('attn', 11, 5)) + ('text', ('attn', 9, 6))  loss=4.5864
  +('text', ('attn', 11, 7)) -> loss=4.2869 (|pool|=3)
  +('vision', ('attn', 11, 3)) -> loss=4.1637 (|pool|=4)
  +('text', ('attn', 10, 3)) -> loss=3.9074 (|pool|=5)
  +('vision', ('attn', 11, 7)) -> loss=3.7032 (|pool|=6)
  +('text', ('attn', 9, 0)) -> loss=2.9956 (|pool|=7)
  +('text', ('attn', 8, 7)) -> loss=2.8251 (|pool|=8)
  +('vision', ('attn', 10, 10)) -> loss=2.6454 (|pool|=9)
  +('vision', ('attn', 11, 8)) -> loss=2.5061 (|pool|=10)
  +('text', ('attn', 8, 0)) -> loss=2.3822 (|pool|=11)
  +('text', ('attn', 8, 2)) -> loss=2.3020 (|pool|=12)
  +('vision', ('attn', 10, 4)) -> loss=2.2421 (|pool|=13)
  +('text', ('attn', 9, 7)) -> loss=2.1931 (|pool|=14)
  +('vision', ('attn', 10, 9)) -> loss=2.1570 (|pool|=15)
  +('vision', ('attn', 11, 10)) -> loss=2.1204 (|pool|=16)
  +('text', ('attn', 11, 2)) -> loss=2.0611 (|pool|=17)
  +('text', ('attn', 9, 5)) -> loss=2.0281 (|pool|=18)
  +('text', ('attn', 10, 7)) -> loss=1.9980 (|pool|=19)
  +('vision', ('attn', 10, 5)) -> loss=1.9800 (|pool|=20)
  +('text', ('attn', 11, 5)) -> loss=1.9621 (|pool|=21)
  +('text', ('attn', 9, 2)) -> loss=1.9474 (|pool|=22)
  +('vision', ('attn', 10, 0)) -> loss=1.9346 (|pool|=23)
  +('text', ('attn', 7, 1)) -> loss=1.9240 (|pool|=24)
  +('text', ('mlp', 5, -1)) -> loss=1.9124 (|pool|=25)
  +('text', ('attn', 4, 3)) -> loss=1.8978 (|pool|=26)
  +('vision', ('attn', 9, 8)) -> loss=1.8872 (|pool|=27)
  +('vision', ('attn', 10, 3)) -> loss=1.8790 (|pool|=28)
  +('text', ('attn', 2, 6)) -> loss=1.8723 (|pool|=29)
  +('vision', ('attn', 9, 6)) -> loss=1.8660 (|pool|=30)
  +('vision', ('attn', 10, 1)) -> loss=1.8599 (|pool|=31)
  +('vision', ('attn', 9, 5)) -> loss=1.8543 (|pool|=32)
  +('text', ('attn', 6, 0)) -> loss=1.8488 (|pool|=33)
  +('text', ('attn', 4, 5)) -> loss=1.8432 (|pool|=34)
  +('text', ('attn', 4, 6)) -> loss=1.8387 (|pool|=35)
  +('text', ('attn', 5, 5)) -> loss=1.8345 (|pool|=36)
  +('vision', ('attn', 10, 7)) -> loss=1.8307 (|pool|=37)
  +('vision', ('attn', 9, 9)) -> loss=1.8266 (|pool|=38)
  +('text', ('mlp', 1, -1)) -> loss=1.8227 (|pool|=39)
  +('vision', ('attn', 8, 8)) -> loss=1.8194 (|pool|=40)
  +('text', ('mlp', 2, -1)) -> loss=1.8164 (|pool|=41)
  +('vision', ('attn', 9, 10)) -> loss=1.8132 (|pool|=42)
  +('text', ('attn', 2, 2)) -> loss=1.8103 (|pool|=43)
  +('text', ('mlp', 0, -1)) -> loss=1.8073 (|pool|=44)
  +('text', ('attn', 0, 1)) -> loss=1.8046 (|pool|=45)
  +('text', ('attn', 5, 2)) -> loss=1.8019 (|pool|=46)
  +('text', ('attn', 0, 3)) -> loss=1.7992 (|pool|=47)
  +('text', ('attn', 0, 5)) -> loss=1.7967 (|pool|=48)
  +('text', ('mlp', 4, -1)) -> loss=1.7943 (|pool|=49)
  +('text', ('attn', 8, 4)) -> loss=1.7921 (|pool|=50)
  +('text', ('mlp', 3, -1)) -> loss=1.7898 (|pool|=51)
  +('text', ('attn', 0, 7)) -> loss=1.7875 (|pool|=52)
  +('vision', ('mlp', 10, -1)) -> loss=1.7855 (|pool|=53)
  +('text', ('attn', 7, 3)) -> loss=1.7834 (|pool|=54)
  +('vision', ('attn', 5, 3)) -> loss=1.7814 (|pool|=55)
  +('vision', ('attn', 5, 11)) -> loss=1.7796 (|pool|=56)
  +('vision', ('attn', 10, 2)) -> loss=1.7779 (|pool|=57)
  +('vision', ('attn', 4, 2)) -> loss=1.7762 (|pool|=58)
  +('vision', ('attn', 7, 1)) -> loss=1.7745 (|pool|=59)
  +('text', ('attn', 1, 6)) -> loss=1.7729 (|pool|=60)
  +('text', ('attn', 6, 3)) -> loss=1.7714 (|pool|=61)
  +('text', ('attn', 8, 5)) -> loss=1.7699 (|pool|=62)
  +('vision', ('attn', 10, 6)) -> loss=1.7686 (|pool|=63)
  +('text', ('attn', 1, 1)) -> loss=1.7672 (|pool|=64)
  +('vision', ('attn', 1, 8)) -> loss=1.7659 (|pool|=65)
  +('vision', ('attn', 9, 7)) -> loss=1.7648 (|pool|=66)
  +('text', ('attn', 3, 5)) -> loss=1.7636 (|pool|=67)
  +('text', ('attn', 6, 5)) -> loss=1.7625 (|pool|=68)
  +('vision', ('attn', 3, 11)) -> loss=1.7614 (|pool|=69)
  +('vision', ('attn', 6, 2)) -> loss=1.7604 (|pool|=70)
  +('text', ('attn', 3, 1)) -> loss=1.7594 (|pool|=71)
  +('vision', ('attn', 7, 4)) -> loss=1.7584 (|pool|=72)
  +('text', ('attn', 0, 0)) -> loss=1.7575 (|pool|=73)
  +('text', ('attn', 4, 7)) -> loss=1.7564 (|pool|=74)
  +('text', ('attn', 3, 4)) -> loss=1.7555 (|pool|=75)
  +('vision', ('attn', 8, 1)) -> loss=1.7546 (|pool|=76)
  +('text', ('attn', 7, 6)) -> loss=1.7538 (|pool|=77)
  +('vision', ('attn', 7, 6)) -> loss=1.7530 (|pool|=78)
  +('vision', ('attn', 3, 2)) -> loss=1.7522 (|pool|=79)
  +('vision', ('attn', 3, 3)) -> loss=1.7514 (|pool|=80)
  +('text', ('attn', 8, 6)) -> loss=1.7506 (|pool|=81)
  +('vision', ('attn', 4, 0)) -> loss=1.7499 (|pool|=82)
  +('text', ('attn', 1, 7)) -> loss=1.7491 (|pool|=83)
  +('vision', ('attn', 7, 2)) -> loss=1.7483 (|pool|=84)
  +('vision', ('attn', 4, 9)) -> loss=1.7477 (|pool|=85)
  +('vision', ('attn', 6, 10)) -> loss=1.7470 (|pool|=86)
  +('vision', ('attn', 4, 6)) -> loss=1.7464 (|pool|=87)
  +('vision', ('attn', 3, 8)) -> loss=1.7455 (|pool|=88)
  +('text', ('attn', 0, 4)) -> loss=1.7449 (|pool|=89)
  +('text', ('attn', 0, 2)) -> loss=1.7443 (|pool|=90)
  +('text', ('attn', 2, 5)) -> loss=1.7437 (|pool|=91)
  +('text', ('attn', 1, 3)) -> loss=1.7432 (|pool|=92)
  +('vision', ('attn', 6, 6)) -> loss=1.7427 (|pool|=93)
  +('text', ('attn', 4, 1)) -> loss=1.7421 (|pool|=94)
  +('vision', ('attn', 0, 3)) -> loss=1.7416 (|pool|=95)
  +('vision', ('attn', 5, 2)) -> loss=1.7411 (|pool|=96)
[ViT-B-16/imagenet] full=66.74  pool(96)=57.08  best prefix(74)=57.34
  seed pair ('vision', ('attn', 11, 7)) + ('text', ('attn', 9, 0))  loss=3.1224
  +('text', ('attn', 9, 1)) -> loss=2.6503 (|pool|=3)
  +('vision', ('attn', 11, 8)) -> loss=2.2513 (|pool|=4)
  +('text', ('attn', 8, 7)) -> loss=1.8341 (|pool|=5)
  +('vision', ('attn', 10, 10)) -> loss=1.4927 (|pool|=6)
  +('text', ('attn', 10, 3)) -> loss=1.2750 (|pool|=7)
  +('vision', ('attn', 11, 6)) -> loss=1.1747 (|pool|=8)
  +('text', ('attn', 9, 7)) -> loss=1.0822 (|pool|=9)
  +('vision', ('attn', 10, 9)) -> loss=1.0075 (|pool|=10)
  +('text', ('attn', 11, 7)) -> loss=0.9471 (|pool|=11)
  +('vision', ('attn', 10, 5)) -> loss=0.8801 (|pool|=12)
  +('text', ('attn', 9, 5)) -> loss=0.8302 (|pool|=13)
  +('text', ('attn', 10, 0)) -> loss=0.7881 (|pool|=14)
  +('vision', ('attn', 11, 10)) -> loss=0.7379 (|pool|=15)
  +('vision', ('attn', 10, 11)) -> loss=0.6979 (|pool|=16)
  +('text', ('attn', 11, 0)) -> loss=0.6613 (|pool|=17)
  +('vision', ('attn', 11, 4)) -> loss=0.5558 (|pool|=18)
  +('text', ('mlp', 9, -1)) -> loss=0.5149 (|pool|=19)
  +('vision', ('attn', 11, 0)) -> loss=0.4767 (|pool|=20)
  +('vision', ('attn', 10, 7)) -> loss=0.4485 (|pool|=21)
  +('text', ('attn', 7, 1)) -> loss=0.4195 (|pool|=22)
  +('text', ('attn', 8, 4)) -> loss=0.4007 (|pool|=23)
  +('vision', ('attn', 10, 1)) -> loss=0.3827 (|pool|=24)
  +('text', ('attn', 5, 0)) -> loss=0.3667 (|pool|=25)
  +('text', ('attn', 7, 3)) -> loss=0.3525 (|pool|=26)
  +('text', ('attn', 7, 7)) -> loss=0.3357 (|pool|=27)
  +('text', ('mlp', 10, -1)) -> loss=0.3213 (|pool|=28)
  +('vision', ('attn', 6, 11)) -> loss=0.3133 (|pool|=29)
  +('vision', ('attn', 9, 4)) -> loss=0.3055 (|pool|=30)
  +('text', ('attn', 10, 7)) -> loss=0.2980 (|pool|=31)
  +('vision', ('attn', 9, 10)) -> loss=0.2890 (|pool|=32)
  +('vision', ('attn', 7, 5)) -> loss=0.2809 (|pool|=33)
  +('vision', ('mlp', 3, -1)) -> loss=0.2748 (|pool|=34)
  +('vision', ('attn', 9, 2)) -> loss=0.2691 (|pool|=35)
  +('vision', ('attn', 8, 10)) -> loss=0.2631 (|pool|=36)
  +('text', ('attn', 0, 0)) -> loss=0.2576 (|pool|=37)
  +('text', ('attn', 3, 5)) -> loss=0.2532 (|pool|=38)
  +('vision', ('attn', 9, 0)) -> loss=0.2489 (|pool|=39)
  +('vision', ('attn', 7, 1)) -> loss=0.2452 (|pool|=40)
  +('text', ('attn', 9, 4)) -> loss=0.2418 (|pool|=41)
  +('vision', ('attn', 9, 8)) -> loss=0.2382 (|pool|=42)
  +('text', ('attn', 4, 2)) -> loss=0.2350 (|pool|=43)
  +('text', ('mlp', 5, -1)) -> loss=0.2309 (|pool|=44)
  +('vision', ('attn', 8, 8)) -> loss=0.2276 (|pool|=45)
  +('vision', ('attn', 5, 7)) -> loss=0.2248 (|pool|=46)
  +('text', ('attn', 4, 3)) -> loss=0.2216 (|pool|=47)
  +('vision', ('attn', 9, 11)) -> loss=0.2191 (|pool|=48)
  +('vision', ('attn', 4, 8)) -> loss=0.2164 (|pool|=49)
  +('vision', ('attn', 7, 2)) -> loss=0.2141 (|pool|=50)
  +('vision', ('mlp', 4, -1)) -> loss=0.2117 (|pool|=51)
  +('text', ('attn', 6, 2)) -> loss=0.2093 (|pool|=52)
  +('vision', ('attn', 6, 2)) -> loss=0.2071 (|pool|=53)
  +('text', ('attn', 10, 2)) -> loss=0.2050 (|pool|=54)
  +('vision', ('attn', 4, 4)) -> loss=0.2028 (|pool|=55)
  +('vision', ('mlp', 1, -1)) -> loss=0.2008 (|pool|=56)
  +('text', ('attn', 2, 6)) -> loss=0.1987 (|pool|=57)
  +('vision', ('attn', 2, 4)) -> loss=0.1969 (|pool|=58)
  +('text', ('attn', 2, 2)) -> loss=0.1952 (|pool|=59)
  +('vision', ('attn', 4, 9)) -> loss=0.1934 (|pool|=60)
  +('vision', ('attn', 1, 10)) -> loss=0.1917 (|pool|=61)
  +('text', ('attn', 8, 2)) -> loss=0.1901 (|pool|=62)
  +('vision', ('attn', 7, 3)) -> loss=0.1880 (|pool|=63)
  +('text', ('attn', 3, 6)) -> loss=0.1865 (|pool|=64)
  +('text', ('attn', 2, 7)) -> loss=0.1853 (|pool|=65)
  +('vision', ('mlp', 2, -1)) -> loss=0.1841 (|pool|=66)
  +('vision', ('attn', 11, 11)) -> loss=0.1819 (|pool|=67)
  +('text', ('mlp', 2, -1)) -> loss=0.1805 (|pool|=68)
  +('vision', ('attn', 3, 5)) -> loss=0.1789 (|pool|=69)
  +('vision', ('attn', 6, 10)) -> loss=0.1776 (|pool|=70)
  +('vision', ('attn', 0, 1)) -> loss=0.1765 (|pool|=71)
  +('vision', ('attn', 1, 9)) -> loss=0.1754 (|pool|=72)
  +('vision', ('attn', 3, 9)) -> loss=0.1744 (|pool|=73)
  +('vision', ('attn', 0, 3)) -> loss=0.1734 (|pool|=74)
  +('vision', ('attn', 2, 7)) -> loss=0.1725 (|pool|=75)
  +('vision', ('attn', 4, 0)) -> loss=0.1716 (|pool|=76)
  +('vision', ('attn', 6, 7)) -> loss=0.1707 (|pool|=77)
  +('vision', ('attn', 8, 11)) -> loss=0.1698 (|pool|=78)
  +('text', ('attn', 2, 1)) -> loss=0.1690 (|pool|=79)
  +('text', ('attn', 0, 1)) -> loss=0.1682 (|pool|=80)
  +('text', ('attn', 4, 7)) -> loss=0.1675 (|pool|=81)
  +('vision', ('attn', 6, 4)) -> loss=0.1668 (|pool|=82)
  +('vision', ('attn', 10, 8)) -> loss=0.1661 (|pool|=83)
  +('vision', ('attn', 9, 3)) -> loss=0.1655 (|pool|=84)
  +('text', ('attn', 5, 7)) -> loss=0.1650 (|pool|=85)
  +('vision', ('attn', 8, 4)) -> loss=0.1641 (|pool|=86)
  +('vision', ('attn', 1, 8)) -> loss=0.1635 (|pool|=87)
  +('vision', ('attn', 0, 2)) -> loss=0.1629 (|pool|=88)
  +('vision', ('attn', 4, 7)) -> loss=0.1624 (|pool|=89)
  +('vision', ('attn', 1, 11)) -> loss=0.1620 (|pool|=90)
  +('vision', ('attn', 7, 6)) -> loss=0.1615 (|pool|=91)
  +('vision', ('attn', 7, 4)) -> loss=0.1611 (|pool|=92)
  +('vision', ('attn', 3, 10)) -> loss=0.1606 (|pool|=93)
  +('vision', ('attn', 1, 3)) -> loss=0.1603 (|pool|=94)
  +('vision', ('attn', 8, 1)) -> loss=0.1599 (|pool|=95)
  +('text', ('attn', 0, 2)) -> loss=0.1595 (|pool|=96)
   model    n      method size   R@1_i2t   R@5_i2t  R@10_i2t  medr_i2t  meanr_i2t   R@1_t2i   R@5_t2i  R@10_t2i  medr_t2i  meanr_t2i       rsum
ViT-B-16  500 greedy pool   96 58.399999 88.800001 98.000002       1.0   2.512000 55.000001 88.599998 97.000003       1.0   2.850000 485.800004
ViT-B-16  500  full model  all 70.400000 93.199998 99.000001       1.0   1.952000 67.400002 94.000000 98.799998       1.0   2.036000 522.799999
ViT-B-16 1000 greedy pool   96 47.200000 76.400000 89.499998       2.0   5.345000 43.200001 75.199997 87.500000       2.0   6.173000 418.999997
ViT-B-16 1000  full model  all 61.400002 88.099998 94.800001       1.0   3.003000 59.500003 86.199999 92.900002       1.0   3.634000 482.900006
ViT-B-16 2500 greedy pool   96 36.039999 63.520002 75.279999       3.0  12.932800 33.360001 60.720003 72.520000       3.0  16.962800 341.440004
ViT-B-16 2500  full model  all 50.360000 77.880001 86.440003       1.0   6.171600 48.480001 74.959999 85.000002       2.0   9.080000 423.120007
ViT-B-16 5000 greedy pool   96 28.040001 53.039998 65.439999       5.0  24.313801 25.740001 49.579999 61.760002       6.0  31.474199 283.600000
ViT-B-16 5000  full model  all 42.879999 69.480002 79.159999       2.0  11.595000 42.100000 67.019999 76.499999       2.0  18.263599 377.139997
[ViT-B-16] wrote greedy_pool_{eval,trace,pool}
[ViT-L-14/fairface] 7 classes, calibration 7 pairs, 3500 images total
  seed pair ('vision', ('attn', 23, 6)) + ('text', ('attn', 10, 7))  loss=1.5891
  +('vision', ('attn', 22, 10)) -> loss=1.4667 (|pool|=3)
  +('text', ('mlp', 9, -1)) -> loss=1.4036 (|pool|=4)
  +('vision', ('mlp', 23, -1)) -> loss=1.2978 (|pool|=5)
  +('vision', ('attn', 23, 2)) -> loss=1.2386 (|pool|=6)
  +('vision', ('attn', 21, 0)) -> loss=1.1968 (|pool|=7)
  +('text', ('attn', 4, 6)) -> loss=1.1610 (|pool|=8)
  +('vision', ('mlp', 9, -1)) -> loss=1.1311 (|pool|=9)
  +('text', ('attn', 7, 0)) -> loss=1.1040 (|pool|=10)
  +('text', ('attn', 11, 10)) -> loss=1.0732 (|pool|=11)
  +('text', ('attn', 10, 5)) -> loss=1.0478 (|pool|=12)
  +('text', ('attn', 7, 9)) -> loss=1.0224 (|pool|=13)
  +('vision', ('mlp', 19, -1)) -> loss=0.9997 (|pool|=14)
  +('vision', ('attn', 20, 13)) -> loss=0.9765 (|pool|=15)
  +('text', ('attn', 0, 8)) -> loss=0.9571 (|pool|=16)
  +('text', ('attn', 10, 4)) -> loss=0.9382 (|pool|=17)
  +('text', ('attn', 11, 7)) -> loss=0.9181 (|pool|=18)
  +('vision', ('attn', 22, 4)) -> loss=0.9005 (|pool|=19)
  +('vision', ('attn', 7, 7)) -> loss=0.8841 (|pool|=20)
  +('text', ('mlp', 6, -1)) -> loss=0.8689 (|pool|=21)
  +('vision', ('mlp', 12, -1)) -> loss=0.8490 (|pool|=22)
  +('text', ('attn', 6, 2)) -> loss=0.8310 (|pool|=23)
  +('vision', ('attn', 7, 12)) -> loss=0.8151 (|pool|=24)
  +('text', ('attn', 0, 5)) -> loss=0.7995 (|pool|=25)
  +('vision', ('attn', 23, 4)) -> loss=0.7861 (|pool|=26)
  +('vision', ('mlp', 8, -1)) -> loss=0.7714 (|pool|=27)
  +('vision', ('attn', 22, 0)) -> loss=0.7569 (|pool|=28)
  +('text', ('attn', 4, 2)) -> loss=0.7432 (|pool|=29)
  +('text', ('attn', 0, 10)) -> loss=0.7293 (|pool|=30)
  +('text', ('attn', 3, 5)) -> loss=0.7163 (|pool|=31)
  +('text', ('attn', 0, 7)) -> loss=0.7036 (|pool|=32)
  +('vision', ('attn', 22, 13)) -> loss=0.6894 (|pool|=33)
  +('vision', ('attn', 6, 12)) -> loss=0.6780 (|pool|=34)
  +('text', ('attn', 5, 5)) -> loss=0.6671 (|pool|=35)
  +('text', ('attn', 9, 11)) -> loss=0.6566 (|pool|=36)
  +('vision', ('attn', 22, 5)) -> loss=0.6464 (|pool|=37)
  +('vision', ('attn', 4, 2)) -> loss=0.6371 (|pool|=38)
  +('vision', ('attn', 13, 13)) -> loss=0.6283 (|pool|=39)
  +('vision', ('attn', 21, 2)) -> loss=0.6200 (|pool|=40)
  +('vision', ('attn', 23, 3)) -> loss=0.6122 (|pool|=41)
  +('vision', ('attn', 17, 2)) -> loss=0.6048 (|pool|=42)
  +('vision', ('attn', 22, 3)) -> loss=0.5976 (|pool|=43)
  +('text', ('attn', 3, 8)) -> loss=0.5902 (|pool|=44)
  +('vision', ('attn', 19, 3)) -> loss=0.5834 (|pool|=45)
  +('vision', ('attn', 6, 4)) -> loss=0.5771 (|pool|=46)
  +('vision', ('attn', 21, 1)) -> loss=0.5709 (|pool|=47)
  +('text', ('attn', 2, 6)) -> loss=0.5644 (|pool|=48)
  +('text', ('attn', 6, 6)) -> loss=0.5585 (|pool|=49)
  +('vision', ('attn', 22, 12)) -> loss=0.5524 (|pool|=50)
  +('text', ('attn', 5, 3)) -> loss=0.5464 (|pool|=51)
  +('vision', ('mlp', 13, -1)) -> loss=0.5370 (|pool|=52)
  +('vision', ('attn', 23, 7)) -> loss=0.5287 (|pool|=53)
  +('vision', ('attn', 22, 15)) -> loss=0.5207 (|pool|=54)
  +('text', ('attn', 4, 4)) -> loss=0.5146 (|pool|=55)
  +('vision', ('attn', 13, 4)) -> loss=0.5088 (|pool|=56)
  +('vision', ('attn', 23, 9)) -> loss=0.5037 (|pool|=57)
  +('vision', ('attn', 20, 14)) -> loss=0.4988 (|pool|=58)
  +('vision', ('attn', 22, 8)) -> loss=0.4942 (|pool|=59)
  +('text', ('attn', 8, 10)) -> loss=0.4897 (|pool|=60)
  +('vision', ('attn', 20, 4)) -> loss=0.4854 (|pool|=61)
  +('vision', ('attn', 12, 6)) -> loss=0.4814 (|pool|=62)
  +('text', ('attn', 5, 9)) -> loss=0.4774 (|pool|=63)
  +('vision', ('attn', 20, 1)) -> loss=0.4736 (|pool|=64)
  +('text', ('attn', 2, 4)) -> loss=0.4698 (|pool|=65)
  +('text', ('attn', 10, 3)) -> loss=0.4660 (|pool|=66)
  +('vision', ('attn', 22, 7)) -> loss=0.4619 (|pool|=67)
  +('text', ('attn', 5, 1)) -> loss=0.4575 (|pool|=68)
  +('vision', ('attn', 20, 7)) -> loss=0.4531 (|pool|=69)
  +('vision', ('attn', 9, 1)) -> loss=0.4490 (|pool|=70)
  +('text', ('attn', 9, 3)) -> loss=0.4450 (|pool|=71)
  +('vision', ('attn', 10, 9)) -> loss=0.4415 (|pool|=72)
  +('vision', ('attn', 11, 1)) -> loss=0.4380 (|pool|=73)
  +('vision', ('attn', 7, 6)) -> loss=0.4346 (|pool|=74)
  +('vision', ('attn', 13, 11)) -> loss=0.4314 (|pool|=75)
  +('vision', ('attn', 21, 9)) -> loss=0.4281 (|pool|=76)
  +('text', ('attn', 9, 2)) -> loss=0.4249 (|pool|=77)
  +('vision', ('mlp', 7, -1)) -> loss=0.4213 (|pool|=78)
  +('vision', ('attn', 11, 11)) -> loss=0.4179 (|pool|=79)
  +('vision', ('attn', 23, 1)) -> loss=0.4146 (|pool|=80)
  +('text', ('attn', 0, 0)) -> loss=0.4090 (|pool|=81)
  +('vision', ('attn', 18, 3)) -> loss=0.4043 (|pool|=82)
  +('vision', ('attn', 19, 5)) -> loss=0.4004 (|pool|=83)
  +('text', ('attn', 5, 0)) -> loss=0.3968 (|pool|=84)
  +('text', ('attn', 0, 6)) -> loss=0.3925 (|pool|=85)
  +('vision', ('mlp', 20, -1)) -> loss=0.3887 (|pool|=86)
  +('vision', ('attn', 13, 2)) -> loss=0.3853 (|pool|=87)
  +('text', ('mlp', 7, -1)) -> loss=0.3812 (|pool|=88)
  +('text', ('attn', 6, 3)) -> loss=0.3766 (|pool|=89)
  +('vision', ('attn', 9, 2)) -> loss=0.3726 (|pool|=90)
  +('text', ('attn', 8, 8)) -> loss=0.3688 (|pool|=91)
  +('vision', ('attn', 19, 10)) -> loss=0.3654 (|pool|=92)
  +('vision', ('attn', 10, 1)) -> loss=0.3621 (|pool|=93)
  +('vision', ('mlp', 1, -1)) -> loss=0.3591 (|pool|=94)
  +('vision', ('attn', 15, 13)) -> loss=0.3560 (|pool|=95)
  +('vision', ('attn', 22, 9)) -> loss=0.3529 (|pool|=96)
[ViT-L-14/fairface] full=57.63  pool(96)=56.37  best prefix(7)=63.60
[ViT-L-14/fairface] 7 classes, calibration 7 pairs, 3500 images total
  seed pair ('vision', ('attn', 23, 6)) + ('text', ('attn', 10, 7))  loss=1.4805
  +('vision', ('attn', 22, 13)) -> loss=1.3863 (|pool|=3)
  +('text', ('attn', 10, 10)) -> loss=1.2865 (|pool|=4)
  +('vision', ('attn', 22, 10)) -> loss=1.2148 (|pool|=5)
  +('text', ('attn', 10, 9)) -> loss=1.1546 (|pool|=6)
  +('vision', ('mlp', 19, -1)) -> loss=1.0958 (|pool|=7)
  +('text', ('mlp', 9, -1)) -> loss=1.0385 (|pool|=8)
  +('vision', ('attn', 23, 10)) -> loss=0.9934 (|pool|=9)
  +('vision', ('attn', 21, 14)) -> loss=0.9559 (|pool|=10)
  +('vision', ('mlp', 20, -1)) -> loss=0.9228 (|pool|=11)
  +('text', ('mlp', 8, -1)) -> loss=0.8868 (|pool|=12)
  +('vision', ('attn', 23, 12)) -> loss=0.8529 (|pool|=13)
  +('vision', ('mlp', 23, -1)) -> loss=0.7853 (|pool|=14)
  +('text', ('mlp', 5, -1)) -> loss=0.7456 (|pool|=15)
  +('vision', ('attn', 20, 10)) -> loss=0.7188 (|pool|=16)
  +('vision', ('attn', 11, 1)) -> loss=0.6988 (|pool|=17)
  +('text', ('attn', 11, 5)) -> loss=0.6812 (|pool|=18)
  +('text', ('attn', 7, 0)) -> loss=0.6603 (|pool|=19)
  +('vision', ('attn', 23, 1)) -> loss=0.6382 (|pool|=20)
  +('vision', ('attn', 10, 13)) -> loss=0.6216 (|pool|=21)
  +('vision', ('attn', 17, 9)) -> loss=0.6054 (|pool|=22)
  +('vision', ('attn', 6, 15)) -> loss=0.5904 (|pool|=23)
  +('vision', ('attn', 22, 7)) -> loss=0.5761 (|pool|=24)
  +('text', ('attn', 0, 3)) -> loss=0.5640 (|pool|=25)
  +('text', ('attn', 2, 6)) -> loss=0.5528 (|pool|=26)
  +('vision', ('attn', 20, 0)) -> loss=0.5418 (|pool|=27)
  +('text', ('attn', 10, 3)) -> loss=0.5317 (|pool|=28)
  +('vision', ('attn', 21, 9)) -> loss=0.5200 (|pool|=29)
  +('text', ('mlp', 4, -1)) -> loss=0.5090 (|pool|=30)
  +('text', ('attn', 11, 8)) -> loss=0.4956 (|pool|=31)
  +('vision', ('attn', 18, 14)) -> loss=0.4838 (|pool|=32)
  +('vision', ('attn', 20, 13)) -> loss=0.4729 (|pool|=33)
  +('text', ('attn', 8, 11)) -> loss=0.4630 (|pool|=34)
  +('vision', ('attn', 3, 3)) -> loss=0.4534 (|pool|=35)
  +('vision', ('attn', 9, 1)) -> loss=0.4442 (|pool|=36)
  +('vision', ('attn', 7, 0)) -> loss=0.4360 (|pool|=37)
  +('text', ('attn', 10, 4)) -> loss=0.4282 (|pool|=38)
  +('text', ('attn', 9, 2)) -> loss=0.4206 (|pool|=39)
  +('vision', ('attn', 19, 5)) -> loss=0.4132 (|pool|=40)
  +('vision', ('attn', 21, 5)) -> loss=0.4063 (|pool|=41)
  +('vision', ('attn', 17, 10)) -> loss=0.3997 (|pool|=42)
  +('text', ('attn', 4, 6)) -> loss=0.3929 (|pool|=43)
  +('vision', ('attn', 23, 14)) -> loss=0.3839 (|pool|=44)
  +('vision', ('attn', 22, 8)) -> loss=0.3771 (|pool|=45)
  +('vision', ('mlp', 11, -1)) -> loss=0.3710 (|pool|=46)
  +('vision', ('mlp', 17, -1)) -> loss=0.3636 (|pool|=47)
  +('text', ('attn', 0, 10)) -> loss=0.3563 (|pool|=48)
  +('vision', ('attn', 17, 1)) -> loss=0.3494 (|pool|=49)
  +('vision', ('attn', 18, 6)) -> loss=0.3434 (|pool|=50)
  +('text', ('attn', 6, 2)) -> loss=0.3375 (|pool|=51)
  +('vision', ('attn', 19, 0)) -> loss=0.3314 (|pool|=52)
  +('vision', ('attn', 12, 6)) -> loss=0.3257 (|pool|=53)
  +('vision', ('attn', 22, 14)) -> loss=0.3207 (|pool|=54)
  +('vision', ('attn', 10, 1)) -> loss=0.3155 (|pool|=55)
  +('vision', ('attn', 16, 4)) -> loss=0.3110 (|pool|=56)
  +('vision', ('attn', 18, 4)) -> loss=0.3063 (|pool|=57)
  +('vision', ('attn', 9, 15)) -> loss=0.3023 (|pool|=58)
  +('text', ('attn', 0, 6)) -> loss=0.2986 (|pool|=59)
  +('text', ('attn', 5, 9)) -> loss=0.2951 (|pool|=60)
  +('vision', ('attn', 7, 12)) -> loss=0.2917 (|pool|=61)
  +('vision', ('attn', 3, 6)) -> loss=0.2880 (|pool|=62)
  +('text', ('attn', 7, 5)) -> loss=0.2846 (|pool|=63)
  +('vision', ('attn', 12, 0)) -> loss=0.2814 (|pool|=64)
  +('vision', ('attn', 17, 7)) -> loss=0.2783 (|pool|=65)
  +('vision', ('attn', 16, 10)) -> loss=0.2751 (|pool|=66)
  +('vision', ('attn', 14, 7)) -> loss=0.2722 (|pool|=67)
  +('vision', ('attn', 16, 3)) -> loss=0.2695 (|pool|=68)
  +('vision', ('attn', 23, 11)) -> loss=0.2667 (|pool|=69)
  +('text', ('attn', 3, 7)) -> loss=0.2634 (|pool|=70)
  +('vision', ('attn', 9, 6)) -> loss=0.2610 (|pool|=71)
  +('vision', ('attn', 5, 4)) -> loss=0.2587 (|pool|=72)
  +('vision', ('attn', 21, 8)) -> loss=0.2563 (|pool|=73)
  +('vision', ('attn', 1, 15)) -> loss=0.2541 (|pool|=74)
  +('vision', ('attn', 12, 10)) -> loss=0.2519 (|pool|=75)
  +('vision', ('attn', 10, 2)) -> loss=0.2496 (|pool|=76)
  +('vision', ('attn', 9, 5)) -> loss=0.2474 (|pool|=77)
  +('text', ('attn', 6, 6)) -> loss=0.2453 (|pool|=78)
  +('vision', ('attn', 9, 9)) -> loss=0.2432 (|pool|=79)
  +('text', ('attn', 11, 6)) -> loss=0.2412 (|pool|=80)
  +('vision', ('mlp', 16, -1)) -> loss=0.2382 (|pool|=81)
  +('vision', ('mlp', 9, -1)) -> loss=0.2331 (|pool|=82)
  +('vision', ('attn', 21, 0)) -> loss=0.2302 (|pool|=83)
  +('text', ('attn', 11, 7)) -> loss=0.2269 (|pool|=84)
  +('text', ('attn', 1, 11)) -> loss=0.2241 (|pool|=85)
  +('vision', ('attn', 18, 2)) -> loss=0.2219 (|pool|=86)
  +('vision', ('attn', 9, 3)) -> loss=0.2199 (|pool|=87)
  +('vision', ('attn', 13, 3)) -> loss=0.2180 (|pool|=88)
  +('text', ('attn', 8, 4)) -> loss=0.2162 (|pool|=89)
  +('vision', ('attn', 17, 8)) -> loss=0.2144 (|pool|=90)
  +('vision', ('mlp', 8, -1)) -> loss=0.2121 (|pool|=91)
  +('text', ('attn', 7, 1)) -> loss=0.2103 (|pool|=92)
  +('vision', ('attn', 19, 7)) -> loss=0.2084 (|pool|=93)
  +('vision', ('attn', 10, 5)) -> loss=0.2067 (|pool|=94)
  +('vision', ('attn', 15, 9)) -> loss=0.2050 (|pool|=95)
  +('text', ('attn', 1, 5)) -> loss=0.2034 (|pool|=96)
[ViT-L-14/fairface] full=57.63  pool(96)=63.86  best prefix(96)=63.86
[ViT-L-14/fairface] 7 classes, calibration 7 pairs, 3500 images total
  seed pair ('vision', ('attn', 23, 6)) + ('text', ('attn', 10, 7))  loss=1.2916
  +('vision', ('attn', 22, 13)) -> loss=1.1817 (|pool|=3)
  +('text', ('attn', 10, 9)) -> loss=1.0915 (|pool|=4)
  +('vision', ('attn', 23, 2)) -> loss=0.9136 (|pool|=5)
  +('text', ('attn', 11, 5)) -> loss=0.7780 (|pool|=6)
  +('vision', ('attn', 21, 0)) -> loss=0.6917 (|pool|=7)
  +('vision', ('attn', 22, 10)) -> loss=0.6360 (|pool|=8)
  +('text', ('mlp', 4, -1)) -> loss=0.5854 (|pool|=9)
  +('text', ('mlp', 9, -1)) -> loss=0.5504 (|pool|=10)
  +('vision', ('attn', 21, 14)) -> loss=0.5248 (|pool|=11)
  +('text', ('attn', 11, 10)) -> loss=0.4994 (|pool|=12)
  +('vision', ('attn', 22, 0)) -> loss=0.4775 (|pool|=13)
  +('text', ('attn', 9, 3)) -> loss=0.4572 (|pool|=14)
  +('vision', ('attn', 23, 8)) -> loss=0.4391 (|pool|=15)
  +('vision', ('attn', 17, 15)) -> loss=0.4243 (|pool|=16)
  +('vision', ('attn', 22, 6)) -> loss=0.4095 (|pool|=17)
  +('vision', ('attn', 19, 13)) -> loss=0.3968 (|pool|=18)
  +('text', ('attn', 11, 4)) -> loss=0.3845 (|pool|=19)
  +('text', ('attn', 1, 5)) -> loss=0.3734 (|pool|=20)
  +('text', ('attn', 0, 10)) -> loss=0.3626 (|pool|=21)
  +('vision', ('mlp', 13, -1)) -> loss=0.3520 (|pool|=22)
  +('text', ('attn', 10, 4)) -> loss=0.3413 (|pool|=23)
  +('vision', ('attn', 19, 2)) -> loss=0.3324 (|pool|=24)
  +('text', ('attn', 2, 6)) -> loss=0.3235 (|pool|=25)
  +('vision', ('attn', 20, 9)) -> loss=0.3155 (|pool|=26)
  +('vision', ('attn', 23, 5)) -> loss=0.3076 (|pool|=27)
  +('text', ('attn', 3, 7)) -> loss=0.3000 (|pool|=28)
  +('vision', ('attn', 19, 11)) -> loss=0.2925 (|pool|=29)
  +('vision', ('mlp', 0, -1)) -> loss=0.2853 (|pool|=30)
  +('vision', ('attn', 13, 13)) -> loss=0.2790 (|pool|=31)
  +('text', ('attn', 8, 7)) -> loss=0.2731 (|pool|=32)
  +('vision', ('attn', 7, 7)) -> loss=0.2673 (|pool|=33)
  +('text', ('attn', 0, 9)) -> loss=0.2617 (|pool|=34)
  +('vision', ('attn', 23, 9)) -> loss=0.2564 (|pool|=35)
  +('text', ('attn', 10, 3)) -> loss=0.2508 (|pool|=36)
  +('text', ('attn', 4, 6)) -> loss=0.2457 (|pool|=37)
  +('text', ('mlp', 5, -1)) -> loss=0.2394 (|pool|=38)
  +('vision', ('attn', 23, 12)) -> loss=0.2308 (|pool|=39)
  +('text', ('attn', 0, 0)) -> loss=0.2257 (|pool|=40)
  +('vision', ('mlp', 17, -1)) -> loss=0.2203 (|pool|=41)
  +('vision', ('attn', 20, 7)) -> loss=0.2154 (|pool|=42)
  +('text', ('attn', 0, 11)) -> loss=0.2105 (|pool|=43)
  +('vision', ('attn', 18, 4)) -> loss=0.2058 (|pool|=44)
  +('text', ('attn', 0, 3)) -> loss=0.2012 (|pool|=45)
  +('vision', ('attn', 21, 2)) -> loss=0.1969 (|pool|=46)
  +('vision', ('attn', 0, 12)) -> loss=0.1928 (|pool|=47)
  +('vision', ('attn', 11, 11)) -> loss=0.1890 (|pool|=48)
  +('vision', ('attn', 14, 7)) -> loss=0.1855 (|pool|=49)
  +('text', ('attn', 9, 2)) -> loss=0.1815 (|pool|=50)
  +('text', ('attn', 7, 9)) -> loss=0.1772 (|pool|=51)
  +('text', ('attn', 0, 7)) -> loss=0.1737 (|pool|=52)
  +('vision', ('attn', 21, 5)) -> loss=0.1704 (|pool|=53)
  +('text', ('attn', 9, 10)) -> loss=0.1672 (|pool|=54)
  +('vision', ('attn', 22, 14)) -> loss=0.1641 (|pool|=55)
  +('vision', ('attn', 13, 15)) -> loss=0.1611 (|pool|=56)
  +('text', ('attn', 8, 5)) -> loss=0.1583 (|pool|=57)
  +('vision', ('attn', 4, 8)) -> loss=0.1556 (|pool|=58)
  +('vision', ('attn', 7, 3)) -> loss=0.1530 (|pool|=59)
  +('vision', ('attn', 16, 13)) -> loss=0.1506 (|pool|=60)
  +('text', ('attn', 11, 9)) -> loss=0.1484 (|pool|=61)
  +('vision', ('attn', 21, 1)) -> loss=0.1458 (|pool|=62)
  +('vision', ('attn', 16, 10)) -> loss=0.1436 (|pool|=63)
  +('vision', ('attn', 7, 4)) -> loss=0.1415 (|pool|=64)
  +('text', ('attn', 5, 3)) -> loss=0.1394 (|pool|=65)
  +('text', ('attn', 4, 2)) -> loss=0.1372 (|pool|=66)
  +('text', ('attn', 7, 1)) -> loss=0.1352 (|pool|=67)
  +('vision', ('attn', 22, 4)) -> loss=0.1329 (|pool|=68)
  +('vision', ('attn', 18, 14)) -> loss=0.1313 (|pool|=69)
  +('text', ('attn', 5, 7)) -> loss=0.1296 (|pool|=70)
  +('text', ('attn', 10, 8)) -> loss=0.1280 (|pool|=71)
  +('vision', ('attn', 15, 7)) -> loss=0.1263 (|pool|=72)
  +('vision', ('attn', 8, 13)) -> loss=0.1247 (|pool|=73)
  +('vision', ('attn', 18, 10)) -> loss=0.1230 (|pool|=74)
  +('text', ('attn', 4, 4)) -> loss=0.1215 (|pool|=75)
  +('vision', ('attn', 0, 6)) -> loss=0.1201 (|pool|=76)
  +('vision', ('attn', 20, 11)) -> loss=0.1186 (|pool|=77)
  +('vision', ('attn', 22, 8)) -> loss=0.1171 (|pool|=78)
  +('vision', ('attn', 10, 6)) -> loss=0.1157 (|pool|=79)
  +('text', ('attn', 1, 10)) -> loss=0.1143 (|pool|=80)
  +('vision', ('attn', 17, 10)) -> loss=0.1130 (|pool|=81)
  +('vision', ('attn', 21, 6)) -> loss=0.1116 (|pool|=82)
  +('vision', ('attn', 9, 0)) -> loss=0.1104 (|pool|=83)
  +('text', ('attn', 8, 4)) -> loss=0.1093 (|pool|=84)
  +('vision', ('mlp', 15, -1)) -> loss=0.1081 (|pool|=85)
  +('text', ('attn', 11, 11)) -> loss=0.1069 (|pool|=86)
  +('vision', ('attn', 21, 8)) -> loss=0.1056 (|pool|=87)
  +('text', ('attn', 7, 2)) -> loss=0.1044 (|pool|=88)
  +('text', ('attn', 2, 4)) -> loss=0.1033 (|pool|=89)
  +('vision', ('mlp', 2, -1)) -> loss=0.1022 (|pool|=90)
  +('vision', ('attn', 7, 6)) -> loss=0.1012 (|pool|=91)
  +('vision', ('attn', 19, 15)) -> loss=0.1002 (|pool|=92)
  +('vision', ('attn', 17, 5)) -> loss=0.0992 (|pool|=93)
  +('vision', ('attn', 17, 13)) -> loss=0.0982 (|pool|=94)
  +('vision', ('mlp', 8, -1)) -> loss=0.0973 (|pool|=95)
  +('vision', ('attn', 10, 13)) -> loss=0.0963 (|pool|=96)
[ViT-L-14/fairface] full=57.63  pool(96)=60.29  best prefix(38)=62.69
[ViT-L-14/CIFAR100] 100 classes, calibration 100 pairs, 2000 images total
  seed pair ('vision', ('attn', 22, 6)) + ('text', ('attn', 10, 4))  loss=3.9928
  +('vision', ('attn', 23, 9)) -> loss=3.6671 (|pool|=3)
  +('text', ('attn', 9, 11)) -> loss=3.3460 (|pool|=4)
  +('vision', ('attn', 23, 2)) -> loss=2.8890 (|pool|=5)
  +('text', ('attn', 11, 4)) -> loss=2.7128 (|pool|=6)
  +('vision', ('attn', 22, 1)) -> loss=2.5597 (|pool|=7)
  +('vision', ('attn', 23, 14)) -> loss=2.4411 (|pool|=8)
  +('text', ('attn', 10, 0)) -> loss=2.3524 (|pool|=9)
  +('vision', ('attn', 23, 1)) -> loss=2.2638 (|pool|=10)
  +('text', ('attn', 10, 6)) -> loss=2.1440 (|pool|=11)
  +('vision', ('attn', 23, 7)) -> loss=1.8742 (|pool|=12)
  +('text', ('attn', 11, 0)) -> loss=1.7603 (|pool|=13)
  +('vision', ('attn', 22, 3)) -> loss=1.6863 (|pool|=14)
  +('text', ('attn', 10, 9)) -> loss=1.6192 (|pool|=15)
  +('vision', ('attn', 23, 5)) -> loss=1.5575 (|pool|=16)
  +('text', ('mlp', 8, -1)) -> loss=1.4998 (|pool|=17)
  +('text', ('attn', 5, 1)) -> loss=1.4441 (|pool|=18)
  +('text', ('attn', 8, 10)) -> loss=1.3908 (|pool|=19)
  +('vision', ('attn', 22, 2)) -> loss=1.3402 (|pool|=20)
  +('text', ('attn', 11, 5)) -> loss=1.2924 (|pool|=21)
  +('vision', ('attn', 23, 4)) -> loss=1.2297 (|pool|=22)
  +('text', ('attn', 11, 6)) -> loss=1.1851 (|pool|=23)
  +('text', ('attn', 9, 8)) -> loss=1.1530 (|pool|=24)
  +('text', ('attn', 3, 0)) -> loss=1.1225 (|pool|=25)
  +('vision', ('attn', 21, 5)) -> loss=1.0915 (|pool|=26)
  +('vision', ('attn', 21, 6)) -> loss=1.0640 (|pool|=27)
  +('text', ('attn', 8, 1)) -> loss=1.0376 (|pool|=28)
  +('vision', ('attn', 23, 0)) -> loss=1.0134 (|pool|=29)
  +('vision', ('attn', 17, 3)) -> loss=0.9918 (|pool|=30)
  +('vision', ('attn', 22, 4)) -> loss=0.9722 (|pool|=31)
  +('text', ('attn', 4, 6)) -> loss=0.9531 (|pool|=32)
  +('text', ('attn', 8, 7)) -> loss=0.9370 (|pool|=33)
  +('vision', ('attn', 23, 8)) -> loss=0.9013 (|pool|=34)
  +('text', ('attn', 9, 10)) -> loss=0.8835 (|pool|=35)
  +('vision', ('attn', 22, 10)) -> loss=0.8617 (|pool|=36)
  +('text', ('attn', 10, 3)) -> loss=0.8459 (|pool|=37)
  +('text', ('attn', 2, 1)) -> loss=0.8328 (|pool|=38)
  +('vision', ('attn', 22, 12)) -> loss=0.8208 (|pool|=39)
  +('vision', ('attn', 22, 11)) -> loss=0.8098 (|pool|=40)
  +('vision', ('attn', 21, 2)) -> loss=0.7990 (|pool|=41)
  +('text', ('attn', 11, 10)) -> loss=0.7890 (|pool|=42)
  +('text', ('mlp', 10, -1)) -> loss=0.7783 (|pool|=43)
  +('text', ('attn', 11, 9)) -> loss=0.7632 (|pool|=44)
  +('vision', ('attn', 20, 10)) -> loss=0.7531 (|pool|=45)
  +('vision', ('attn', 16, 7)) -> loss=0.7446 (|pool|=46)
  +('vision', ('attn', 23, 12)) -> loss=0.7361 (|pool|=47)
  +('text', ('attn', 9, 1)) -> loss=0.7281 (|pool|=48)
  +('vision', ('attn', 16, 10)) -> loss=0.7203 (|pool|=49)
  +('text', ('attn', 9, 4)) -> loss=0.7133 (|pool|=50)
  +('text', ('attn', 0, 1)) -> loss=0.7060 (|pool|=51)
  +('text', ('attn', 7, 9)) -> loss=0.6990 (|pool|=52)
  +('vision', ('attn', 21, 4)) -> loss=0.6918 (|pool|=53)
  +('text', ('attn', 1, 5)) -> loss=0.6849 (|pool|=54)
  +('text', ('attn', 2, 4)) -> loss=0.6785 (|pool|=55)
  +('text', ('attn', 0, 0)) -> loss=0.6731 (|pool|=56)
  +('vision', ('attn', 17, 5)) -> loss=0.6680 (|pool|=57)
  +('text', ('attn', 9, 3)) -> loss=0.6629 (|pool|=58)
  +('text', ('attn', 8, 5)) -> loss=0.6579 (|pool|=59)
  +('vision', ('attn', 22, 0)) -> loss=0.6534 (|pool|=60)
  +('text', ('attn', 0, 10)) -> loss=0.6484 (|pool|=61)
  +('vision', ('mlp', 6, -1)) -> loss=0.6437 (|pool|=62)
  +('vision', ('mlp', 5, -1)) -> loss=0.6393 (|pool|=63)
  +('text', ('attn', 7, 0)) -> loss=0.6349 (|pool|=64)
  +('vision', ('attn', 15, 8)) -> loss=0.6308 (|pool|=65)
  +('text', ('attn', 0, 4)) -> loss=0.6270 (|pool|=66)
  +('vision', ('attn', 15, 11)) -> loss=0.6235 (|pool|=67)
  +('vision', ('attn', 18, 1)) -> loss=0.6201 (|pool|=68)
  +('vision', ('attn', 7, 7)) -> loss=0.6167 (|pool|=69)
  +('vision', ('mlp', 8, -1)) -> loss=0.6134 (|pool|=70)
  +('vision', ('attn', 8, 10)) -> loss=0.6108 (|pool|=71)
  +('vision', ('attn', 17, 15)) -> loss=0.6081 (|pool|=72)
  +('vision', ('attn', 7, 0)) -> loss=0.6055 (|pool|=73)
  +('vision', ('attn', 19, 0)) -> loss=0.6029 (|pool|=74)
  +('text', ('attn', 3, 10)) -> loss=0.6005 (|pool|=75)
  +('vision', ('attn', 10, 11)) -> loss=0.5980 (|pool|=76)
  +('vision', ('attn', 21, 12)) -> loss=0.5957 (|pool|=77)
  +('text', ('attn', 5, 0)) -> loss=0.5934 (|pool|=78)
  +('text', ('attn', 4, 2)) -> loss=0.5908 (|pool|=79)
  +('text', ('attn', 9, 7)) -> loss=0.5884 (|pool|=80)
  +('text', ('attn', 11, 2)) -> loss=0.5859 (|pool|=81)
  +('vision', ('attn', 13, 15)) -> loss=0.5835 (|pool|=82)
  +('vision', ('attn', 12, 9)) -> loss=0.5812 (|pool|=83)
  +('vision', ('attn', 17, 6)) -> loss=0.5790 (|pool|=84)
  +('vision', ('attn', 22, 8)) -> loss=0.5768 (|pool|=85)
  +('text', ('attn', 6, 7)) -> loss=0.5745 (|pool|=86)
  +('vision', ('mlp', 2, -1)) -> loss=0.5721 (|pool|=87)
  +('vision', ('attn', 16, 3)) -> loss=0.5700 (|pool|=88)
  +('vision', ('attn', 4, 8)) -> loss=0.5678 (|pool|=89)
  +('vision', ('attn', 17, 11)) -> loss=0.5658 (|pool|=90)
  +('vision', ('attn', 20, 5)) -> loss=0.5638 (|pool|=91)
  +('text', ('attn', 1, 10)) -> loss=0.5618 (|pool|=92)
  +('text', ('attn', 8, 0)) -> loss=0.5598 (|pool|=93)
  +('vision', ('mlp', 9, -1)) -> loss=0.5578 (|pool|=94)
  +('vision', ('attn', 5, 7)) -> loss=0.5556 (|pool|=95)
  +('vision', ('attn', 20, 7)) -> loss=0.5536 (|pool|=96)
[ViT-L-14/CIFAR100] full=72.55  pool(96)=75.20  best prefix(90)=75.55
[ViT-L-14/CIFAR100] 100 classes, calibration 100 pairs, 2000 images total
  seed pair ('vision', ('attn', 22, 6)) + ('text', ('attn', 10, 4))  loss=4.0422
  +('vision', ('attn', 23, 2)) -> loss=3.7443 (|pool|=3)
  +('text', ('attn', 9, 11)) -> loss=3.2946 (|pool|=4)
  +('vision', ('attn', 23, 9)) -> loss=3.0985 (|pool|=5)
  +('text', ('attn', 11, 4)) -> loss=2.9366 (|pool|=6)
  +('vision', ('attn', 23, 14)) -> loss=2.7693 (|pool|=7)
  +('vision', ('attn', 22, 1)) -> loss=2.6502 (|pool|=8)
  +('text', ('attn', 10, 0)) -> loss=2.5654 (|pool|=9)
  +('vision', ('attn', 22, 2)) -> loss=2.4832 (|pool|=10)
  +('vision', ('attn', 23, 5)) -> loss=2.4113 (|pool|=11)
  +('text', ('attn', 10, 11)) -> loss=2.3260 (|pool|=12)
  +('vision', ('attn', 23, 1)) -> loss=2.2572 (|pool|=13)
  +('text', ('attn', 10, 6)) -> loss=2.1083 (|pool|=14)
  +('vision', ('attn', 23, 7)) -> loss=1.8989 (|pool|=15)
  +('text', ('attn', 11, 0)) -> loss=1.8052 (|pool|=16)
  +('text', ('mlp', 8, -1)) -> loss=1.7233 (|pool|=17)
  +('vision', ('attn', 22, 3)) -> loss=1.6622 (|pool|=18)
  +('text', ('attn', 10, 9)) -> loss=1.6055 (|pool|=19)
  +('text', ('attn', 5, 1)) -> loss=1.5551 (|pool|=20)
  +('text', ('attn', 8, 10)) -> loss=1.5088 (|pool|=21)
  +('text', ('attn', 8, 1)) -> loss=1.4705 (|pool|=22)
  +('vision', ('attn', 23, 4)) -> loss=1.4346 (|pool|=23)
  +('text', ('attn', 11, 5)) -> loss=1.3864 (|pool|=24)
  +('text', ('attn', 3, 0)) -> loss=1.3540 (|pool|=25)
  +('vision', ('attn', 21, 5)) -> loss=1.3230 (|pool|=26)
  +('vision', ('attn', 23, 0)) -> loss=1.2972 (|pool|=27)
  +('text', ('attn', 11, 6)) -> loss=1.2751 (|pool|=28)
  +('vision', ('attn', 22, 4)) -> loss=1.2533 (|pool|=29)
  +('vision', ('attn', 23, 3)) -> loss=1.2352 (|pool|=30)
  +('text', ('mlp', 9, -1)) -> loss=1.2160 (|pool|=31)
  +('text', ('attn', 10, 3)) -> loss=1.1936 (|pool|=32)
  +('vision', ('mlp', 22, -1)) -> loss=1.1742 (|pool|=33)
  +('text', ('attn', 9, 8)) -> loss=1.1554 (|pool|=34)
  +('vision', ('attn', 22, 9)) -> loss=1.1386 (|pool|=35)
  +('vision', ('mlp', 17, -1)) -> loss=1.1233 (|pool|=36)
  +('text', ('attn', 11, 9)) -> loss=1.1084 (|pool|=37)
  +('vision', ('attn', 22, 10)) -> loss=1.0965 (|pool|=38)
  +('text', ('attn', 9, 10)) -> loss=1.0803 (|pool|=39)
  +('vision', ('attn', 23, 8)) -> loss=1.0623 (|pool|=40)
  +('text', ('attn', 8, 7)) -> loss=1.0494 (|pool|=41)
  +('vision', ('attn', 22, 11)) -> loss=1.0367 (|pool|=42)
  +('text', ('attn', 11, 8)) -> loss=1.0246 (|pool|=43)
  +('vision', ('attn', 22, 14)) -> loss=1.0108 (|pool|=44)
  +('text', ('attn', 9, 4)) -> loss=1.0001 (|pool|=45)
  +('vision', ('attn', 21, 2)) -> loss=0.9905 (|pool|=46)
  +('text', ('attn', 0, 10)) -> loss=0.9818 (|pool|=47)
  +('vision', ('attn', 23, 6)) -> loss=0.9728 (|pool|=48)
  +('vision', ('mlp', 9, -1)) -> loss=0.9649 (|pool|=49)
  +('text', ('attn', 0, 4)) -> loss=0.9574 (|pool|=50)
  +('vision', ('attn', 17, 3)) -> loss=0.9505 (|pool|=51)
  +('text', ('attn', 1, 5)) -> loss=0.9443 (|pool|=52)
  +('text', ('attn', 9, 1)) -> loss=0.9386 (|pool|=53)
  +('vision', ('mlp', 18, -1)) -> loss=0.9324 (|pool|=54)
  +('text', ('attn', 11, 2)) -> loss=0.9267 (|pool|=55)
  +('text', ('mlp', 7, -1)) -> loss=0.9198 (|pool|=56)
  +('vision', ('mlp', 14, -1)) -> loss=0.9098 (|pool|=57)
  +('text', ('attn', 11, 11)) -> loss=0.8999 (|pool|=58)
  +('vision', ('attn', 23, 13)) -> loss=0.8921 (|pool|=59)
  +('text', ('attn', 7, 2)) -> loss=0.8862 (|pool|=60)
  +('vision', ('attn', 23, 10)) -> loss=0.8808 (|pool|=61)
  +('text', ('attn', 10, 10)) -> loss=0.8757 (|pool|=62)
  +('vision', ('attn', 19, 12)) -> loss=0.8709 (|pool|=63)
  +('vision', ('mlp', 16, -1)) -> loss=0.8663 (|pool|=64)
  +('vision', ('attn', 22, 12)) -> loss=0.8613 (|pool|=65)
  +('vision', ('attn', 21, 12)) -> loss=0.8565 (|pool|=66)
  +('vision', ('attn', 21, 6)) -> loss=0.8522 (|pool|=67)
  +('vision', ('attn', 22, 7)) -> loss=0.8481 (|pool|=68)
  +('vision', ('attn', 21, 11)) -> loss=0.8441 (|pool|=69)
  +('vision', ('attn', 20, 11)) -> loss=0.8405 (|pool|=70)
  +('text', ('attn', 8, 5)) -> loss=0.8371 (|pool|=71)
  +('vision', ('attn', 19, 7)) -> loss=0.8335 (|pool|=72)
  +('vision', ('attn', 11, 1)) -> loss=0.8301 (|pool|=73)
  +('vision', ('attn', 10, 12)) -> loss=0.8268 (|pool|=74)
  +('text', ('attn', 4, 2)) -> loss=0.8235 (|pool|=75)
  +('vision', ('attn', 18, 7)) -> loss=0.8203 (|pool|=76)
  +('text', ('attn', 9, 9)) -> loss=0.8170 (|pool|=77)
  +('text', ('attn', 2, 4)) -> loss=0.8140 (|pool|=78)
  +('text', ('attn', 9, 0)) -> loss=0.8109 (|pool|=79)
  +('text', ('attn', 0, 5)) -> loss=0.8066 (|pool|=80)
  +('text', ('attn', 7, 9)) -> loss=0.8025 (|pool|=81)
  +('vision', ('attn', 22, 15)) -> loss=0.7991 (|pool|=82)
  +('vision', ('attn', 14, 15)) -> loss=0.7957 (|pool|=83)
  +('vision', ('attn', 21, 1)) -> loss=0.7927 (|pool|=84)
  +('text', ('attn', 9, 7)) -> loss=0.7897 (|pool|=85)
  +('vision', ('attn', 18, 1)) -> loss=0.7870 (|pool|=86)
  +('vision', ('mlp', 5, -1)) -> loss=0.7842 (|pool|=87)
  +('vision', ('attn', 15, 8)) -> loss=0.7815 (|pool|=88)
  +('vision', ('attn', 15, 1)) -> loss=0.7787 (|pool|=89)
  +('text', ('attn', 2, 3)) -> loss=0.7761 (|pool|=90)
  +('vision', ('attn', 18, 3)) -> loss=0.7735 (|pool|=91)
  +('vision', ('attn', 10, 11)) -> loss=0.7709 (|pool|=92)
  +('vision', ('attn', 21, 9)) -> loss=0.7684 (|pool|=93)
  +('text', ('mlp', 4, -1)) -> loss=0.7660 (|pool|=94)
  +('vision', ('attn', 20, 12)) -> loss=0.7634 (|pool|=95)
  +('vision', ('attn', 8, 13)) -> loss=0.7609 (|pool|=96)
[ViT-L-14/CIFAR100] full=72.55  pool(96)=75.20  best prefix(90)=76.00
[ViT-L-14/CIFAR100] 100 classes, calibration 100 pairs, 2000 images total
  seed pair ('vision', ('attn', 22, 6)) + ('text', ('attn', 10, 4))  loss=3.9543
  +('vision', ('attn', 23, 2)) -> loss=3.6102 (|pool|=3)
  +('text', ('attn', 9, 11)) -> loss=3.1288 (|pool|=4)
  +('vision', ('attn', 23, 9)) -> loss=2.9022 (|pool|=5)
  +('text', ('attn', 11, 4)) -> loss=2.7531 (|pool|=6)
  +('vision', ('attn', 23, 14)) -> loss=2.6054 (|pool|=7)
  +('vision', ('attn', 22, 1)) -> loss=2.4852 (|pool|=8)
  +('text', ('attn', 10, 0)) -> loss=2.4070 (|pool|=9)
  +('vision', ('attn', 23, 7)) -> loss=2.3341 (|pool|=10)
  +('text', ('attn', 10, 6)) -> loss=2.1058 (|pool|=11)
  +('vision', ('attn', 23, 1)) -> loss=1.9958 (|pool|=12)
  +('text', ('attn', 11, 0)) -> loss=1.8957 (|pool|=13)
  +('vision', ('attn', 22, 3)) -> loss=1.8137 (|pool|=14)
  +('text', ('attn', 8, 1)) -> loss=1.7533 (|pool|=15)
  +('text', ('attn', 5, 1)) -> loss=1.6965 (|pool|=16)
  +('vision', ('attn', 23, 5)) -> loss=1.6422 (|pool|=17)
  +('text', ('mlp', 8, -1)) -> loss=1.5853 (|pool|=18)
  +('vision', ('attn', 22, 2)) -> loss=1.5331 (|pool|=19)
  +('text', ('attn', 10, 9)) -> loss=1.4855 (|pool|=20)
  +('text', ('attn', 10, 11)) -> loss=1.4427 (|pool|=21)
  +('vision', ('attn', 22, 9)) -> loss=1.4070 (|pool|=22)
  +('text', ('attn', 9, 8)) -> loss=1.3721 (|pool|=23)
  +('vision', ('attn', 22, 12)) -> loss=1.3401 (|pool|=24)
  +('vision', ('attn', 23, 0)) -> loss=1.3111 (|pool|=25)
  +('text', ('attn', 3, 0)) -> loss=1.2838 (|pool|=26)
  +('vision', ('attn', 23, 4)) -> loss=1.2499 (|pool|=27)
  +('text', ('attn', 11, 5)) -> loss=1.2184 (|pool|=28)
  +('text', ('mlp', 9, -1)) -> loss=1.1934 (|pool|=29)
  +('text', ('attn', 11, 6)) -> loss=1.1631 (|pool|=30)
  +('vision', ('attn', 21, 5)) -> loss=1.1382 (|pool|=31)
  +('vision', ('attn', 17, 3)) -> loss=1.1171 (|pool|=32)
  +('vision', ('attn', 22, 4)) -> loss=1.0974 (|pool|=33)
  +('vision', ('attn', 23, 3)) -> loss=1.0801 (|pool|=34)
  +('text', ('attn', 11, 8)) -> loss=1.0622 (|pool|=35)
  +('vision', ('attn', 21, 2)) -> loss=1.0463 (|pool|=36)
  +('text', ('attn', 8, 7)) -> loss=1.0326 (|pool|=37)
  +('vision', ('attn', 23, 8)) -> loss=1.0027 (|pool|=38)
  +('text', ('attn', 9, 10)) -> loss=0.9840 (|pool|=39)
  +('vision', ('attn', 22, 11)) -> loss=0.9703 (|pool|=40)
  +('vision', ('mlp', 18, -1)) -> loss=0.9575 (|pool|=41)
  +('vision', ('attn', 16, 7)) -> loss=0.9455 (|pool|=42)
  +('text', ('attn', 11, 10)) -> loss=0.9342 (|pool|=43)
  +('text', ('attn', 0, 9)) -> loss=0.9250 (|pool|=44)
  +('text', ('attn', 0, 5)) -> loss=0.9167 (|pool|=45)
  +('text', ('attn', 1, 5)) -> loss=0.9088 (|pool|=46)
  +('text', ('attn', 0, 4)) -> loss=0.9014 (|pool|=47)
  +('vision', ('attn', 23, 13)) -> loss=0.8942 (|pool|=48)
  +('vision', ('attn', 21, 6)) -> loss=0.8868 (|pool|=49)
  +('text', ('attn', 11, 9)) -> loss=0.8799 (|pool|=50)
  +('vision', ('attn', 17, 15)) -> loss=0.8733 (|pool|=51)
  +('text', ('attn', 7, 0)) -> loss=0.8668 (|pool|=52)
  +('text', ('attn', 9, 7)) -> loss=0.8609 (|pool|=53)
  +('vision', ('attn', 21, 10)) -> loss=0.8553 (|pool|=54)
  +('vision', ('mlp', 21, -1)) -> loss=0.8494 (|pool|=55)
  +('text', ('attn', 0, 10)) -> loss=0.8418 (|pool|=56)
  +('text', ('attn', 4, 6)) -> loss=0.8364 (|pool|=57)
  +('vision', ('attn', 23, 6)) -> loss=0.8309 (|pool|=58)
  +('vision', ('attn', 18, 11)) -> loss=0.8257 (|pool|=59)
  +('vision', ('attn', 16, 10)) -> loss=0.8212 (|pool|=60)
  +('text', ('attn', 2, 1)) -> loss=0.8169 (|pool|=61)
  +('vision', ('attn', 18, 9)) -> loss=0.8127 (|pool|=62)
  +('text', ('attn', 9, 0)) -> loss=0.8087 (|pool|=63)
  +('text', ('mlp', 10, -1)) -> loss=0.8013 (|pool|=64)
  +('vision', ('mlp', 14, -1)) -> loss=0.7928 (|pool|=65)
  +('vision', ('mlp', 8, -1)) -> loss=0.7861 (|pool|=66)
  +('text', ('attn', 10, 10)) -> loss=0.7791 (|pool|=67)
  +('vision', ('attn', 13, 15)) -> loss=0.7731 (|pool|=68)
  +('vision', ('attn', 13, 13)) -> loss=0.7677 (|pool|=69)
  +('text', ('attn', 8, 5)) -> loss=0.7632 (|pool|=70)
  +('text', ('attn', 7, 5)) -> loss=0.7591 (|pool|=71)
  +('vision', ('attn', 6, 2)) -> loss=0.7551 (|pool|=72)
  +('vision', ('attn', 9, 11)) -> loss=0.7516 (|pool|=73)
  +('text', ('attn', 9, 4)) -> loss=0.7483 (|pool|=74)
  +('vision', ('mlp', 5, -1)) -> loss=0.7448 (|pool|=75)
  +('vision', ('attn', 20, 12)) -> loss=0.7416 (|pool|=76)
  +('text', ('attn', 2, 4)) -> loss=0.7385 (|pool|=77)
  +('vision', ('attn', 15, 3)) -> loss=0.7356 (|pool|=78)
  +('text', ('attn', 8, 9)) -> loss=0.7329 (|pool|=79)
  +('text', ('attn', 1, 4)) -> loss=0.7302 (|pool|=80)
  +('vision', ('attn', 9, 0)) -> loss=0.7275 (|pool|=81)
  +('vision', ('attn', 8, 8)) -> loss=0.7249 (|pool|=82)
  +('vision', ('attn', 15, 1)) -> loss=0.7222 (|pool|=83)
  +('text', ('attn', 0, 7)) -> loss=0.7195 (|pool|=84)
  +('vision', ('attn', 18, 6)) -> loss=0.7168 (|pool|=85)
  +('vision', ('attn', 8, 3)) -> loss=0.7142 (|pool|=86)
  +('vision', ('attn', 15, 8)) -> loss=0.7117 (|pool|=87)
  +('vision', ('attn', 8, 13)) -> loss=0.7095 (|pool|=88)
  +('vision', ('attn', 9, 5)) -> loss=0.7073 (|pool|=89)
  +('text', ('attn', 4, 2)) -> loss=0.7052 (|pool|=90)
  +('vision', ('attn', 18, 14)) -> loss=0.7031 (|pool|=91)
  +('text', ('attn', 9, 3)) -> loss=0.7008 (|pool|=92)
  +('vision', ('attn', 21, 14)) -> loss=0.6987 (|pool|=93)
  +('vision', ('attn', 16, 11)) -> loss=0.6966 (|pool|=94)
  +('vision', ('mlp', 6, -1)) -> loss=0.6943 (|pool|=95)
  +('text', ('attn', 10, 8)) -> loss=0.6921 (|pool|=96)
[ViT-L-14/CIFAR100] full=72.55  pool(96)=76.50  best prefix(78)=76.60
[ViT-L-14/caltech] 101 classes, calibration 99 pairs, 2020 images total
  seed pair ('vision', ('attn', 22, 6)) + ('text', ('attn', 10, 4))  loss=3.6918
  +('vision', ('attn', 23, 9)) -> loss=3.2253 (|pool|=3)
  +('text', ('attn', 9, 11)) -> loss=2.8142 (|pool|=4)
  +('vision', ('attn', 23, 2)) -> loss=2.4000 (|pool|=5)
  +('vision', ('attn', 22, 1)) -> loss=2.1303 (|pool|=6)
  +('text', ('attn', 11, 4)) -> loss=2.0042 (|pool|=7)
  +('vision', ('attn', 23, 14)) -> loss=1.8617 (|pool|=8)
  +('text', ('attn', 10, 0)) -> loss=1.7130 (|pool|=9)
  +('vision', ('attn', 23, 7)) -> loss=1.5898 (|pool|=10)
  +('text', ('attn', 10, 6)) -> loss=1.2581 (|pool|=11)
  +('vision', ('attn', 22, 3)) -> loss=1.1210 (|pool|=12)
  +('text', ('attn', 11, 0)) -> loss=0.9722 (|pool|=13)
  +('vision', ('attn', 23, 1)) -> loss=0.8840 (|pool|=14)
  +('text', ('attn', 8, 1)) -> loss=0.8168 (|pool|=15)
  +('text', ('attn', 8, 10)) -> loss=0.7725 (|pool|=16)
  +('text', ('attn', 10, 9)) -> loss=0.7355 (|pool|=17)
  +('vision', ('attn', 22, 2)) -> loss=0.7072 (|pool|=18)
  +('text', ('attn', 11, 6)) -> loss=0.6830 (|pool|=19)
  +('text', ('mlp', 7, -1)) -> loss=0.6582 (|pool|=20)
  +('vision', ('mlp', 21, -1)) -> loss=0.6329 (|pool|=21)
  +('vision', ('attn', 22, 9)) -> loss=0.6093 (|pool|=22)
  +('vision', ('attn', 23, 5)) -> loss=0.5913 (|pool|=23)
  +('text', ('mlp', 10, -1)) -> loss=0.5694 (|pool|=24)
  +('vision', ('attn', 22, 11)) -> loss=0.5498 (|pool|=25)
  +('text', ('attn', 10, 1)) -> loss=0.5313 (|pool|=26)
  +('vision', ('attn', 19, 2)) -> loss=0.5175 (|pool|=27)
  +('text', ('attn', 5, 1)) -> loss=0.5055 (|pool|=28)
  +('vision', ('attn', 16, 7)) -> loss=0.4941 (|pool|=29)
  +('text', ('attn', 0, 4)) -> loss=0.4825 (|pool|=30)
  +('text', ('attn', 0, 5)) -> loss=0.4714 (|pool|=31)
  +('vision', ('mlp', 22, -1)) -> loss=0.4597 (|pool|=32)
  +('text', ('attn', 7, 8)) -> loss=0.4501 (|pool|=33)
  +('text', ('attn', 0, 7)) -> loss=0.4410 (|pool|=34)
  +('text', ('mlp', 6, -1)) -> loss=0.4325 (|pool|=35)
  +('vision', ('attn', 21, 7)) -> loss=0.4230 (|pool|=36)
  +('text', ('attn', 0, 11)) -> loss=0.4140 (|pool|=37)
  +('vision', ('attn', 20, 7)) -> loss=0.4061 (|pool|=38)
  +('text', ('attn', 0, 0)) -> loss=0.3982 (|pool|=39)
  +('vision', ('attn', 23, 4)) -> loss=0.3908 (|pool|=40)
  +('text', ('attn', 0, 8)) -> loss=0.3838 (|pool|=41)
  +('text', ('mlp', 4, -1)) -> loss=0.3771 (|pool|=42)
  +('vision', ('attn', 22, 12)) -> loss=0.3711 (|pool|=43)
  +('text', ('attn', 10, 10)) -> loss=0.3634 (|pool|=44)
  +('vision', ('attn', 23, 6)) -> loss=0.3558 (|pool|=45)
  +('text', ('attn', 6, 1)) -> loss=0.3497 (|pool|=46)
  +('text', ('attn', 7, 9)) -> loss=0.3438 (|pool|=47)
  +('text', ('attn', 10, 7)) -> loss=0.3386 (|pool|=48)
  +('text', ('attn', 2, 3)) -> loss=0.3334 (|pool|=49)
  +('text', ('attn', 8, 7)) -> loss=0.3287 (|pool|=50)
  +('vision', ('attn', 21, 5)) -> loss=0.3241 (|pool|=51)
  +('text', ('attn', 0, 1)) -> loss=0.3195 (|pool|=52)
  +('text', ('attn', 6, 6)) -> loss=0.3157 (|pool|=53)
  +('vision', ('attn', 21, 0)) -> loss=0.3117 (|pool|=54)
  +('text', ('attn', 11, 5)) -> loss=0.3081 (|pool|=55)
  +('vision', ('mlp', 17, -1)) -> loss=0.3043 (|pool|=56)
  +('vision', ('attn', 13, 15)) -> loss=0.3008 (|pool|=57)
  +('vision', ('attn', 7, 12)) -> loss=0.2974 (|pool|=58)
  +('text', ('attn', 3, 0)) -> loss=0.2942 (|pool|=59)
  +('vision', ('mlp', 13, -1)) -> loss=0.2906 (|pool|=60)
  +('vision', ('attn', 9, 1)) -> loss=0.2878 (|pool|=61)
  +('vision', ('mlp', 5, -1)) -> loss=0.2851 (|pool|=62)
  +('vision', ('attn', 19, 12)) -> loss=0.2823 (|pool|=63)
  +('vision', ('attn', 23, 15)) -> loss=0.2796 (|pool|=64)
  +('text', ('attn', 0, 3)) -> loss=0.2767 (|pool|=65)
  +('text', ('attn', 8, 6)) -> loss=0.2741 (|pool|=66)
  +('vision', ('attn', 18, 14)) -> loss=0.2717 (|pool|=67)
  +('vision', ('mlp', 18, -1)) -> loss=0.2693 (|pool|=68)
  +('vision', ('mlp', 7, -1)) -> loss=0.2668 (|pool|=69)
  +('text', ('attn', 8, 4)) -> loss=0.2638 (|pool|=70)
  +('vision', ('attn', 20, 10)) -> loss=0.2615 (|pool|=71)
  +('vision', ('mlp', 3, -1)) -> loss=0.2594 (|pool|=72)
  +('text', ('attn', 1, 8)) -> loss=0.2574 (|pool|=73)
  +('vision', ('attn', 6, 3)) -> loss=0.2554 (|pool|=74)
  +('text', ('attn', 2, 1)) -> loss=0.2536 (|pool|=75)
  +('vision', ('attn', 7, 7)) -> loss=0.2518 (|pool|=76)
  +('vision', ('attn', 20, 9)) -> loss=0.2499 (|pool|=77)
  +('text', ('attn', 8, 9)) -> loss=0.2481 (|pool|=78)
  +('text', ('attn', 9, 2)) -> loss=0.2465 (|pool|=79)
  +('vision', ('attn', 6, 8)) -> loss=0.2449 (|pool|=80)
  +('vision', ('attn', 17, 11)) -> loss=0.2433 (|pool|=81)
  +('text', ('attn', 5, 4)) -> loss=0.2418 (|pool|=82)
  +('vision', ('attn', 9, 7)) -> loss=0.2404 (|pool|=83)
  +('vision', ('attn', 12, 6)) -> loss=0.2389 (|pool|=84)
  +('text', ('attn', 2, 4)) -> loss=0.2375 (|pool|=85)
  +('vision', ('attn', 5, 15)) -> loss=0.2361 (|pool|=86)
  +('text', ('attn', 6, 9)) -> loss=0.2347 (|pool|=87)
  +('vision', ('attn', 17, 15)) -> loss=0.2333 (|pool|=88)
  +('vision', ('attn', 16, 9)) -> loss=0.2320 (|pool|=89)
  +('vision', ('mlp', 4, -1)) -> loss=0.2307 (|pool|=90)
  +('vision', ('attn', 22, 10)) -> loss=0.2290 (|pool|=91)
  +('text', ('attn', 4, 6)) -> loss=0.2275 (|pool|=92)
  +('vision', ('attn', 15, 3)) -> loss=0.2263 (|pool|=93)
  +('vision', ('attn', 17, 7)) -> loss=0.2251 (|pool|=94)
  +('vision', ('attn', 6, 9)) -> loss=0.2239 (|pool|=95)
  +('vision', ('attn', 9, 2)) -> loss=0.2228 (|pool|=96)
[ViT-L-14/caltech] full=83.07  pool(96)=82.87  best prefix(96)=82.87
[ViT-L-14/caltech] 101 classes, calibration 99 pairs, 2020 images total
  seed pair ('vision', ('attn', 22, 6)) + ('text', ('attn', 10, 4))  loss=3.6831
  +('vision', ('attn', 23, 9)) -> loss=3.2303 (|pool|=3)
  +('text', ('attn', 9, 11)) -> loss=2.7993 (|pool|=4)
  +('vision', ('attn', 23, 2)) -> loss=2.3096 (|pool|=5)
  +('vision', ('attn', 22, 1)) -> loss=2.0219 (|pool|=6)
  +('text', ('attn', 11, 4)) -> loss=1.8713 (|pool|=7)
  +('vision', ('attn', 23, 14)) -> loss=1.7137 (|pool|=8)
  +('text', ('attn', 10, 0)) -> loss=1.5560 (|pool|=9)
  +('vision', ('attn', 23, 7)) -> loss=1.4357 (|pool|=10)
  +('text', ('attn', 10, 6)) -> loss=1.1105 (|pool|=11)
  +('vision', ('attn', 22, 3)) -> loss=0.9651 (|pool|=12)
  +('text', ('attn', 11, 0)) -> loss=0.8225 (|pool|=13)
  +('vision', ('attn', 23, 1)) -> loss=0.7190 (|pool|=14)
  +('text', ('attn', 8, 1)) -> loss=0.6591 (|pool|=15)
  +('text', ('attn', 10, 9)) -> loss=0.6134 (|pool|=16)
  +('text', ('attn', 8, 10)) -> loss=0.5728 (|pool|=17)
  +('text', ('mlp', 6, -1)) -> loss=0.5406 (|pool|=18)
  +('text', ('attn', 11, 6)) -> loss=0.5128 (|pool|=19)
  +('text', ('mlp', 7, -1)) -> loss=0.4870 (|pool|=20)
  +('vision', ('attn', 23, 5)) -> loss=0.4619 (|pool|=21)
  +('text', ('attn', 7, 8)) -> loss=0.4397 (|pool|=22)
  +('text', ('attn', 5, 1)) -> loss=0.4201 (|pool|=23)
  +('vision', ('attn', 21, 5)) -> loss=0.4047 (|pool|=24)
  +('vision', ('mlp', 22, -1)) -> loss=0.3897 (|pool|=25)
  +('vision', ('attn', 22, 2)) -> loss=0.3758 (|pool|=26)
  +('vision', ('attn', 22, 9)) -> loss=0.3633 (|pool|=27)
  +('text', ('attn', 0, 11)) -> loss=0.3507 (|pool|=28)
  +('vision', ('attn', 22, 11)) -> loss=0.3400 (|pool|=29)
  +('text', ('attn', 0, 4)) -> loss=0.3295 (|pool|=30)
  +('text', ('attn', 0, 5)) -> loss=0.3194 (|pool|=31)
  +('vision', ('attn', 22, 0)) -> loss=0.3106 (|pool|=32)
  +('text', ('attn', 10, 7)) -> loss=0.3031 (|pool|=33)
  +('text', ('mlp', 11, -1)) -> loss=0.2923 (|pool|=34)
  +('text', ('attn', 10, 1)) -> loss=0.2649 (|pool|=35)
  +('text', ('attn', 11, 8)) -> loss=0.2467 (|pool|=36)
  +('text', ('attn', 10, 11)) -> loss=0.2337 (|pool|=37)
  +('text', ('attn', 0, 10)) -> loss=0.2246 (|pool|=38)
  +('vision', ('attn', 16, 7)) -> loss=0.2158 (|pool|=39)
  +('vision', ('attn', 23, 0)) -> loss=0.2080 (|pool|=40)
  +('vision', ('attn', 22, 5)) -> loss=0.2003 (|pool|=41)
  +('text', ('attn', 8, 9)) -> loss=0.1940 (|pool|=42)
  +('vision', ('attn', 22, 12)) -> loss=0.1878 (|pool|=43)
  +('vision', ('mlp', 20, -1)) -> loss=0.1823 (|pool|=44)
  +('vision', ('mlp', 15, -1)) -> loss=0.1776 (|pool|=45)
  +('text', ('attn', 9, 4)) -> loss=0.1732 (|pool|=46)
  +('vision', ('attn', 17, 5)) -> loss=0.1695 (|pool|=47)
  +('text', ('attn', 2, 3)) -> loss=0.1661 (|pool|=48)
  +('text', ('attn', 2, 1)) -> loss=0.1629 (|pool|=49)
  +('vision', ('attn', 13, 15)) -> loss=0.1599 (|pool|=50)
  +('vision', ('attn', 23, 12)) -> loss=0.1567 (|pool|=51)
  +('text', ('attn', 5, 4)) -> loss=0.1537 (|pool|=52)
  +('text', ('attn', 0, 0)) -> loss=0.1509 (|pool|=53)
  +('text', ('attn', 9, 9)) -> loss=0.1482 (|pool|=54)
  +('text', ('attn', 0, 1)) -> loss=0.1457 (|pool|=55)
  +('text', ('attn', 8, 7)) -> loss=0.1432 (|pool|=56)
  +('vision', ('attn', 22, 7)) -> loss=0.1408 (|pool|=57)
  +('vision', ('attn', 10, 5)) -> loss=0.1387 (|pool|=58)
  +('text', ('attn', 7, 5)) -> loss=0.1366 (|pool|=59)
  +('vision', ('attn', 7, 6)) -> loss=0.1347 (|pool|=60)
  +('vision', ('attn', 21, 6)) -> loss=0.1329 (|pool|=61)
  +('vision', ('attn', 21, 0)) -> loss=0.1312 (|pool|=62)
  +('vision', ('mlp', 0, -1)) -> loss=0.1295 (|pool|=63)
  +('vision', ('attn', 21, 14)) -> loss=0.1280 (|pool|=64)
  +('vision', ('attn', 7, 12)) -> loss=0.1267 (|pool|=65)
  +('text', ('attn', 1, 0)) -> loss=0.1253 (|pool|=66)
  +('text', ('attn', 0, 8)) -> loss=0.1240 (|pool|=67)
  +('vision', ('attn', 22, 13)) -> loss=0.1228 (|pool|=68)
  +('vision', ('attn', 18, 12)) -> loss=0.1216 (|pool|=69)
  +('vision', ('attn', 16, 9)) -> loss=0.1204 (|pool|=70)
  +('vision', ('attn', 7, 3)) -> loss=0.1192 (|pool|=71)
  +('text', ('attn', 0, 9)) -> loss=0.1181 (|pool|=72)
  +('text', ('attn', 9, 2)) -> loss=0.1170 (|pool|=73)
  +('vision', ('attn', 8, 7)) -> loss=0.1160 (|pool|=74)
  +('text', ('mlp', 5, -1)) -> loss=0.1148 (|pool|=75)
  +('vision', ('attn', 23, 15)) -> loss=0.1131 (|pool|=76)
  +('text', ('attn', 2, 4)) -> loss=0.1117 (|pool|=77)
  +('text', ('attn', 3, 0)) -> loss=0.1103 (|pool|=78)
  +('vision', ('attn', 21, 2)) -> loss=0.1091 (|pool|=79)
  +('vision', ('attn', 9, 1)) -> loss=0.1079 (|pool|=80)
  +('vision', ('attn', 22, 8)) -> loss=0.1067 (|pool|=81)
  +('text', ('attn', 1, 8)) -> loss=0.1056 (|pool|=82)
  +('vision', ('attn', 6, 4)) -> loss=0.1046 (|pool|=83)
  +('text', ('attn', 6, 6)) -> loss=0.1037 (|pool|=84)
  +('vision', ('attn', 8, 0)) -> loss=0.1027 (|pool|=85)
  +('vision', ('attn', 19, 7)) -> loss=0.1019 (|pool|=86)
  +('vision', ('attn', 8, 4)) -> loss=0.1010 (|pool|=87)
  +('text', ('attn', 4, 7)) -> loss=0.1002 (|pool|=88)
  +('vision', ('attn', 15, 8)) -> loss=0.0994 (|pool|=89)
  +('vision', ('attn', 16, 4)) -> loss=0.0986 (|pool|=90)
  +('vision', ('attn', 6, 9)) -> loss=0.0978 (|pool|=91)
  +('vision', ('attn', 8, 5)) -> loss=0.0971 (|pool|=92)
  +('text', ('attn', 9, 5)) -> loss=0.0964 (|pool|=93)
  +('text', ('attn', 7, 6)) -> loss=0.0957 (|pool|=94)
  +('vision', ('attn', 15, 13)) -> loss=0.0951 (|pool|=95)
  +('vision', ('attn', 3, 1)) -> loss=0.0946 (|pool|=96)
[ViT-L-14/caltech] full=83.07  pool(96)=85.50  best prefix(95)=85.54
[ViT-L-14/caltech] 101 classes, calibration 99 pairs, 2020 images total
  seed pair ('vision', ('attn', 22, 6)) + ('text', ('attn', 10, 4))  loss=3.6989
  +('vision', ('attn', 23, 9)) -> loss=3.2206 (|pool|=3)
  +('text', ('attn', 9, 11)) -> loss=2.8132 (|pool|=4)
  +('vision', ('attn', 23, 2)) -> loss=2.4131 (|pool|=5)
  +('vision', ('attn', 22, 1)) -> loss=2.1315 (|pool|=6)
  +('text', ('attn', 11, 4)) -> loss=1.9924 (|pool|=7)
  +('vision', ('attn', 23, 14)) -> loss=1.8565 (|pool|=8)
  +('text', ('attn', 10, 0)) -> loss=1.7103 (|pool|=9)
  +('vision', ('attn', 23, 7)) -> loss=1.5964 (|pool|=10)
  +('text', ('attn', 10, 6)) -> loss=1.3013 (|pool|=11)
  +('vision', ('attn', 23, 1)) -> loss=1.1428 (|pool|=12)
  +('text', ('attn', 11, 0)) -> loss=0.9762 (|pool|=13)
  +('vision', ('attn', 22, 3)) -> loss=0.8825 (|pool|=14)
  +('text', ('attn', 8, 1)) -> loss=0.8212 (|pool|=15)
  +('text', ('attn', 10, 9)) -> loss=0.7701 (|pool|=16)
  +('text', ('attn', 8, 10)) -> loss=0.7315 (|pool|=17)
  +('text', ('mlp', 6, -1)) -> loss=0.6926 (|pool|=18)
  +('text', ('attn', 7, 8)) -> loss=0.6619 (|pool|=19)
  +('vision', ('attn', 23, 5)) -> loss=0.6371 (|pool|=20)
  +('text', ('mlp', 7, -1)) -> loss=0.6112 (|pool|=21)
  +('vision', ('attn', 21, 5)) -> loss=0.5891 (|pool|=22)
  +('text', ('attn', 10, 7)) -> loss=0.5697 (|pool|=23)
  +('vision', ('attn', 23, 6)) -> loss=0.5510 (|pool|=24)
  +('text', ('attn', 0, 11)) -> loss=0.5328 (|pool|=25)
  +('vision', ('attn', 23, 0)) -> loss=0.5143 (|pool|=26)
  +('vision', ('attn', 22, 2)) -> loss=0.4973 (|pool|=27)
  +('text', ('attn', 5, 1)) -> loss=0.4823 (|pool|=28)
  +('text', ('attn', 11, 6)) -> loss=0.4702 (|pool|=29)
  +('vision', ('attn', 22, 9)) -> loss=0.4561 (|pool|=30)
  +('text', ('mlp', 8, -1)) -> loss=0.4418 (|pool|=31)
  +('vision', ('mlp', 22, -1)) -> loss=0.4307 (|pool|=32)
  +('text', ('attn', 0, 10)) -> loss=0.4196 (|pool|=33)
  +('text', ('attn', 0, 5)) -> loss=0.4112 (|pool|=34)
  +('vision', ('attn', 22, 0)) -> loss=0.4028 (|pool|=35)
  +('text', ('attn', 0, 4)) -> loss=0.3954 (|pool|=36)
  +('vision', ('attn', 22, 12)) -> loss=0.3881 (|pool|=37)
  +('text', ('mlp', 10, -1)) -> loss=0.3809 (|pool|=38)
  +('text', ('attn', 10, 10)) -> loss=0.3717 (|pool|=39)
  +('vision', ('attn', 21, 7)) -> loss=0.3640 (|pool|=40)
  +('vision', ('attn', 21, 0)) -> loss=0.3572 (|pool|=41)
  +('text', ('attn', 3, 0)) -> loss=0.3506 (|pool|=42)
  +('vision', ('attn', 23, 10)) -> loss=0.3438 (|pool|=43)
  +('text', ('attn', 2, 1)) -> loss=0.3379 (|pool|=44)
  +('vision', ('attn', 23, 4)) -> loss=0.3325 (|pool|=45)
  +('vision', ('attn', 23, 12)) -> loss=0.3266 (|pool|=46)
  +('text', ('attn', 9, 9)) -> loss=0.3203 (|pool|=47)
  +('text', ('attn', 9, 5)) -> loss=0.3149 (|pool|=48)
  +('text', ('attn', 7, 9)) -> loss=0.3099 (|pool|=49)
  +('vision', ('attn', 13, 15)) -> loss=0.3047 (|pool|=50)
  +('text', ('attn', 2, 3)) -> loss=0.2997 (|pool|=51)
  +('text', ('attn', 6, 1)) -> loss=0.2952 (|pool|=52)
  +('text', ('attn', 11, 11)) -> loss=0.2905 (|pool|=53)
  +('text', ('attn', 0, 3)) -> loss=0.2866 (|pool|=54)
  +('vision', ('attn', 21, 2)) -> loss=0.2826 (|pool|=55)
  +('text', ('attn', 0, 1)) -> loss=0.2790 (|pool|=56)
  +('vision', ('attn', 16, 7)) -> loss=0.2755 (|pool|=57)
  +('text', ('attn', 0, 8)) -> loss=0.2721 (|pool|=58)
  +('vision', ('attn', 22, 7)) -> loss=0.2687 (|pool|=59)
  +('text', ('attn', 2, 11)) -> loss=0.2654 (|pool|=60)
  +('text', ('attn', 6, 9)) -> loss=0.2622 (|pool|=61)
  +('vision', ('attn', 21, 13)) -> loss=0.2592 (|pool|=62)
  +('text', ('attn', 6, 7)) -> loss=0.2562 (|pool|=63)
  +('vision', ('mlp', 6, -1)) -> loss=0.2534 (|pool|=64)
  +('vision', ('attn', 21, 12)) -> loss=0.2509 (|pool|=65)
  +('text', ('attn', 1, 10)) -> loss=0.2484 (|pool|=66)
  +('text', ('attn', 8, 9)) -> loss=0.2460 (|pool|=67)
  +('text', ('attn', 5, 4)) -> loss=0.2437 (|pool|=68)
  +('vision', ('attn', 22, 15)) -> loss=0.2414 (|pool|=69)
  +('text', ('attn', 2, 6)) -> loss=0.2392 (|pool|=70)
  +('vision', ('attn', 23, 15)) -> loss=0.2371 (|pool|=71)
  +('vision', ('mlp', 20, -1)) -> loss=0.2348 (|pool|=72)
  +('text', ('attn', 4, 2)) -> loss=0.2325 (|pool|=73)
  +('text', ('attn', 6, 6)) -> loss=0.2303 (|pool|=74)
  +('vision', ('mlp', 3, -1)) -> loss=0.2281 (|pool|=75)
  +('text', ('attn', 8, 2)) -> loss=0.2260 (|pool|=76)
  +('vision', ('attn', 18, 3)) -> loss=0.2240 (|pool|=77)
  +('text', ('attn', 0, 7)) -> loss=0.2221 (|pool|=78)
  +('vision', ('attn', 7, 12)) -> loss=0.2201 (|pool|=79)
  +('vision', ('attn', 21, 1)) -> loss=0.2182 (|pool|=80)
  +('text', ('attn', 11, 5)) -> loss=0.2163 (|pool|=81)
  +('vision', ('mlp', 15, -1)) -> loss=0.2143 (|pool|=82)
  +('text', ('attn', 1, 8)) -> loss=0.2124 (|pool|=83)
  +('vision', ('attn', 20, 15)) -> loss=0.2106 (|pool|=84)
  +('text', ('attn', 8, 8)) -> loss=0.2088 (|pool|=85)
  +('vision', ('attn', 10, 13)) -> loss=0.2071 (|pool|=86)
  +('vision', ('attn', 22, 11)) -> loss=0.2055 (|pool|=87)
  +('vision', ('mlp', 4, -1)) -> loss=0.2038 (|pool|=88)
  +('vision', ('attn', 22, 14)) -> loss=0.2022 (|pool|=89)
  +('vision', ('attn', 20, 7)) -> loss=0.2007 (|pool|=90)
  +('vision', ('attn', 16, 4)) -> loss=0.1992 (|pool|=91)
  +('text', ('attn', 8, 4)) -> loss=0.1978 (|pool|=92)
  +('vision', ('attn', 19, 15)) -> loss=0.1964 (|pool|=93)
  +('vision', ('attn', 15, 3)) -> loss=0.1951 (|pool|=94)
  +('vision', ('attn', 19, 7)) -> loss=0.1938 (|pool|=95)
  +('vision', ('attn', 21, 3)) -> loss=0.1926 (|pool|=96)
[ViT-L-14/caltech] full=83.07  pool(96)=83.02  best prefix(95)=83.02
[ViT-L-14/imagenet] 1000 classes, calibration 1000 pairs, 5000 images total
  seed pair ('vision', ('attn', 23, 2)) + ('text', ('attn', 9, 11))  loss=5.8068
  +('text', ('attn', 10, 9)) -> loss=5.1847 (|pool|=3)
  +('vision', ('attn', 22, 6)) -> loss=4.8573 (|pool|=4)
  +('text', ('attn', 10, 4)) -> loss=4.4116 (|pool|=5)
  +('vision', ('attn', 22, 1)) -> loss=4.1960 (|pool|=6)
  +('vision', ('attn', 23, 9)) -> loss=4.0867 (|pool|=7)
  +('text', ('attn', 11, 4)) -> loss=3.9420 (|pool|=8)
  +('vision', ('attn', 23, 14)) -> loss=3.7992 (|pool|=9)
  +('text', ('attn', 10, 0)) -> loss=3.6576 (|pool|=10)
  +('vision', ('attn', 23, 1)) -> loss=3.4742 (|pool|=11)
  +('text', ('attn', 10, 6)) -> loss=3.1988 (|pool|=12)
  +('vision', ('attn', 23, 7)) -> loss=2.6966 (|pool|=13)
  +('text', ('attn', 11, 0)) -> loss=2.4660 (|pool|=14)
  +('vision', ('attn', 22, 3)) -> loss=2.3077 (|pool|=15)
  +('text', ('attn', 9, 8)) -> loss=2.1671 (|pool|=16)
  +('vision', ('attn', 23, 0)) -> loss=2.0466 (|pool|=17)
  +('text', ('attn', 10, 1)) -> loss=1.9516 (|pool|=18)
  +('vision', ('attn', 22, 9)) -> loss=1.8923 (|pool|=19)
  +('text', ('attn', 8, 1)) -> loss=1.8449 (|pool|=20)
  +('vision', ('attn', 22, 0)) -> loss=1.8043 (|pool|=21)
  +('text', ('attn', 9, 3)) -> loss=1.7704 (|pool|=22)
  +('vision', ('attn', 23, 5)) -> loss=1.7382 (|pool|=23)
  +('vision', ('attn', 23, 8)) -> loss=1.7113 (|pool|=24)
  +('text', ('attn', 8, 7)) -> loss=1.6581 (|pool|=25)
  +('vision', ('attn', 22, 2)) -> loss=1.6362 (|pool|=26)
  +('text', ('mlp', 8, -1)) -> loss=1.6160 (|pool|=27)
  +('text', ('attn', 9, 4)) -> loss=1.5957 (|pool|=28)
  +('vision', ('attn', 22, 11)) -> loss=1.5786 (|pool|=29)
  +('vision', ('attn', 22, 12)) -> loss=1.5631 (|pool|=30)
  +('text', ('attn', 5, 1)) -> loss=1.5501 (|pool|=31)
  +('text', ('attn', 10, 3)) -> loss=1.5374 (|pool|=32)
  +('vision', ('attn', 22, 4)) -> loss=1.5271 (|pool|=33)
  +('text', ('attn', 0, 5)) -> loss=1.5173 (|pool|=34)
  +('vision', ('attn', 23, 3)) -> loss=1.5084 (|pool|=35)
  +('text', ('attn', 0, 4)) -> loss=1.5004 (|pool|=36)
  +('text', ('attn', 9, 10)) -> loss=1.4934 (|pool|=37)
  +('vision', ('attn', 23, 6)) -> loss=1.4879 (|pool|=38)
  +('text', ('attn', 9, 1)) -> loss=1.4823 (|pool|=39)
  +('text', ('mlp', 10, -1)) -> loss=1.4744 (|pool|=40)
  +('text', ('attn', 11, 6)) -> loss=1.4649 (|pool|=41)
  +('text', ('attn', 10, 10)) -> loss=1.4577 (|pool|=42)
  +('text', ('attn', 4, 2)) -> loss=1.4516 (|pool|=43)
  +('vision', ('attn', 17, 10)) -> loss=1.4468 (|pool|=44)
  +('text', ('attn', 9, 9)) -> loss=1.4426 (|pool|=45)
  +('vision', ('attn', 19, 13)) -> loss=1.4391 (|pool|=46)
  +('text', ('attn', 0, 10)) -> loss=1.4357 (|pool|=47)
  +('text', ('attn', 8, 8)) -> loss=1.4324 (|pool|=48)
  +('vision', ('attn', 21, 12)) -> loss=1.4294 (|pool|=49)
  +('text', ('attn', 0, 0)) -> loss=1.4264 (|pool|=50)
  +('text', ('attn', 9, 2)) -> loss=1.4234 (|pool|=51)
  +('vision', ('attn', 17, 15)) -> loss=1.4204 (|pool|=52)
  +('text', ('attn', 0, 9)) -> loss=1.4175 (|pool|=53)
  +('text', ('attn', 4, 6)) -> loss=1.4148 (|pool|=54)
  +('text', ('attn', 0, 3)) -> loss=1.4122 (|pool|=55)
  +('text', ('attn', 8, 9)) -> loss=1.4097 (|pool|=56)
  +('vision', ('attn', 16, 10)) -> loss=1.4071 (|pool|=57)
  +('vision', ('attn', 21, 9)) -> loss=1.4052 (|pool|=58)
  +('text', ('attn', 0, 1)) -> loss=1.4031 (|pool|=59)
  +('vision', ('attn', 7, 3)) -> loss=1.4011 (|pool|=60)
  +('vision', ('mlp', 6, -1)) -> loss=1.3990 (|pool|=61)
  +('vision', ('attn', 4, 8)) -> loss=1.3972 (|pool|=62)
  +('vision', ('attn', 17, 12)) -> loss=1.3953 (|pool|=63)
  +('vision', ('attn', 20, 13)) -> loss=1.3936 (|pool|=64)
  +('vision', ('attn', 19, 7)) -> loss=1.3917 (|pool|=65)
  +('vision', ('attn', 22, 8)) -> loss=1.3899 (|pool|=66)
  +('vision', ('attn', 20, 1)) -> loss=1.3881 (|pool|=67)
  +('vision', ('attn', 17, 14)) -> loss=1.3864 (|pool|=68)
  +('vision', ('attn', 13, 15)) -> loss=1.3848 (|pool|=69)
  +('text', ('attn', 0, 8)) -> loss=1.3832 (|pool|=70)
  +('vision', ('attn', 21, 1)) -> loss=1.3817 (|pool|=71)
  +('text', ('attn', 5, 11)) -> loss=1.3802 (|pool|=72)
  +('vision', ('attn', 21, 3)) -> loss=1.3788 (|pool|=73)
  +('vision', ('attn', 9, 6)) -> loss=1.3773 (|pool|=74)
  +('text', ('attn', 7, 6)) -> loss=1.3760 (|pool|=75)
  +('text', ('attn', 2, 1)) -> loss=1.3747 (|pool|=76)
  +('vision', ('attn', 17, 1)) -> loss=1.3733 (|pool|=77)
  +('text', ('attn', 9, 5)) -> loss=1.3720 (|pool|=78)
  +('text', ('mlp', 11, -1)) -> loss=1.3673 (|pool|=79)
  +('text', ('attn', 11, 7)) -> loss=1.3396 (|pool|=80)
  +('text', ('mlp', 3, -1)) -> loss=1.3210 (|pool|=81)
  +('text', ('attn', 11, 11)) -> loss=1.3107 (|pool|=82)
  +('text', ('attn', 11, 9)) -> loss=1.3053 (|pool|=83)
  +('vision', ('attn', 18, 9)) -> loss=1.3012 (|pool|=84)
  +('vision', ('attn', 21, 0)) -> loss=1.2980 (|pool|=85)
  +('text', ('attn', 0, 11)) -> loss=1.2950 (|pool|=86)
  +('vision', ('attn', 23, 13)) -> loss=1.2915 (|pool|=87)
  +('vision', ('attn', 21, 2)) -> loss=1.2892 (|pool|=88)
  +('vision', ('mlp', 19, -1)) -> loss=1.2871 (|pool|=89)
  +('text', ('attn', 10, 11)) -> loss=1.2846 (|pool|=90)
  +('text', ('attn', 3, 10)) -> loss=1.2827 (|pool|=91)
  +('text', ('attn', 7, 0)) -> loss=1.2808 (|pool|=92)
  +('text', ('attn', 8, 0)) -> loss=1.2791 (|pool|=93)
  +('vision', ('attn', 11, 1)) -> loss=1.2775 (|pool|=94)
  +('vision', ('attn', 20, 0)) -> loss=1.2761 (|pool|=95)
  +('vision', ('attn', 17, 3)) -> loss=1.2746 (|pool|=96)
[ViT-L-14/imagenet] full=71.52  pool(96)=66.90  best prefix(95)=67.00
[ViT-L-14/imagenet] 1000 classes, calibration 1000 pairs, 5000 images total
  seed pair ('vision', ('attn', 23, 2)) + ('text', ('attn', 9, 11))  loss=5.7821
  +('text', ('attn', 10, 9)) -> loss=5.1697 (|pool|=3)
  +('vision', ('attn', 22, 6)) -> loss=4.8374 (|pool|=4)
  +('text', ('attn', 10, 4)) -> loss=4.3858 (|pool|=5)
  +('vision', ('attn', 22, 1)) -> loss=4.1723 (|pool|=6)
  +('vision', ('attn', 23, 9)) -> loss=4.0678 (|pool|=7)
  +('text', ('attn', 11, 4)) -> loss=3.9257 (|pool|=8)
  +('vision', ('attn', 23, 14)) -> loss=3.7865 (|pool|=9)
  +('text', ('attn', 10, 0)) -> loss=3.6362 (|pool|=10)
  +('vision', ('attn', 23, 1)) -> loss=3.4586 (|pool|=11)
  +('text', ('attn', 10, 6)) -> loss=3.1834 (|pool|=12)
  +('vision', ('attn', 23, 7)) -> loss=2.6808 (|pool|=13)
  +('text', ('attn', 11, 0)) -> loss=2.4506 (|pool|=14)
  +('vision', ('attn', 22, 3)) -> loss=2.2808 (|pool|=15)
  +('text', ('attn', 9, 8)) -> loss=2.1364 (|pool|=16)
  +('vision', ('attn', 23, 0)) -> loss=2.0075 (|pool|=17)
  +('text', ('attn', 10, 1)) -> loss=1.9087 (|pool|=18)
  +('vision', ('attn', 22, 9)) -> loss=1.8410 (|pool|=19)
  +('text', ('attn', 8, 1)) -> loss=1.7914 (|pool|=20)
  +('vision', ('attn', 22, 0)) -> loss=1.7524 (|pool|=21)
  +('text', ('attn', 9, 3)) -> loss=1.7164 (|pool|=22)
  +('vision', ('attn', 22, 2)) -> loss=1.6823 (|pool|=23)
  +('vision', ('attn', 23, 5)) -> loss=1.6555 (|pool|=24)
  +('text', ('mlp', 8, -1)) -> loss=1.6281 (|pool|=25)
  +('vision', ('attn', 22, 11)) -> loss=1.6040 (|pool|=26)
  +('text', ('attn', 8, 7)) -> loss=1.5771 (|pool|=27)
  +('vision', ('attn', 23, 8)) -> loss=1.5419 (|pool|=28)
  +('text', ('attn', 9, 4)) -> loss=1.5213 (|pool|=29)
  +('text', ('attn', 11, 6)) -> loss=1.5052 (|pool|=30)
  +('text', ('mlp', 10, -1)) -> loss=1.4911 (|pool|=31)
  +('text', ('attn', 10, 3)) -> loss=1.4785 (|pool|=32)
  +('vision', ('attn', 22, 12)) -> loss=1.4665 (|pool|=33)
  +('text', ('attn', 10, 10)) -> loss=1.4564 (|pool|=34)
  +('text', ('attn', 7, 8)) -> loss=1.4468 (|pool|=35)
  +('vision', ('attn', 23, 6)) -> loss=1.4370 (|pool|=36)
  +('text', ('attn', 0, 5)) -> loss=1.4286 (|pool|=37)
  +('text', ('attn', 0, 4)) -> loss=1.4212 (|pool|=38)
  +('vision', ('attn', 18, 9)) -> loss=1.4140 (|pool|=39)
  +('vision', ('attn', 17, 5)) -> loss=1.4089 (|pool|=40)
  +('text', ('attn', 5, 1)) -> loss=1.4037 (|pool|=41)
  +('text', ('attn', 11, 11)) -> loss=1.3984 (|pool|=42)
  +('text', ('attn', 0, 7)) -> loss=1.3938 (|pool|=43)
  +('vision', ('attn', 22, 4)) -> loss=1.3891 (|pool|=44)
  +('text', ('attn', 4, 2)) -> loss=1.3848 (|pool|=45)
  +('text', ('attn', 9, 1)) -> loss=1.3806 (|pool|=46)
  +('vision', ('attn', 20, 2)) -> loss=1.3768 (|pool|=47)
  +('vision', ('attn', 21, 9)) -> loss=1.3732 (|pool|=48)
  +('text', ('attn', 0, 0)) -> loss=1.3697 (|pool|=49)
  +('vision', ('attn', 21, 3)) -> loss=1.3663 (|pool|=50)
  +('text', ('attn', 9, 2)) -> loss=1.3632 (|pool|=51)
  +('vision', ('mlp', 6, -1)) -> loss=1.3604 (|pool|=52)
  +('vision', ('attn', 21, 13)) -> loss=1.3577 (|pool|=53)
  +('text', ('attn', 0, 9)) -> loss=1.3551 (|pool|=54)
  +('vision', ('attn', 20, 10)) -> loss=1.3526 (|pool|=55)
  +('text', ('mlp', 11, -1)) -> loss=1.3488 (|pool|=56)
  +('text', ('attn', 11, 3)) -> loss=1.3119 (|pool|=57)
  +('text', ('attn', 11, 7)) -> loss=1.2912 (|pool|=58)
  +('text', ('mlp', 3, -1)) -> loss=1.2783 (|pool|=59)
  +('vision', ('attn', 23, 12)) -> loss=1.2705 (|pool|=60)
  +('text', ('attn', 11, 8)) -> loss=1.2645 (|pool|=61)
  +('vision', ('attn', 21, 5)) -> loss=1.2596 (|pool|=62)
  +('text', ('attn', 10, 7)) -> loss=1.2558 (|pool|=63)
  +('text', ('attn', 8, 9)) -> loss=1.2524 (|pool|=64)
  +('vision', ('attn', 17, 10)) -> loss=1.2491 (|pool|=65)
  +('vision', ('attn', 20, 13)) -> loss=1.2459 (|pool|=66)
  +('text', ('attn', 0, 10)) -> loss=1.2431 (|pool|=67)
  +('vision', ('attn', 23, 13)) -> loss=1.2403 (|pool|=68)
  +('text', ('attn', 7, 6)) -> loss=1.2367 (|pool|=69)
  +('text', ('attn', 9, 9)) -> loss=1.2340 (|pool|=70)
  +('vision', ('attn', 13, 15)) -> loss=1.2316 (|pool|=71)
  +('vision', ('attn', 7, 12)) -> loss=1.2293 (|pool|=72)
  +('text', ('attn', 1, 0)) -> loss=1.2272 (|pool|=73)
  +('vision', ('attn', 18, 3)) -> loss=1.2251 (|pool|=74)
  +('text', ('attn', 2, 2)) -> loss=1.2231 (|pool|=75)
  +('vision', ('attn', 4, 8)) -> loss=1.2211 (|pool|=76)
  +('text', ('attn', 9, 5)) -> loss=1.2193 (|pool|=77)
  +('text', ('attn', 6, 9)) -> loss=1.2175 (|pool|=78)
  +('vision', ('attn', 17, 1)) -> loss=1.2158 (|pool|=79)
  +('vision', ('attn', 21, 12)) -> loss=1.2141 (|pool|=80)
  +('vision', ('mlp', 4, -1)) -> loss=1.2123 (|pool|=81)
  +('text', ('attn', 9, 10)) -> loss=1.2107 (|pool|=82)
  +('vision', ('attn', 19, 13)) -> loss=1.2089 (|pool|=83)
  +('vision', ('mlp', 12, -1)) -> loss=1.2072 (|pool|=84)
  +('vision', ('attn', 20, 0)) -> loss=1.2056 (|pool|=85)
  +('text', ('attn', 4, 8)) -> loss=1.2041 (|pool|=86)
  +('vision', ('attn', 17, 12)) -> loss=1.2027 (|pool|=87)
  +('vision', ('attn', 19, 0)) -> loss=1.2013 (|pool|=88)
  +('vision', ('attn', 11, 1)) -> loss=1.1999 (|pool|=89)
  +('vision', ('attn', 18, 12)) -> loss=1.1985 (|pool|=90)
  +('vision', ('attn', 22, 8)) -> loss=1.1973 (|pool|=91)
  +('vision', ('attn', 9, 6)) -> loss=1.1961 (|pool|=92)
  +('vision', ('attn', 8, 0)) -> loss=1.1949 (|pool|=93)
  +('text', ('attn', 5, 11)) -> loss=1.1937 (|pool|=94)
  +('vision', ('mlp', 7, -1)) -> loss=1.1925 (|pool|=95)
  +('vision', ('attn', 7, 3)) -> loss=1.1913 (|pool|=96)
[ViT-L-14/imagenet] full=71.52  pool(96)=67.40  best prefix(92)=67.54
[ViT-L-14/imagenet] 1000 classes, calibration 1000 pairs, 5000 images total
  seed pair ('vision', ('attn', 23, 2)) + ('text', ('attn', 9, 11))  loss=5.8010
  +('text', ('attn', 10, 9)) -> loss=5.1937 (|pool|=3)
  +('vision', ('attn', 22, 6)) -> loss=4.8507 (|pool|=4)
  +('text', ('attn', 10, 4)) -> loss=4.3811 (|pool|=5)
  +('vision', ('attn', 22, 1)) -> loss=4.1724 (|pool|=6)
  +('vision', ('attn', 23, 9)) -> loss=4.0607 (|pool|=7)
  +('text', ('attn', 11, 4)) -> loss=3.9200 (|pool|=8)
  +('vision', ('attn', 23, 14)) -> loss=3.7718 (|pool|=9)
  +('text', ('attn', 10, 0)) -> loss=3.6282 (|pool|=10)
  +('vision', ('attn', 23, 7)) -> loss=3.4645 (|pool|=11)
  +('text', ('attn', 10, 6)) -> loss=2.9667 (|pool|=12)
  +('vision', ('attn', 23, 1)) -> loss=2.6729 (|pool|=13)
  +('text', ('attn', 11, 0)) -> loss=2.4447 (|pool|=14)
  +('vision', ('attn', 22, 3)) -> loss=2.2824 (|pool|=15)
  +('text', ('attn', 9, 8)) -> loss=2.1410 (|pool|=16)
  +('vision', ('attn', 23, 0)) -> loss=2.0117 (|pool|=17)
  +('text', ('attn', 10, 1)) -> loss=1.9121 (|pool|=18)
  +('vision', ('attn', 22, 9)) -> loss=1.8472 (|pool|=19)
  +('text', ('attn', 8, 1)) -> loss=1.7954 (|pool|=20)
  +('vision', ('attn', 23, 5)) -> loss=1.7507 (|pool|=21)
  +('vision', ('attn', 22, 0)) -> loss=1.7175 (|pool|=22)
  +('text', ('attn', 9, 3)) -> loss=1.6870 (|pool|=23)
  +('vision', ('attn', 22, 2)) -> loss=1.6605 (|pool|=24)
  +('text', ('mlp', 8, -1)) -> loss=1.6344 (|pool|=25)
  +('vision', ('attn', 23, 8)) -> loss=1.6099 (|pool|=26)
  +('text', ('attn', 8, 7)) -> loss=1.5516 (|pool|=27)
  +('text', ('attn', 5, 1)) -> loss=1.5318 (|pool|=28)
  +('vision', ('attn', 22, 11)) -> loss=1.5127 (|pool|=29)
  +('text', ('attn', 10, 11)) -> loss=1.4960 (|pool|=30)
  +('text', ('attn', 9, 4)) -> loss=1.4828 (|pool|=31)
  +('vision', ('attn', 21, 5)) -> loss=1.4702 (|pool|=32)
  +('text', ('attn', 10, 3)) -> loss=1.4600 (|pool|=33)
  +('text', ('mlp', 10, -1)) -> loss=1.4474 (|pool|=34)
  +('text', ('attn', 11, 8)) -> loss=1.4343 (|pool|=35)
  +('text', ('attn', 10, 10)) -> loss=1.4256 (|pool|=36)
  +('vision', ('attn', 23, 6)) -> loss=1.4150 (|pool|=37)
  +('text', ('attn', 0, 4)) -> loss=1.4066 (|pool|=38)
  +('text', ('attn', 0, 5)) -> loss=1.3988 (|pool|=39)
  +('text', ('attn', 7, 8)) -> loss=1.3925 (|pool|=40)
  +('text', ('attn', 9, 2)) -> loss=1.3863 (|pool|=41)
  +('vision', ('attn', 17, 15)) -> loss=1.3808 (|pool|=42)
  +('text', ('attn', 0, 10)) -> loss=1.3759 (|pool|=43)
  +('text', ('attn', 4, 2)) -> loss=1.3709 (|pool|=44)
  +('vision', ('attn', 18, 9)) -> loss=1.3660 (|pool|=45)
  +('vision', ('attn', 16, 10)) -> loss=1.3611 (|pool|=46)
  +('text', ('attn', 0, 1)) -> loss=1.3567 (|pool|=47)
  +('vision', ('attn', 21, 9)) -> loss=1.3524 (|pool|=48)
  +('vision', ('attn', 18, 14)) -> loss=1.3483 (|pool|=49)
  +('text', ('attn', 4, 6)) -> loss=1.3442 (|pool|=50)
  +('vision', ('attn', 22, 4)) -> loss=1.3406 (|pool|=51)
  +('vision', ('attn', 17, 3)) -> loss=1.3372 (|pool|=52)
  +('vision', ('attn', 20, 10)) -> loss=1.3341 (|pool|=53)
  +('text', ('attn', 10, 7)) -> loss=1.3312 (|pool|=54)
  +('vision', ('attn', 22, 14)) -> loss=1.3284 (|pool|=55)
  +('vision', ('attn', 16, 5)) -> loss=1.3255 (|pool|=56)
  +('text', ('attn', 6, 1)) -> loss=1.3227 (|pool|=57)
  +('vision', ('attn', 21, 3)) -> loss=1.3202 (|pool|=58)
  +('text', ('attn', 9, 9)) -> loss=1.3178 (|pool|=59)
  +('text', ('attn', 2, 11)) -> loss=1.3155 (|pool|=60)
  +('text', ('attn', 0, 9)) -> loss=1.3136 (|pool|=61)
  +('vision', ('attn', 21, 8)) -> loss=1.3117 (|pool|=62)
  +('text', ('mlp', 11, -1)) -> loss=1.3066 (|pool|=63)
  +('text', ('attn', 11, 3)) -> loss=1.2794 (|pool|=64)
  +('text', ('attn', 11, 7)) -> loss=1.2642 (|pool|=65)
  +('text', ('attn', 11, 2)) -> loss=1.2545 (|pool|=66)
  +('text', ('attn', 11, 10)) -> loss=1.2495 (|pool|=67)
  +('text', ('attn', 9, 1)) -> loss=1.2457 (|pool|=68)
  +('vision', ('attn', 18, 11)) -> loss=1.2429 (|pool|=69)
  +('vision', ('attn', 20, 0)) -> loss=1.2401 (|pool|=70)
  +('text', ('mlp', 3, -1)) -> loss=1.2373 (|pool|=71)
  +('vision', ('attn', 21, 14)) -> loss=1.2349 (|pool|=72)
  +('text', ('attn', 7, 2)) -> loss=1.2327 (|pool|=73)
  +('vision', ('attn', 20, 1)) -> loss=1.2304 (|pool|=74)
  +('vision', ('attn', 17, 10)) -> loss=1.2281 (|pool|=75)
  +('vision', ('attn', 18, 1)) -> loss=1.2262 (|pool|=76)
  +('vision', ('attn', 13, 15)) -> loss=1.2244 (|pool|=77)
  +('text', ('attn', 6, 6)) -> loss=1.2226 (|pool|=78)
  +('text', ('attn', 8, 9)) -> loss=1.2208 (|pool|=79)
  +('text', ('attn', 6, 9)) -> loss=1.2192 (|pool|=80)
  +('vision', ('attn', 18, 3)) -> loss=1.2175 (|pool|=81)
  +('text', ('attn', 0, 11)) -> loss=1.2160 (|pool|=82)
  +('vision', ('attn', 7, 5)) -> loss=1.2145 (|pool|=83)
  +('vision', ('attn', 16, 13)) -> loss=1.2131 (|pool|=84)
  +('text', ('attn', 0, 0)) -> loss=1.2118 (|pool|=85)
  +('vision', ('mlp', 19, -1)) -> loss=1.2103 (|pool|=86)
  +('vision', ('mlp', 18, -1)) -> loss=1.2085 (|pool|=87)
  +('vision', ('mlp', 6, -1)) -> loss=1.2068 (|pool|=88)
  +('vision', ('attn', 17, 1)) -> loss=1.2051 (|pool|=89)
  +('text', ('attn', 9, 5)) -> loss=1.2035 (|pool|=90)
  +('vision', ('attn', 11, 1)) -> loss=1.2021 (|pool|=91)
  +('text', ('attn', 2, 2)) -> loss=1.2006 (|pool|=92)
  +('text', ('attn', 5, 11)) -> loss=1.1993 (|pool|=93)
  +('vision', ('attn', 18, 2)) -> loss=1.1979 (|pool|=94)
  +('text', ('attn', 10, 2)) -> loss=1.1966 (|pool|=95)
  +('vision', ('attn', 20, 2)) -> loss=1.1953 (|pool|=96)
[ViT-L-14/imagenet] full=71.52  pool(96)=67.08  best prefix(82)=67.12
  seed pair ('vision', ('attn', 23, 7)) + ('text', ('attn', 10, 6))  loss=3.1070
  +('text', ('attn', 11, 0)) -> loss=2.7217 (|pool|=3)
  +('vision', ('attn', 23, 1)) -> loss=2.2953 (|pool|=4)
  +('text', ('attn', 11, 4)) -> loss=1.9341 (|pool|=5)
  +('vision', ('attn', 22, 2)) -> loss=1.6320 (|pool|=6)
  +('text', ('attn', 10, 1)) -> loss=1.4549 (|pool|=7)
  +('vision', ('attn', 23, 0)) -> loss=1.2156 (|pool|=8)
  +('text', ('attn', 8, 1)) -> loss=1.1076 (|pool|=9)
  +('vision', ('attn', 22, 9)) -> loss=1.0124 (|pool|=10)
  +('vision', ('attn', 23, 5)) -> loss=0.9389 (|pool|=11)
  +('text', ('attn', 11, 6)) -> loss=0.8529 (|pool|=12)
  +('text', ('mlp', 9, -1)) -> loss=0.7965 (|pool|=13)
  +('vision', ('attn', 23, 3)) -> loss=0.7341 (|pool|=14)
  +('vision', ('attn', 23, 8)) -> loss=0.6942 (|pool|=15)
  +('text', ('attn', 10, 3)) -> loss=0.6339 (|pool|=16)
  +('text', ('attn', 8, 7)) -> loss=0.5998 (|pool|=17)
  +('vision', ('attn', 22, 6)) -> loss=0.5629 (|pool|=18)
  +('text', ('attn', 10, 4)) -> loss=0.5190 (|pool|=19)
  +('text', ('attn', 9, 4)) -> loss=0.4977 (|pool|=20)
  +('text', ('mlp', 7, -1)) -> loss=0.4753 (|pool|=21)
  +('vision', ('attn', 21, 5)) -> loss=0.4558 (|pool|=22)
  +('text', ('attn', 8, 9)) -> loss=0.4336 (|pool|=23)
  +('text', ('attn', 8, 10)) -> loss=0.4166 (|pool|=24)
  +('text', ('attn', 8, 8)) -> loss=0.4022 (|pool|=25)
  +('vision', ('attn', 21, 7)) -> loss=0.3894 (|pool|=26)
  +('vision', ('attn', 23, 15)) -> loss=0.3781 (|pool|=27)
  +('text', ('mlp', 6, -1)) -> loss=0.3648 (|pool|=28)
  +('vision', ('attn', 22, 11)) -> loss=0.3522 (|pool|=29)
  +('text', ('attn', 11, 11)) -> loss=0.3409 (|pool|=30)
  +('vision', ('attn', 22, 12)) -> loss=0.3301 (|pool|=31)
  +('vision', ('attn', 21, 12)) -> loss=0.3208 (|pool|=32)
  +('vision', ('attn', 23, 14)) -> loss=0.3093 (|pool|=33)
  +('vision', ('attn', 21, 15)) -> loss=0.2994 (|pool|=34)
  +('vision', ('attn', 21, 4)) -> loss=0.2907 (|pool|=35)
  +('vision', ('attn', 23, 6)) -> loss=0.2815 (|pool|=36)
  +('text', ('attn', 6, 2)) -> loss=0.2685 (|pool|=37)
  +('text', ('attn', 7, 3)) -> loss=0.2610 (|pool|=38)
  +('text', ('attn', 9, 2)) -> loss=0.2546 (|pool|=39)
  +('vision', ('attn', 21, 10)) -> loss=0.2473 (|pool|=40)
  +('text', ('attn', 7, 4)) -> loss=0.2406 (|pool|=41)
  +('text', ('attn', 11, 5)) -> loss=0.2330 (|pool|=42)
  +('vision', ('attn', 22, 7)) -> loss=0.2274 (|pool|=43)
  +('text', ('attn', 9, 10)) -> loss=0.2224 (|pool|=44)
  +('text', ('attn', 0, 5)) -> loss=0.2178 (|pool|=45)
  +('vision', ('attn', 21, 0)) -> loss=0.2132 (|pool|=46)
  +('text', ('attn', 0, 4)) -> loss=0.2086 (|pool|=47)
  +('vision', ('attn', 22, 0)) -> loss=0.2046 (|pool|=48)
  +('vision', ('attn', 23, 13)) -> loss=0.2004 (|pool|=49)
  +('vision', ('attn', 9, 7)) -> loss=0.1966 (|pool|=50)
  +('vision', ('attn', 22, 5)) -> loss=0.1931 (|pool|=51)
  +('vision', ('attn', 20, 6)) -> loss=0.1896 (|pool|=52)
  +('vision', ('attn', 23, 4)) -> loss=0.1852 (|pool|=53)
  +('text', ('attn', 5, 2)) -> loss=0.1795 (|pool|=54)
  +('vision', ('attn', 19, 9)) -> loss=0.1760 (|pool|=55)
  +('vision', ('attn', 6, 15)) -> loss=0.1729 (|pool|=56)
  +('text', ('attn', 3, 6)) -> loss=0.1697 (|pool|=57)
  +('vision', ('attn', 15, 3)) -> loss=0.1668 (|pool|=58)
  +('vision', ('attn', 21, 9)) -> loss=0.1640 (|pool|=59)
  +('text', ('attn', 9, 7)) -> loss=0.1610 (|pool|=60)
  +('vision', ('attn', 20, 4)) -> loss=0.1572 (|pool|=61)
  +('vision', ('attn', 18, 14)) -> loss=0.1535 (|pool|=62)
  +('vision', ('mlp', 12, -1)) -> loss=0.1505 (|pool|=63)
  +('vision', ('attn', 20, 14)) -> loss=0.1472 (|pool|=64)
  +('vision', ('attn', 19, 0)) -> loss=0.1444 (|pool|=65)
  +('vision', ('attn', 15, 1)) -> loss=0.1422 (|pool|=66)
  +('vision', ('attn', 19, 5)) -> loss=0.1403 (|pool|=67)
  +('text', ('attn', 8, 5)) -> loss=0.1385 (|pool|=68)
  +('vision', ('attn', 11, 1)) -> loss=0.1368 (|pool|=69)
  +('vision', ('attn', 20, 7)) -> loss=0.1350 (|pool|=70)
  +('vision', ('attn', 17, 1)) -> loss=0.1333 (|pool|=71)
  +('text', ('attn', 3, 1)) -> loss=0.1317 (|pool|=72)
  +('vision', ('attn', 11, 15)) -> loss=0.1302 (|pool|=73)
  +('vision', ('attn', 8, 2)) -> loss=0.1286 (|pool|=74)
  +('vision', ('attn', 17, 11)) -> loss=0.1271 (|pool|=75)
  +('vision', ('attn', 10, 11)) -> loss=0.1256 (|pool|=76)
  +('vision', ('attn', 20, 13)) -> loss=0.1241 (|pool|=77)
  +('vision', ('attn', 19, 4)) -> loss=0.1226 (|pool|=78)
  +('vision', ('attn', 4, 8)) -> loss=0.1212 (|pool|=79)
  +('vision', ('attn', 18, 6)) -> loss=0.1200 (|pool|=80)
  +('vision', ('attn', 21, 1)) -> loss=0.1185 (|pool|=81)
  +('vision', ('attn', 6, 6)) -> loss=0.1172 (|pool|=82)
  +('text', ('attn', 0, 11)) -> loss=0.1158 (|pool|=83)
  +('text', ('attn', 7, 5)) -> loss=0.1145 (|pool|=84)
  +('vision', ('attn', 17, 8)) -> loss=0.1133 (|pool|=85)
  +('vision', ('attn', 21, 2)) -> loss=0.1119 (|pool|=86)
  +('text', ('attn', 9, 0)) -> loss=0.1108 (|pool|=87)
  +('vision', ('attn', 20, 15)) -> loss=0.1096 (|pool|=88)
  +('vision', ('attn', 16, 3)) -> loss=0.1084 (|pool|=89)
  +('vision', ('attn', 6, 0)) -> loss=0.1074 (|pool|=90)
  +('text', ('attn', 0, 9)) -> loss=0.1063 (|pool|=91)
  +('vision', ('attn', 9, 6)) -> loss=0.1053 (|pool|=92)
  +('text', ('attn', 7, 7)) -> loss=0.1041 (|pool|=93)
  +('vision', ('attn', 23, 10)) -> loss=0.1027 (|pool|=94)
  +('vision', ('attn', 19, 8)) -> loss=0.1017 (|pool|=95)
  +('vision', ('attn', 8, 6)) -> loss=0.1007 (|pool|=96)
   model    n      method size   R@1_i2t   R@5_i2t  R@10_i2t  medr_i2t  meanr_i2t   R@1_t2i   R@5_t2i  R@10_t2i  medr_t2i  meanr_t2i       rsum
ViT-L-14  500 greedy pool   96 60.000002 89.800000 97.200000       1.0   2.504000 56.199998 88.400000 96.399999       1.0   2.856000 488.000000
ViT-L-14  500  full model  all 72.000003 95.599997 98.799998       1.0   1.760000 72.200000 94.599998 99.000001       1.0   1.810000 532.199997
ViT-L-14 1000 greedy pool   96 46.799999 78.899997 89.800000       2.0   4.745000 46.700001 77.100003 88.000000       2.0   5.277000 427.300000
ViT-L-14 1000  full model  all 63.700002 90.200001 95.800000       1.0   2.657000 63.700002 87.699997 94.700003       1.0   3.014000 495.800006
ViT-L-14 2500 greedy pool   96 36.280000 66.000003 76.560003       3.0  11.882400 35.280001 63.679999 75.080001       3.0  14.184000 352.880007
ViT-L-14 2500  full model  all 53.960001 79.799998 88.400000       1.0   5.295600 52.520001 78.920001 87.279999       1.0   7.712400 440.880001
ViT-L-14 5000 greedy pool   96 28.560001 55.919999 67.280000       4.0  23.434999 28.259999 53.240001 63.739997       5.0  28.974001 296.999997
ViT-L-14 5000  full model  all 46.219999 71.859998 80.879998       2.0  10.126600 45.840001 70.380002 79.900002       2.0  16.197400 395.080000
[ViT-L-14] wrote greedy_pool_{eval,trace,pool}
[ViT-H-14/fairface] 7 classes, calibration 7 pairs, 3500 images total
  seed pair ('vision', ('attn', 31, 8)) + ('text', ('attn', 22, 1))  loss=1.7997
  +('vision', ('attn', 30, 12)) -> loss=1.7014 (|pool|=3)
  +('text', ('attn', 17, 5)) -> loss=1.6216 (|pool|=4)
  +('vision', ('attn', 31, 1)) -> loss=1.5158 (|pool|=5)
  +('text', ('mlp', 22, -1)) -> loss=1.4089 (|pool|=6)
  +('vision', ('attn', 27, 10)) -> loss=1.3051 (|pool|=7)
  +('text', ('attn', 19, 11)) -> loss=1.1919 (|pool|=8)
  +('vision', ('attn', 27, 7)) -> loss=1.1411 (|pool|=9)
  +('text', ('mlp', 6, -1)) -> loss=1.0870 (|pool|=10)
  +('vision', ('attn', 29, 8)) -> loss=1.0415 (|pool|=11)
  +('vision', ('mlp', 14, -1)) -> loss=0.9985 (|pool|=12)
  +('vision', ('attn', 31, 5)) -> loss=0.9599 (|pool|=13)
  +('vision', ('mlp', 21, -1)) -> loss=0.8760 (|pool|=14)
  +('vision', ('attn', 31, 2)) -> loss=0.8560 (|pool|=15)
  +('vision', ('mlp', 27, -1)) -> loss=0.8345 (|pool|=16)
  +('text', ('attn', 2, 6)) -> loss=0.8161 (|pool|=17)
  +('vision', ('attn', 29, 13)) -> loss=0.7999 (|pool|=18)
  +('vision', ('attn', 24, 8)) -> loss=0.7861 (|pool|=19)
  +('text', ('attn', 4, 7)) -> loss=0.7738 (|pool|=20)
  +('vision', ('attn', 29, 11)) -> loss=0.7628 (|pool|=21)
  +('text', ('attn', 16, 5)) -> loss=0.7487 (|pool|=22)
  +('vision', ('attn', 30, 6)) -> loss=0.7346 (|pool|=23)
  +('vision', ('mlp', 25, -1)) -> loss=0.7101 (|pool|=24)
  +('text', ('attn', 0, 15)) -> loss=0.6954 (|pool|=25)
  +('vision', ('mlp', 15, -1)) -> loss=0.6797 (|pool|=26)
  +('text', ('attn', 11, 4)) -> loss=0.6638 (|pool|=27)
  +('text', ('attn', 18, 12)) -> loss=0.6527 (|pool|=28)
  +('text', ('attn', 23, 14)) -> loss=0.6419 (|pool|=29)
  +('vision', ('attn', 25, 1)) -> loss=0.6320 (|pool|=30)
  +('vision', ('mlp', 16, -1)) -> loss=0.6225 (|pool|=31)
  +('vision', ('attn', 31, 13)) -> loss=0.6106 (|pool|=32)
  +('text', ('attn', 3, 10)) -> loss=0.6016 (|pool|=33)
  +('vision', ('attn', 9, 2)) -> loss=0.5929 (|pool|=34)
  +('vision', ('attn', 23, 12)) -> loss=0.5848 (|pool|=35)
  +('vision', ('attn', 28, 12)) -> loss=0.5757 (|pool|=36)
  +('text', ('attn', 8, 0)) -> loss=0.5677 (|pool|=37)
  +('vision', ('attn', 25, 9)) -> loss=0.5599 (|pool|=38)
  +('text', ('attn', 17, 0)) -> loss=0.5524 (|pool|=39)
  +('text', ('attn', 19, 6)) -> loss=0.5449 (|pool|=40)
  +('vision', ('attn', 13, 10)) -> loss=0.5374 (|pool|=41)
  +('text', ('attn', 12, 14)) -> loss=0.5302 (|pool|=42)
  +('text', ('attn', 4, 9)) -> loss=0.5230 (|pool|=43)
  +('text', ('attn', 20, 5)) -> loss=0.5162 (|pool|=44)
  +('text', ('attn', 23, 4)) -> loss=0.5098 (|pool|=45)
  +('text', ('attn', 23, 2)) -> loss=0.5030 (|pool|=46)
  +('text', ('attn', 9, 4)) -> loss=0.4967 (|pool|=47)
  +('text', ('attn', 19, 4)) -> loss=0.4904 (|pool|=48)
  +('text', ('attn', 21, 12)) -> loss=0.4840 (|pool|=49)
  +('vision', ('attn', 31, 3)) -> loss=0.4774 (|pool|=50)
  +('vision', ('attn', 30, 10)) -> loss=0.4705 (|pool|=51)
  +('vision', ('attn', 31, 14)) -> loss=0.4643 (|pool|=52)
  +('text', ('mlp', 14, -1)) -> loss=0.4550 (|pool|=53)
  +('text', ('mlp', 15, -1)) -> loss=0.4395 (|pool|=54)
  +('vision', ('attn', 29, 10)) -> loss=0.4311 (|pool|=55)
  +('vision', ('attn', 31, 7)) -> loss=0.4237 (|pool|=56)
  +('text', ('attn', 17, 10)) -> loss=0.4170 (|pool|=57)
  +('vision', ('attn', 21, 4)) -> loss=0.4107 (|pool|=58)
  +('vision', ('attn', 30, 1)) -> loss=0.4031 (|pool|=59)
  +('vision', ('attn', 25, 4)) -> loss=0.3968 (|pool|=60)
  +('vision', ('attn', 30, 5)) -> loss=0.3910 (|pool|=61)
  +('text', ('attn', 3, 2)) -> loss=0.3853 (|pool|=62)
  +('text', ('attn', 21, 3)) -> loss=0.3802 (|pool|=63)
  +('vision', ('attn', 23, 1)) -> loss=0.3753 (|pool|=64)
  +('vision', ('attn', 11, 9)) -> loss=0.3709 (|pool|=65)
  +('text', ('attn', 10, 15)) -> loss=0.3664 (|pool|=66)
  +('text', ('attn', 18, 4)) -> loss=0.3619 (|pool|=67)
  +('vision', ('attn', 13, 3)) -> loss=0.3575 (|pool|=68)
  +('text', ('attn', 1, 5)) -> loss=0.3530 (|pool|=69)
  +('vision', ('attn', 10, 1)) -> loss=0.3486 (|pool|=70)
  +('text', ('attn', 5, 9)) -> loss=0.3445 (|pool|=71)
  +('vision', ('attn', 26, 13)) -> loss=0.3404 (|pool|=72)
  +('vision', ('mlp', 9, -1)) -> loss=0.3366 (|pool|=73)
  +('vision', ('attn', 29, 3)) -> loss=0.3320 (|pool|=74)
  +('text', ('attn', 1, 11)) -> loss=0.3280 (|pool|=75)
  +('vision', ('attn', 27, 4)) -> loss=0.3242 (|pool|=76)
  +('vision', ('attn', 31, 9)) -> loss=0.3199 (|pool|=77)
  +('vision', ('attn', 23, 0)) -> loss=0.3149 (|pool|=78)
  +('vision', ('attn', 18, 0)) -> loss=0.3106 (|pool|=79)
  +('vision', ('attn', 29, 6)) -> loss=0.3073 (|pool|=80)
  +('vision', ('attn', 26, 4)) -> loss=0.3041 (|pool|=81)
  +('vision', ('attn', 26, 5)) -> loss=0.3010 (|pool|=82)
  +('vision', ('attn', 21, 15)) -> loss=0.2979 (|pool|=83)
  +('vision', ('attn', 15, 12)) -> loss=0.2949 (|pool|=84)
  +('vision', ('attn', 13, 9)) -> loss=0.2922 (|pool|=85)
  +('vision', ('attn', 23, 11)) -> loss=0.2894 (|pool|=86)
  +('text', ('attn', 9, 9)) -> loss=0.2866 (|pool|=87)
  +('text', ('attn', 7, 8)) -> loss=0.2837 (|pool|=88)
  +('text', ('mlp', 18, -1)) -> loss=0.2794 (|pool|=89)
  +('vision', ('attn', 10, 0)) -> loss=0.2740 (|pool|=90)
  +('text', ('attn', 10, 0)) -> loss=0.2704 (|pool|=91)
  +('vision', ('attn', 6, 12)) -> loss=0.2670 (|pool|=92)
  +('vision', ('attn', 28, 14)) -> loss=0.2635 (|pool|=93)
  +('text', ('attn', 13, 10)) -> loss=0.2587 (|pool|=94)
  +('vision', ('attn', 9, 13)) -> loss=0.2551 (|pool|=95)
  +('vision', ('attn', 8, 2)) -> loss=0.2521 (|pool|=96)
[ViT-H-14/fairface] full=44.26  pool(96)=55.83  best prefix(30)=66.17
[ViT-H-14/fairface] 7 classes, calibration 7 pairs, 3500 images total
  seed pair ('vision', ('attn', 31, 8)) + ('text', ('attn', 22, 1))  loss=1.8036
  +('vision', ('mlp', 31, -1)) -> loss=1.6957 (|pool|=3)
  +('text', ('attn', 19, 11)) -> loss=1.5757 (|pool|=4)
  +('vision', ('attn', 30, 12)) -> loss=1.4157 (|pool|=5)
  +('text', ('attn', 13, 10)) -> loss=1.3270 (|pool|=6)
  +('vision', ('attn', 27, 7)) -> loss=1.2254 (|pool|=7)
  +('vision', ('attn', 30, 15)) -> loss=1.1525 (|pool|=8)
  +('text', ('attn', 17, 5)) -> loss=1.0801 (|pool|=9)
  +('vision', ('attn', 31, 1)) -> loss=0.9926 (|pool|=10)
  +('vision', ('mlp', 29, -1)) -> loss=0.9139 (|pool|=11)
  +('text', ('mlp', 12, -1)) -> loss=0.8368 (|pool|=12)
  +('text', ('mlp', 5, -1)) -> loss=0.7462 (|pool|=13)
  +('vision', ('attn', 31, 5)) -> loss=0.6998 (|pool|=14)
  +('text', ('attn', 23, 7)) -> loss=0.6663 (|pool|=15)
  +('vision', ('attn', 28, 14)) -> loss=0.6366 (|pool|=16)
  +('text', ('attn', 18, 4)) -> loss=0.6067 (|pool|=17)
  +('text', ('attn', 0, 2)) -> loss=0.5816 (|pool|=18)
  +('vision', ('mlp', 26, -1)) -> loss=0.5545 (|pool|=19)
  +('vision', ('attn', 27, 10)) -> loss=0.5267 (|pool|=20)
  +('vision', ('attn', 29, 8)) -> loss=0.4997 (|pool|=21)
  +('text', ('attn', 23, 10)) -> loss=0.4788 (|pool|=22)
  +('text', ('mlp', 13, -1)) -> loss=0.4593 (|pool|=23)
  +('vision', ('attn', 19, 8)) -> loss=0.4422 (|pool|=24)
  +('text', ('attn', 20, 12)) -> loss=0.4263 (|pool|=25)
  +('vision', ('attn', 21, 8)) -> loss=0.4120 (|pool|=26)
  +('text', ('attn', 3, 10)) -> loss=0.3978 (|pool|=27)
  +('vision', ('attn', 12, 13)) -> loss=0.3842 (|pool|=28)
  +('text', ('attn', 0, 12)) -> loss=0.3710 (|pool|=29)
  +('text', ('mlp', 4, -1)) -> loss=0.3570 (|pool|=30)
  +('vision', ('attn', 29, 14)) -> loss=0.3457 (|pool|=31)
  +('vision', ('attn', 29, 10)) -> loss=0.3347 (|pool|=32)
  +('text', ('attn', 20, 6)) -> loss=0.3236 (|pool|=33)
  +('text', ('attn', 22, 4)) -> loss=0.3129 (|pool|=34)
  +('vision', ('mlp', 15, -1)) -> loss=0.3041 (|pool|=35)
  +('text', ('attn', 0, 11)) -> loss=0.2947 (|pool|=36)
  +('vision', ('mlp', 23, -1)) -> loss=0.2862 (|pool|=37)
  +('vision', ('attn', 31, 15)) -> loss=0.2756 (|pool|=38)
  +('text', ('mlp', 21, -1)) -> loss=0.2669 (|pool|=39)
  +('text', ('attn', 0, 0)) -> loss=0.2531 (|pool|=40)
  +('vision', ('attn', 30, 0)) -> loss=0.2433 (|pool|=41)
  +('text', ('attn', 20, 4)) -> loss=0.2354 (|pool|=42)
  +('vision', ('attn', 27, 11)) -> loss=0.2280 (|pool|=43)
  +('vision', ('attn', 17, 15)) -> loss=0.2214 (|pool|=44)
  +('text', ('attn', 6, 9)) -> loss=0.2151 (|pool|=45)
  +('vision', ('attn', 30, 8)) -> loss=0.2094 (|pool|=46)
  +('vision', ('mlp', 18, -1)) -> loss=0.2032 (|pool|=47)
  +('vision', ('attn', 30, 3)) -> loss=0.1969 (|pool|=48)
  +('text', ('attn', 19, 13)) -> loss=0.1919 (|pool|=49)
  +('vision', ('attn', 15, 0)) -> loss=0.1869 (|pool|=50)
  +('vision', ('attn', 22, 15)) -> loss=0.1822 (|pool|=51)
  +('text', ('attn', 19, 6)) -> loss=0.1774 (|pool|=52)
  +('text', ('mlp', 11, -1)) -> loss=0.1733 (|pool|=53)
  +('vision', ('attn', 22, 13)) -> loss=0.1689 (|pool|=54)
  +('vision', ('mlp', 22, -1)) -> loss=0.1647 (|pool|=55)
  +('text', ('attn', 19, 14)) -> loss=0.1575 (|pool|=56)
  +('text', ('attn', 11, 4)) -> loss=0.1532 (|pool|=57)
  +('vision', ('attn', 20, 7)) -> loss=0.1496 (|pool|=58)
  +('text', ('attn', 2, 6)) -> loss=0.1463 (|pool|=59)
  +('vision', ('attn', 6, 0)) -> loss=0.1427 (|pool|=60)
  +('vision', ('attn', 23, 9)) -> loss=0.1395 (|pool|=61)
  +('vision', ('attn', 18, 3)) -> loss=0.1366 (|pool|=62)
  +('text', ('attn', 9, 13)) -> loss=0.1340 (|pool|=63)
  +('vision', ('attn', 23, 14)) -> loss=0.1315 (|pool|=64)
  +('text', ('attn', 18, 12)) -> loss=0.1290 (|pool|=65)
  +('text', ('mlp', 22, -1)) -> loss=0.1240 (|pool|=66)
  +('text', ('attn', 14, 0)) -> loss=0.1202 (|pool|=67)
  +('vision', ('attn', 9, 15)) -> loss=0.1170 (|pool|=68)
  +('vision', ('attn', 28, 12)) -> loss=0.1142 (|pool|=69)
  +('vision', ('attn', 30, 14)) -> loss=0.1115 (|pool|=70)
  +('vision', ('attn', 29, 13)) -> loss=0.1088 (|pool|=71)
  +('text', ('mlp', 9, -1)) -> loss=0.1064 (|pool|=72)
  +('vision', ('attn', 26, 1)) -> loss=0.1041 (|pool|=73)
  +('vision', ('attn', 7, 3)) -> loss=0.1020 (|pool|=74)
  +('text', ('attn', 22, 3)) -> loss=0.1001 (|pool|=75)
  +('text', ('attn', 9, 9)) -> loss=0.0982 (|pool|=76)
  +('vision', ('attn', 24, 0)) -> loss=0.0965 (|pool|=77)
  +('vision', ('attn', 28, 4)) -> loss=0.0948 (|pool|=78)
  +('text', ('attn', 9, 10)) -> loss=0.0933 (|pool|=79)
  +('vision', ('attn', 28, 10)) -> loss=0.0917 (|pool|=80)
  +('vision', ('attn', 27, 2)) -> loss=0.0901 (|pool|=81)
  +('text', ('attn', 23, 5)) -> loss=0.0886 (|pool|=82)
  +('vision', ('attn', 11, 9)) -> loss=0.0872 (|pool|=83)
  +('text', ('attn', 4, 12)) -> loss=0.0857 (|pool|=84)
  +('text', ('attn', 19, 8)) -> loss=0.0843 (|pool|=85)
  +('text', ('attn', 4, 9)) -> loss=0.0830 (|pool|=86)
  +('vision', ('mlp', 16, -1)) -> loss=0.0815 (|pool|=87)
  +('text', ('attn', 0, 15)) -> loss=0.0801 (|pool|=88)
  +('vision', ('attn', 10, 10)) -> loss=0.0783 (|pool|=89)
  +('vision', ('attn', 29, 1)) -> loss=0.0769 (|pool|=90)
  +('vision', ('attn', 20, 8)) -> loss=0.0756 (|pool|=91)
  +('vision', ('attn', 13, 13)) -> loss=0.0745 (|pool|=92)
  +('vision', ('attn', 29, 3)) -> loss=0.0732 (|pool|=93)
  +('text', ('attn', 21, 12)) -> loss=0.0720 (|pool|=94)
  +('vision', ('attn', 4, 8)) -> loss=0.0708 (|pool|=95)
  +('vision', ('attn', 13, 9)) -> loss=0.0698 (|pool|=96)
[ViT-H-14/fairface] full=44.26  pool(96)=68.26  best prefix(66)=69.63
[ViT-H-14/fairface] 7 classes, calibration 7 pairs, 3500 images total
  seed pair ('vision', ('attn', 30, 12)) + ('text', ('attn', 22, 1))  loss=1.7362
  +('vision', ('attn', 30, 15)) -> loss=1.5873 (|pool|=3)
  +('text', ('attn', 19, 11)) -> loss=1.4321 (|pool|=4)
  +('vision', ('attn', 31, 8)) -> loss=1.2746 (|pool|=5)
  +('text', ('attn', 13, 10)) -> loss=1.1760 (|pool|=6)
  +('vision', ('attn', 30, 6)) -> loss=1.0991 (|pool|=7)
  +('text', ('attn', 17, 5)) -> loss=0.9699 (|pool|=8)
  +('text', ('mlp', 12, -1)) -> loss=0.8827 (|pool|=9)
  +('vision', ('attn', 30, 3)) -> loss=0.8031 (|pool|=10)
  +('vision', ('attn', 31, 14)) -> loss=0.7486 (|pool|=11)
  +('vision', ('attn', 28, 6)) -> loss=0.7033 (|pool|=12)
  +('text', ('attn', 23, 7)) -> loss=0.6629 (|pool|=13)
  +('vision', ('attn', 27, 10)) -> loss=0.6232 (|pool|=14)
  +('vision', ('mlp', 16, -1)) -> loss=0.5895 (|pool|=15)
  +('text', ('attn', 20, 12)) -> loss=0.5584 (|pool|=16)
  +('vision', ('attn', 31, 5)) -> loss=0.5344 (|pool|=17)
  +('text', ('mlp', 5, -1)) -> loss=0.5110 (|pool|=18)
  +('vision', ('mlp', 11, -1)) -> loss=0.4889 (|pool|=19)
  +('vision', ('attn', 27, 7)) -> loss=0.4682 (|pool|=20)
  +('text', ('attn', 3, 10)) -> loss=0.4476 (|pool|=21)
  +('text', ('attn', 18, 12)) -> loss=0.4282 (|pool|=22)
  +('text', ('attn', 23, 4)) -> loss=0.4098 (|pool|=23)
  +('vision', ('attn', 21, 8)) -> loss=0.3919 (|pool|=24)
  +('vision', ('attn', 29, 0)) -> loss=0.3759 (|pool|=25)
  +('text', ('attn', 18, 4)) -> loss=0.3602 (|pool|=26)
  +('vision', ('attn', 28, 14)) -> loss=0.3455 (|pool|=27)
  +('text', ('attn', 0, 7)) -> loss=0.3309 (|pool|=28)
  +('vision', ('attn', 31, 0)) -> loss=0.3178 (|pool|=29)
  +('text', ('mlp', 4, -1)) -> loss=0.3073 (|pool|=30)
  +('vision', ('mlp', 19, -1)) -> loss=0.2968 (|pool|=31)
  +('text', ('attn', 0, 11)) -> loss=0.2864 (|pool|=32)
  +('vision', ('attn', 23, 0)) -> loss=0.2771 (|pool|=33)
  +('text', ('attn', 22, 4)) -> loss=0.2684 (|pool|=34)
  +('vision', ('attn', 30, 5)) -> loss=0.2592 (|pool|=35)
  +('text', ('attn', 14, 0)) -> loss=0.2516 (|pool|=36)
  +('vision', ('attn', 30, 14)) -> loss=0.2449 (|pool|=37)
  +('text', ('attn', 19, 14)) -> loss=0.2386 (|pool|=38)
  +('text', ('attn', 12, 14)) -> loss=0.2330 (|pool|=39)
  +('text', ('attn', 9, 13)) -> loss=0.2277 (|pool|=40)
  +('text', ('attn', 19, 13)) -> loss=0.2226 (|pool|=41)
  +('vision', ('attn', 29, 8)) -> loss=0.2175 (|pool|=42)
  +('vision', ('mlp', 9, -1)) -> loss=0.2125 (|pool|=43)
  +('text', ('attn', 3, 3)) -> loss=0.2080 (|pool|=44)
  +('vision', ('attn', 29, 11)) -> loss=0.2025 (|pool|=45)
  +('vision', ('mlp', 2, -1)) -> loss=0.1962 (|pool|=46)
  +('text', ('attn', 20, 4)) -> loss=0.1913 (|pool|=47)
  +('vision', ('mlp', 23, -1)) -> loss=0.1844 (|pool|=48)
  +('text', ('attn', 19, 9)) -> loss=0.1806 (|pool|=49)
  +('vision', ('attn', 22, 10)) -> loss=0.1769 (|pool|=50)
  +('text', ('attn', 14, 14)) -> loss=0.1735 (|pool|=51)
  +('vision', ('attn', 17, 15)) -> loss=0.1702 (|pool|=52)
  +('vision', ('attn', 23, 12)) -> loss=0.1669 (|pool|=53)
  +('text', ('attn', 23, 14)) -> loss=0.1639 (|pool|=54)
  +('text', ('attn', 22, 14)) -> loss=0.1606 (|pool|=55)
  +('vision', ('attn', 31, 13)) -> loss=0.1545 (|pool|=56)
  +('text', ('attn', 22, 11)) -> loss=0.1488 (|pool|=57)
  +('text', ('attn', 0, 9)) -> loss=0.1452 (|pool|=58)
  +('text', ('attn', 5, 1)) -> loss=0.1421 (|pool|=59)
  +('vision', ('attn', 22, 15)) -> loss=0.1393 (|pool|=60)
  +('vision', ('attn', 24, 6)) -> loss=0.1365 (|pool|=61)
  +('vision', ('attn', 31, 11)) -> loss=0.1340 (|pool|=62)
  +('vision', ('attn', 31, 10)) -> loss=0.1313 (|pool|=63)
  +('vision', ('attn', 11, 10)) -> loss=0.1289 (|pool|=64)
  +('text', ('attn', 2, 7)) -> loss=0.1267 (|pool|=65)
  +('text', ('attn', 3, 2)) -> loss=0.1245 (|pool|=66)
  +('text', ('attn', 18, 1)) -> loss=0.1223 (|pool|=67)
  +('text', ('attn', 8, 6)) -> loss=0.1203 (|pool|=68)
  +('text', ('attn', 4, 5)) -> loss=0.1182 (|pool|=69)
  +('vision', ('attn', 6, 13)) -> loss=0.1163 (|pool|=70)
  +('vision', ('attn', 7, 2)) -> loss=0.1144 (|pool|=71)
  +('text', ('attn', 20, 7)) -> loss=0.1125 (|pool|=72)
  +('vision', ('attn', 9, 9)) -> loss=0.1101 (|pool|=73)
  +('vision', ('attn', 11, 13)) -> loss=0.1082 (|pool|=74)
  +('text', ('attn', 21, 13)) -> loss=0.1062 (|pool|=75)
  +('text', ('attn', 23, 10)) -> loss=0.1038 (|pool|=76)
  +('text', ('attn', 21, 5)) -> loss=0.1016 (|pool|=77)
  +('vision', ('attn', 30, 0)) -> loss=0.0994 (|pool|=78)
  +('text', ('attn', 20, 8)) -> loss=0.0972 (|pool|=79)
  +('vision', ('attn', 31, 4)) -> loss=0.0950 (|pool|=80)
  +('vision', ('attn', 29, 15)) -> loss=0.0930 (|pool|=81)
  +('vision', ('attn', 11, 7)) -> loss=0.0912 (|pool|=82)
  +('vision', ('attn', 8, 10)) -> loss=0.0894 (|pool|=83)
  +('vision', ('attn', 31, 3)) -> loss=0.0876 (|pool|=84)
  +('vision', ('attn', 21, 12)) -> loss=0.0860 (|pool|=85)
  +('vision', ('attn', 13, 11)) -> loss=0.0844 (|pool|=86)
  +('vision', ('attn', 7, 7)) -> loss=0.0829 (|pool|=87)
  +('text', ('mlp', 21, -1)) -> loss=0.0811 (|pool|=88)
  +('text', ('attn', 0, 4)) -> loss=0.0768 (|pool|=89)
  +('text', ('attn', 10, 2)) -> loss=0.0741 (|pool|=90)
  +('vision', ('attn', 0, 1)) -> loss=0.0721 (|pool|=91)
  +('text', ('attn', 22, 0)) -> loss=0.0701 (|pool|=92)
  +('vision', ('attn', 18, 3)) -> loss=0.0681 (|pool|=93)
  +('vision', ('attn', 31, 12)) -> loss=0.0664 (|pool|=94)
  +('vision', ('attn', 9, 7)) -> loss=0.0650 (|pool|=95)
  +('vision', ('attn', 26, 5)) -> loss=0.0635 (|pool|=96)
[ViT-H-14/fairface] full=44.26  pool(96)=64.60  best prefix(34)=68.20
[ViT-H-14/CIFAR100] 100 classes, calibration 100 pairs, 2000 images total
  seed pair ('vision', ('attn', 31, 2)) + ('text', ('attn', 20, 2))  loss=4.4054
  +('text', ('attn', 18, 10)) -> loss=4.2656 (|pool|=3)
  +('vision', ('attn', 31, 1)) -> loss=4.0735 (|pool|=4)
  +('vision', ('attn', 30, 8)) -> loss=3.9120 (|pool|=5)
  +('text', ('attn', 15, 15)) -> loss=3.6218 (|pool|=6)
  +('text', ('attn', 16, 14)) -> loss=3.4632 (|pool|=7)
  +('vision', ('attn', 31, 10)) -> loss=3.3434 (|pool|=8)
  +('text', ('attn', 18, 9)) -> loss=3.2122 (|pool|=9)
  +('text', ('attn', 20, 12)) -> loss=3.1120 (|pool|=10)
  +('text', ('attn', 18, 1)) -> loss=3.0218 (|pool|=11)
  +('vision', ('attn', 29, 9)) -> loss=2.9229 (|pool|=12)
  +('vision', ('attn', 30, 0)) -> loss=2.8359 (|pool|=13)
  +('text', ('attn', 17, 10)) -> loss=2.7486 (|pool|=14)
  +('text', ('attn', 17, 8)) -> loss=2.6666 (|pool|=15)
  +('vision', ('attn', 31, 6)) -> loss=2.5740 (|pool|=16)
  +('text', ('attn', 23, 0)) -> loss=2.4581 (|pool|=17)
  +('text', ('attn', 23, 8)) -> loss=2.3707 (|pool|=18)
  +('vision', ('attn', 31, 4)) -> loss=2.1537 (|pool|=19)
  +('text', ('attn', 21, 15)) -> loss=2.0614 (|pool|=20)
  +('vision', ('attn', 31, 13)) -> loss=1.9983 (|pool|=21)
  +('text', ('attn', 23, 7)) -> loss=1.9365 (|pool|=22)
  +('vision', ('attn', 30, 11)) -> loss=1.8756 (|pool|=23)
  +('text', ('attn', 16, 9)) -> loss=1.8197 (|pool|=24)
  +('text', ('attn', 20, 0)) -> loss=1.7733 (|pool|=25)
  +('vision', ('attn', 30, 13)) -> loss=1.7267 (|pool|=26)
  +('text', ('attn', 12, 1)) -> loss=1.6857 (|pool|=27)
  +('text', ('attn', 21, 5)) -> loss=1.6373 (|pool|=28)
  +('vision', ('attn', 30, 7)) -> loss=1.6022 (|pool|=29)
  +('text', ('attn', 19, 2)) -> loss=1.5677 (|pool|=30)
  +('text', ('attn', 11, 9)) -> loss=1.5371 (|pool|=31)
  +('vision', ('attn', 22, 13)) -> loss=1.5072 (|pool|=32)
  +('text', ('attn', 13, 15)) -> loss=1.4800 (|pool|=33)
  +('text', ('attn', 9, 6)) -> loss=1.4530 (|pool|=34)
  +('vision', ('attn', 30, 3)) -> loss=1.4266 (|pool|=35)
  +('text', ('attn', 11, 11)) -> loss=1.4000 (|pool|=36)
  +('text', ('attn', 14, 10)) -> loss=1.3762 (|pool|=37)
  +('text', ('attn', 11, 7)) -> loss=1.3558 (|pool|=38)
  +('text', ('attn', 15, 14)) -> loss=1.3369 (|pool|=39)
  +('text', ('attn', 13, 12)) -> loss=1.3180 (|pool|=40)
  +('text', ('attn', 21, 4)) -> loss=1.3002 (|pool|=41)
  +('vision', ('attn', 30, 14)) -> loss=1.2808 (|pool|=42)
  +('text', ('attn', 19, 3)) -> loss=1.2634 (|pool|=43)
  +('vision', ('attn', 23, 11)) -> loss=1.2462 (|pool|=44)
  +('text', ('attn', 16, 3)) -> loss=1.2292 (|pool|=45)
  +('text', ('attn', 0, 0)) -> loss=1.2130 (|pool|=46)
  +('vision', ('attn', 24, 7)) -> loss=1.1977 (|pool|=47)
  +('text', ('attn', 15, 5)) -> loss=1.1819 (|pool|=48)
  +('vision', ('attn', 29, 11)) -> loss=1.1666 (|pool|=49)
  +('text', ('attn', 20, 15)) -> loss=1.1515 (|pool|=50)
  +('vision', ('attn', 31, 7)) -> loss=1.1356 (|pool|=51)
  +('text', ('attn', 11, 10)) -> loss=1.1193 (|pool|=52)
  +('text', ('attn', 3, 12)) -> loss=1.1048 (|pool|=53)
  +('text', ('attn', 11, 4)) -> loss=1.0908 (|pool|=54)
  +('text', ('attn', 18, 13)) -> loss=1.0772 (|pool|=55)
  +('text', ('attn', 2, 2)) -> loss=1.0640 (|pool|=56)
  +('vision', ('attn', 31, 12)) -> loss=1.0497 (|pool|=57)
  +('text', ('mlp', 22, -1)) -> loss=1.0322 (|pool|=58)
  +('text', ('attn', 23, 13)) -> loss=1.0057 (|pool|=59)
  +('text', ('attn', 22, 14)) -> loss=0.9837 (|pool|=60)
  +('text', ('attn', 20, 14)) -> loss=0.9627 (|pool|=61)
  +('text', ('attn', 22, 2)) -> loss=0.9457 (|pool|=62)
  +('vision', ('attn', 27, 8)) -> loss=0.9310 (|pool|=63)
  +('text', ('attn', 0, 15)) -> loss=0.9178 (|pool|=64)
  +('text', ('attn', 17, 3)) -> loss=0.9065 (|pool|=65)
  +('text', ('attn', 22, 4)) -> loss=0.8956 (|pool|=66)
  +('text', ('attn', 3, 5)) -> loss=0.8855 (|pool|=67)
  +('vision', ('attn', 15, 3)) -> loss=0.8759 (|pool|=68)
  +('text', ('attn', 17, 13)) -> loss=0.8668 (|pool|=69)
  +('vision', ('attn', 23, 12)) -> loss=0.8579 (|pool|=70)
  +('text', ('attn', 0, 11)) -> loss=0.8486 (|pool|=71)
  +('vision', ('attn', 31, 8)) -> loss=0.8387 (|pool|=72)
  +('text', ('attn', 9, 1)) -> loss=0.8299 (|pool|=73)
  +('vision', ('attn', 25, 4)) -> loss=0.8211 (|pool|=74)
  +('vision', ('attn', 22, 7)) -> loss=0.8128 (|pool|=75)
  +('text', ('attn', 2, 1)) -> loss=0.8050 (|pool|=76)
  +('text', ('attn', 19, 10)) -> loss=0.7976 (|pool|=77)
  +('text', ('attn', 12, 8)) -> loss=0.7903 (|pool|=78)
  +('text', ('attn', 16, 4)) -> loss=0.7831 (|pool|=79)
  +('vision', ('mlp', 10, -1)) -> loss=0.7760 (|pool|=80)
  +('vision', ('attn', 14, 8)) -> loss=0.7689 (|pool|=81)
  +('vision', ('attn', 26, 6)) -> loss=0.7622 (|pool|=82)
  +('text', ('attn', 17, 11)) -> loss=0.7556 (|pool|=83)
  +('vision', ('attn', 21, 5)) -> loss=0.7494 (|pool|=84)
  +('vision', ('attn', 29, 3)) -> loss=0.7433 (|pool|=85)
  +('text', ('attn', 15, 0)) -> loss=0.7373 (|pool|=86)
  +('vision', ('attn', 18, 15)) -> loss=0.7314 (|pool|=87)
  +('vision', ('attn', 29, 5)) -> loss=0.7258 (|pool|=88)
  +('vision', ('attn', 28, 7)) -> loss=0.7204 (|pool|=89)
  +('text', ('attn', 21, 0)) -> loss=0.7153 (|pool|=90)
  +('text', ('attn', 17, 15)) -> loss=0.7103 (|pool|=91)
  +('vision', ('attn', 30, 12)) -> loss=0.7052 (|pool|=92)
  +('text', ('attn', 18, 11)) -> loss=0.7003 (|pool|=93)
  +('vision', ('attn', 16, 12)) -> loss=0.6954 (|pool|=94)
  +('vision', ('attn', 26, 15)) -> loss=0.6909 (|pool|=95)
  +('vision', ('mlp', 2, -1)) -> loss=0.6866 (|pool|=96)
[ViT-H-14/CIFAR100] full=74.25  pool(96)=76.30  best prefix(90)=76.55
[ViT-H-14/CIFAR100] 100 classes, calibration 100 pairs, 2000 images total
  seed pair ('vision', ('attn', 31, 2)) + ('text', ('attn', 20, 2))  loss=4.4012
  +('vision', ('attn', 30, 8)) -> loss=4.2713 (|pool|=3)
  +('text', ('attn', 15, 15)) -> loss=3.9958 (|pool|=4)
  +('text', ('attn', 18, 10)) -> loss=3.8218 (|pool|=5)
  +('text', ('attn', 16, 14)) -> loss=3.6643 (|pool|=6)
  +('vision', ('attn', 31, 1)) -> loss=3.5324 (|pool|=7)
  +('vision', ('attn', 31, 10)) -> loss=3.4225 (|pool|=8)
  +('text', ('attn', 18, 9)) -> loss=3.2776 (|pool|=9)
  +('text', ('attn', 18, 1)) -> loss=3.1723 (|pool|=10)
  +('vision', ('attn', 30, 0)) -> loss=3.0727 (|pool|=11)
  +('text', ('attn', 17, 10)) -> loss=2.9832 (|pool|=12)
  +('vision', ('attn', 29, 9)) -> loss=2.9066 (|pool|=13)
  +('text', ('attn', 17, 8)) -> loss=2.8261 (|pool|=14)
  +('vision', ('attn', 31, 6)) -> loss=2.7217 (|pool|=15)
  +('text', ('attn', 23, 0)) -> loss=2.6024 (|pool|=16)
  +('text', ('attn', 23, 8)) -> loss=2.5083 (|pool|=17)
  +('vision', ('attn', 31, 4)) -> loss=2.2898 (|pool|=18)
  +('text', ('attn', 21, 15)) -> loss=2.1993 (|pool|=19)
  +('text', ('attn', 16, 9)) -> loss=2.1253 (|pool|=20)
  +('vision', ('attn', 30, 11)) -> loss=2.0561 (|pool|=21)
  +('text', ('attn', 23, 7)) -> loss=1.9933 (|pool|=22)
  +('text', ('attn', 21, 5)) -> loss=1.9393 (|pool|=23)
  +('vision', ('attn', 30, 7)) -> loss=1.8918 (|pool|=24)
  +('text', ('attn', 20, 0)) -> loss=1.8445 (|pool|=25)
  +('vision', ('attn', 31, 12)) -> loss=1.7990 (|pool|=26)
  +('text', ('attn', 12, 1)) -> loss=1.7574 (|pool|=27)
  +('text', ('attn', 11, 9)) -> loss=1.7223 (|pool|=28)
  +('text', ('attn', 11, 11)) -> loss=1.6876 (|pool|=29)
  +('vision', ('attn', 22, 13)) -> loss=1.6556 (|pool|=30)
  +('vision', ('attn', 31, 13)) -> loss=1.6284 (|pool|=31)
  +('text', ('attn', 22, 14)) -> loss=1.5974 (|pool|=32)
  +('text', ('attn', 9, 6)) -> loss=1.5689 (|pool|=33)
  +('text', ('attn', 13, 15)) -> loss=1.5458 (|pool|=34)
  +('text', ('attn', 14, 10)) -> loss=1.5235 (|pool|=35)
  +('vision', ('attn', 30, 13)) -> loss=1.5001 (|pool|=36)
  +('text', ('attn', 19, 2)) -> loss=1.4780 (|pool|=37)
  +('text', ('mlp', 19, -1)) -> loss=1.4519 (|pool|=38)
  +('text', ('attn', 20, 14)) -> loss=1.4234 (|pool|=39)
  +('text', ('attn', 22, 13)) -> loss=1.4000 (|pool|=40)
  +('text', ('attn', 0, 2)) -> loss=1.3817 (|pool|=41)
  +('vision', ('attn', 23, 11)) -> loss=1.3652 (|pool|=42)
  +('vision', ('attn', 31, 7)) -> loss=1.3497 (|pool|=43)
  +('text', ('attn', 0, 0)) -> loss=1.3335 (|pool|=44)
  +('text', ('attn', 20, 7)) -> loss=1.3174 (|pool|=45)
  +('vision', ('attn', 29, 10)) -> loss=1.3027 (|pool|=46)
  +('text', ('attn', 20, 12)) -> loss=1.2882 (|pool|=47)
  +('text', ('attn', 13, 3)) -> loss=1.2744 (|pool|=48)
  +('text', ('attn', 0, 7)) -> loss=1.2610 (|pool|=49)
  +('text', ('attn', 2, 2)) -> loss=1.2488 (|pool|=50)
  +('text', ('attn', 17, 11)) -> loss=1.2372 (|pool|=51)
  +('vision', ('attn', 29, 11)) -> loss=1.2210 (|pool|=52)
  +('text', ('attn', 20, 15)) -> loss=1.2024 (|pool|=53)
  +('text', ('attn', 11, 10)) -> loss=1.1884 (|pool|=54)
  +('vision', ('attn', 30, 15)) -> loss=1.1774 (|pool|=55)
  +('text', ('attn', 4, 12)) -> loss=1.1668 (|pool|=56)
  +('text', ('attn', 15, 14)) -> loss=1.1565 (|pool|=57)
  +('text', ('attn', 16, 3)) -> loss=1.1462 (|pool|=58)
  +('text', ('attn', 21, 2)) -> loss=1.1373 (|pool|=59)
  +('vision', ('attn', 30, 1)) -> loss=1.1284 (|pool|=60)
  +('text', ('attn', 3, 12)) -> loss=1.1187 (|pool|=61)
  +('text', ('mlp', 13, -1)) -> loss=1.1082 (|pool|=62)
  +('text', ('attn', 23, 13)) -> loss=1.0971 (|pool|=63)
  +('vision', ('attn', 19, 8)) -> loss=1.0887 (|pool|=64)
  +('text', ('attn', 22, 0)) -> loss=1.0805 (|pool|=65)
  +('text', ('attn', 21, 8)) -> loss=1.0728 (|pool|=66)
  +('vision', ('attn', 30, 4)) -> loss=1.0650 (|pool|=67)
  +('text', ('attn', 11, 4)) -> loss=1.0572 (|pool|=68)
  +('text', ('attn', 20, 10)) -> loss=1.0495 (|pool|=69)
  +('vision', ('attn', 29, 3)) -> loss=1.0418 (|pool|=70)
  +('vision', ('attn', 29, 4)) -> loss=1.0346 (|pool|=71)
  +('text', ('attn', 11, 7)) -> loss=1.0276 (|pool|=72)
  +('vision', ('attn', 24, 10)) -> loss=1.0207 (|pool|=73)
  +('vision', ('attn', 30, 10)) -> loss=1.0140 (|pool|=74)
  +('text', ('attn', 13, 8)) -> loss=1.0076 (|pool|=75)
  +('text', ('attn', 1, 2)) -> loss=1.0013 (|pool|=76)
  +('text', ('attn', 16, 1)) -> loss=0.9956 (|pool|=77)
  +('vision', ('attn', 25, 4)) -> loss=0.9899 (|pool|=78)
  +('vision', ('attn', 29, 1)) -> loss=0.9843 (|pool|=79)
  +('text', ('attn', 14, 6)) -> loss=0.9789 (|pool|=80)
  +('text', ('attn', 2, 1)) -> loss=0.9736 (|pool|=81)
  +('vision', ('attn', 21, 3)) -> loss=0.9684 (|pool|=82)
  +('text', ('mlp', 22, -1)) -> loss=0.9621 (|pool|=83)
  +('text', ('attn', 22, 4)) -> loss=0.9482 (|pool|=84)
  +('text', ('attn', 22, 2)) -> loss=0.9368 (|pool|=85)
  +('text', ('attn', 20, 5)) -> loss=0.9281 (|pool|=86)
  +('text', ('attn', 12, 8)) -> loss=0.9201 (|pool|=87)
  +('text', ('attn', 21, 4)) -> loss=0.9127 (|pool|=88)
  +('text', ('attn', 8, 0)) -> loss=0.9060 (|pool|=89)
  +('vision', ('attn', 28, 2)) -> loss=0.8995 (|pool|=90)
  +('text', ('attn', 22, 9)) -> loss=0.8931 (|pool|=91)
  +('text', ('attn', 0, 15)) -> loss=0.8871 (|pool|=92)
  +('text', ('attn', 22, 11)) -> loss=0.8814 (|pool|=93)
  +('vision', ('attn', 23, 1)) -> loss=0.8758 (|pool|=94)
  +('text', ('attn', 0, 12)) -> loss=0.8702 (|pool|=95)
  +('vision', ('attn', 24, 12)) -> loss=0.8645 (|pool|=96)
[ViT-H-14/CIFAR100] full=74.25  pool(96)=76.25  best prefix(94)=76.55
[ViT-H-14/CIFAR100] 100 classes, calibration 100 pairs, 2000 images total
  seed pair ('vision', ('attn', 31, 2)) + ('text', ('attn', 20, 2))  loss=4.3806
  +('vision', ('attn', 30, 8)) -> loss=4.2477 (|pool|=3)
  +('text', ('attn', 15, 15)) -> loss=3.9549 (|pool|=4)
  +('text', ('attn', 18, 10)) -> loss=3.7775 (|pool|=5)
  +('vision', ('attn', 31, 1)) -> loss=3.6047 (|pool|=6)
  +('text', ('attn', 16, 14)) -> loss=3.4594 (|pool|=7)
  +('vision', ('attn', 31, 10)) -> loss=3.3228 (|pool|=8)
  +('text', ('attn', 18, 9)) -> loss=3.1670 (|pool|=9)
  +('text', ('attn', 18, 1)) -> loss=3.0668 (|pool|=10)
  +('vision', ('attn', 30, 0)) -> loss=2.9674 (|pool|=11)
  +('text', ('attn', 17, 10)) -> loss=2.8745 (|pool|=12)
  +('text', ('attn', 20, 12)) -> loss=2.7925 (|pool|=13)
  +('vision', ('attn', 29, 9)) -> loss=2.7167 (|pool|=14)
  +('text', ('attn', 17, 8)) -> loss=2.6378 (|pool|=15)
  +('vision', ('attn', 31, 6)) -> loss=2.5356 (|pool|=16)
  +('text', ('attn', 23, 0)) -> loss=2.4231 (|pool|=17)
  +('text', ('attn', 21, 15)) -> loss=2.3474 (|pool|=18)
  +('vision', ('attn', 31, 4)) -> loss=2.2667 (|pool|=19)
  +('text', ('attn', 23, 8)) -> loss=2.0746 (|pool|=20)
  +('text', ('attn', 16, 9)) -> loss=2.0067 (|pool|=21)
  +('vision', ('attn', 30, 11)) -> loss=1.9321 (|pool|=22)
  +('vision', ('attn', 31, 13)) -> loss=1.8813 (|pool|=23)
  +('text', ('attn', 21, 5)) -> loss=1.8321 (|pool|=24)
  +('text', ('attn', 23, 7)) -> loss=1.7766 (|pool|=25)
  +('vision', ('attn', 31, 14)) -> loss=1.7309 (|pool|=26)
  +('text', ('attn', 20, 0)) -> loss=1.6858 (|pool|=27)
  +('vision', ('attn', 30, 7)) -> loss=1.6421 (|pool|=28)
  +('vision', ('attn', 30, 13)) -> loss=1.6042 (|pool|=29)
  +('text', ('attn', 11, 9)) -> loss=1.5715 (|pool|=30)
  +('vision', ('attn', 22, 13)) -> loss=1.5422 (|pool|=31)
  +('text', ('mlp', 19, -1)) -> loss=1.5122 (|pool|=32)
  +('text', ('attn', 22, 13)) -> loss=1.4730 (|pool|=33)
  +('text', ('attn', 22, 14)) -> loss=1.4394 (|pool|=34)
  +('text', ('attn', 13, 15)) -> loss=1.4127 (|pool|=35)
  +('text', ('attn', 12, 8)) -> loss=1.3898 (|pool|=36)
  +('text', ('attn', 0, 0)) -> loss=1.3672 (|pool|=37)
  +('vision', ('attn', 27, 8)) -> loss=1.3445 (|pool|=38)
  +('text', ('attn', 14, 10)) -> loss=1.3230 (|pool|=39)
  +('text', ('attn', 21, 4)) -> loss=1.3024 (|pool|=40)
  +('vision', ('attn', 19, 10)) -> loss=1.2834 (|pool|=41)
  +('text', ('attn', 22, 5)) -> loss=1.2652 (|pool|=42)
  +('text', ('attn', 9, 6)) -> loss=1.2480 (|pool|=43)
  +('vision', ('attn', 31, 12)) -> loss=1.2303 (|pool|=44)
  +('vision', ('attn', 30, 14)) -> loss=1.2134 (|pool|=45)
  +('vision', ('attn', 31, 7)) -> loss=1.1987 (|pool|=46)
  +('text', ('attn', 11, 10)) -> loss=1.1826 (|pool|=47)
  +('text', ('attn', 11, 11)) -> loss=1.1683 (|pool|=48)
  +('vision', ('attn', 19, 8)) -> loss=1.1550 (|pool|=49)
  +('vision', ('attn', 29, 11)) -> loss=1.1425 (|pool|=50)
  +('text', ('attn', 23, 13)) -> loss=1.1215 (|pool|=51)
  +('text', ('attn', 20, 15)) -> loss=1.1040 (|pool|=52)
  +('text', ('attn', 19, 9)) -> loss=1.0896 (|pool|=53)
  +('text', ('mlp', 13, -1)) -> loss=1.0750 (|pool|=54)
  +('text', ('attn', 0, 2)) -> loss=1.0613 (|pool|=55)
  +('text', ('attn', 17, 11)) -> loss=1.0484 (|pool|=56)
  +('text', ('attn', 3, 12)) -> loss=1.0362 (|pool|=57)
  +('vision', ('attn', 16, 3)) -> loss=1.0241 (|pool|=58)
  +('text', ('attn', 2, 2)) -> loss=1.0130 (|pool|=59)
  +('text', ('attn', 11, 4)) -> loss=1.0033 (|pool|=60)
  +('vision', ('attn', 30, 15)) -> loss=0.9934 (|pool|=61)
  +('text', ('attn', 21, 10)) -> loss=0.9841 (|pool|=62)
  +('text', ('attn', 17, 15)) -> loss=0.9750 (|pool|=63)
  +('vision', ('attn', 28, 2)) -> loss=0.9665 (|pool|=64)
  +('vision', ('attn', 27, 0)) -> loss=0.9581 (|pool|=65)
  +('text', ('attn', 4, 12)) -> loss=0.9503 (|pool|=66)
  +('vision', ('attn', 18, 0)) -> loss=0.9423 (|pool|=67)
  +('vision', ('attn', 30, 10)) -> loss=0.9344 (|pool|=68)
  +('text', ('attn', 3, 5)) -> loss=0.9267 (|pool|=69)
  +('text', ('attn', 16, 1)) -> loss=0.9194 (|pool|=70)
  +('text', ('attn', 16, 4)) -> loss=0.9123 (|pool|=71)
  +('vision', ('attn', 22, 7)) -> loss=0.9053 (|pool|=72)
  +('text', ('attn', 13, 3)) -> loss=0.8987 (|pool|=73)
  +('text', ('attn', 15, 5)) -> loss=0.8922 (|pool|=74)
  +('text', ('attn', 20, 5)) -> loss=0.8860 (|pool|=75)
  +('vision', ('attn', 6, 13)) -> loss=0.8798 (|pool|=76)
  +('text', ('attn', 13, 4)) -> loss=0.8738 (|pool|=77)
  +('text', ('attn', 2, 1)) -> loss=0.8680 (|pool|=78)
  +('text', ('attn', 15, 14)) -> loss=0.8622 (|pool|=79)
  +('text', ('attn', 20, 10)) -> loss=0.8566 (|pool|=80)
  +('text', ('attn', 3, 3)) -> loss=0.8511 (|pool|=81)
  +('vision', ('attn', 30, 4)) -> loss=0.8456 (|pool|=82)
  +('vision', ('attn', 21, 15)) -> loss=0.8402 (|pool|=83)
  +('vision', ('attn', 17, 1)) -> loss=0.8349 (|pool|=84)
  +('vision', ('attn', 16, 4)) -> loss=0.8300 (|pool|=85)
  +('text', ('attn', 15, 0)) -> loss=0.8252 (|pool|=86)
  +('vision', ('attn', 24, 10)) -> loss=0.8205 (|pool|=87)
  +('text', ('attn', 0, 7)) -> loss=0.8155 (|pool|=88)
  +('text', ('attn', 18, 8)) -> loss=0.8107 (|pool|=89)
  +('vision', ('attn', 29, 5)) -> loss=0.8059 (|pool|=90)
  +('vision', ('attn', 31, 11)) -> loss=0.8014 (|pool|=91)
  +('vision', ('attn', 16, 7)) -> loss=0.7968 (|pool|=92)
  +('vision', ('attn', 25, 12)) -> loss=0.7925 (|pool|=93)
  +('vision', ('attn', 21, 3)) -> loss=0.7885 (|pool|=94)
  +('vision', ('attn', 20, 12)) -> loss=0.7849 (|pool|=95)
  +('vision', ('attn', 28, 6)) -> loss=0.7813 (|pool|=96)
[ViT-H-14/CIFAR100] full=74.25  pool(96)=76.60  best prefix(91)=76.85
[ViT-H-14/caltech] 101 classes, calibration 99 pairs, 2020 images total
  seed pair ('vision', ('attn', 31, 2)) + ('text', ('attn', 20, 2))  loss=4.1461
  +('vision', ('attn', 30, 8)) -> loss=3.8822 (|pool|=3)
  +('text', ('attn', 15, 15)) -> loss=3.5136 (|pool|=4)
  +('text', ('attn', 18, 10)) -> loss=3.2420 (|pool|=5)
  +('vision', ('attn', 31, 10)) -> loss=2.9983 (|pool|=6)
  +('text', ('attn', 18, 9)) -> loss=2.6716 (|pool|=7)
  +('text', ('attn', 21, 15)) -> loss=2.5156 (|pool|=8)
  +('vision', ('attn', 31, 6)) -> loss=2.2068 (|pool|=9)
  +('vision', ('attn', 31, 4)) -> loss=2.0180 (|pool|=10)
  +('text', ('attn', 23, 8)) -> loss=1.6816 (|pool|=11)
  +('text', ('attn', 19, 2)) -> loss=1.5409 (|pool|=12)
  +('vision', ('attn', 30, 0)) -> loss=1.4126 (|pool|=13)
  +('text', ('attn', 23, 0)) -> loss=1.2931 (|pool|=14)
  +('text', ('attn', 16, 14)) -> loss=1.1916 (|pool|=15)
  +('text', ('attn', 18, 13)) -> loss=1.1224 (|pool|=16)
  +('text', ('attn', 20, 0)) -> loss=1.0617 (|pool|=17)
  +('text', ('attn', 20, 12)) -> loss=1.0041 (|pool|=18)
  +('vision', ('attn', 31, 1)) -> loss=0.9454 (|pool|=19)
  +('vision', ('attn', 30, 7)) -> loss=0.8987 (|pool|=20)
  +('text', ('attn', 17, 8)) -> loss=0.8503 (|pool|=21)
  +('text', ('attn', 12, 8)) -> loss=0.8111 (|pool|=22)
  +('vision', ('attn', 29, 12)) -> loss=0.7752 (|pool|=23)
  +('text', ('attn', 21, 5)) -> loss=0.7417 (|pool|=24)
  +('vision', ('attn', 31, 5)) -> loss=0.7098 (|pool|=25)
  +('text', ('attn', 13, 12)) -> loss=0.6757 (|pool|=26)
  +('text', ('attn', 18, 1)) -> loss=0.6477 (|pool|=27)
  +('vision', ('attn', 25, 9)) -> loss=0.6230 (|pool|=28)
  +('text', ('attn', 16, 0)) -> loss=0.6006 (|pool|=29)
  +('vision', ('attn', 30, 1)) -> loss=0.5778 (|pool|=30)
  +('text', ('attn', 0, 1)) -> loss=0.5560 (|pool|=31)
  +('text', ('attn', 0, 15)) -> loss=0.5348 (|pool|=32)
  +('text', ('attn', 23, 7)) -> loss=0.5156 (|pool|=33)
  +('text', ('mlp', 19, -1)) -> loss=0.4915 (|pool|=34)
  +('text', ('attn', 15, 0)) -> loss=0.4745 (|pool|=35)
  +('text', ('attn', 17, 10)) -> loss=0.4580 (|pool|=36)
  +('vision', ('attn', 29, 11)) -> loss=0.4443 (|pool|=37)
  +('text', ('attn', 16, 1)) -> loss=0.4307 (|pool|=38)
  +('text', ('attn', 19, 9)) -> loss=0.4181 (|pool|=39)
  +('vision', ('attn', 30, 13)) -> loss=0.4070 (|pool|=40)
  +('text', ('attn', 16, 12)) -> loss=0.3967 (|pool|=41)
  +('text', ('attn', 12, 14)) -> loss=0.3865 (|pool|=42)
  +('vision', ('attn', 27, 8)) -> loss=0.3766 (|pool|=43)
  +('vision', ('attn', 22, 13)) -> loss=0.3670 (|pool|=44)
  +('text', ('attn', 11, 10)) -> loss=0.3581 (|pool|=45)
  +('text', ('attn', 9, 6)) -> loss=0.3505 (|pool|=46)
  +('vision', ('attn', 21, 12)) -> loss=0.3436 (|pool|=47)
  +('text', ('mlp', 21, -1)) -> loss=0.3361 (|pool|=48)
  +('text', ('attn', 3, 5)) -> loss=0.3286 (|pool|=49)
  +('vision', ('attn', 27, 0)) -> loss=0.3218 (|pool|=50)
  +('vision', ('attn', 30, 15)) -> loss=0.3158 (|pool|=51)
  +('vision', ('attn', 23, 12)) -> loss=0.3094 (|pool|=52)
  +('text', ('attn', 16, 2)) -> loss=0.3034 (|pool|=53)
  +('text', ('attn', 13, 10)) -> loss=0.2977 (|pool|=54)
  +('text', ('attn', 13, 4)) -> loss=0.2924 (|pool|=55)
  +('text', ('mlp', 3, -1)) -> loss=0.2871 (|pool|=56)
  +('text', ('attn', 0, 6)) -> loss=0.2816 (|pool|=57)
  +('vision', ('attn', 31, 14)) -> loss=0.2761 (|pool|=58)
  +('text', ('attn', 11, 11)) -> loss=0.2709 (|pool|=59)
  +('vision', ('attn', 23, 0)) -> loss=0.2661 (|pool|=60)
  +('vision', ('attn', 24, 9)) -> loss=0.2620 (|pool|=61)
  +('text', ('attn', 3, 12)) -> loss=0.2582 (|pool|=62)
  +('vision', ('mlp', 16, -1)) -> loss=0.2542 (|pool|=63)
  +('text', ('attn', 21, 4)) -> loss=0.2498 (|pool|=64)
  +('vision', ('attn', 21, 15)) -> loss=0.2462 (|pool|=65)
  +('text', ('attn', 3, 3)) -> loss=0.2427 (|pool|=66)
  +('text', ('attn', 21, 0)) -> loss=0.2392 (|pool|=67)
  +('vision', ('attn', 29, 7)) -> loss=0.2358 (|pool|=68)
  +('text', ('attn', 6, 15)) -> loss=0.2325 (|pool|=69)
  +('vision', ('mlp', 23, -1)) -> loss=0.2287 (|pool|=70)
  +('text', ('attn', 16, 9)) -> loss=0.2249 (|pool|=71)
  +('vision', ('attn', 27, 6)) -> loss=0.2209 (|pool|=72)
  +('text', ('attn', 2, 13)) -> loss=0.2173 (|pool|=73)
  +('vision', ('attn', 22, 15)) -> loss=0.2140 (|pool|=74)
  +('text', ('attn', 14, 10)) -> loss=0.2108 (|pool|=75)
  +('vision', ('attn', 24, 7)) -> loss=0.2076 (|pool|=76)
  +('text', ('attn', 21, 10)) -> loss=0.2045 (|pool|=77)
  +('text', ('attn', 8, 14)) -> loss=0.2015 (|pool|=78)
  +('text', ('attn', 3, 0)) -> loss=0.1986 (|pool|=79)
  +('vision', ('attn', 24, 12)) -> loss=0.1958 (|pool|=80)
  +('text', ('attn', 9, 9)) -> loss=0.1930 (|pool|=81)
  +('text', ('mlp', 11, -1)) -> loss=0.1904 (|pool|=82)
  +('text', ('attn', 0, 8)) -> loss=0.1877 (|pool|=83)
  +('vision', ('attn', 23, 1)) -> loss=0.1851 (|pool|=84)
  +('vision', ('attn', 17, 11)) -> loss=0.1827 (|pool|=85)
  +('text', ('attn', 12, 12)) -> loss=0.1804 (|pool|=86)
  +('text', ('attn', 10, 6)) -> loss=0.1781 (|pool|=87)
  +('vision', ('attn', 12, 12)) -> loss=0.1759 (|pool|=88)
  +('text', ('attn', 10, 15)) -> loss=0.1737 (|pool|=89)
  +('vision', ('attn', 22, 2)) -> loss=0.1715 (|pool|=90)
  +('text', ('attn', 0, 2)) -> loss=0.1693 (|pool|=91)
  +('vision', ('attn', 31, 12)) -> loss=0.1669 (|pool|=92)
  +('text', ('attn', 16, 11)) -> loss=0.1646 (|pool|=93)
  +('vision', ('attn', 26, 15)) -> loss=0.1624 (|pool|=94)
  +('vision', ('attn', 27, 14)) -> loss=0.1604 (|pool|=95)
  +('text', ('attn', 1, 2)) -> loss=0.1584 (|pool|=96)
[ViT-H-14/caltech] full=81.04  pool(96)=86.44  best prefix(91)=86.68
[ViT-H-14/caltech] 101 classes, calibration 99 pairs, 2020 images total
  seed pair ('vision', ('attn', 31, 2)) + ('text', ('attn', 20, 2))  loss=4.1620
  +('vision', ('attn', 30, 8)) -> loss=3.8885 (|pool|=3)
  +('text', ('attn', 15, 15)) -> loss=3.5321 (|pool|=4)
  +('text', ('attn', 18, 10)) -> loss=3.2541 (|pool|=5)
  +('vision', ('attn', 31, 10)) -> loss=2.9968 (|pool|=6)
  +('text', ('attn', 18, 9)) -> loss=2.6618 (|pool|=7)
  +('text', ('attn', 17, 10)) -> loss=2.5020 (|pool|=8)
  +('text', ('attn', 21, 15)) -> loss=2.3651 (|pool|=9)
  +('vision', ('attn', 31, 6)) -> loss=2.0570 (|pool|=10)
  +('vision', ('attn', 31, 4)) -> loss=1.8552 (|pool|=11)
  +('text', ('attn', 23, 8)) -> loss=1.5475 (|pool|=12)
  +('text', ('attn', 19, 2)) -> loss=1.4083 (|pool|=13)
  +('text', ('attn', 23, 0)) -> loss=1.2986 (|pool|=14)
  +('vision', ('attn', 30, 0)) -> loss=1.1943 (|pool|=15)
  +('text', ('attn', 18, 13)) -> loss=1.1193 (|pool|=16)
  +('vision', ('attn', 30, 3)) -> loss=1.0519 (|pool|=17)
  +('text', ('attn', 21, 2)) -> loss=0.9900 (|pool|=18)
  +('text', ('attn', 17, 8)) -> loss=0.9368 (|pool|=19)
  +('vision', ('attn', 30, 7)) -> loss=0.8802 (|pool|=20)
  +('text', ('attn', 20, 12)) -> loss=0.8342 (|pool|=21)
  +('text', ('attn', 20, 0)) -> loss=0.7919 (|pool|=22)
  +('vision', ('attn', 29, 12)) -> loss=0.7529 (|pool|=23)
  +('text', ('mlp', 15, -1)) -> loss=0.7181 (|pool|=24)
  +('vision', ('attn', 30, 1)) -> loss=0.6852 (|pool|=25)
  +('text', ('attn', 18, 1)) -> loss=0.6538 (|pool|=26)
  +('text', ('attn', 12, 8)) -> loss=0.6246 (|pool|=27)
  +('vision', ('attn', 31, 14)) -> loss=0.5987 (|pool|=28)
  +('text', ('attn', 16, 12)) -> loss=0.5751 (|pool|=29)
  +('vision', ('attn', 29, 10)) -> loss=0.5544 (|pool|=30)
  +('text', ('attn', 21, 5)) -> loss=0.5350 (|pool|=31)
  +('text', ('attn', 22, 7)) -> loss=0.5099 (|pool|=32)
  +('vision', ('attn', 31, 13)) -> loss=0.4917 (|pool|=33)
  +('text', ('attn', 23, 7)) -> loss=0.4728 (|pool|=34)
  +('text', ('attn', 16, 1)) -> loss=0.4555 (|pool|=35)
  +('text', ('mlp', 19, -1)) -> loss=0.4381 (|pool|=36)
  +('vision', ('attn', 31, 5)) -> loss=0.4173 (|pool|=37)
  +('text', ('attn', 0, 1)) -> loss=0.3994 (|pool|=38)
  +('text', ('attn', 16, 0)) -> loss=0.3826 (|pool|=39)
  +('text', ('attn', 17, 14)) -> loss=0.3668 (|pool|=40)
  +('text', ('attn', 19, 9)) -> loss=0.3551 (|pool|=41)
  +('text', ('attn', 13, 12)) -> loss=0.3444 (|pool|=42)
  +('text', ('attn', 11, 4)) -> loss=0.3345 (|pool|=43)
  +('vision', ('attn', 25, 9)) -> loss=0.3247 (|pool|=44)
  +('text', ('mlp', 3, -1)) -> loss=0.3159 (|pool|=45)
  +('text', ('attn', 0, 15)) -> loss=0.3074 (|pool|=46)
  +('vision', ('mlp', 27, -1)) -> loss=0.2987 (|pool|=47)
  +('text', ('attn', 21, 7)) -> loss=0.2903 (|pool|=48)
  +('vision', ('attn', 29, 11)) -> loss=0.2826 (|pool|=49)
  +('vision', ('mlp', 30, -1)) -> loss=0.2747 (|pool|=50)
  +('vision', ('attn', 30, 11)) -> loss=0.2655 (|pool|=51)
  +('text', ('attn', 15, 0)) -> loss=0.2579 (|pool|=52)
  +('text', ('mlp', 16, -1)) -> loss=0.2501 (|pool|=53)
  +('text', ('attn', 16, 14)) -> loss=0.2429 (|pool|=54)
  +('text', ('attn', 6, 15)) -> loss=0.2367 (|pool|=55)
  +('text', ('attn', 8, 14)) -> loss=0.2307 (|pool|=56)
  +('text', ('attn', 0, 11)) -> loss=0.2251 (|pool|=57)
  +('text', ('attn', 11, 11)) -> loss=0.2199 (|pool|=58)
  +('vision', ('attn', 28, 10)) -> loss=0.2151 (|pool|=59)
  +('text', ('attn', 18, 8)) -> loss=0.2101 (|pool|=60)
  +('vision', ('attn', 30, 4)) -> loss=0.2053 (|pool|=61)
  +('vision', ('attn', 19, 10)) -> loss=0.2007 (|pool|=62)
  +('text', ('attn', 0, 6)) -> loss=0.1966 (|pool|=63)
  +('text', ('attn', 16, 2)) -> loss=0.1924 (|pool|=64)
  +('vision', ('attn', 12, 4)) -> loss=0.1882 (|pool|=65)
  +('text', ('attn', 21, 0)) -> loss=0.1842 (|pool|=66)
  +('text', ('attn', 21, 4)) -> loss=0.1808 (|pool|=67)
  +('vision', ('mlp', 31, -1)) -> loss=0.1741 (|pool|=68)
  +('vision', ('attn', 30, 14)) -> loss=0.1689 (|pool|=69)
  +('text', ('attn', 14, 10)) -> loss=0.1657 (|pool|=70)
  +('text', ('attn', 14, 2)) -> loss=0.1626 (|pool|=71)
  +('text', ('attn', 9, 9)) -> loss=0.1598 (|pool|=72)
  +('vision', ('attn', 18, 0)) -> loss=0.1573 (|pool|=73)
  +('text', ('attn', 13, 4)) -> loss=0.1549 (|pool|=74)
  +('text', ('attn', 3, 3)) -> loss=0.1525 (|pool|=75)
  +('vision', ('attn', 10, 3)) -> loss=0.1502 (|pool|=76)
  +('text', ('attn', 9, 3)) -> loss=0.1480 (|pool|=77)
  +('text', ('attn', 1, 2)) -> loss=0.1460 (|pool|=78)
  +('text', ('attn', 19, 8)) -> loss=0.1440 (|pool|=79)
  +('text', ('attn', 5, 6)) -> loss=0.1421 (|pool|=80)
  +('vision', ('attn', 28, 8)) -> loss=0.1403 (|pool|=81)
  +('vision', ('attn', 24, 3)) -> loss=0.1385 (|pool|=82)
  +('vision', ('mlp', 25, -1)) -> loss=0.1365 (|pool|=83)
  +('text', ('attn', 0, 7)) -> loss=0.1345 (|pool|=84)
  +('vision', ('attn', 23, 12)) -> loss=0.1326 (|pool|=85)
  +('vision', ('attn', 9, 2)) -> loss=0.1308 (|pool|=86)
  +('text', ('attn', 11, 10)) -> loss=0.1289 (|pool|=87)
  +('vision', ('attn', 30, 12)) -> loss=0.1270 (|pool|=88)
  +('vision', ('attn', 27, 0)) -> loss=0.1254 (|pool|=89)
  +('text', ('attn', 8, 4)) -> loss=0.1239 (|pool|=90)
  +('vision', ('attn', 21, 4)) -> loss=0.1225 (|pool|=91)
  +('text', ('attn', 20, 7)) -> loss=0.1211 (|pool|=92)
  +('vision', ('attn', 18, 4)) -> loss=0.1197 (|pool|=93)
  +('text', ('attn', 11, 7)) -> loss=0.1183 (|pool|=94)
  +('vision', ('attn', 9, 13)) -> loss=0.1169 (|pool|=95)
  +('text', ('attn', 14, 13)) -> loss=0.1156 (|pool|=96)
[ViT-H-14/caltech] full=81.04  pool(96)=86.44  best prefix(82)=86.58
[ViT-H-14/caltech] 101 classes, calibration 99 pairs, 2020 images total
  seed pair ('vision', ('attn', 31, 2)) + ('text', ('attn', 20, 2))  loss=4.1424
  +('vision', ('attn', 30, 8)) -> loss=3.8626 (|pool|=3)
  +('text', ('attn', 15, 15)) -> loss=3.5000 (|pool|=4)
  +('text', ('attn', 18, 10)) -> loss=3.2249 (|pool|=5)
  +('vision', ('attn', 31, 10)) -> loss=2.9869 (|pool|=6)
  +('text', ('attn', 18, 9)) -> loss=2.6680 (|pool|=7)
  +('text', ('attn', 21, 15)) -> loss=2.5162 (|pool|=8)
  +('vision', ('attn', 31, 6)) -> loss=2.2520 (|pool|=9)
  +('vision', ('attn', 31, 4)) -> loss=2.0440 (|pool|=10)
  +('text', ('attn', 23, 8)) -> loss=1.7206 (|pool|=11)
  +('text', ('attn', 19, 2)) -> loss=1.5749 (|pool|=12)
  +('text', ('attn', 23, 0)) -> loss=1.4581 (|pool|=13)
  +('vision', ('attn', 30, 0)) -> loss=1.3482 (|pool|=14)
  +('text', ('attn', 17, 10)) -> loss=1.2603 (|pool|=15)
  +('text', ('attn', 18, 13)) -> loss=1.1892 (|pool|=16)
  +('text', ('attn', 21, 2)) -> loss=1.1254 (|pool|=17)
  +('vision', ('attn', 31, 1)) -> loss=1.0697 (|pool|=18)
  +('text', ('attn', 17, 8)) -> loss=1.0166 (|pool|=19)
  +('vision', ('attn', 30, 7)) -> loss=0.9672 (|pool|=20)
  +('text', ('mlp', 15, -1)) -> loss=0.9162 (|pool|=21)
  +('text', ('attn', 20, 0)) -> loss=0.8674 (|pool|=22)
  +('text', ('attn', 20, 12)) -> loss=0.8248 (|pool|=23)
  +('vision', ('attn', 30, 13)) -> loss=0.7869 (|pool|=24)
  +('vision', ('attn', 31, 5)) -> loss=0.7533 (|pool|=25)
  +('text', ('attn', 23, 7)) -> loss=0.7196 (|pool|=26)
  +('text', ('attn', 19, 9)) -> loss=0.6923 (|pool|=27)
  +('text', ('attn', 12, 8)) -> loss=0.6661 (|pool|=28)
  +('vision', ('attn', 25, 9)) -> loss=0.6410 (|pool|=29)
  +('text', ('attn', 18, 1)) -> loss=0.6170 (|pool|=30)
  +('text', ('attn', 21, 5)) -> loss=0.5911 (|pool|=31)
  +('vision', ('attn', 30, 1)) -> loss=0.5707 (|pool|=32)
  +('text', ('attn', 15, 0)) -> loss=0.5512 (|pool|=33)
  +('vision', ('attn', 29, 9)) -> loss=0.5325 (|pool|=34)
  +('text', ('attn', 16, 12)) -> loss=0.5149 (|pool|=35)
  +('text', ('attn', 16, 1)) -> loss=0.4979 (|pool|=36)
  +('vision', ('attn', 22, 13)) -> loss=0.4813 (|pool|=37)
  +('text', ('attn', 0, 15)) -> loss=0.4667 (|pool|=38)
  +('vision', ('attn', 30, 11)) -> loss=0.4521 (|pool|=39)
  +('vision', ('attn', 29, 12)) -> loss=0.4384 (|pool|=40)
  +('text', ('attn', 3, 5)) -> loss=0.4259 (|pool|=41)
  +('vision', ('attn', 29, 10)) -> loss=0.4134 (|pool|=42)
  +('text', ('attn', 17, 14)) -> loss=0.4015 (|pool|=43)
  +('text', ('attn', 3, 12)) -> loss=0.3908 (|pool|=44)
  +('text', ('attn', 0, 1)) -> loss=0.3807 (|pool|=45)
  +('text', ('mlp', 19, -1)) -> loss=0.3705 (|pool|=46)
  +('text', ('attn', 16, 0)) -> loss=0.3583 (|pool|=47)
  +('text', ('attn', 22, 2)) -> loss=0.3475 (|pool|=48)
  +('text', ('attn', 6, 15)) -> loss=0.3391 (|pool|=49)
  +('vision', ('attn', 31, 13)) -> loss=0.3309 (|pool|=50)
  +('text', ('attn', 0, 11)) -> loss=0.3231 (|pool|=51)
  +('vision', ('attn', 23, 12)) -> loss=0.3162 (|pool|=52)
  +('vision', ('attn', 24, 7)) -> loss=0.3099 (|pool|=53)
  +('text', ('attn', 18, 15)) -> loss=0.3040 (|pool|=54)
  +('text', ('attn', 11, 11)) -> loss=0.2981 (|pool|=55)
  +('vision', ('attn', 30, 14)) -> loss=0.2924 (|pool|=56)
  +('vision', ('attn', 23, 14)) -> loss=0.2873 (|pool|=57)
  +('text', ('attn', 12, 14)) -> loss=0.2823 (|pool|=58)
  +('text', ('attn', 16, 2)) -> loss=0.2774 (|pool|=59)
  +('vision', ('attn', 29, 4)) -> loss=0.2730 (|pool|=60)
  +('text', ('attn', 14, 10)) -> loss=0.2687 (|pool|=61)
  +('text', ('attn', 22, 0)) -> loss=0.2645 (|pool|=62)
  +('vision', ('attn', 23, 1)) -> loss=0.2603 (|pool|=63)
  +('text', ('attn', 14, 2)) -> loss=0.2562 (|pool|=64)
  +('vision', ('attn', 30, 4)) -> loss=0.2523 (|pool|=65)
  +('vision', ('mlp', 23, -1)) -> loss=0.2483 (|pool|=66)
  +('vision', ('attn', 25, 4)) -> loss=0.2441 (|pool|=67)
  +('vision', ('attn', 18, 0)) -> loss=0.2402 (|pool|=68)
  +('text', ('attn', 3, 3)) -> loss=0.2362 (|pool|=69)
  +('vision', ('attn', 21, 15)) -> loss=0.2327 (|pool|=70)
  +('text', ('attn', 5, 6)) -> loss=0.2292 (|pool|=71)
  +('text', ('attn', 9, 9)) -> loss=0.2260 (|pool|=72)
  +('text', ('attn', 22, 3)) -> loss=0.2226 (|pool|=73)
  +('vision', ('attn', 20, 8)) -> loss=0.2195 (|pool|=74)
  +('text', ('attn', 13, 2)) -> loss=0.2162 (|pool|=75)
  +('vision', ('attn', 30, 5)) -> loss=0.2132 (|pool|=76)
  +('vision', ('attn', 26, 6)) -> loss=0.2104 (|pool|=77)
  +('text', ('attn', 13, 4)) -> loss=0.2077 (|pool|=78)
  +('vision', ('attn', 19, 0)) -> loss=0.2052 (|pool|=79)
  +('text', ('attn', 8, 4)) -> loss=0.2029 (|pool|=80)
  +('vision', ('attn', 19, 8)) -> loss=0.2005 (|pool|=81)
  +('text', ('attn', 8, 14)) -> loss=0.1983 (|pool|=82)
  +('vision', ('mlp', 2, -1)) -> loss=0.1961 (|pool|=83)
  +('vision', ('attn', 31, 8)) -> loss=0.1938 (|pool|=84)
  +('text', ('attn', 16, 3)) -> loss=0.1911 (|pool|=85)
  +('vision', ('attn', 23, 6)) -> loss=0.1888 (|pool|=86)
  +('vision', ('attn', 21, 13)) -> loss=0.1868 (|pool|=87)
  +('text', ('attn', 2, 0)) -> loss=0.1848 (|pool|=88)
  +('vision', ('attn', 29, 5)) -> loss=0.1829 (|pool|=89)
  +('text', ('mlp', 22, -1)) -> loss=0.1803 (|pool|=90)
  +('text', ('mlp', 1, -1)) -> loss=0.1682 (|pool|=91)
  +('text', ('attn', 22, 7)) -> loss=0.1611 (|pool|=92)
  +('text', ('attn', 22, 1)) -> loss=0.1575 (|pool|=93)
  +('text', ('attn', 22, 13)) -> loss=0.1544 (|pool|=94)
  +('text', ('attn', 0, 2)) -> loss=0.1518 (|pool|=95)
  +('vision', ('mlp', 10, -1)) -> loss=0.1494 (|pool|=96)
[ViT-H-14/caltech] full=81.04  pool(96)=86.88  best prefix(89)=87.18
[ViT-H-14/imagenet] 1000 classes, calibration 1000 pairs, 5000 images total
  seed pair ('vision', ('attn', 31, 2)) + ('text', ('attn', 20, 2))  loss=6.4780
  +('text', ('attn', 18, 10)) -> loss=6.2115 (|pool|=3)
  +('vision', ('attn', 31, 1)) -> loss=5.6937 (|pool|=4)
  +('text', ('attn', 20, 12)) -> loss=5.3888 (|pool|=5)
  +('vision', ('attn', 30, 3)) -> loss=5.1130 (|pool|=6)
  +('text', ('attn', 19, 9)) -> loss=4.9160 (|pool|=7)
  +('vision', ('attn', 30, 8)) -> loss=4.7339 (|pool|=8)
  +('text', ('attn', 15, 15)) -> loss=4.5583 (|pool|=9)
  +('text', ('attn', 18, 9)) -> loss=4.4487 (|pool|=10)
  +('vision', ('attn', 31, 10)) -> loss=4.2507 (|pool|=11)
  +('text', ('attn', 21, 15)) -> loss=4.1268 (|pool|=12)
  +('vision', ('attn', 31, 4)) -> loss=3.9052 (|pool|=13)
  +('text', ('attn', 23, 8)) -> loss=3.5756 (|pool|=14)
  +('vision', ('attn', 31, 6)) -> loss=3.3097 (|pool|=15)
  +('text', ('attn', 23, 0)) -> loss=3.0522 (|pool|=16)
  +('text', ('attn', 20, 0)) -> loss=2.8384 (|pool|=17)
  +('text', ('attn', 21, 2)) -> loss=2.7101 (|pool|=18)
  +('vision', ('attn', 30, 7)) -> loss=2.5909 (|pool|=19)
  +('text', ('attn', 17, 8)) -> loss=2.4898 (|pool|=20)
  +('vision', ('attn', 30, 0)) -> loss=2.3965 (|pool|=21)
  +('text', ('attn', 19, 2)) -> loss=2.3209 (|pool|=22)
  +('vision', ('attn', 31, 12)) -> loss=2.2508 (|pool|=23)
  +('text', ('attn', 23, 7)) -> loss=2.1767 (|pool|=24)
  +('vision', ('attn', 31, 5)) -> loss=2.1114 (|pool|=25)
  +('text', ('attn', 12, 8)) -> loss=2.0555 (|pool|=26)
  +('text', ('attn', 18, 13)) -> loss=2.0056 (|pool|=27)
  +('vision', ('attn', 31, 13)) -> loss=1.9614 (|pool|=28)
  +('text', ('attn', 13, 4)) -> loss=1.9179 (|pool|=29)
  +('vision', ('attn', 30, 1)) -> loss=1.8761 (|pool|=30)
  +('text', ('attn', 22, 7)) -> loss=1.8357 (|pool|=31)
  +('text', ('mlp', 18, -1)) -> loss=1.7960 (|pool|=32)
  +('text', ('attn', 22, 14)) -> loss=1.7570 (|pool|=33)
  +('text', ('attn', 21, 7)) -> loss=1.7219 (|pool|=34)
  +('vision', ('attn', 22, 13)) -> loss=1.6905 (|pool|=35)
  +('text', ('attn', 20, 14)) -> loss=1.6607 (|pool|=36)
  +('text', ('attn', 16, 9)) -> loss=1.6356 (|pool|=37)
  +('text', ('attn', 13, 15)) -> loss=1.6150 (|pool|=38)
  +('text', ('attn', 22, 5)) -> loss=1.5959 (|pool|=39)
  +('text', ('attn', 14, 10)) -> loss=1.5780 (|pool|=40)
  +('vision', ('attn', 30, 11)) -> loss=1.5610 (|pool|=41)
  +('text', ('mlp', 22, -1)) -> loss=1.5408 (|pool|=42)
  +('text', ('attn', 18, 1)) -> loss=1.5166 (|pool|=43)
  +('vision', ('attn', 29, 12)) -> loss=1.4954 (|pool|=44)
  +('text', ('attn', 17, 13)) -> loss=1.4781 (|pool|=45)
  +('text', ('attn', 15, 14)) -> loss=1.4629 (|pool|=46)
  +('vision', ('mlp', 30, -1)) -> loss=1.4474 (|pool|=47)
  +('vision', ('attn', 30, 13)) -> loss=1.4304 (|pool|=48)
  +('text', ('attn', 16, 0)) -> loss=1.4158 (|pool|=49)
  +('text', ('attn', 19, 13)) -> loss=1.4022 (|pool|=50)
  +('text', ('attn', 20, 7)) -> loss=1.3893 (|pool|=51)
  +('text', ('attn', 11, 9)) -> loss=1.3786 (|pool|=52)
  +('vision', ('attn', 30, 14)) -> loss=1.3681 (|pool|=53)
  +('text', ('attn', 21, 8)) -> loss=1.3577 (|pool|=54)
  +('text', ('attn', 17, 10)) -> loss=1.3490 (|pool|=55)
  +('text', ('attn', 19, 10)) -> loss=1.3409 (|pool|=56)
  +('vision', ('mlp', 7, -1)) -> loss=1.3329 (|pool|=57)
  +('text', ('attn', 14, 6)) -> loss=1.3250 (|pool|=58)
  +('text', ('attn', 11, 11)) -> loss=1.3176 (|pool|=59)
  +('text', ('attn', 6, 15)) -> loss=1.3107 (|pool|=60)
  +('text', ('attn', 17, 15)) -> loss=1.3043 (|pool|=61)
  +('text', ('attn', 3, 5)) -> loss=1.2982 (|pool|=62)
  +('text', ('attn', 9, 6)) -> loss=1.2924 (|pool|=63)
  +('vision', ('attn', 27, 8)) -> loss=1.2870 (|pool|=64)
  +('text', ('attn', 9, 3)) -> loss=1.2818 (|pool|=65)
  +('vision', ('attn', 21, 15)) -> loss=1.2766 (|pool|=66)
  +('text', ('mlp', 16, -1)) -> loss=1.2709 (|pool|=67)
  +('text', ('attn', 20, 8)) -> loss=1.2654 (|pool|=68)
  +('text', ('attn', 0, 15)) -> loss=1.2607 (|pool|=69)
  +('vision', ('mlp', 3, -1)) -> loss=1.2561 (|pool|=70)
  +('vision', ('attn', 30, 12)) -> loss=1.2515 (|pool|=71)
  +('text', ('attn', 16, 2)) -> loss=1.2470 (|pool|=72)
  +('vision', ('attn', 29, 5)) -> loss=1.2426 (|pool|=73)
  +('vision', ('attn', 25, 9)) -> loss=1.2383 (|pool|=74)
  +('text', ('attn', 9, 9)) -> loss=1.2343 (|pool|=75)
  +('text', ('attn', 11, 5)) -> loss=1.2304 (|pool|=76)
  +('vision', ('attn', 22, 7)) -> loss=1.2267 (|pool|=77)
  +('text', ('attn', 16, 4)) -> loss=1.2231 (|pool|=78)
  +('vision', ('mlp', 2, -1)) -> loss=1.2196 (|pool|=79)
  +('text', ('attn', 14, 14)) -> loss=1.2162 (|pool|=80)
  +('text', ('attn', 11, 15)) -> loss=1.2129 (|pool|=81)
  +('text', ('attn', 16, 11)) -> loss=1.2098 (|pool|=82)
  +('text', ('attn', 15, 5)) -> loss=1.2068 (|pool|=83)
  +('vision', ('attn', 23, 3)) -> loss=1.2038 (|pool|=84)
  +('text', ('attn', 18, 2)) -> loss=1.2010 (|pool|=85)
  +('vision', ('attn', 29, 1)) -> loss=1.1982 (|pool|=86)
  +('text', ('mlp', 20, -1)) -> loss=1.1952 (|pool|=87)
  +('text', ('attn', 17, 4)) -> loss=1.1921 (|pool|=88)
  +('text', ('attn', 12, 12)) -> loss=1.1891 (|pool|=89)
  +('vision', ('mlp', 25, -1)) -> loss=1.1862 (|pool|=90)
  +('text', ('attn', 19, 11)) -> loss=1.1831 (|pool|=91)
  +('text', ('attn', 18, 15)) -> loss=1.1801 (|pool|=92)
  +('text', ('attn', 14, 11)) -> loss=1.1773 (|pool|=93)
  +('text', ('attn', 16, 1)) -> loss=1.1747 (|pool|=94)
  +('text', ('attn', 16, 6)) -> loss=1.1720 (|pool|=95)
  +('text', ('attn', 14, 13)) -> loss=1.1695 (|pool|=96)
[ViT-H-14/imagenet] full=73.44  pool(96)=70.28  best prefix(94)=70.40
[ViT-H-14/imagenet] 1000 classes, calibration 1000 pairs, 5000 images total
  seed pair ('vision', ('attn', 31, 2)) + ('text', ('attn', 20, 2))  loss=6.4747
  +('text', ('attn', 18, 10)) -> loss=6.2088 (|pool|=3)
  +('vision', ('attn', 31, 1)) -> loss=5.6801 (|pool|=4)
  +('text', ('attn', 20, 12)) -> loss=5.3737 (|pool|=5)
  +('vision', ('attn', 30, 3)) -> loss=5.0981 (|pool|=6)
  +('text', ('attn', 19, 9)) -> loss=4.9002 (|pool|=7)
  +('vision', ('attn', 30, 8)) -> loss=4.7123 (|pool|=8)
  +('text', ('attn', 15, 15)) -> loss=4.5403 (|pool|=9)
  +('text', ('attn', 18, 9)) -> loss=4.4274 (|pool|=10)
  +('vision', ('attn', 31, 10)) -> loss=4.2342 (|pool|=11)
  +('text', ('attn', 21, 15)) -> loss=4.1100 (|pool|=12)
  +('vision', ('attn', 31, 6)) -> loss=3.8798 (|pool|=13)
  +('text', ('attn', 23, 0)) -> loss=3.6487 (|pool|=14)
  +('vision', ('attn', 31, 4)) -> loss=3.4096 (|pool|=15)
  +('text', ('attn', 23, 8)) -> loss=3.0176 (|pool|=16)
  +('text', ('attn', 20, 0)) -> loss=2.8075 (|pool|=17)
  +('vision', ('attn', 30, 7)) -> loss=2.6847 (|pool|=18)
  +('text', ('attn', 21, 2)) -> loss=2.5666 (|pool|=19)
  +('text', ('attn', 17, 8)) -> loss=2.4660 (|pool|=20)
  +('vision', ('attn', 30, 0)) -> loss=2.3743 (|pool|=21)
  +('text', ('attn', 19, 2)) -> loss=2.2904 (|pool|=22)
  +('vision', ('attn', 31, 12)) -> loss=2.2156 (|pool|=23)
  +('text', ('attn', 23, 7)) -> loss=2.1425 (|pool|=24)
  +('vision', ('attn', 31, 5)) -> loss=2.0783 (|pool|=25)
  +('text', ('attn', 12, 8)) -> loss=2.0210 (|pool|=26)
  +('text', ('attn', 18, 13)) -> loss=1.9708 (|pool|=27)
  +('vision', ('attn', 30, 1)) -> loss=1.9225 (|pool|=28)
  +('text', ('attn', 13, 4)) -> loss=1.8779 (|pool|=29)
  +('vision', ('attn', 22, 13)) -> loss=1.8382 (|pool|=30)
  +('text', ('mlp', 18, -1)) -> loss=1.7961 (|pool|=31)
  +('text', ('attn', 22, 7)) -> loss=1.7531 (|pool|=32)
  +('text', ('attn', 16, 9)) -> loss=1.7170 (|pool|=33)
  +('vision', ('attn', 31, 13)) -> loss=1.6828 (|pool|=34)
  +('text', ('attn', 21, 7)) -> loss=1.6511 (|pool|=35)
  +('text', ('attn', 22, 14)) -> loss=1.6242 (|pool|=36)
  +('text', ('attn', 20, 14)) -> loss=1.5982 (|pool|=37)
  +('vision', ('attn', 30, 11)) -> loss=1.5728 (|pool|=38)
  +('text', ('mlp', 21, -1)) -> loss=1.5488 (|pool|=39)
  +('text', ('attn', 22, 5)) -> loss=1.5255 (|pool|=40)
  +('text', ('attn', 11, 11)) -> loss=1.5061 (|pool|=41)
  +('text', ('attn', 18, 1)) -> loss=1.4887 (|pool|=42)
  +('text', ('attn', 15, 14)) -> loss=1.4735 (|pool|=43)
  +('text', ('attn', 11, 9)) -> loss=1.4595 (|pool|=44)
  +('text', ('mlp', 16, -1)) -> loss=1.4458 (|pool|=45)
  +('vision', ('attn', 30, 13)) -> loss=1.4322 (|pool|=46)
  +('vision', ('attn', 29, 12)) -> loss=1.4186 (|pool|=47)
  +('text', ('attn', 21, 8)) -> loss=1.4070 (|pool|=48)
  +('text', ('attn', 14, 6)) -> loss=1.3959 (|pool|=49)
  +('text', ('attn', 16, 0)) -> loss=1.3851 (|pool|=50)
  +('vision', ('mlp', 29, -1)) -> loss=1.3743 (|pool|=51)
  +('text', ('attn', 14, 15)) -> loss=1.3634 (|pool|=52)
  +('text', ('attn', 16, 4)) -> loss=1.3536 (|pool|=53)
  +('vision', ('attn', 21, 15)) -> loss=1.3447 (|pool|=54)
  +('text', ('attn', 11, 5)) -> loss=1.3362 (|pool|=55)
  +('text', ('attn', 11, 4)) -> loss=1.3283 (|pool|=56)
  +('vision', ('mlp', 7, -1)) -> loss=1.3207 (|pool|=57)
  +('text', ('attn', 6, 15)) -> loss=1.3133 (|pool|=58)
  +('vision', ('attn', 23, 12)) -> loss=1.3060 (|pool|=59)
  +('text', ('mlp', 20, -1)) -> loss=1.2980 (|pool|=60)
  +('text', ('attn', 22, 3)) -> loss=1.2895 (|pool|=61)
  +('vision', ('attn', 29, 6)) -> loss=1.2816 (|pool|=62)
  +('text', ('attn', 16, 2)) -> loss=1.2748 (|pool|=63)
  +('text', ('attn', 19, 10)) -> loss=1.2682 (|pool|=64)
  +('vision', ('attn', 19, 10)) -> loss=1.2620 (|pool|=65)
  +('text', ('attn', 12, 12)) -> loss=1.2560 (|pool|=66)
  +('text', ('attn', 3, 12)) -> loss=1.2502 (|pool|=67)
  +('vision', ('attn', 24, 7)) -> loss=1.2447 (|pool|=68)
  +('text', ('attn', 0, 7)) -> loss=1.2392 (|pool|=69)
  +('vision', ('attn', 30, 12)) -> loss=1.2338 (|pool|=70)
  +('vision', ('attn', 31, 15)) -> loss=1.2284 (|pool|=71)
  +('text', ('attn', 13, 15)) -> loss=1.2231 (|pool|=72)
  +('text', ('attn', 22, 0)) -> loss=1.2183 (|pool|=73)
  +('vision', ('attn', 21, 12)) -> loss=1.2137 (|pool|=74)
  +('text', ('attn', 3, 3)) -> loss=1.2093 (|pool|=75)
  +('vision', ('attn', 25, 9)) -> loss=1.2051 (|pool|=76)
  +('text', ('attn', 14, 11)) -> loss=1.2013 (|pool|=77)
  +('text', ('attn', 16, 11)) -> loss=1.1977 (|pool|=78)
  +('vision', ('attn', 29, 4)) -> loss=1.1941 (|pool|=79)
  +('text', ('attn', 9, 9)) -> loss=1.1904 (|pool|=80)
  +('text', ('attn', 14, 13)) -> loss=1.1869 (|pool|=81)
  +('vision', ('attn', 21, 4)) -> loss=1.1836 (|pool|=82)
  +('text', ('attn', 15, 5)) -> loss=1.1803 (|pool|=83)
  +('text', ('attn', 14, 14)) -> loss=1.1771 (|pool|=84)
  +('vision', ('mlp', 3, -1)) -> loss=1.1739 (|pool|=85)
  +('text', ('attn', 13, 10)) -> loss=1.1710 (|pool|=86)
  +('text', ('attn', 3, 5)) -> loss=1.1680 (|pool|=87)
  +('text', ('mlp', 22, -1)) -> loss=1.1650 (|pool|=88)
  +('text', ('mlp', 1, -1)) -> loss=1.1531 (|pool|=89)
  +('text', ('attn', 19, 13)) -> loss=1.1473 (|pool|=90)
  +('text', ('attn', 22, 13)) -> loss=1.1422 (|pool|=91)
  +('text', ('attn', 0, 15)) -> loss=1.1375 (|pool|=92)
  +('text', ('attn', 17, 13)) -> loss=1.1332 (|pool|=93)
  +('text', ('attn', 20, 6)) -> loss=1.1293 (|pool|=94)
  +('vision', ('attn', 29, 8)) -> loss=1.1258 (|pool|=95)
  +('vision', ('attn', 31, 7)) -> loss=1.1223 (|pool|=96)
[ViT-H-14/imagenet] full=73.44  pool(96)=69.86  best prefix(96)=69.86
[ViT-H-14/imagenet] 1000 classes, calibration 1000 pairs, 5000 images total
  seed pair ('vision', ('attn', 31, 2)) + ('text', ('attn', 20, 2))  loss=6.4707
  +('text', ('attn', 18, 10)) -> loss=6.2073 (|pool|=3)
  +('vision', ('attn', 31, 1)) -> loss=5.6968 (|pool|=4)
  +('text', ('attn', 20, 12)) -> loss=5.3959 (|pool|=5)
  +('vision', ('attn', 30, 3)) -> loss=5.1315 (|pool|=6)
  +('text', ('attn', 19, 9)) -> loss=4.9376 (|pool|=7)
  +('vision', ('attn', 30, 8)) -> loss=4.7465 (|pool|=8)
  +('text', ('attn', 15, 15)) -> loss=4.5734 (|pool|=9)
  +('text', ('attn', 18, 9)) -> loss=4.4624 (|pool|=10)
  +('vision', ('attn', 31, 10)) -> loss=4.2602 (|pool|=11)
  +('text', ('attn', 21, 15)) -> loss=4.1349 (|pool|=12)
  +('vision', ('attn', 31, 4)) -> loss=3.8984 (|pool|=13)
  +('text', ('attn', 23, 8)) -> loss=3.5647 (|pool|=14)
  +('vision', ('attn', 31, 6)) -> loss=3.2855 (|pool|=15)
  +('text', ('attn', 23, 0)) -> loss=3.0260 (|pool|=16)
  +('text', ('attn', 20, 0)) -> loss=2.8150 (|pool|=17)
  +('vision', ('attn', 30, 7)) -> loss=2.6848 (|pool|=18)
  +('text', ('attn', 21, 2)) -> loss=2.5617 (|pool|=19)
  +('text', ('attn', 17, 8)) -> loss=2.4598 (|pool|=20)
  +('vision', ('attn', 30, 0)) -> loss=2.3652 (|pool|=21)
  +('text', ('attn', 19, 2)) -> loss=2.2824 (|pool|=22)
  +('vision', ('attn', 31, 12)) -> loss=2.2052 (|pool|=23)
  +('text', ('attn', 23, 7)) -> loss=2.1278 (|pool|=24)
  +('vision', ('attn', 31, 5)) -> loss=2.0594 (|pool|=25)
  +('text', ('attn', 12, 8)) -> loss=2.0003 (|pool|=26)
  +('vision', ('attn', 30, 13)) -> loss=1.9540 (|pool|=27)
  +('text', ('attn', 18, 13)) -> loss=1.9079 (|pool|=28)
  +('text', ('attn', 13, 4)) -> loss=1.8657 (|pool|=29)
  +('vision', ('attn', 30, 1)) -> loss=1.8253 (|pool|=30)
  +('text', ('attn', 16, 9)) -> loss=1.7884 (|pool|=31)
  +('vision', ('attn', 31, 13)) -> loss=1.7536 (|pool|=32)
  +('text', ('attn', 22, 7)) -> loss=1.7204 (|pool|=33)
  +('text', ('mlp', 18, -1)) -> loss=1.6852 (|pool|=34)
  +('text', ('attn', 21, 7)) -> loss=1.6528 (|pool|=35)
  +('vision', ('attn', 22, 13)) -> loss=1.6221 (|pool|=36)
  +('text', ('attn', 22, 14)) -> loss=1.5926 (|pool|=37)
  +('text', ('attn', 13, 3)) -> loss=1.5669 (|pool|=38)
  +('text', ('attn', 22, 5)) -> loss=1.5443 (|pool|=39)
  +('text', ('attn', 11, 11)) -> loss=1.5228 (|pool|=40)
  +('vision', ('attn', 30, 11)) -> loss=1.5030 (|pool|=41)
  +('vision', ('attn', 29, 12)) -> loss=1.4822 (|pool|=42)
  +('text', ('mlp', 19, -1)) -> loss=1.4629 (|pool|=43)
  +('text', ('attn', 20, 14)) -> loss=1.4435 (|pool|=44)
  +('text', ('attn', 14, 10)) -> loss=1.4259 (|pool|=45)
  +('text', ('attn', 18, 1)) -> loss=1.4111 (|pool|=46)
  +('text', ('attn', 11, 9)) -> loss=1.3973 (|pool|=47)
  +('text', ('attn', 21, 8)) -> loss=1.3855 (|pool|=48)
  +('text', ('attn', 13, 15)) -> loss=1.3741 (|pool|=49)
  +('text', ('attn', 15, 14)) -> loss=1.3633 (|pool|=50)
  +('vision', ('attn', 21, 15)) -> loss=1.3529 (|pool|=51)
  +('text', ('attn', 16, 0)) -> loss=1.3437 (|pool|=52)
  +('text', ('attn', 17, 15)) -> loss=1.3349 (|pool|=53)
  +('text', ('mlp', 20, -1)) -> loss=1.3258 (|pool|=54)
  +('vision', ('attn', 31, 14)) -> loss=1.3162 (|pool|=55)
  +('text', ('attn', 9, 9)) -> loss=1.3078 (|pool|=56)
  +('text', ('attn', 16, 4)) -> loss=1.2994 (|pool|=57)
  +('text', ('attn', 16, 2)) -> loss=1.2917 (|pool|=58)
  +('text', ('attn', 0, 15)) -> loss=1.2847 (|pool|=59)
  +('text', ('mlp', 16, -1)) -> loss=1.2767 (|pool|=60)
  +('text', ('attn', 14, 6)) -> loss=1.2691 (|pool|=61)
  +('vision', ('attn', 24, 7)) -> loss=1.2617 (|pool|=62)
  +('text', ('attn', 20, 8)) -> loss=1.2546 (|pool|=63)
  +('vision', ('attn', 30, 14)) -> loss=1.2477 (|pool|=64)
  +('text', ('attn', 6, 15)) -> loss=1.2418 (|pool|=65)
  +('vision', ('mlp', 7, -1)) -> loss=1.2358 (|pool|=66)
  +('vision', ('attn', 23, 12)) -> loss=1.2300 (|pool|=67)
  +('text', ('attn', 17, 13)) -> loss=1.2245 (|pool|=68)
  +('text', ('attn', 19, 13)) -> loss=1.2193 (|pool|=69)
  +('text', ('attn', 9, 6)) -> loss=1.2140 (|pool|=70)
  +('text', ('attn', 15, 5)) -> loss=1.2089 (|pool|=71)
  +('text', ('attn', 13, 1)) -> loss=1.2040 (|pool|=72)
  +('text', ('attn', 9, 3)) -> loss=1.1994 (|pool|=73)
  +('vision', ('attn', 29, 5)) -> loss=1.1950 (|pool|=74)
  +('text', ('attn', 11, 5)) -> loss=1.1906 (|pool|=75)
  +('vision', ('mlp', 3, -1)) -> loss=1.1863 (|pool|=76)
  +('vision', ('attn', 21, 3)) -> loss=1.1822 (|pool|=77)
  +('text', ('attn', 0, 1)) -> loss=1.1781 (|pool|=78)
  +('text', ('attn', 14, 15)) -> loss=1.1742 (|pool|=79)
  +('text', ('attn', 13, 10)) -> loss=1.1704 (|pool|=80)
  +('text', ('attn', 14, 13)) -> loss=1.1667 (|pool|=81)
  +('text', ('attn', 16, 11)) -> loss=1.1632 (|pool|=82)
  +('text', ('attn', 15, 8)) -> loss=1.1598 (|pool|=83)
  +('vision', ('attn', 19, 0)) -> loss=1.1566 (|pool|=84)
  +('vision', ('mlp', 2, -1)) -> loss=1.1534 (|pool|=85)
  +('text', ('attn', 3, 3)) -> loss=1.1504 (|pool|=86)
  +('vision', ('attn', 31, 7)) -> loss=1.1474 (|pool|=87)
  +('text', ('attn', 8, 14)) -> loss=1.1444 (|pool|=88)
  +('text', ('attn', 11, 15)) -> loss=1.1416 (|pool|=89)
  +('vision', ('attn', 23, 6)) -> loss=1.1388 (|pool|=90)
  +('text', ('attn', 11, 10)) -> loss=1.1360 (|pool|=91)
  +('vision', ('mlp', 30, -1)) -> loss=1.1326 (|pool|=92)
  +('text', ('attn', 17, 3)) -> loss=1.1294 (|pool|=93)
  +('vision', ('attn', 25, 10)) -> loss=1.1266 (|pool|=94)
  +('text', ('attn', 16, 6)) -> loss=1.1239 (|pool|=95)
  +('vision', ('attn', 21, 9)) -> loss=1.1213 (|pool|=96)
[ViT-H-14/imagenet] full=73.44  pool(96)=69.88  best prefix(95)=69.94
  seed pair ('vision', ('attn', 31, 6)) + ('text', ('attn', 23, 0))  loss=3.4365
  +('text', ('attn', 21, 15)) -> loss=3.0487 (|pool|=3)
  +('vision', ('attn', 31, 4)) -> loss=2.7074 (|pool|=4)
  +('text', ('attn', 23, 8)) -> loss=2.1673 (|pool|=5)
  +('text', ('attn', 20, 0)) -> loss=1.8303 (|pool|=6)
  +('vision', ('attn', 31, 12)) -> loss=1.6264 (|pool|=7)
  +('text', ('attn', 20, 14)) -> loss=1.4086 (|pool|=8)
  +('vision', ('attn', 30, 11)) -> loss=1.2514 (|pool|=9)
  +('vision', ('attn', 30, 7)) -> loss=1.1720 (|pool|=10)
  +('text', ('attn', 12, 8)) -> loss=1.1044 (|pool|=11)
  +('text', ('attn', 16, 12)) -> loss=1.0378 (|pool|=12)
  +('text', ('attn', 18, 9)) -> loss=0.9913 (|pool|=13)
  +('vision', ('attn', 31, 10)) -> loss=0.9509 (|pool|=14)
  +('text', ('attn', 23, 7)) -> loss=0.9051 (|pool|=15)
  +('text', ('attn', 11, 9)) -> loss=0.8717 (|pool|=16)
  +('vision', ('attn', 29, 5)) -> loss=0.8431 (|pool|=17)
  +('vision', ('attn', 29, 10)) -> loss=0.8143 (|pool|=18)
  +('text', ('attn', 15, 15)) -> loss=0.7894 (|pool|=19)
  +('vision', ('attn', 30, 8)) -> loss=0.7456 (|pool|=20)
  +('text', ('attn', 20, 2)) -> loss=0.7118 (|pool|=21)
  +('text', ('attn', 9, 6)) -> loss=0.6901 (|pool|=22)
  +('vision', ('attn', 30, 0)) -> loss=0.6679 (|pool|=23)
  +('text', ('attn', 18, 13)) -> loss=0.6463 (|pool|=24)
  +('vision', ('attn', 21, 3)) -> loss=0.6264 (|pool|=25)
  +('text', ('attn', 14, 2)) -> loss=0.6076 (|pool|=26)
  +('vision', ('attn', 31, 14)) -> loss=0.5890 (|pool|=27)
  +('text', ('attn', 21, 7)) -> loss=0.5729 (|pool|=28)
  +('text', ('attn', 13, 2)) -> loss=0.5559 (|pool|=29)
  +('vision', ('attn', 30, 2)) -> loss=0.5378 (|pool|=30)
  +('text', ('attn', 16, 7)) -> loss=0.5014 (|pool|=31)
  +('vision', ('attn', 22, 13)) -> loss=0.4852 (|pool|=32)
  +('vision', ('mlp', 15, -1)) -> loss=0.4699 (|pool|=33)
  +('text', ('attn', 17, 13)) -> loss=0.4565 (|pool|=34)
  +('vision', ('attn', 25, 3)) -> loss=0.4434 (|pool|=35)
  +('text', ('attn', 21, 9)) -> loss=0.4294 (|pool|=36)
  +('vision', ('attn', 30, 12)) -> loss=0.4171 (|pool|=37)
  +('text', ('attn', 10, 6)) -> loss=0.4043 (|pool|=38)
  +('vision', ('attn', 29, 11)) -> loss=0.3917 (|pool|=39)
  +('text', ('attn', 11, 10)) -> loss=0.3769 (|pool|=40)
  +('text', ('attn', 16, 9)) -> loss=0.3657 (|pool|=41)
  +('vision', ('attn', 22, 1)) -> loss=0.3513 (|pool|=42)
  +('text', ('attn', 22, 2)) -> loss=0.3391 (|pool|=43)
  +('text', ('attn', 17, 11)) -> loss=0.3279 (|pool|=44)
  +('text', ('mlp', 14, -1)) -> loss=0.3168 (|pool|=45)
  +('vision', ('mlp', 11, -1)) -> loss=0.3051 (|pool|=46)
  +('vision', ('mlp', 27, -1)) -> loss=0.2893 (|pool|=47)
  +('text', ('attn', 20, 15)) -> loss=0.2772 (|pool|=48)
  +('text', ('attn', 22, 3)) -> loss=0.2675 (|pool|=49)
  +('vision', ('attn', 21, 14)) -> loss=0.2588 (|pool|=50)
  +('text', ('attn', 20, 1)) -> loss=0.2505 (|pool|=51)
  +('vision', ('attn', 23, 4)) -> loss=0.2422 (|pool|=52)
  +('vision', ('attn', 22, 10)) -> loss=0.2343 (|pool|=53)
  +('vision', ('attn', 30, 14)) -> loss=0.2274 (|pool|=54)
  +('vision', ('attn', 31, 8)) -> loss=0.2212 (|pool|=55)
  +('vision', ('attn', 21, 10)) -> loss=0.2147 (|pool|=56)
  +('text', ('attn', 21, 6)) -> loss=0.2089 (|pool|=57)
  +('text', ('attn', 21, 0)) -> loss=0.2031 (|pool|=58)
  +('text', ('attn', 16, 15)) -> loss=0.1970 (|pool|=59)
  +('vision', ('attn', 28, 5)) -> loss=0.1918 (|pool|=60)
  +('text', ('attn', 22, 1)) -> loss=0.1867 (|pool|=61)
  +('vision', ('attn', 21, 8)) -> loss=0.1823 (|pool|=62)
  +('vision', ('attn', 12, 14)) -> loss=0.1779 (|pool|=63)
  +('text', ('attn', 22, 10)) -> loss=0.1736 (|pool|=64)
  +('text', ('mlp', 10, -1)) -> loss=0.1699 (|pool|=65)
  +('text', ('attn', 10, 4)) -> loss=0.1655 (|pool|=66)
  +('vision', ('attn', 30, 5)) -> loss=0.1617 (|pool|=67)
  +('vision', ('attn', 23, 13)) -> loss=0.1581 (|pool|=68)
  +('vision', ('attn', 29, 4)) -> loss=0.1546 (|pool|=69)
  +('vision', ('attn', 31, 3)) -> loss=0.1505 (|pool|=70)
  +('vision', ('attn', 20, 14)) -> loss=0.1467 (|pool|=71)
  +('text', ('attn', 15, 4)) -> loss=0.1427 (|pool|=72)
  +('text', ('attn', 14, 13)) -> loss=0.1389 (|pool|=73)
  +('vision', ('attn', 31, 13)) -> loss=0.1353 (|pool|=74)
  +('vision', ('attn', 16, 12)) -> loss=0.1315 (|pool|=75)
  +('text', ('attn', 13, 1)) -> loss=0.1284 (|pool|=76)
  +('text', ('attn', 15, 5)) -> loss=0.1253 (|pool|=77)
  +('vision', ('attn', 26, 2)) -> loss=0.1224 (|pool|=78)
  +('text', ('attn', 17, 4)) -> loss=0.1196 (|pool|=79)
  +('text', ('attn', 6, 6)) -> loss=0.1169 (|pool|=80)
  +('vision', ('attn', 26, 0)) -> loss=0.1144 (|pool|=81)
  +('text', ('attn', 9, 1)) -> loss=0.1119 (|pool|=82)
  +('text', ('attn', 16, 0)) -> loss=0.1092 (|pool|=83)
  +('text', ('attn', 21, 1)) -> loss=0.1065 (|pool|=84)
  +('text', ('attn', 19, 11)) -> loss=0.1037 (|pool|=85)
  +('vision', ('attn', 28, 9)) -> loss=0.1013 (|pool|=86)
  +('vision', ('attn', 19, 14)) -> loss=0.0989 (|pool|=87)
  +('text', ('attn', 0, 1)) -> loss=0.0967 (|pool|=88)
  +('text', ('attn', 12, 14)) -> loss=0.0947 (|pool|=89)
  +('vision', ('attn', 10, 1)) -> loss=0.0926 (|pool|=90)
  +('text', ('attn', 8, 0)) -> loss=0.0907 (|pool|=91)
  +('text', ('attn', 3, 5)) -> loss=0.0887 (|pool|=92)
  +('vision', ('attn', 21, 13)) -> loss=0.0866 (|pool|=93)
  +('vision', ('attn', 29, 6)) -> loss=0.0848 (|pool|=94)
  +('vision', ('attn', 19, 10)) -> loss=0.0828 (|pool|=95)
  +('vision', ('attn', 24, 4)) -> loss=0.0810 (|pool|=96)
   model    n      method size   R@1_i2t   R@5_i2t  R@10_i2t  medr_i2t  meanr_i2t   R@1_t2i   R@5_t2i  R@10_t2i  medr_t2i  meanr_t2i       rsum
ViT-H-14  500 greedy pool   96 63.000000 89.600003 97.399998       1.0     2.5160 60.200000 87.199998 96.200001       1.0     2.6700 493.599999
ViT-H-14  500  full model  all 75.999999 94.199997 99.400002       1.0     1.7000 73.199999 96.200001 99.199998       1.0     1.7180 538.199997
ViT-H-14 1000 greedy pool   96 50.099999 79.799998 89.800000       1.0     4.9900 47.900000 77.899998 88.900000       2.0     6.0890 434.399995
ViT-H-14 1000  full model  all 66.100001 90.499997 95.800000       1.0     2.6240 66.500002 89.099997 96.100003       1.0     3.2030 504.100001
ViT-H-14 2500 greedy pool   96 38.600001 67.119998 78.399998       2.0    11.5424 36.039999 63.360000 74.640000       3.0    15.7236 358.159995
ViT-H-14 2500  full model  all 55.720001 81.400001 89.240003       1.0     4.9968 55.680001 80.280000 88.319999       1.0     8.2596 450.640005
ViT-H-14 5000 greedy pool   96 30.460000 56.660002 67.900002       4.0    22.8444 28.000000 52.939999 63.639998       5.0    31.2754 299.600002
ViT-H-14 5000  full model  all 48.580000 73.920000 82.940000       2.0     9.0314 48.940000 72.420001 81.059998       2.0    15.0974 407.859999
[ViT-H-14] wrote greedy_pool_{eval,trace,pool}
[RN50/fairface] 7 classes, calibration 7 pairs, 3500 images total
  seed pair ('vision', ('attn', 14, 17)) + ('text', ('attn', 11, 5))  loss=1.6824
  +('text', ('mlp', 11, -1)) -> loss=1.5903 (|pool|=3)
  +('vision', ('attn', 8, 18)) -> loss=1.4906 (|pool|=4)
  +('text', ('attn', 2, 4)) -> loss=1.4309 (|pool|=5)
  +('vision', ('attn', 1, 18)) -> loss=1.3795 (|pool|=6)
  +('vision', ('attn', 0, 6)) -> loss=1.3027 (|pool|=7)
  +('text', ('mlp', 4, -1)) -> loss=1.2521 (|pool|=8)
  +('vision', ('attn', 0, 11)) -> loss=1.2101 (|pool|=9)
  +('vision', ('attn', 4, 17)) -> loss=1.1771 (|pool|=10)
  +('vision', ('attn', 14, 31)) -> loss=1.1437 (|pool|=11)
  +('text', ('attn', 9, 7)) -> loss=1.1093 (|pool|=12)
  +('vision', ('attn', 4, 4)) -> loss=1.0732 (|pool|=13)
  +('text', ('mlp', 7, -1)) -> loss=1.0289 (|pool|=14)
  +('vision', ('attn', 14, 10)) -> loss=0.9966 (|pool|=15)
  +('text', ('mlp', 3, -1)) -> loss=0.9565 (|pool|=16)
  +('vision', ('attn', 4, 24)) -> loss=0.9211 (|pool|=17)
  +('vision', ('attn', 1, 9)) -> loss=0.8950 (|pool|=18)
  +('vision', ('attn', 8, 30)) -> loss=0.8702 (|pool|=19)
  +('vision', ('attn', 16, 26)) -> loss=0.8485 (|pool|=20)
  +('text', ('attn', 4, 1)) -> loss=0.8252 (|pool|=21)
  +('vision', ('attn', 14, 26)) -> loss=0.7723 (|pool|=22)
  +('text', ('attn', 10, 0)) -> loss=0.7262 (|pool|=23)
  +('vision', ('attn', 8, 4)) -> loss=0.6874 (|pool|=24)
  +('vision', ('attn', 0, 4)) -> loss=0.6613 (|pool|=25)
  +('vision', ('attn', 16, 17)) -> loss=0.6342 (|pool|=26)
  +('text', ('attn', 7, 3)) -> loss=0.6094 (|pool|=27)
  +('text', ('attn', 9, 0)) -> loss=0.5871 (|pool|=28)
  +('vision', ('attn', 4, 30)) -> loss=0.5678 (|pool|=29)
  +('text', ('attn', 9, 2)) -> loss=0.5517 (|pool|=30)
  +('vision', ('attn', 8, 26)) -> loss=0.5355 (|pool|=31)
  +('vision', ('attn', 0, 7)) -> loss=0.5227 (|pool|=32)
  +('vision', ('attn', 10, 4)) -> loss=0.5079 (|pool|=33)
  +('vision', ('attn', 0, 15)) -> loss=0.4961 (|pool|=34)
  +('vision', ('attn', 16, 30)) -> loss=0.4832 (|pool|=35)
  +('vision', ('attn', 9, 7)) -> loss=0.4714 (|pool|=36)
  +('vision', ('attn', 0, 24)) -> loss=0.4605 (|pool|=37)
  +('vision', ('attn', 5, 6)) -> loss=0.4505 (|pool|=38)
  +('vision', ('attn', 9, 14)) -> loss=0.4405 (|pool|=39)
  +('vision', ('attn', 10, 7)) -> loss=0.4317 (|pool|=40)
  +('vision', ('attn', 12, 5)) -> loss=0.4232 (|pool|=41)
  +('vision', ('attn', 13, 4)) -> loss=0.4158 (|pool|=42)
  +('vision', ('attn', 16, 12)) -> loss=0.4056 (|pool|=43)
  +('vision', ('attn', 3, 12)) -> loss=0.3947 (|pool|=44)
  +('vision', ('attn', 16, 10)) -> loss=0.3844 (|pool|=45)
  +('vision', ('attn', 0, 25)) -> loss=0.3775 (|pool|=46)
  +('text', ('attn', 6, 5)) -> loss=0.3706 (|pool|=47)
  +('vision', ('attn', 13, 28)) -> loss=0.3637 (|pool|=48)
  +('vision', ('attn', 2, 28)) -> loss=0.3576 (|pool|=49)
  +('vision', ('attn', 8, 12)) -> loss=0.3506 (|pool|=50)
  +('text', ('mlp', 9, -1)) -> loss=0.3423 (|pool|=51)
  +('vision', ('attn', 4, 10)) -> loss=0.3273 (|pool|=52)
  +('vision', ('attn', 4, 31)) -> loss=0.3159 (|pool|=53)
  +('vision', ('attn', 0, 29)) -> loss=0.3080 (|pool|=54)
  +('vision', ('attn', 0, 30)) -> loss=0.3000 (|pool|=55)
  +('vision', ('attn', 4, 7)) -> loss=0.2894 (|pool|=56)
  +('vision', ('attn', 1, 3)) -> loss=0.2732 (|pool|=57)
  +('vision', ('attn', 11, 17)) -> loss=0.2660 (|pool|=58)
  +('vision', ('attn', 4, 29)) -> loss=0.2592 (|pool|=59)
  +('vision', ('attn', 16, 27)) -> loss=0.2536 (|pool|=60)
  +('vision', ('attn', 13, 6)) -> loss=0.2482 (|pool|=61)
  +('vision', ('attn', 6, 6)) -> loss=0.2431 (|pool|=62)
  +('vision', ('attn', 1, 1)) -> loss=0.2388 (|pool|=63)
  +('vision', ('attn', 1, 23)) -> loss=0.2346 (|pool|=64)
  +('vision', ('attn', 0, 16)) -> loss=0.2300 (|pool|=65)
  +('vision', ('attn', 3, 13)) -> loss=0.2259 (|pool|=66)
  +('vision', ('attn', 7, 3)) -> loss=0.2218 (|pool|=67)
  +('vision', ('attn', 3, 28)) -> loss=0.2175 (|pool|=68)
  +('vision', ('attn', 10, 27)) -> loss=0.2133 (|pool|=69)
  +('vision', ('attn', 5, 17)) -> loss=0.2097 (|pool|=70)
  +('vision', ('attn', 15, 6)) -> loss=0.2060 (|pool|=71)
  +('vision', ('attn', 3, 27)) -> loss=0.2021 (|pool|=72)
  +('vision', ('attn', 4, 26)) -> loss=0.1971 (|pool|=73)
  +('text', ('attn', 1, 4)) -> loss=0.1933 (|pool|=74)
  +('text', ('attn', 6, 0)) -> loss=0.1899 (|pool|=75)
  +('text', ('attn', 10, 4)) -> loss=0.1865 (|pool|=76)
  +('vision', ('attn', 3, 6)) -> loss=0.1818 (|pool|=77)
  +('vision', ('attn', 13, 24)) -> loss=0.1780 (|pool|=78)
  +('vision', ('attn', 12, 10)) -> loss=0.1746 (|pool|=79)
  +('vision', ('attn', 11, 24)) -> loss=0.1714 (|pool|=80)
  +('text', ('attn', 1, 2)) -> loss=0.1685 (|pool|=81)
  +('vision', ('attn', 16, 24)) -> loss=0.1658 (|pool|=82)
  +('vision', ('attn', 6, 5)) -> loss=0.1633 (|pool|=83)
  +('text', ('attn', 11, 6)) -> loss=0.1609 (|pool|=84)
  +('vision', ('attn', 2, 30)) -> loss=0.1584 (|pool|=85)
  +('vision', ('attn', 12, 7)) -> loss=0.1557 (|pool|=86)
  +('vision', ('attn', 12, 28)) -> loss=0.1532 (|pool|=87)
  +('vision', ('attn', 8, 23)) -> loss=0.1509 (|pool|=88)
  +('vision', ('attn', 15, 10)) -> loss=0.1487 (|pool|=89)
  +('vision', ('attn', 4, 6)) -> loss=0.1459 (|pool|=90)
  +('text', ('attn', 11, 3)) -> loss=0.1376 (|pool|=91)
  +('vision', ('attn', 15, 24)) -> loss=0.1349 (|pool|=92)
  +('vision', ('attn', 11, 10)) -> loss=0.1322 (|pool|=93)
  +('vision', ('attn', 14, 23)) -> loss=0.1297 (|pool|=94)
  +('vision', ('attn', 14, 30)) -> loss=0.1268 (|pool|=95)
  +('vision', ('attn', 1, 14)) -> loss=0.1207 (|pool|=96)
[RN50/fairface] full=38.46  pool(96)=33.31  best prefix(43)=37.03
[RN50/fairface] 7 classes, calibration 7 pairs, 3500 images total
  seed pair ('vision', ('attn', 15, 17)) + ('text', ('attn', 11, 5))  loss=1.9057
  +('vision', ('attn', 1, 17)) -> loss=1.8509 (|pool|=3)
  +('vision', ('attn', 1, 12)) -> loss=1.8191 (|pool|=4)
  +('vision', ('attn', 8, 12)) -> loss=1.7904 (|pool|=5)
  +('vision', ('attn', 0, 9)) -> loss=1.7634 (|pool|=6)
  +('vision', ('attn', 16, 12)) -> loss=1.7359 (|pool|=7)
  +('text', ('mlp', 11, -1)) -> loss=1.7048 (|pool|=8)
  +('vision', ('attn', 0, 18)) -> loss=1.6532 (|pool|=9)
  +('text', ('mlp', 10, -1)) -> loss=1.5545 (|pool|=10)
  +('vision', ('attn', 14, 30)) -> loss=1.4630 (|pool|=11)
  +('vision', ('attn', 8, 7)) -> loss=1.4033 (|pool|=12)
  +('text', ('attn', 4, 1)) -> loss=1.3446 (|pool|=13)
  +('vision', ('attn', 14, 11)) -> loss=1.2976 (|pool|=14)
  +('vision', ('attn', 8, 30)) -> loss=1.2563 (|pool|=15)
  +('vision', ('attn', 4, 3)) -> loss=1.2113 (|pool|=16)
  +('text', ('mlp', 7, -1)) -> loss=1.1662 (|pool|=17)
  +('vision', ('attn', 4, 9)) -> loss=1.1224 (|pool|=18)
  +('text', ('attn', 10, 2)) -> loss=1.0702 (|pool|=19)
  +('vision', ('attn', 0, 6)) -> loss=1.0282 (|pool|=20)
  +('vision', ('attn', 11, 14)) -> loss=0.9882 (|pool|=21)
  +('vision', ('attn', 9, 30)) -> loss=0.9577 (|pool|=22)
  +('vision', ('attn', 12, 24)) -> loss=0.9306 (|pool|=23)
  +('text', ('mlp', 9, -1)) -> loss=0.9030 (|pool|=24)
  +('vision', ('attn', 2, 27)) -> loss=0.8715 (|pool|=25)
  +('vision', ('attn', 3, 17)) -> loss=0.8394 (|pool|=26)
  +('vision', ('attn', 16, 4)) -> loss=0.8171 (|pool|=27)
  +('text', ('attn', 8, 4)) -> loss=0.7955 (|pool|=28)
  +('vision', ('attn', 8, 4)) -> loss=0.7747 (|pool|=29)
  +('vision', ('attn', 16, 26)) -> loss=0.7550 (|pool|=30)
  +('vision', ('attn', 1, 31)) -> loss=0.7346 (|pool|=31)
  +('vision', ('attn', 8, 6)) -> loss=0.7135 (|pool|=32)
  +('text', ('attn', 0, 1)) -> loss=0.6935 (|pool|=33)
  +('vision', ('attn', 4, 11)) -> loss=0.6763 (|pool|=34)
  +('text', ('attn', 10, 0)) -> loss=0.6493 (|pool|=35)
  +('vision', ('attn', 1, 30)) -> loss=0.6218 (|pool|=36)
  +('vision', ('attn', 14, 17)) -> loss=0.5841 (|pool|=37)
  +('vision', ('attn', 4, 15)) -> loss=0.5613 (|pool|=38)
  +('vision', ('attn', 0, 26)) -> loss=0.5390 (|pool|=39)
  +('vision', ('attn', 0, 11)) -> loss=0.5213 (|pool|=40)
  +('vision', ('attn', 4, 19)) -> loss=0.5037 (|pool|=41)
  +('vision', ('attn', 8, 26)) -> loss=0.4884 (|pool|=42)
  +('vision', ('attn', 1, 13)) -> loss=0.4740 (|pool|=43)
  +('text', ('attn', 6, 5)) -> loss=0.4604 (|pool|=44)
  +('text', ('attn', 5, 6)) -> loss=0.4480 (|pool|=45)
  +('text', ('attn', 11, 0)) -> loss=0.4364 (|pool|=46)
  +('vision', ('attn', 8, 27)) -> loss=0.4256 (|pool|=47)
  +('vision', ('attn', 10, 30)) -> loss=0.4147 (|pool|=48)
  +('text', ('attn', 11, 6)) -> loss=0.4042 (|pool|=49)
  +('vision', ('attn', 4, 28)) -> loss=0.3929 (|pool|=50)
  +('text', ('attn', 3, 0)) -> loss=0.3826 (|pool|=51)
  +('vision', ('attn', 1, 8)) -> loss=0.3731 (|pool|=52)
  +('text', ('attn', 3, 6)) -> loss=0.3637 (|pool|=53)
  +('vision', ('attn', 2, 30)) -> loss=0.3563 (|pool|=54)
  +('vision', ('attn', 14, 0)) -> loss=0.3477 (|pool|=55)
  +('vision', ('attn', 14, 8)) -> loss=0.3389 (|pool|=56)
  +('text', ('attn', 6, 0)) -> loss=0.3314 (|pool|=57)
  +('text', ('attn', 3, 1)) -> loss=0.3243 (|pool|=58)
  +('vision', ('attn', 13, 24)) -> loss=0.3174 (|pool|=59)
  +('text', ('attn', 9, 7)) -> loss=0.3094 (|pool|=60)
  +('vision', ('attn', 2, 16)) -> loss=0.2991 (|pool|=61)
  +('vision', ('attn', 2, 6)) -> loss=0.2900 (|pool|=62)
  +('vision', ('attn', 13, 16)) -> loss=0.2817 (|pool|=63)
  +('text', ('attn', 11, 3)) -> loss=0.2718 (|pool|=64)
  +('vision', ('attn', 14, 19)) -> loss=0.2569 (|pool|=65)
  +('vision', ('attn', 13, 6)) -> loss=0.2398 (|pool|=66)
  +('text', ('attn', 6, 6)) -> loss=0.2287 (|pool|=67)
  +('vision', ('attn', 1, 16)) -> loss=0.2182 (|pool|=68)
  +('vision', ('attn', 3, 7)) -> loss=0.2087 (|pool|=69)
  +('text', ('attn', 11, 4)) -> loss=0.2008 (|pool|=70)
  +('text', ('attn', 7, 3)) -> loss=0.1936 (|pool|=71)
  +('vision', ('attn', 16, 16)) -> loss=0.1873 (|pool|=72)
  +('vision', ('attn', 12, 15)) -> loss=0.1810 (|pool|=73)
  +('vision', ('attn', 8, 24)) -> loss=0.1751 (|pool|=74)
  +('text', ('attn', 10, 1)) -> loss=0.1695 (|pool|=75)
  +('text', ('attn', 10, 4)) -> loss=0.1642 (|pool|=76)
  +('vision', ('attn', 4, 31)) -> loss=0.1588 (|pool|=77)
  +('text', ('attn', 4, 0)) -> loss=0.1539 (|pool|=78)
  +('vision', ('attn', 9, 31)) -> loss=0.1492 (|pool|=79)
  +('vision', ('attn', 5, 14)) -> loss=0.1449 (|pool|=80)
  +('vision', ('attn', 1, 2)) -> loss=0.1409 (|pool|=81)
  +('vision', ('attn', 7, 17)) -> loss=0.1371 (|pool|=82)
  +('vision', ('attn', 16, 22)) -> loss=0.1331 (|pool|=83)
  +('vision', ('attn', 3, 13)) -> loss=0.1297 (|pool|=84)
  +('vision', ('attn', 2, 31)) -> loss=0.1261 (|pool|=85)
  +('vision', ('attn', 12, 6)) -> loss=0.1227 (|pool|=86)
  +('text', ('attn', 7, 4)) -> loss=0.1191 (|pool|=87)
  +('vision', ('attn', 16, 24)) -> loss=0.1160 (|pool|=88)
  +('vision', ('attn', 16, 19)) -> loss=0.1130 (|pool|=89)
  +('vision', ('attn', 0, 20)) -> loss=0.1100 (|pool|=90)
  +('vision', ('attn', 13, 17)) -> loss=0.1067 (|pool|=91)
  +('vision', ('attn', 3, 16)) -> loss=0.1035 (|pool|=92)
  +('vision', ('attn', 12, 26)) -> loss=0.1008 (|pool|=93)
  +('vision', ('attn', 11, 16)) -> loss=0.0983 (|pool|=94)
  +('vision', ('attn', 7, 30)) -> loss=0.0959 (|pool|=95)
  +('vision', ('attn', 9, 14)) -> loss=0.0936 (|pool|=96)
[RN50/fairface] full=38.46  pool(96)=31.14  best prefix(59)=37.29
[RN50/fairface] 7 classes, calibration 7 pairs, 3500 images total
  seed pair ('vision', ('attn', 14, 12)) + ('text', ('attn', 10, 0))  loss=1.6833
  +('vision', ('attn', 14, 30)) -> loss=1.5542 (|pool|=3)
  +('vision', ('attn', 16, 12)) -> loss=1.4104 (|pool|=4)
  +('text', ('attn', 10, 2)) -> loss=1.2587 (|pool|=5)
  +('text', ('attn', 4, 1)) -> loss=1.1554 (|pool|=6)
  +('vision', ('attn', 14, 26)) -> loss=1.0726 (|pool|=7)
  +('text', ('mlp', 7, -1)) -> loss=0.9984 (|pool|=8)
  +('text', ('attn', 11, 5)) -> loss=0.9336 (|pool|=9)
  +('vision', ('attn', 16, 26)) -> loss=0.8649 (|pool|=10)
  +('vision', ('attn', 1, 12)) -> loss=0.8050 (|pool|=11)
  +('text', ('mlp', 11, -1)) -> loss=0.7523 (|pool|=12)
  +('vision', ('attn', 14, 27)) -> loss=0.7040 (|pool|=13)
  +('vision', ('attn', 16, 9)) -> loss=0.6560 (|pool|=14)
  +('vision', ('attn', 16, 30)) -> loss=0.6155 (|pool|=15)
  +('text', ('attn', 6, 0)) -> loss=0.5893 (|pool|=16)
  +('vision', ('attn', 8, 28)) -> loss=0.5667 (|pool|=17)
  +('text', ('attn', 8, 4)) -> loss=0.5454 (|pool|=18)
  +('vision', ('attn', 1, 9)) -> loss=0.5246 (|pool|=19)
  +('text', ('mlp', 8, -1)) -> loss=0.5024 (|pool|=20)
  +('vision', ('attn', 14, 5)) -> loss=0.4816 (|pool|=21)
  +('vision', ('attn', 13, 18)) -> loss=0.4615 (|pool|=22)
  +('text', ('attn', 11, 6)) -> loss=0.4427 (|pool|=23)
  +('vision', ('attn', 15, 26)) -> loss=0.4278 (|pool|=24)
  +('vision', ('attn', 1, 6)) -> loss=0.4144 (|pool|=25)
  +('text', ('attn', 7, 3)) -> loss=0.3944 (|pool|=26)
  +('vision', ('attn', 14, 6)) -> loss=0.3710 (|pool|=27)
  +('text', ('attn', 9, 7)) -> loss=0.3503 (|pool|=28)
  +('text', ('attn', 10, 6)) -> loss=0.3335 (|pool|=29)
  +('vision', ('attn', 4, 9)) -> loss=0.3142 (|pool|=30)
  +('vision', ('attn', 16, 11)) -> loss=0.2980 (|pool|=31)
  +('text', ('attn', 11, 3)) -> loss=0.2776 (|pool|=32)
  +('vision', ('attn', 4, 31)) -> loss=0.2523 (|pool|=33)
  +('vision', ('attn', 2, 6)) -> loss=0.2358 (|pool|=34)
  +('vision', ('attn', 8, 17)) -> loss=0.2205 (|pool|=35)
  +('vision', ('attn', 8, 0)) -> loss=0.2097 (|pool|=36)
  +('text', ('mlp', 10, -1)) -> loss=0.1997 (|pool|=37)
  +('vision', ('attn', 7, 24)) -> loss=0.1865 (|pool|=38)
  +('vision', ('attn', 9, 26)) -> loss=0.1765 (|pool|=39)
  +('vision', ('attn', 1, 3)) -> loss=0.1669 (|pool|=40)
  +('vision', ('attn', 4, 3)) -> loss=0.1555 (|pool|=41)
  +('vision', ('attn', 8, 9)) -> loss=0.1477 (|pool|=42)
  +('vision', ('attn', 9, 14)) -> loss=0.1408 (|pool|=43)
  +('vision', ('attn', 4, 28)) -> loss=0.1343 (|pool|=44)
  +('vision', ('attn', 1, 16)) -> loss=0.1282 (|pool|=45)
  +('vision', ('attn', 12, 4)) -> loss=0.1227 (|pool|=46)
  +('vision', ('attn', 1, 4)) -> loss=0.1157 (|pool|=47)
  +('vision', ('attn', 0, 30)) -> loss=0.1109 (|pool|=48)
  +('vision', ('attn', 1, 13)) -> loss=0.1069 (|pool|=49)
  +('text', ('attn', 9, 2)) -> loss=0.1027 (|pool|=50)
  +('vision', ('attn', 0, 18)) -> loss=0.0979 (|pool|=51)
  +('vision', ('attn', 8, 30)) -> loss=0.0926 (|pool|=52)
  +('vision', ('attn', 12, 28)) -> loss=0.0877 (|pool|=53)
  +('text', ('attn', 0, 4)) -> loss=0.0841 (|pool|=54)
  +('vision', ('attn', 13, 3)) -> loss=0.0808 (|pool|=55)
  +('text', ('attn', 3, 5)) -> loss=0.0777 (|pool|=56)
  +('vision', ('attn', 4, 20)) -> loss=0.0746 (|pool|=57)
  +('vision', ('attn', 0, 25)) -> loss=0.0717 (|pool|=58)
  +('vision', ('attn', 0, 11)) -> loss=0.0688 (|pool|=59)
  +('text', ('attn', 2, 4)) -> loss=0.0661 (|pool|=60)
  +('vision', ('attn', 12, 24)) -> loss=0.0639 (|pool|=61)
  +('vision', ('attn', 6, 26)) -> loss=0.0618 (|pool|=62)
  +('text', ('attn', 4, 0)) -> loss=0.0599 (|pool|=63)
  +('vision', ('attn', 12, 10)) -> loss=0.0580 (|pool|=64)
  +('text', ('attn', 4, 5)) -> loss=0.0564 (|pool|=65)
  +('vision', ('attn', 8, 13)) -> loss=0.0548 (|pool|=66)
  +('vision', ('attn', 16, 24)) -> loss=0.0529 (|pool|=67)
  +('vision', ('attn', 2, 15)) -> loss=0.0515 (|pool|=68)
  +('vision', ('attn', 6, 24)) -> loss=0.0501 (|pool|=69)
  +('vision', ('attn', 1, 26)) -> loss=0.0487 (|pool|=70)
  +('vision', ('attn', 6, 12)) -> loss=0.0473 (|pool|=71)
  +('vision', ('attn', 5, 26)) -> loss=0.0460 (|pool|=72)
  +('text', ('attn', 9, 0)) -> loss=0.0448 (|pool|=73)
  +('vision', ('attn', 14, 15)) -> loss=0.0434 (|pool|=74)
  +('vision', ('attn', 8, 19)) -> loss=0.0421 (|pool|=75)
  +('vision', ('attn', 15, 4)) -> loss=0.0410 (|pool|=76)
  +('vision', ('attn', 2, 12)) -> loss=0.0399 (|pool|=77)
  +('vision', ('attn', 3, 15)) -> loss=0.0388 (|pool|=78)
  +('vision', ('attn', 2, 5)) -> loss=0.0378 (|pool|=79)
  +('text', ('attn', 5, 7)) -> loss=0.0369 (|pool|=80)
  +('text', ('attn', 3, 0)) -> loss=0.0361 (|pool|=81)
  +('vision', ('attn', 13, 10)) -> loss=0.0351 (|pool|=82)
  +('vision', ('attn', 12, 19)) -> loss=0.0343 (|pool|=83)
  +('vision', ('attn', 15, 12)) -> loss=0.0334 (|pool|=84)
  +('vision', ('attn', 7, 27)) -> loss=0.0325 (|pool|=85)
  +('text', ('attn', 5, 5)) -> loss=0.0318 (|pool|=86)
  +('vision', ('attn', 11, 12)) -> loss=0.0310 (|pool|=87)
  +('vision', ('attn', 8, 20)) -> loss=0.0303 (|pool|=88)
  +('vision', ('attn', 1, 22)) -> loss=0.0296 (|pool|=89)
  +('text', ('attn', 7, 4)) -> loss=0.0289 (|pool|=90)
  +('vision', ('attn', 13, 28)) -> loss=0.0281 (|pool|=91)
  +('vision', ('attn', 9, 7)) -> loss=0.0274 (|pool|=92)
  +('vision', ('attn', 0, 23)) -> loss=0.0268 (|pool|=93)
  +('text', ('attn', 3, 2)) -> loss=0.0261 (|pool|=94)
  +('vision', ('attn', 8, 1)) -> loss=0.0256 (|pool|=95)
  +('vision', ('attn', 3, 13)) -> loss=0.0250 (|pool|=96)
[RN50/fairface] full=38.46  pool(96)=44.11  best prefix(11)=47.57
[RN50/CIFAR100] 100 classes, calibration 100 pairs, 2000 images total
  seed pair ('vision', ('attn', 14, 22)) + ('text', ('attn', 10, 4))  loss=3.9258
  +('vision', ('attn', 8, 22)) -> loss=3.7372 (|pool|=3)
  +('text', ('attn', 11, 3)) -> loss=3.6408 (|pool|=4)
  +('vision', ('attn', 14, 16)) -> loss=3.5016 (|pool|=5)
  +('text', ('attn', 10, 1)) -> loss=3.3540 (|pool|=6)
  +('vision', ('attn', 14, 6)) -> loss=3.2550 (|pool|=7)
  +('vision', ('attn', 8, 16)) -> loss=3.1937 (|pool|=8)
  +('text', ('attn', 11, 1)) -> loss=3.1337 (|pool|=9)
  +('vision', ('attn', 15, 22)) -> loss=3.0761 (|pool|=10)
  +('vision', ('attn', 14, 29)) -> loss=3.0230 (|pool|=11)
  +('text', ('attn', 7, 0)) -> loss=2.9653 (|pool|=12)
  +('text', ('attn', 3, 7)) -> loss=2.9287 (|pool|=13)
  +('vision', ('attn', 14, 13)) -> loss=2.8906 (|pool|=14)
  +('text', ('attn', 8, 5)) -> loss=2.8442 (|pool|=15)
  +('vision', ('attn', 8, 24)) -> loss=2.8096 (|pool|=16)
  +('vision', ('attn', 14, 25)) -> loss=2.7749 (|pool|=17)
  +('text', ('attn', 10, 2)) -> loss=2.7184 (|pool|=18)
  +('text', ('attn', 10, 7)) -> loss=2.6741 (|pool|=19)
  +('vision', ('attn', 15, 29)) -> loss=2.6467 (|pool|=20)
  +('vision', ('attn', 12, 22)) -> loss=2.6221 (|pool|=21)
  +('vision', ('attn', 10, 29)) -> loss=2.5994 (|pool|=22)
  +('vision', ('attn', 14, 1)) -> loss=2.5785 (|pool|=23)
  +('vision', ('attn', 9, 29)) -> loss=2.5594 (|pool|=24)
  +('text', ('attn', 8, 7)) -> loss=2.5411 (|pool|=25)
  +('vision', ('attn', 16, 29)) -> loss=2.5222 (|pool|=26)
  +('vision', ('attn', 9, 6)) -> loss=2.5041 (|pool|=27)
  +('vision', ('attn', 12, 13)) -> loss=2.4883 (|pool|=28)
  +('vision', ('attn', 8, 11)) -> loss=2.4726 (|pool|=29)
  +('vision', ('attn', 16, 22)) -> loss=2.4558 (|pool|=30)
  +('vision', ('attn', 16, 25)) -> loss=2.4410 (|pool|=31)
  +('vision', ('attn', 11, 29)) -> loss=2.4271 (|pool|=32)
  +('vision', ('attn', 15, 16)) -> loss=2.4133 (|pool|=33)
  +('vision', ('attn', 4, 13)) -> loss=2.4000 (|pool|=34)
  +('vision', ('attn', 8, 17)) -> loss=2.3869 (|pool|=35)
  +('text', ('attn', 10, 3)) -> loss=2.3735 (|pool|=36)
  +('text', ('attn', 11, 2)) -> loss=2.3610 (|pool|=37)
  +('vision', ('attn', 9, 16)) -> loss=2.3492 (|pool|=38)
  +('text', ('attn', 8, 3)) -> loss=2.3372 (|pool|=39)
  +('vision', ('attn', 12, 6)) -> loss=2.3263 (|pool|=40)
  +('vision', ('attn', 8, 6)) -> loss=2.3144 (|pool|=41)
  +('text', ('attn', 7, 2)) -> loss=2.3030 (|pool|=42)
  +('vision', ('attn', 13, 13)) -> loss=2.2907 (|pool|=43)
  +('vision', ('attn', 8, 13)) -> loss=2.2800 (|pool|=44)
  +('vision', ('attn', 16, 1)) -> loss=2.2697 (|pool|=45)
  +('vision', ('attn', 8, 4)) -> loss=2.2595 (|pool|=46)
  +('vision', ('attn', 0, 13)) -> loss=2.2497 (|pool|=47)
  +('vision', ('attn', 2, 10)) -> loss=2.2402 (|pool|=48)
  +('vision', ('attn', 15, 6)) -> loss=2.2304 (|pool|=49)
  +('text', ('attn', 11, 4)) -> loss=2.2211 (|pool|=50)
  +('vision', ('attn', 13, 26)) -> loss=2.2122 (|pool|=51)
  +('text', ('attn', 3, 1)) -> loss=2.2033 (|pool|=52)
  +('vision', ('attn', 11, 13)) -> loss=2.1944 (|pool|=53)
  +('vision', ('attn', 3, 4)) -> loss=2.1861 (|pool|=54)
  +('vision', ('attn', 12, 16)) -> loss=2.1783 (|pool|=55)
  +('text', ('attn', 7, 5)) -> loss=2.1702 (|pool|=56)
  +('text', ('attn', 5, 5)) -> loss=2.1624 (|pool|=57)
  +('vision', ('attn', 14, 4)) -> loss=2.1549 (|pool|=58)
  +('text', ('attn', 7, 1)) -> loss=2.1462 (|pool|=59)
  +('vision', ('attn', 11, 18)) -> loss=2.1386 (|pool|=60)
  +('vision', ('attn', 10, 6)) -> loss=2.1310 (|pool|=61)
  +('vision', ('attn', 5, 7)) -> loss=2.1234 (|pool|=62)
  +('vision', ('attn', 3, 26)) -> loss=2.1167 (|pool|=63)
  +('vision', ('attn', 16, 31)) -> loss=2.1105 (|pool|=64)
  +('vision', ('attn', 10, 13)) -> loss=2.1045 (|pool|=65)
  +('vision', ('attn', 10, 25)) -> loss=2.0992 (|pool|=66)
  +('vision', ('attn', 12, 29)) -> loss=2.0934 (|pool|=67)
  +('text', ('attn', 4, 5)) -> loss=2.0874 (|pool|=68)
  +('vision', ('attn', 11, 22)) -> loss=2.0807 (|pool|=69)
  +('vision', ('attn', 12, 24)) -> loss=2.0751 (|pool|=70)
  +('vision', ('attn', 7, 24)) -> loss=2.0672 (|pool|=71)
  +('vision', ('attn', 11, 15)) -> loss=2.0616 (|pool|=72)
  +('vision', ('attn', 12, 4)) -> loss=2.0567 (|pool|=73)
  +('vision', ('attn', 9, 2)) -> loss=2.0520 (|pool|=74)
  +('vision', ('attn', 16, 16)) -> loss=2.0473 (|pool|=75)
  +('vision', ('attn', 2, 11)) -> loss=2.0425 (|pool|=76)
  +('vision', ('attn', 8, 1)) -> loss=2.0384 (|pool|=77)
  +('vision', ('attn', 13, 27)) -> loss=2.0339 (|pool|=78)
  +('vision', ('attn', 14, 11)) -> loss=2.0294 (|pool|=79)
  +('vision', ('attn', 16, 13)) -> loss=2.0240 (|pool|=80)
  +('text', ('attn', 11, 5)) -> loss=2.0183 (|pool|=81)
  +('vision', ('attn', 4, 5)) -> loss=2.0127 (|pool|=82)
  +('vision', ('attn', 10, 18)) -> loss=2.0074 (|pool|=83)
  +('vision', ('attn', 0, 17)) -> loss=2.0014 (|pool|=84)
  +('vision', ('attn', 3, 7)) -> loss=1.9956 (|pool|=85)
  +('vision', ('attn', 7, 13)) -> loss=1.9909 (|pool|=86)
  +('vision', ('attn', 8, 29)) -> loss=1.9865 (|pool|=87)
  +('vision', ('attn', 7, 14)) -> loss=1.9815 (|pool|=88)
  +('vision', ('attn', 8, 9)) -> loss=1.9774 (|pool|=89)
  +('vision', ('attn', 15, 26)) -> loss=1.9733 (|pool|=90)
  +('text', ('attn', 9, 6)) -> loss=1.9694 (|pool|=91)
  +('vision', ('attn', 3, 28)) -> loss=1.9650 (|pool|=92)
  +('vision', ('attn', 9, 15)) -> loss=1.9608 (|pool|=93)
  +('text', ('attn', 9, 2)) -> loss=1.9564 (|pool|=94)
  +('vision', ('attn', 4, 0)) -> loss=1.9519 (|pool|=95)
  +('vision', ('attn', 15, 11)) -> loss=1.9477 (|pool|=96)
[RN50/CIFAR100] full=34.80  pool(96)=35.25  best prefix(88)=35.40
[RN50/CIFAR100] 100 classes, calibration 100 pairs, 2000 images total
  seed pair ('vision', ('attn', 14, 22)) + ('text', ('attn', 10, 4))  loss=4.0561
  +('vision', ('attn', 8, 22)) -> loss=3.9645 (|pool|=3)
  +('text', ('attn', 11, 3)) -> loss=3.9064 (|pool|=4)
  +('vision', ('attn', 14, 6)) -> loss=3.8193 (|pool|=5)
  +('text', ('attn', 7, 0)) -> loss=3.7584 (|pool|=6)
  +('vision', ('attn', 14, 16)) -> loss=3.6982 (|pool|=7)
  +('text', ('attn', 10, 1)) -> loss=3.5861 (|pool|=8)
  +('vision', ('attn', 14, 29)) -> loss=3.5081 (|pool|=9)
  +('vision', ('attn', 15, 22)) -> loss=3.4626 (|pool|=10)
  +('text', ('attn', 11, 1)) -> loss=3.4232 (|pool|=11)
  +('vision', ('attn', 16, 22)) -> loss=3.3877 (|pool|=12)
  +('text', ('attn', 3, 7)) -> loss=3.3549 (|pool|=13)
  +('vision', ('attn', 15, 29)) -> loss=3.3215 (|pool|=14)
  +('vision', ('attn', 8, 6)) -> loss=3.2943 (|pool|=15)
  +('vision', ('attn', 12, 16)) -> loss=3.2666 (|pool|=16)
  +('text', ('attn', 8, 3)) -> loss=3.2406 (|pool|=17)
  +('vision', ('attn', 16, 29)) -> loss=3.2155 (|pool|=18)
  +('vision', ('attn', 15, 16)) -> loss=3.1917 (|pool|=19)
  +('vision', ('attn', 8, 29)) -> loss=3.1722 (|pool|=20)
  +('text', ('attn', 10, 3)) -> loss=3.1527 (|pool|=21)
  +('vision', ('attn', 16, 6)) -> loss=3.1347 (|pool|=22)
  +('text', ('attn', 8, 5)) -> loss=3.1155 (|pool|=23)
  +('vision', ('attn', 8, 31)) -> loss=3.0951 (|pool|=24)
  +('vision', ('attn', 13, 22)) -> loss=3.0760 (|pool|=25)
  +('vision', ('attn', 16, 13)) -> loss=3.0575 (|pool|=26)
  +('vision', ('attn', 9, 6)) -> loss=3.0411 (|pool|=27)
  +('text', ('attn', 8, 7)) -> loss=3.0239 (|pool|=28)
  +('text', ('attn', 9, 7)) -> loss=3.0082 (|pool|=29)
  +('vision', ('attn', 0, 24)) -> loss=2.9840 (|pool|=30)
  +('vision', ('attn', 1, 20)) -> loss=2.9677 (|pool|=31)
  +('vision', ('attn', 11, 6)) -> loss=2.9539 (|pool|=32)
  +('vision', ('attn', 8, 17)) -> loss=2.9403 (|pool|=33)
  +('vision', ('attn', 8, 13)) -> loss=2.9271 (|pool|=34)
  +('vision', ('attn', 4, 13)) -> loss=2.9142 (|pool|=35)
  +('text', ('attn', 9, 0)) -> loss=2.9011 (|pool|=36)
  +('vision', ('attn', 16, 4)) -> loss=2.8879 (|pool|=37)
  +('vision', ('attn', 8, 25)) -> loss=2.8753 (|pool|=38)
  +('text', ('attn', 10, 2)) -> loss=2.8587 (|pool|=39)
  +('vision', ('attn', 16, 25)) -> loss=2.8439 (|pool|=40)
  +('vision', ('attn', 12, 29)) -> loss=2.8290 (|pool|=41)
  +('vision', ('attn', 10, 16)) -> loss=2.8172 (|pool|=42)
  +('text', ('attn', 10, 7)) -> loss=2.8055 (|pool|=43)
  +('vision', ('attn', 3, 29)) -> loss=2.7927 (|pool|=44)
  +('vision', ('attn', 16, 23)) -> loss=2.7817 (|pool|=45)
  +('vision', ('attn', 16, 31)) -> loss=2.7711 (|pool|=46)
  +('vision', ('attn', 11, 22)) -> loss=2.7607 (|pool|=47)
  +('vision', ('attn', 16, 16)) -> loss=2.7497 (|pool|=48)
  +('text', ('attn', 11, 2)) -> loss=2.7386 (|pool|=49)
  +('vision', ('attn', 9, 13)) -> loss=2.7286 (|pool|=50)
  +('vision', ('attn', 15, 25)) -> loss=2.7185 (|pool|=51)
  +('text', ('attn', 7, 2)) -> loss=2.7088 (|pool|=52)
  +('vision', ('attn', 9, 29)) -> loss=2.6988 (|pool|=53)
  +('vision', ('attn', 1, 24)) -> loss=2.6874 (|pool|=54)
  +('vision', ('attn', 10, 6)) -> loss=2.6784 (|pool|=55)
  +('vision', ('attn', 15, 6)) -> loss=2.6684 (|pool|=56)
  +('vision', ('attn', 7, 6)) -> loss=2.6604 (|pool|=57)
  +('vision', ('attn', 16, 11)) -> loss=2.6524 (|pool|=58)
  +('vision', ('attn', 1, 30)) -> loss=2.6440 (|pool|=59)
  +('vision', ('attn', 16, 10)) -> loss=2.6347 (|pool|=60)
  +('vision', ('attn', 8, 8)) -> loss=2.6265 (|pool|=61)
  +('vision', ('attn', 7, 7)) -> loss=2.6182 (|pool|=62)
  +('vision', ('attn', 12, 20)) -> loss=2.6093 (|pool|=63)
  +('vision', ('attn', 11, 29)) -> loss=2.6021 (|pool|=64)
  +('text', ('attn', 8, 4)) -> loss=2.5943 (|pool|=65)
  +('vision', ('attn', 8, 9)) -> loss=2.5865 (|pool|=66)
  +('vision', ('attn', 16, 8)) -> loss=2.5787 (|pool|=67)
  +('vision', ('attn', 7, 12)) -> loss=2.5721 (|pool|=68)
  +('text', ('attn', 7, 5)) -> loss=2.5653 (|pool|=69)
  +('vision', ('attn', 0, 5)) -> loss=2.5579 (|pool|=70)
  +('vision', ('attn', 3, 1)) -> loss=2.5513 (|pool|=71)
  +('vision', ('attn', 15, 13)) -> loss=2.5445 (|pool|=72)
  +('vision', ('attn', 16, 3)) -> loss=2.5384 (|pool|=73)
  +('vision', ('attn', 4, 17)) -> loss=2.5318 (|pool|=74)
  +('text', ('attn', 9, 2)) -> loss=2.5248 (|pool|=75)
  +('vision', ('attn', 10, 9)) -> loss=2.5188 (|pool|=76)
  +('text', ('attn', 11, 5)) -> loss=2.5091 (|pool|=77)
  +('text', ('mlp', 10, -1)) -> loss=2.5016 (|pool|=78)
  +('vision', ('attn', 15, 4)) -> loss=2.4952 (|pool|=79)
  +('vision', ('attn', 10, 13)) -> loss=2.4889 (|pool|=80)
  +('vision', ('attn', 2, 26)) -> loss=2.4826 (|pool|=81)
  +('vision', ('attn', 12, 6)) -> loss=2.4769 (|pool|=82)
  +('vision', ('attn', 11, 9)) -> loss=2.4718 (|pool|=83)
  +('vision', ('attn', 7, 31)) -> loss=2.4669 (|pool|=84)
  +('vision', ('attn', 14, 17)) -> loss=2.4614 (|pool|=85)
  +('vision', ('attn', 10, 17)) -> loss=2.4539 (|pool|=86)
  +('vision', ('attn', 12, 18)) -> loss=2.4483 (|pool|=87)
  +('text', ('attn', 7, 4)) -> loss=2.4427 (|pool|=88)
  +('vision', ('attn', 0, 4)) -> loss=2.4367 (|pool|=89)
  +('text', ('attn', 3, 0)) -> loss=2.4316 (|pool|=90)
  +('vision', ('attn', 0, 9)) -> loss=2.4265 (|pool|=91)
  +('text', ('mlp', 0, -1)) -> loss=2.4212 (|pool|=92)
  +('vision', ('attn', 9, 1)) -> loss=2.4168 (|pool|=93)
  +('vision', ('attn', 15, 11)) -> loss=2.4124 (|pool|=94)
  +('text', ('attn', 4, 0)) -> loss=2.4081 (|pool|=95)
  +('vision', ('attn', 4, 25)) -> loss=2.4034 (|pool|=96)
[RN50/CIFAR100] full=34.80  pool(96)=34.10  best prefix(75)=35.60
[RN50/CIFAR100] 100 classes, calibration 100 pairs, 2000 images total
  seed pair ('vision', ('attn', 14, 22)) + ('text', ('attn', 10, 4))  loss=4.0318
  +('vision', ('attn', 8, 22)) -> loss=3.9037 (|pool|=3)
  +('vision', ('attn', 16, 22)) -> loss=3.8504 (|pool|=4)
  +('vision', ('attn', 8, 24)) -> loss=3.8072 (|pool|=5)
  +('text', ('attn', 11, 3)) -> loss=3.7421 (|pool|=6)
  +('vision', ('attn', 14, 6)) -> loss=3.6888 (|pool|=7)
  +('text', ('attn', 10, 1)) -> loss=3.6169 (|pool|=8)
  +('vision', ('attn', 14, 16)) -> loss=3.5334 (|pool|=9)
  +('vision', ('attn', 14, 29)) -> loss=3.4634 (|pool|=10)
  +('text', ('attn', 11, 1)) -> loss=3.3781 (|pool|=11)
  +('text', ('attn', 7, 0)) -> loss=3.3033 (|pool|=12)
  +('text', ('attn', 3, 7)) -> loss=3.2687 (|pool|=13)
  +('vision', ('attn', 15, 29)) -> loss=3.2345 (|pool|=14)
  +('vision', ('attn', 14, 13)) -> loss=3.2022 (|pool|=15)
  +('text', ('attn', 8, 3)) -> loss=3.1722 (|pool|=16)
  +('vision', ('attn', 12, 22)) -> loss=3.1426 (|pool|=17)
  +('vision', ('attn', 15, 16)) -> loss=3.1125 (|pool|=18)
  +('vision', ('attn', 15, 22)) -> loss=3.0869 (|pool|=19)
  +('text', ('attn', 11, 6)) -> loss=3.0650 (|pool|=20)
  +('vision', ('attn', 10, 16)) -> loss=3.0433 (|pool|=21)
  +('vision', ('attn', 9, 16)) -> loss=3.0272 (|pool|=22)
  +('text', ('attn', 10, 7)) -> loss=3.0105 (|pool|=23)
  +('vision', ('attn', 8, 25)) -> loss=2.9917 (|pool|=24)
  +('vision', ('attn', 9, 29)) -> loss=2.9754 (|pool|=25)
  +('vision', ('attn', 14, 8)) -> loss=2.9606 (|pool|=26)
  +('text', ('attn', 10, 2)) -> loss=2.9426 (|pool|=27)
  +('vision', ('attn', 14, 4)) -> loss=2.9261 (|pool|=28)
  +('text', ('mlp', 11, -1)) -> loss=2.9060 (|pool|=29)
  +('vision', ('attn', 14, 25)) -> loss=2.8779 (|pool|=30)
  +('vision', ('attn', 16, 29)) -> loss=2.8623 (|pool|=31)
  +('vision', ('attn', 2, 10)) -> loss=2.8464 (|pool|=32)
  +('text', ('attn', 10, 3)) -> loss=2.8304 (|pool|=33)
  +('vision', ('attn', 15, 13)) -> loss=2.8152 (|pool|=34)
  +('vision', ('attn', 12, 16)) -> loss=2.8000 (|pool|=35)
  +('text', ('attn', 10, 6)) -> loss=2.7855 (|pool|=36)
  +('vision', ('attn', 8, 0)) -> loss=2.7739 (|pool|=37)
  +('text', ('attn', 8, 5)) -> loss=2.7617 (|pool|=38)
  +('vision', ('attn', 16, 23)) -> loss=2.7494 (|pool|=39)
  +('vision', ('attn', 12, 13)) -> loss=2.7372 (|pool|=40)
  +('vision', ('attn', 10, 29)) -> loss=2.7253 (|pool|=41)
  +('vision', ('attn', 13, 22)) -> loss=2.7134 (|pool|=42)
  +('vision', ('attn', 9, 6)) -> loss=2.7003 (|pool|=43)
  +('vision', ('attn', 16, 16)) -> loss=2.6893 (|pool|=44)
  +('vision', ('attn', 3, 25)) -> loss=2.6790 (|pool|=45)
  +('vision', ('attn', 10, 13)) -> loss=2.6701 (|pool|=46)
  +('vision', ('attn', 10, 6)) -> loss=2.6613 (|pool|=47)
  +('text', ('attn', 9, 0)) -> loss=2.6530 (|pool|=48)
  +('vision', ('attn', 11, 25)) -> loss=2.6448 (|pool|=49)
  +('text', ('attn', 7, 2)) -> loss=2.6364 (|pool|=50)
  +('vision', ('attn', 13, 27)) -> loss=2.6284 (|pool|=51)
  +('vision', ('attn', 9, 27)) -> loss=2.6191 (|pool|=52)
  +('vision', ('attn', 8, 29)) -> loss=2.6110 (|pool|=53)
  +('vision', ('attn', 15, 17)) -> loss=2.6034 (|pool|=54)
  +('vision', ('attn', 15, 1)) -> loss=2.5960 (|pool|=55)
  +('text', ('mlp', 3, -1)) -> loss=2.5890 (|pool|=56)
  +('text', ('attn', 10, 5)) -> loss=2.5819 (|pool|=57)
  +('vision', ('attn', 10, 22)) -> loss=2.5744 (|pool|=58)
  +('vision', ('attn', 15, 26)) -> loss=2.5675 (|pool|=59)
  +('vision', ('attn', 16, 7)) -> loss=2.5609 (|pool|=60)
  +('vision', ('attn', 9, 13)) -> loss=2.5547 (|pool|=61)
  +('vision', ('attn', 10, 10)) -> loss=2.5487 (|pool|=62)
  +('vision', ('attn', 8, 26)) -> loss=2.5424 (|pool|=63)
  +('vision', ('attn', 2, 20)) -> loss=2.5364 (|pool|=64)
  +('text', ('attn', 7, 5)) -> loss=2.5305 (|pool|=65)
  +('vision', ('attn', 2, 25)) -> loss=2.5233 (|pool|=66)
  +('text', ('attn', 11, 7)) -> loss=2.5177 (|pool|=67)
  +('vision', ('attn', 0, 28)) -> loss=2.5091 (|pool|=68)
  +('vision', ('attn', 11, 10)) -> loss=2.5027 (|pool|=69)
  +('vision', ('attn', 11, 29)) -> loss=2.4966 (|pool|=70)
  +('vision', ('attn', 6, 3)) -> loss=2.4908 (|pool|=71)
  +('vision', ('attn', 10, 8)) -> loss=2.4855 (|pool|=72)
  +('vision', ('attn', 16, 1)) -> loss=2.4802 (|pool|=73)
  +('text', ('attn', 11, 2)) -> loss=2.4745 (|pool|=74)
  +('vision', ('attn', 7, 6)) -> loss=2.4689 (|pool|=75)
  +('vision', ('attn', 8, 6)) -> loss=2.4584 (|pool|=76)
  +('vision', ('attn', 13, 6)) -> loss=2.4446 (|pool|=77)
  +('vision', ('attn', 2, 11)) -> loss=2.4392 (|pool|=78)
  +('vision', ('attn', 16, 3)) -> loss=2.4344 (|pool|=79)
  +('vision', ('attn', 15, 25)) -> loss=2.4298 (|pool|=80)
  +('vision', ('attn', 12, 25)) -> loss=2.4244 (|pool|=81)
  +('text', ('mlp', 10, -1)) -> loss=2.4199 (|pool|=82)
  +('vision', ('attn', 13, 23)) -> loss=2.4136 (|pool|=83)
  +('vision', ('attn', 10, 20)) -> loss=2.4081 (|pool|=84)
  +('vision', ('attn', 7, 29)) -> loss=2.4031 (|pool|=85)
  +('vision', ('attn', 9, 31)) -> loss=2.3983 (|pool|=86)
  +('text', ('mlp', 0, -1)) -> loss=2.3938 (|pool|=87)
  +('vision', ('attn', 0, 6)) -> loss=2.3890 (|pool|=88)
  +('vision', ('attn', 11, 16)) -> loss=2.3835 (|pool|=89)
  +('vision', ('attn', 11, 28)) -> loss=2.3786 (|pool|=90)
  +('vision', ('attn', 3, 14)) -> loss=2.3741 (|pool|=91)
  +('vision', ('attn', 16, 13)) -> loss=2.3694 (|pool|=92)
  +('vision', ('attn', 4, 19)) -> loss=2.3648 (|pool|=93)
  +('vision', ('attn', 8, 5)) -> loss=2.3595 (|pool|=94)
  +('vision', ('attn', 0, 1)) -> loss=2.3544 (|pool|=95)
  +('vision', ('attn', 10, 27)) -> loss=2.3494 (|pool|=96)
[RN50/CIFAR100] full=34.80  pool(96)=33.85  best prefix(96)=33.85
[RN50/caltech] 101 classes, calibration 99 pairs, 2020 images total
  seed pair ('vision', ('attn', 14, 22)) + ('text', ('attn', 10, 4))  loss=3.2000
  +('vision', ('attn', 8, 22)) -> loss=3.0170 (|pool|=3)
  +('vision', ('attn', 16, 22)) -> loss=2.8873 (|pool|=4)
  +('vision', ('attn', 14, 6)) -> loss=2.7919 (|pool|=5)
  +('text', ('attn', 10, 1)) -> loss=2.5848 (|pool|=6)
  +('vision', ('attn', 14, 16)) -> loss=2.3674 (|pool|=7)
  +('text', ('attn', 11, 3)) -> loss=2.2171 (|pool|=8)
  +('vision', ('attn', 14, 29)) -> loss=2.0857 (|pool|=9)
  +('text', ('attn', 11, 1)) -> loss=1.9641 (|pool|=10)
  +('vision', ('attn', 14, 13)) -> loss=1.8531 (|pool|=11)
  +('vision', ('attn', 15, 22)) -> loss=1.7818 (|pool|=12)
  +('vision', ('attn', 15, 16)) -> loss=1.7244 (|pool|=13)
  +('vision', ('attn', 12, 16)) -> loss=1.6712 (|pool|=14)
  +('vision', ('attn', 12, 22)) -> loss=1.6146 (|pool|=15)
  +('vision', ('attn', 15, 6)) -> loss=1.5623 (|pool|=16)
  +('vision', ('attn', 16, 29)) -> loss=1.5138 (|pool|=17)
  +('text', ('attn', 9, 6)) -> loss=1.4694 (|pool|=18)
  +('vision', ('attn', 16, 23)) -> loss=1.4266 (|pool|=19)
  +('vision', ('attn', 16, 16)) -> loss=1.3871 (|pool|=20)
  +('text', ('attn', 10, 2)) -> loss=1.3494 (|pool|=21)
  +('vision', ('attn', 11, 16)) -> loss=1.3146 (|pool|=22)
  +('vision', ('attn', 16, 13)) -> loss=1.2811 (|pool|=23)
  +('vision', ('attn', 13, 22)) -> loss=1.2475 (|pool|=24)
  +('vision', ('attn', 12, 6)) -> loss=1.2068 (|pool|=25)
  +('vision', ('attn', 16, 8)) -> loss=1.1782 (|pool|=26)
  +('vision', ('attn', 13, 29)) -> loss=1.1512 (|pool|=27)
  +('vision', ('attn', 10, 16)) -> loss=1.1240 (|pool|=28)
  +('text', ('attn', 7, 0)) -> loss=1.0982 (|pool|=29)
  +('vision', ('attn', 15, 23)) -> loss=1.0775 (|pool|=30)
  +('text', ('attn', 10, 7)) -> loss=1.0580 (|pool|=31)
  +('vision', ('attn', 15, 25)) -> loss=1.0389 (|pool|=32)
  +('vision', ('attn', 9, 16)) -> loss=1.0217 (|pool|=33)
  +('vision', ('attn', 10, 22)) -> loss=1.0049 (|pool|=34)
  +('text', ('attn', 8, 5)) -> loss=0.9881 (|pool|=35)
  +('vision', ('attn', 11, 6)) -> loss=0.9721 (|pool|=36)
  +('vision', ('attn', 16, 6)) -> loss=0.9593 (|pool|=37)
  +('vision', ('attn', 1, 16)) -> loss=0.9438 (|pool|=38)
  +('vision', ('attn', 16, 25)) -> loss=0.9320 (|pool|=39)
  +('vision', ('attn', 9, 29)) -> loss=0.9216 (|pool|=40)
  +('text', ('attn', 10, 3)) -> loss=0.9112 (|pool|=41)
  +('vision', ('attn', 8, 16)) -> loss=0.9013 (|pool|=42)
  +('vision', ('attn', 13, 16)) -> loss=0.8797 (|pool|=43)
  +('vision', ('attn', 12, 29)) -> loss=0.8702 (|pool|=44)
  +('vision', ('attn', 12, 13)) -> loss=0.8603 (|pool|=45)
  +('vision', ('attn', 9, 22)) -> loss=0.8501 (|pool|=46)
  +('vision', ('attn', 15, 29)) -> loss=0.8407 (|pool|=47)
  +('text', ('attn', 8, 7)) -> loss=0.8319 (|pool|=48)
  +('vision', ('attn', 3, 8)) -> loss=0.8225 (|pool|=49)
  +('vision', ('attn', 16, 20)) -> loss=0.8146 (|pool|=50)
  +('vision', ('attn', 1, 7)) -> loss=0.8063 (|pool|=51)
  +('vision', ('attn', 8, 13)) -> loss=0.7983 (|pool|=52)
  +('vision', ('attn', 16, 11)) -> loss=0.7906 (|pool|=53)
  +('vision', ('attn', 11, 13)) -> loss=0.7834 (|pool|=54)
  +('vision', ('attn', 5, 16)) -> loss=0.7764 (|pool|=55)
  +('vision', ('attn', 9, 6)) -> loss=0.7696 (|pool|=56)
  +('vision', ('attn', 15, 9)) -> loss=0.7630 (|pool|=57)
  +('vision', ('attn', 16, 0)) -> loss=0.7565 (|pool|=58)
  +('vision', ('attn', 16, 1)) -> loss=0.7507 (|pool|=59)
  +('vision', ('attn', 7, 23)) -> loss=0.7457 (|pool|=60)
  +('text', ('attn', 9, 4)) -> loss=0.7407 (|pool|=61)
  +('text', ('attn', 7, 5)) -> loss=0.7361 (|pool|=62)
  +('text', ('attn', 9, 7)) -> loss=0.7317 (|pool|=63)
  +('vision', ('attn', 15, 24)) -> loss=0.7266 (|pool|=64)
  +('vision', ('attn', 16, 4)) -> loss=0.7220 (|pool|=65)
  +('text', ('attn', 11, 6)) -> loss=0.7176 (|pool|=66)
  +('text', ('attn', 4, 5)) -> loss=0.7132 (|pool|=67)
  +('vision', ('attn', 5, 22)) -> loss=0.7087 (|pool|=68)
  +('vision', ('attn', 3, 5)) -> loss=0.7042 (|pool|=69)
  +('vision', ('attn', 5, 11)) -> loss=0.7002 (|pool|=70)
  +('text', ('attn', 11, 2)) -> loss=0.6967 (|pool|=71)
  +('vision', ('attn', 10, 24)) -> loss=0.6922 (|pool|=72)
  +('vision', ('attn', 12, 12)) -> loss=0.6883 (|pool|=73)
  +('vision', ('attn', 10, 29)) -> loss=0.6844 (|pool|=74)
  +('vision', ('attn', 16, 17)) -> loss=0.6808 (|pool|=75)
  +('text', ('attn', 11, 5)) -> loss=0.6764 (|pool|=76)
  +('vision', ('attn', 16, 9)) -> loss=0.6726 (|pool|=77)
  +('text', ('attn', 9, 0)) -> loss=0.6686 (|pool|=78)
  +('text', ('mlp', 4, -1)) -> loss=0.6644 (|pool|=79)
  +('vision', ('attn', 10, 13)) -> loss=0.6606 (|pool|=80)
  +('vision', ('attn', 1, 21)) -> loss=0.6572 (|pool|=81)
  +('text', ('attn', 9, 2)) -> loss=0.6534 (|pool|=82)
  +('vision', ('attn', 8, 28)) -> loss=0.6503 (|pool|=83)
  +('vision', ('attn', 16, 31)) -> loss=0.6472 (|pool|=84)
  +('vision', ('attn', 8, 31)) -> loss=0.6443 (|pool|=85)
  +('text', ('attn', 5, 5)) -> loss=0.6408 (|pool|=86)
  +('text', ('attn', 7, 7)) -> loss=0.6374 (|pool|=87)
  +('vision', ('attn', 16, 19)) -> loss=0.6336 (|pool|=88)
  +('text', ('attn', 3, 1)) -> loss=0.6302 (|pool|=89)
  +('vision', ('attn', 8, 5)) -> loss=0.6268 (|pool|=90)
  +('text', ('mlp', 11, -1)) -> loss=0.6243 (|pool|=91)
  +('text', ('attn', 11, 0)) -> loss=0.6172 (|pool|=92)
  +('text', ('mlp', 10, -1)) -> loss=0.6104 (|pool|=93)
  +('text', ('attn', 3, 7)) -> loss=0.6060 (|pool|=94)
  +('vision', ('attn', 15, 0)) -> loss=0.6018 (|pool|=95)
  +('vision', ('attn', 9, 13)) -> loss=0.5977 (|pool|=96)
[RN50/caltech] full=76.73  pool(96)=77.57  best prefix(91)=77.92
[RN50/caltech] 101 classes, calibration 99 pairs, 2020 images total
  seed pair ('vision', ('attn', 14, 22)) + ('text', ('attn', 10, 4))  loss=3.1610
  +('vision', ('attn', 8, 22)) -> loss=2.9595 (|pool|=3)
  +('vision', ('attn', 16, 22)) -> loss=2.8426 (|pool|=4)
  +('text', ('attn', 11, 3)) -> loss=2.7493 (|pool|=5)
  +('vision', ('attn', 14, 6)) -> loss=2.5695 (|pool|=6)
  +('text', ('attn', 10, 1)) -> loss=2.3633 (|pool|=7)
  +('vision', ('attn', 14, 16)) -> loss=2.0636 (|pool|=8)
  +('vision', ('attn', 14, 29)) -> loss=1.9255 (|pool|=9)
  +('text', ('attn', 11, 1)) -> loss=1.7396 (|pool|=10)
  +('vision', ('attn', 14, 13)) -> loss=1.6408 (|pool|=11)
  +('vision', ('attn', 15, 22)) -> loss=1.5522 (|pool|=12)
  +('vision', ('attn', 15, 29)) -> loss=1.4943 (|pool|=13)
  +('text', ('attn', 9, 6)) -> loss=1.4420 (|pool|=14)
  +('vision', ('attn', 15, 6)) -> loss=1.3874 (|pool|=15)
  +('vision', ('attn', 16, 13)) -> loss=1.3432 (|pool|=16)
  +('vision', ('attn', 11, 22)) -> loss=1.3028 (|pool|=17)
  +('vision', ('attn', 15, 16)) -> loss=1.2643 (|pool|=18)
  +('text', ('attn', 10, 2)) -> loss=1.2311 (|pool|=19)
  +('vision', ('attn', 12, 6)) -> loss=1.1974 (|pool|=20)
  +('vision', ('attn', 15, 13)) -> loss=1.1639 (|pool|=21)
  +('vision', ('attn', 16, 23)) -> loss=1.1321 (|pool|=22)
  +('vision', ('attn', 9, 22)) -> loss=1.1028 (|pool|=23)
  +('vision', ('attn', 16, 29)) -> loss=1.0751 (|pool|=24)
  +('vision', ('attn', 12, 29)) -> loss=1.0498 (|pool|=25)
  +('vision', ('attn', 12, 22)) -> loss=1.0214 (|pool|=26)
  +('vision', ('attn', 12, 16)) -> loss=0.9966 (|pool|=27)
  +('vision', ('attn', 12, 13)) -> loss=0.9753 (|pool|=28)
  +('text', ('attn', 10, 7)) -> loss=0.9549 (|pool|=29)
  +('vision', ('attn', 8, 0)) -> loss=0.9366 (|pool|=30)
  +('text', ('attn', 10, 3)) -> loss=0.9169 (|pool|=31)
  +('vision', ('attn', 15, 8)) -> loss=0.8999 (|pool|=32)
  +('text', ('attn', 3, 7)) -> loss=0.8841 (|pool|=33)
  +('vision', ('attn', 15, 0)) -> loss=0.8697 (|pool|=34)
  +('vision', ('attn', 10, 16)) -> loss=0.8554 (|pool|=35)
  +('vision', ('attn', 4, 11)) -> loss=0.8417 (|pool|=36)
  +('text', ('attn', 10, 6)) -> loss=0.8264 (|pool|=37)
  +('vision', ('attn', 14, 8)) -> loss=0.7889 (|pool|=38)
  +('vision', ('attn', 16, 16)) -> loss=0.7742 (|pool|=39)
  +('vision', ('attn', 10, 22)) -> loss=0.7602 (|pool|=40)
  +('vision', ('attn', 14, 15)) -> loss=0.7451 (|pool|=41)
  +('text', ('attn', 8, 7)) -> loss=0.7295 (|pool|=42)
  +('vision', ('attn', 15, 23)) -> loss=0.7183 (|pool|=43)
  +('text', ('attn', 9, 4)) -> loss=0.7081 (|pool|=44)
  +('text', ('attn', 11, 2)) -> loss=0.6984 (|pool|=45)
  +('vision', ('attn', 11, 6)) -> loss=0.6901 (|pool|=46)
  +('vision', ('attn', 16, 6)) -> loss=0.6817 (|pool|=47)
  +('text', ('attn', 11, 5)) -> loss=0.6731 (|pool|=48)
  +('text', ('attn', 5, 1)) -> loss=0.6650 (|pool|=49)
  +('vision', ('attn', 16, 18)) -> loss=0.6575 (|pool|=50)
  +('vision', ('attn', 10, 13)) -> loss=0.6503 (|pool|=51)
  +('vision', ('attn', 10, 29)) -> loss=0.6433 (|pool|=52)
  +('vision', ('attn', 4, 1)) -> loss=0.6355 (|pool|=53)
  +('vision', ('attn', 1, 1)) -> loss=0.6264 (|pool|=54)
  +('vision', ('attn', 16, 7)) -> loss=0.6202 (|pool|=55)
  +('vision', ('attn', 8, 13)) -> loss=0.6137 (|pool|=56)
  +('text', ('attn', 9, 7)) -> loss=0.6066 (|pool|=57)
  +('vision', ('attn', 15, 24)) -> loss=0.6008 (|pool|=58)
  +('text', ('attn', 9, 0)) -> loss=0.5953 (|pool|=59)
  +('vision', ('attn', 0, 4)) -> loss=0.5897 (|pool|=60)
  +('text', ('attn', 10, 0)) -> loss=0.5837 (|pool|=61)
  +('vision', ('attn', 15, 25)) -> loss=0.5782 (|pool|=62)
  +('vision', ('attn', 8, 28)) -> loss=0.5725 (|pool|=63)
  +('vision', ('attn', 16, 31)) -> loss=0.5672 (|pool|=64)
  +('vision', ('attn', 9, 13)) -> loss=0.5619 (|pool|=65)
  +('vision', ('attn', 7, 27)) -> loss=0.5570 (|pool|=66)
  +('vision', ('attn', 11, 16)) -> loss=0.5525 (|pool|=67)
  +('text', ('attn', 9, 2)) -> loss=0.5480 (|pool|=68)
  +('vision', ('attn', 16, 12)) -> loss=0.5443 (|pool|=69)
  +('vision', ('attn', 2, 8)) -> loss=0.5405 (|pool|=70)
  +('vision', ('attn', 5, 25)) -> loss=0.5368 (|pool|=71)
  +('text', ('attn', 11, 6)) -> loss=0.5332 (|pool|=72)
  +('vision', ('attn', 14, 4)) -> loss=0.5294 (|pool|=73)
  +('vision', ('attn', 11, 4)) -> loss=0.5252 (|pool|=74)
  +('vision', ('attn', 6, 29)) -> loss=0.5215 (|pool|=75)
  +('vision', ('attn', 6, 8)) -> loss=0.5184 (|pool|=76)
  +('vision', ('attn', 16, 17)) -> loss=0.5154 (|pool|=77)
  +('vision', ('attn', 15, 9)) -> loss=0.5124 (|pool|=78)
  +('vision', ('attn', 3, 4)) -> loss=0.5095 (|pool|=79)
  +('vision', ('attn', 11, 15)) -> loss=0.5065 (|pool|=80)
  +('text', ('attn', 3, 1)) -> loss=0.5037 (|pool|=81)
  +('vision', ('attn', 11, 13)) -> loss=0.5010 (|pool|=82)
  +('vision', ('attn', 9, 6)) -> loss=0.4981 (|pool|=83)
  +('vision', ('attn', 8, 1)) -> loss=0.4953 (|pool|=84)
  +('vision', ('attn', 16, 11)) -> loss=0.4925 (|pool|=85)
  +('vision', ('attn', 11, 11)) -> loss=0.4895 (|pool|=86)
  +('vision', ('attn', 8, 5)) -> loss=0.4866 (|pool|=87)
  +('vision', ('attn', 2, 25)) -> loss=0.4834 (|pool|=88)
  +('text', ('attn', 4, 5)) -> loss=0.4803 (|pool|=89)
  +('vision', ('attn', 1, 28)) -> loss=0.4775 (|pool|=90)
  +('text', ('attn', 7, 7)) -> loss=0.4745 (|pool|=91)
  +('text', ('attn', 7, 1)) -> loss=0.4718 (|pool|=92)
  +('vision', ('attn', 11, 31)) -> loss=0.4694 (|pool|=93)
  +('text', ('attn', 8, 2)) -> loss=0.4672 (|pool|=94)
  +('vision', ('attn', 11, 12)) -> loss=0.4651 (|pool|=95)
  +('text', ('attn', 0, 6)) -> loss=0.4632 (|pool|=96)
[RN50/caltech] full=76.73  pool(96)=75.40  best prefix(85)=76.49
[RN50/caltech] 101 classes, calibration 99 pairs, 2020 images total
  seed pair ('vision', ('attn', 14, 22)) + ('text', ('attn', 10, 4))  loss=3.1830
  +('vision', ('attn', 15, 22)) -> loss=3.0006 (|pool|=3)
  +('vision', ('attn', 8, 22)) -> loss=2.8928 (|pool|=4)
  +('text', ('attn', 11, 3)) -> loss=2.7806 (|pool|=5)
  +('vision', ('attn', 14, 6)) -> loss=2.6189 (|pool|=6)
  +('text', ('attn', 10, 1)) -> loss=2.4510 (|pool|=7)
  +('vision', ('attn', 14, 16)) -> loss=2.1191 (|pool|=8)
  +('vision', ('attn', 14, 29)) -> loss=1.9455 (|pool|=9)
  +('text', ('attn', 11, 1)) -> loss=1.7743 (|pool|=10)
  +('vision', ('attn', 16, 22)) -> loss=1.6495 (|pool|=11)
  +('vision', ('attn', 14, 13)) -> loss=1.5787 (|pool|=12)
  +('vision', ('attn', 15, 16)) -> loss=1.5234 (|pool|=13)
  +('vision', ('attn', 13, 22)) -> loss=1.4741 (|pool|=14)
  +('text', ('attn', 9, 6)) -> loss=1.4299 (|pool|=15)
  +('vision', ('attn', 15, 6)) -> loss=1.3860 (|pool|=16)
  +('vision', ('attn', 16, 29)) -> loss=1.3476 (|pool|=17)
  +('vision', ('attn', 9, 22)) -> loss=1.3125 (|pool|=18)
  +('vision', ('attn', 16, 13)) -> loss=1.2810 (|pool|=19)
  +('vision', ('attn', 8, 13)) -> loss=1.2548 (|pool|=20)
  +('vision', ('attn', 12, 6)) -> loss=1.2307 (|pool|=21)
  +('vision', ('attn', 11, 22)) -> loss=1.2059 (|pool|=22)
  +('text', ('attn', 10, 2)) -> loss=1.1815 (|pool|=23)
  +('vision', ('attn', 14, 8)) -> loss=1.1382 (|pool|=24)
  +('text', ('attn', 10, 6)) -> loss=1.1006 (|pool|=25)
  +('vision', ('attn', 7, 22)) -> loss=1.0767 (|pool|=26)
  +('vision', ('attn', 15, 23)) -> loss=1.0559 (|pool|=27)
  +('vision', ('attn', 10, 16)) -> loss=1.0374 (|pool|=28)
  +('vision', ('attn', 12, 13)) -> loss=1.0183 (|pool|=29)
  +('vision', ('attn', 9, 6)) -> loss=0.9994 (|pool|=30)
  +('vision', ('attn', 4, 11)) -> loss=0.9834 (|pool|=31)
  +('text', ('attn', 10, 7)) -> loss=0.9666 (|pool|=32)
  +('vision', ('attn', 15, 29)) -> loss=0.9503 (|pool|=33)
  +('vision', ('attn', 12, 29)) -> loss=0.9354 (|pool|=34)
  +('vision', ('attn', 10, 13)) -> loss=0.9213 (|pool|=35)
  +('text', ('attn', 9, 2)) -> loss=0.9072 (|pool|=36)
  +('vision', ('attn', 15, 0)) -> loss=0.8936 (|pool|=37)
  +('vision', ('attn', 8, 17)) -> loss=0.8803 (|pool|=38)
  +('text', ('attn', 10, 3)) -> loss=0.8672 (|pool|=39)
  +('vision', ('attn', 9, 16)) -> loss=0.8543 (|pool|=40)
  +('vision', ('attn', 12, 8)) -> loss=0.8403 (|pool|=41)
  +('vision', ('attn', 16, 25)) -> loss=0.8271 (|pool|=42)
  +('vision', ('attn', 9, 29)) -> loss=0.8147 (|pool|=43)
  +('text', ('attn', 7, 5)) -> loss=0.8025 (|pool|=44)
  +('vision', ('attn', 11, 13)) -> loss=0.7926 (|pool|=45)
  +('text', ('attn', 7, 7)) -> loss=0.7841 (|pool|=46)
  +('text', ('attn', 7, 2)) -> loss=0.7753 (|pool|=47)
  +('vision', ('attn', 16, 0)) -> loss=0.7663 (|pool|=48)
  +('vision', ('attn', 10, 18)) -> loss=0.7584 (|pool|=49)
  +('vision', ('attn', 11, 6)) -> loss=0.7514 (|pool|=50)
  +('vision', ('attn', 16, 23)) -> loss=0.7441 (|pool|=51)
  +('text', ('attn', 9, 0)) -> loss=0.7373 (|pool|=52)
  +('text', ('attn', 8, 4)) -> loss=0.7304 (|pool|=53)
  +('vision', ('attn', 16, 26)) -> loss=0.7229 (|pool|=54)
  +('vision', ('attn', 11, 16)) -> loss=0.7167 (|pool|=55)
  +('vision', ('attn', 6, 22)) -> loss=0.7101 (|pool|=56)
  +('vision', ('attn', 16, 4)) -> loss=0.7040 (|pool|=57)
  +('text', ('mlp', 4, -1)) -> loss=0.6979 (|pool|=58)
  +('text', ('attn', 10, 0)) -> loss=0.6923 (|pool|=59)
  +('vision', ('attn', 10, 8)) -> loss=0.6869 (|pool|=60)
  +('vision', ('attn', 16, 11)) -> loss=0.6812 (|pool|=61)
  +('text', ('attn', 11, 5)) -> loss=0.6758 (|pool|=62)
  +('vision', ('attn', 2, 11)) -> loss=0.6702 (|pool|=63)
  +('vision', ('attn', 0, 5)) -> loss=0.6649 (|pool|=64)
  +('text', ('attn', 5, 5)) -> loss=0.6600 (|pool|=65)
  +('vision', ('attn', 15, 9)) -> loss=0.6546 (|pool|=66)
  +('vision', ('attn', 8, 4)) -> loss=0.6496 (|pool|=67)
  +('text', ('attn', 10, 5)) -> loss=0.6439 (|pool|=68)
  +('vision', ('attn', 4, 15)) -> loss=0.6387 (|pool|=69)
  +('vision', ('attn', 15, 25)) -> loss=0.6334 (|pool|=70)
  +('vision', ('attn', 8, 15)) -> loss=0.6288 (|pool|=71)
  +('vision', ('attn', 15, 31)) -> loss=0.6243 (|pool|=72)
  +('vision', ('attn', 13, 13)) -> loss=0.6201 (|pool|=73)
  +('vision', ('attn', 15, 13)) -> loss=0.6145 (|pool|=74)
  +('vision', ('attn', 16, 9)) -> loss=0.6105 (|pool|=75)
  +('vision', ('attn', 1, 21)) -> loss=0.6064 (|pool|=76)
  +('text', ('attn', 3, 7)) -> loss=0.6021 (|pool|=77)
  +('vision', ('attn', 16, 30)) -> loss=0.5988 (|pool|=78)
  +('vision', ('attn', 9, 7)) -> loss=0.5957 (|pool|=79)
  +('text', ('attn', 11, 2)) -> loss=0.5921 (|pool|=80)
  +('vision', ('attn', 8, 29)) -> loss=0.5888 (|pool|=81)
  +('vision', ('attn', 13, 29)) -> loss=0.5850 (|pool|=82)
  +('text', ('attn', 4, 1)) -> loss=0.5820 (|pool|=83)
  +('text', ('attn', 11, 0)) -> loss=0.5788 (|pool|=84)
  +('vision', ('attn', 10, 6)) -> loss=0.5751 (|pool|=85)
  +('vision', ('attn', 16, 7)) -> loss=0.5721 (|pool|=86)
  +('vision', ('attn', 16, 18)) -> loss=0.5684 (|pool|=87)
  +('vision', ('attn', 6, 8)) -> loss=0.5655 (|pool|=88)
  +('vision', ('attn', 6, 1)) -> loss=0.5627 (|pool|=89)
  +('text', ('attn', 8, 7)) -> loss=0.5600 (|pool|=90)
  +('vision', ('attn', 0, 13)) -> loss=0.5563 (|pool|=91)
  +('vision', ('attn', 0, 0)) -> loss=0.5532 (|pool|=92)
  +('text', ('attn', 5, 1)) -> loss=0.5505 (|pool|=93)
  +('vision', ('attn', 2, 21)) -> loss=0.5477 (|pool|=94)
  +('vision', ('attn', 9, 21)) -> loss=0.5451 (|pool|=95)
  +('text', ('attn', 1, 0)) -> loss=0.5428 (|pool|=96)
[RN50/caltech] full=76.73  pool(96)=76.44  best prefix(87)=76.98
[RN50/imagenet] 1000 classes, calibration 1000 pairs, 5000 images total
  seed pair ('vision', ('attn', 14, 22)) + ('text', ('attn', 10, 4))  loss=5.7310
  +('vision', ('attn', 15, 22)) -> loss=5.5735 (|pool|=3)
  +('vision', ('attn', 12, 22)) -> loss=5.3975 (|pool|=4)
  +('vision', ('attn', 11, 22)) -> loss=5.2924 (|pool|=5)
  +('vision', ('attn', 16, 22)) -> loss=5.2121 (|pool|=6)
  +('text', ('attn', 11, 3)) -> loss=5.0988 (|pool|=7)
  +('vision', ('attn', 8, 16)) -> loss=4.9799 (|pool|=8)
  +('text', ('attn', 10, 1)) -> loss=4.8412 (|pool|=9)
  +('vision', ('attn', 14, 29)) -> loss=4.5823 (|pool|=10)
  +('vision', ('attn', 14, 13)) -> loss=4.4120 (|pool|=11)
  +('text', ('attn', 11, 1)) -> loss=4.2355 (|pool|=12)
  +('vision', ('attn', 15, 16)) -> loss=4.1013 (|pool|=13)
  +('vision', ('attn', 16, 16)) -> loss=3.9852 (|pool|=14)
  +('text', ('attn', 10, 7)) -> loss=3.8884 (|pool|=15)
  +('vision', ('attn', 16, 29)) -> loss=3.7941 (|pool|=16)
  +('vision', ('attn', 14, 6)) -> loss=3.7094 (|pool|=17)
  +('vision', ('attn', 16, 13)) -> loss=3.6350 (|pool|=18)
  +('text', ('attn', 8, 5)) -> loss=3.5583 (|pool|=19)
  +('vision', ('attn', 16, 25)) -> loss=3.4993 (|pool|=20)
  +('vision', ('attn', 12, 6)) -> loss=3.4434 (|pool|=21)
  +('text', ('attn', 10, 2)) -> loss=3.3901 (|pool|=22)
  +('vision', ('attn', 15, 23)) -> loss=3.3453 (|pool|=23)
  +('vision', ('attn', 10, 22)) -> loss=3.3018 (|pool|=24)
  +('vision', ('attn', 11, 29)) -> loss=3.2660 (|pool|=25)
  +('vision', ('attn', 15, 29)) -> loss=3.2291 (|pool|=26)
  +('vision', ('attn', 12, 13)) -> loss=3.1925 (|pool|=27)
  +('text', ('attn', 7, 0)) -> loss=3.1594 (|pool|=28)
  +('vision', ('attn', 16, 23)) -> loss=3.1273 (|pool|=29)
  +('vision', ('attn', 11, 6)) -> loss=3.0986 (|pool|=30)
  +('vision', ('attn', 12, 29)) -> loss=3.0680 (|pool|=31)
  +('vision', ('attn', 15, 6)) -> loss=3.0399 (|pool|=32)
  +('vision', ('attn', 15, 25)) -> loss=3.0152 (|pool|=33)
  +('text', ('attn', 9, 2)) -> loss=2.9919 (|pool|=34)
  +('vision', ('attn', 15, 9)) -> loss=2.9621 (|pool|=35)
  +('text', ('attn', 11, 5)) -> loss=2.9341 (|pool|=36)
  +('text', ('attn', 8, 7)) -> loss=2.9045 (|pool|=37)
  +('vision', ('attn', 16, 0)) -> loss=2.8837 (|pool|=38)
  +('vision', ('attn', 9, 29)) -> loss=2.8643 (|pool|=39)
  +('vision', ('attn', 11, 13)) -> loss=2.8445 (|pool|=40)
  +('text', ('attn', 9, 6)) -> loss=2.8264 (|pool|=41)
  +('vision', ('attn', 16, 4)) -> loss=2.8088 (|pool|=42)
  +('vision', ('attn', 16, 15)) -> loss=2.7925 (|pool|=43)
  +('vision', ('attn', 9, 6)) -> loss=2.7779 (|pool|=44)
  +('vision', ('attn', 16, 26)) -> loss=2.7639 (|pool|=45)
  +('vision', ('attn', 5, 16)) -> loss=2.7500 (|pool|=46)
  +('text', ('attn', 9, 7)) -> loss=2.7350 (|pool|=47)
  +('vision', ('attn', 10, 29)) -> loss=2.7211 (|pool|=48)
  +('vision', ('attn', 16, 5)) -> loss=2.7070 (|pool|=49)
  +('text', ('attn', 7, 5)) -> loss=2.6946 (|pool|=50)
  +('vision', ('attn', 10, 13)) -> loss=2.6823 (|pool|=51)
  +('vision', ('attn', 15, 8)) -> loss=2.6706 (|pool|=52)
  +('vision', ('attn', 15, 0)) -> loss=2.6594 (|pool|=53)
  +('text', ('attn', 9, 4)) -> loss=2.6482 (|pool|=54)
  +('vision', ('attn', 16, 31)) -> loss=2.6376 (|pool|=55)
  +('text', ('attn', 11, 2)) -> loss=2.6279 (|pool|=56)
  +('vision', ('attn', 16, 20)) -> loss=2.6200 (|pool|=57)
  +('vision', ('attn', 8, 17)) -> loss=2.6126 (|pool|=58)
  +('vision', ('attn', 9, 22)) -> loss=2.6044 (|pool|=59)
  +('vision', ('attn', 8, 24)) -> loss=2.5929 (|pool|=60)
  +('vision', ('attn', 7, 24)) -> loss=2.5687 (|pool|=61)
  +('vision', ('attn', 7, 16)) -> loss=2.5590 (|pool|=62)
  +('vision', ('attn', 16, 11)) -> loss=2.5510 (|pool|=63)
  +('text', ('attn', 10, 3)) -> loss=2.5424 (|pool|=64)
  +('vision', ('attn', 16, 9)) -> loss=2.5342 (|pool|=65)
  +('vision', ('attn', 15, 20)) -> loss=2.5275 (|pool|=66)
  +('vision', ('attn', 15, 13)) -> loss=2.5220 (|pool|=67)
  +('vision', ('attn', 15, 11)) -> loss=2.5155 (|pool|=68)
  +('vision', ('attn', 15, 30)) -> loss=2.5099 (|pool|=69)
  +('vision', ('attn', 13, 13)) -> loss=2.5044 (|pool|=70)
  +('text', ('attn', 4, 5)) -> loss=2.4991 (|pool|=71)
  +('vision', ('attn', 15, 26)) -> loss=2.4942 (|pool|=72)
  +('vision', ('attn', 15, 1)) -> loss=2.4894 (|pool|=73)
  +('text', ('attn', 11, 6)) -> loss=2.4847 (|pool|=74)
  +('vision', ('attn', 5, 24)) -> loss=2.4770 (|pool|=75)
  +('text', ('attn', 8, 6)) -> loss=2.4722 (|pool|=76)
  +('vision', ('attn', 10, 6)) -> loss=2.4675 (|pool|=77)
  +('text', ('attn', 9, 0)) -> loss=2.4631 (|pool|=78)
  +('text', ('attn', 8, 4)) -> loss=2.4592 (|pool|=79)
  +('text', ('attn', 5, 4)) -> loss=2.4555 (|pool|=80)
  +('vision', ('attn', 15, 19)) -> loss=2.4519 (|pool|=81)
  +('vision', ('attn', 15, 3)) -> loss=2.4477 (|pool|=82)
  +('vision', ('attn', 13, 29)) -> loss=2.4435 (|pool|=83)
  +('vision', ('attn', 15, 5)) -> loss=2.4399 (|pool|=84)
  +('text', ('attn', 6, 3)) -> loss=2.4366 (|pool|=85)
  +('vision', ('attn', 15, 17)) -> loss=2.4336 (|pool|=86)
  +('vision', ('attn', 9, 13)) -> loss=2.4307 (|pool|=87)
  +('text', ('attn', 7, 1)) -> loss=2.4280 (|pool|=88)
  +('vision', ('attn', 5, 17)) -> loss=2.4253 (|pool|=89)
  +('vision', ('attn', 15, 27)) -> loss=2.4226 (|pool|=90)
  +('vision', ('attn', 15, 24)) -> loss=2.4201 (|pool|=91)
  +('text', ('attn', 10, 0)) -> loss=2.4177 (|pool|=92)
  +('text', ('attn', 6, 0)) -> loss=2.4158 (|pool|=93)
  +('vision', ('attn', 16, 30)) -> loss=2.4141 (|pool|=94)
  +('text', ('attn', 7, 4)) -> loss=2.4124 (|pool|=95)
  +('vision', ('attn', 15, 15)) -> loss=2.4107 (|pool|=96)
[RN50/imagenet] full=53.80  pool(96)=40.50  best prefix(96)=40.50
[RN50/imagenet] 1000 classes, calibration 1000 pairs, 5000 images total
  seed pair ('vision', ('attn', 14, 22)) + ('text', ('attn', 10, 4))  loss=5.7142
  +('vision', ('attn', 15, 22)) -> loss=5.5479 (|pool|=3)
  +('vision', ('attn', 12, 22)) -> loss=5.3786 (|pool|=4)
  +('vision', ('attn', 11, 22)) -> loss=5.2796 (|pool|=5)
  +('vision', ('attn', 16, 22)) -> loss=5.2002 (|pool|=6)
  +('text', ('attn', 11, 3)) -> loss=5.0941 (|pool|=7)
  +('vision', ('attn', 8, 16)) -> loss=4.9693 (|pool|=8)
  +('text', ('attn', 10, 1)) -> loss=4.8135 (|pool|=9)
  +('vision', ('attn', 14, 16)) -> loss=4.5607 (|pool|=10)
  +('vision', ('attn', 14, 13)) -> loss=4.3813 (|pool|=11)
  +('vision', ('attn', 14, 29)) -> loss=4.2388 (|pool|=12)
  +('text', ('attn', 11, 1)) -> loss=4.0610 (|pool|=13)
  +('vision', ('attn', 16, 16)) -> loss=3.9650 (|pool|=14)
  +('text', ('attn', 10, 7)) -> loss=3.8734 (|pool|=15)
  +('vision', ('attn', 16, 29)) -> loss=3.7831 (|pool|=16)
  +('vision', ('attn', 12, 16)) -> loss=3.7067 (|pool|=17)
  +('vision', ('attn', 15, 6)) -> loss=3.6341 (|pool|=18)
  +('text', ('attn', 8, 5)) -> loss=3.5663 (|pool|=19)
  +('vision', ('attn', 16, 13)) -> loss=3.4919 (|pool|=20)
  +('vision', ('attn', 16, 25)) -> loss=3.4305 (|pool|=21)
  +('text', ('attn', 10, 2)) -> loss=3.3683 (|pool|=22)
  +('vision', ('attn', 8, 6)) -> loss=3.3158 (|pool|=23)
  +('vision', ('attn', 11, 16)) -> loss=3.2703 (|pool|=24)
  +('vision', ('attn', 15, 16)) -> loss=3.2205 (|pool|=25)
  +('vision', ('attn', 16, 23)) -> loss=3.1780 (|pool|=26)
  +('vision', ('attn', 10, 22)) -> loss=3.1432 (|pool|=27)
  +('vision', ('attn', 12, 13)) -> loss=3.1111 (|pool|=28)
  +('vision', ('attn', 10, 29)) -> loss=3.0777 (|pool|=29)
  +('vision', ('attn', 16, 6)) -> loss=3.0462 (|pool|=30)
  +('text', ('attn', 8, 7)) -> loss=3.0160 (|pool|=31)
  +('vision', ('attn', 15, 25)) -> loss=2.9856 (|pool|=32)
  +('vision', ('attn', 5, 16)) -> loss=2.9580 (|pool|=33)
  +('text', ('attn', 9, 6)) -> loss=2.9335 (|pool|=34)
  +('vision', ('attn', 12, 29)) -> loss=2.9076 (|pool|=35)
  +('vision', ('attn', 15, 29)) -> loss=2.8833 (|pool|=36)
  +('vision', ('attn', 10, 16)) -> loss=2.8609 (|pool|=37)
  +('vision', ('attn', 15, 23)) -> loss=2.8408 (|pool|=38)
  +('vision', ('attn', 11, 13)) -> loss=2.8211 (|pool|=39)
  +('text', ('attn', 9, 2)) -> loss=2.8016 (|pool|=40)
  +('vision', ('attn', 15, 9)) -> loss=2.7781 (|pool|=41)
  +('text', ('attn', 11, 5)) -> loss=2.7574 (|pool|=42)
  +('vision', ('attn', 16, 4)) -> loss=2.7368 (|pool|=43)
  +('vision', ('attn', 6, 16)) -> loss=2.7191 (|pool|=44)
  +('text', ('attn', 9, 7)) -> loss=2.7024 (|pool|=45)
  +('vision', ('attn', 16, 5)) -> loss=2.6868 (|pool|=46)
  +('text', ('attn', 7, 5)) -> loss=2.6701 (|pool|=47)
  +('vision', ('attn', 16, 0)) -> loss=2.6547 (|pool|=48)
  +('vision', ('attn', 9, 29)) -> loss=2.6401 (|pool|=49)
  +('vision', ('attn', 16, 26)) -> loss=2.6281 (|pool|=50)
  +('vision', ('attn', 15, 4)) -> loss=2.6163 (|pool|=51)
  +('vision', ('attn', 15, 8)) -> loss=2.6050 (|pool|=52)
  +('vision', ('attn', 15, 17)) -> loss=2.5950 (|pool|=53)
  +('vision', ('attn', 15, 13)) -> loss=2.5854 (|pool|=54)
  +('vision', ('attn', 13, 13)) -> loss=2.5742 (|pool|=55)
  +('vision', ('attn', 16, 3)) -> loss=2.5650 (|pool|=56)
  +('text', ('attn', 10, 3)) -> loss=2.5558 (|pool|=57)
  +('vision', ('attn', 15, 11)) -> loss=2.5472 (|pool|=58)
  +('vision', ('attn', 8, 24)) -> loss=2.5374 (|pool|=59)
  +('vision', ('attn', 5, 24)) -> loss=2.5217 (|pool|=60)
  +('vision', ('attn', 7, 16)) -> loss=2.5079 (|pool|=61)
  +('vision', ('attn', 9, 16)) -> loss=2.4972 (|pool|=62)
  +('vision', ('attn', 7, 6)) -> loss=2.4878 (|pool|=63)
  +('text', ('attn', 4, 5)) -> loss=2.4804 (|pool|=64)
  +('text', ('attn', 11, 6)) -> loss=2.4728 (|pool|=65)
  +('vision', ('attn', 16, 31)) -> loss=2.4656 (|pool|=66)
  +('vision', ('attn', 16, 9)) -> loss=2.4581 (|pool|=67)
  +('vision', ('attn', 15, 20)) -> loss=2.4513 (|pool|=68)
  +('vision', ('attn', 16, 11)) -> loss=2.4447 (|pool|=69)
  +('text', ('attn', 9, 0)) -> loss=2.4378 (|pool|=70)
  +('vision', ('attn', 15, 0)) -> loss=2.4320 (|pool|=71)
  +('vision', ('attn', 15, 5)) -> loss=2.4268 (|pool|=72)
  +('text', ('attn', 9, 3)) -> loss=2.4213 (|pool|=73)
  +('vision', ('attn', 13, 29)) -> loss=2.4163 (|pool|=74)
  +('vision', ('attn', 7, 24)) -> loss=2.4106 (|pool|=75)
  +('text', ('attn', 5, 4)) -> loss=2.4056 (|pool|=76)
  +('vision', ('attn', 16, 15)) -> loss=2.4013 (|pool|=77)
  +('vision', ('attn', 16, 8)) -> loss=2.3974 (|pool|=78)
  +('text', ('attn', 8, 4)) -> loss=2.3934 (|pool|=79)
  +('vision', ('attn', 15, 30)) -> loss=2.3893 (|pool|=80)
  +('text', ('attn', 7, 7)) -> loss=2.3855 (|pool|=81)
  +('text', ('attn', 6, 3)) -> loss=2.3819 (|pool|=82)
  +('text', ('attn', 7, 1)) -> loss=2.3785 (|pool|=83)
  +('vision', ('attn', 10, 13)) -> loss=2.3750 (|pool|=84)
  +('vision', ('attn', 15, 1)) -> loss=2.3718 (|pool|=85)
  +('vision', ('attn', 3, 28)) -> loss=2.3687 (|pool|=86)
  +('vision', ('attn', 5, 6)) -> loss=2.3656 (|pool|=87)
  +('text', ('attn', 6, 1)) -> loss=2.3628 (|pool|=88)
  +('text', ('attn', 7, 3)) -> loss=2.3600 (|pool|=89)
  +('text', ('attn', 8, 6)) -> loss=2.3574 (|pool|=90)
  +('text', ('attn', 8, 2)) -> loss=2.3547 (|pool|=91)
  +('vision', ('attn', 8, 31)) -> loss=2.3519 (|pool|=92)
  +('vision', ('attn', 6, 31)) -> loss=2.3483 (|pool|=93)
  +('vision', ('attn', 15, 3)) -> loss=2.3464 (|pool|=94)
  +('vision', ('attn', 15, 19)) -> loss=2.3433 (|pool|=95)
  +('vision', ('attn', 9, 23)) -> loss=2.3408 (|pool|=96)
[RN50/imagenet] full=53.80  pool(96)=39.74  best prefix(88)=40.12
[RN50/imagenet] 1000 classes, calibration 1000 pairs, 5000 images total
  seed pair ('vision', ('attn', 14, 22)) + ('text', ('attn', 10, 4))  loss=5.6408
  +('vision', ('attn', 15, 22)) -> loss=5.4837 (|pool|=3)
  +('vision', ('attn', 12, 22)) -> loss=5.3347 (|pool|=4)
  +('vision', ('attn', 11, 22)) -> loss=5.2458 (|pool|=5)
  +('vision', ('attn', 16, 22)) -> loss=5.1614 (|pool|=6)
  +('text', ('attn', 11, 3)) -> loss=5.0534 (|pool|=7)
  +('vision', ('attn', 8, 16)) -> loss=4.9208 (|pool|=8)
  +('text', ('attn', 10, 1)) -> loss=4.7532 (|pool|=9)
  +('vision', ('attn', 14, 16)) -> loss=4.4753 (|pool|=10)
  +('vision', ('attn', 14, 13)) -> loss=4.2787 (|pool|=11)
  +('vision', ('attn', 14, 29)) -> loss=4.1224 (|pool|=12)
  +('text', ('attn', 11, 1)) -> loss=3.9515 (|pool|=13)
  +('text', ('attn', 10, 7)) -> loss=3.8661 (|pool|=14)
  +('vision', ('attn', 16, 29)) -> loss=3.7691 (|pool|=15)
  +('vision', ('attn', 16, 16)) -> loss=3.6930 (|pool|=16)
  +('vision', ('attn', 12, 16)) -> loss=3.6192 (|pool|=17)
  +('vision', ('attn', 8, 6)) -> loss=3.5494 (|pool|=18)
  +('vision', ('attn', 16, 13)) -> loss=3.4870 (|pool|=19)
  +('text', ('attn', 8, 5)) -> loss=3.4213 (|pool|=20)
  +('vision', ('attn', 15, 6)) -> loss=3.3645 (|pool|=21)
  +('vision', ('attn', 16, 25)) -> loss=3.3133 (|pool|=22)
  +('text', ('attn', 10, 2)) -> loss=3.2592 (|pool|=23)
  +('vision', ('attn', 15, 23)) -> loss=3.2094 (|pool|=24)
  +('vision', ('attn', 11, 16)) -> loss=3.1630 (|pool|=25)
  +('vision', ('attn', 15, 16)) -> loss=3.1167 (|pool|=26)
  +('vision', ('attn', 12, 29)) -> loss=3.0770 (|pool|=27)
  +('vision', ('attn', 15, 29)) -> loss=3.0360 (|pool|=28)
  +('vision', ('attn', 15, 25)) -> loss=3.0038 (|pool|=29)
  +('vision', ('attn', 16, 23)) -> loss=2.9721 (|pool|=30)
  +('vision', ('attn', 10, 22)) -> loss=2.9455 (|pool|=31)
  +('vision', ('attn', 12, 13)) -> loss=2.9175 (|pool|=32)
  +('vision', ('attn', 11, 29)) -> loss=2.8919 (|pool|=33)
  +('vision', ('attn', 13, 16)) -> loss=2.8639 (|pool|=34)
  +('text', ('attn', 9, 6)) -> loss=2.8373 (|pool|=35)
  +('text', ('attn', 9, 7)) -> loss=2.8177 (|pool|=36)
  +('vision', ('attn', 9, 29)) -> loss=2.7988 (|pool|=37)
  +('vision', ('attn', 11, 13)) -> loss=2.7796 (|pool|=38)
  +('text', ('attn', 8, 7)) -> loss=2.7599 (|pool|=39)
  +('text', ('attn', 9, 2)) -> loss=2.7394 (|pool|=40)
  +('vision', ('attn', 16, 4)) -> loss=2.7185 (|pool|=41)
  +('vision', ('attn', 15, 9)) -> loss=2.6991 (|pool|=42)
  +('vision', ('attn', 16, 0)) -> loss=2.6813 (|pool|=43)
  +('vision', ('attn', 9, 16)) -> loss=2.6645 (|pool|=44)
  +('text', ('attn', 11, 5)) -> loss=2.6480 (|pool|=45)
  +('vision', ('attn', 6, 16)) -> loss=2.6322 (|pool|=46)
  +('vision', ('attn', 15, 8)) -> loss=2.6174 (|pool|=47)
  +('text', ('attn', 7, 5)) -> loss=2.6018 (|pool|=48)
  +('vision', ('attn', 16, 5)) -> loss=2.5850 (|pool|=49)
  +('vision', ('attn', 10, 29)) -> loss=2.5720 (|pool|=50)
  +('vision', ('attn', 15, 17)) -> loss=2.5594 (|pool|=51)
  +('vision', ('attn', 15, 11)) -> loss=2.5478 (|pool|=52)
  +('text', ('attn', 10, 3)) -> loss=2.5366 (|pool|=53)
  +('vision', ('attn', 16, 6)) -> loss=2.5237 (|pool|=54)
  +('vision', ('attn', 10, 13)) -> loss=2.5130 (|pool|=55)
  +('vision', ('attn', 15, 4)) -> loss=2.5028 (|pool|=56)
  +('vision', ('attn', 15, 13)) -> loss=2.4932 (|pool|=57)
  +('text', ('attn', 9, 0)) -> loss=2.4845 (|pool|=58)
  +('vision', ('attn', 16, 15)) -> loss=2.4758 (|pool|=59)
  +('text', ('attn', 11, 2)) -> loss=2.4666 (|pool|=60)
  +('vision', ('attn', 16, 26)) -> loss=2.4590 (|pool|=61)
  +('vision', ('attn', 15, 0)) -> loss=2.4521 (|pool|=62)
  +('vision', ('attn', 16, 1)) -> loss=2.4457 (|pool|=63)
  +('vision', ('attn', 9, 22)) -> loss=2.4401 (|pool|=64)
  +('text', ('attn', 4, 5)) -> loss=2.4345 (|pool|=65)
  +('text', ('attn', 11, 6)) -> loss=2.4286 (|pool|=66)
  +('vision', ('attn', 15, 30)) -> loss=2.4228 (|pool|=67)
  +('vision', ('attn', 5, 16)) -> loss=2.4179 (|pool|=68)
  +('text', ('attn', 9, 3)) -> loss=2.4134 (|pool|=69)
  +('text', ('attn', 5, 4)) -> loss=2.4091 (|pool|=70)
  +('text', ('attn', 6, 3)) -> loss=2.4051 (|pool|=71)
  +('text', ('attn', 7, 7)) -> loss=2.4011 (|pool|=72)
  +('vision', ('attn', 7, 6)) -> loss=2.3972 (|pool|=73)
  +('vision', ('attn', 8, 31)) -> loss=2.3934 (|pool|=74)
  +('vision', ('attn', 15, 5)) -> loss=2.3891 (|pool|=75)
  +('vision', ('attn', 2, 3)) -> loss=2.3856 (|pool|=76)
  +('vision', ('attn', 9, 13)) -> loss=2.3824 (|pool|=77)
  +('vision', ('attn', 0, 2)) -> loss=2.3791 (|pool|=78)
  +('text', ('attn', 10, 0)) -> loss=2.3760 (|pool|=79)
  +('vision', ('attn', 9, 23)) -> loss=2.3732 (|pool|=80)
  +('vision', ('attn', 16, 30)) -> loss=2.3703 (|pool|=81)
  +('vision', ('attn', 16, 31)) -> loss=2.3670 (|pool|=82)
  +('vision', ('attn', 16, 12)) -> loss=2.3642 (|pool|=83)
  +('text', ('attn', 4, 1)) -> loss=2.3602 (|pool|=84)
  +('vision', ('attn', 15, 20)) -> loss=2.3574 (|pool|=85)
  +('text', ('attn', 5, 5)) -> loss=2.3548 (|pool|=86)
  +('text', ('attn', 0, 1)) -> loss=2.3524 (|pool|=87)
  +('text', ('attn', 8, 6)) -> loss=2.3499 (|pool|=88)
  +('text', ('attn', 8, 4)) -> loss=2.3475 (|pool|=89)
  +('vision', ('attn', 16, 8)) -> loss=2.3451 (|pool|=90)
  +('text', ('attn', 9, 4)) -> loss=2.3428 (|pool|=91)
  +('text', ('mlp', 2, -1)) -> loss=2.3407 (|pool|=92)
  +('vision', ('attn', 15, 15)) -> loss=2.3387 (|pool|=93)
  +('vision', ('attn', 9, 7)) -> loss=2.3370 (|pool|=94)
  +('vision', ('attn', 15, 1)) -> loss=2.3354 (|pool|=95)
  +('text', ('attn', 4, 0)) -> loss=2.3341 (|pool|=96)
[RN50/imagenet] full=53.80  pool(96)=38.96  best prefix(87)=39.08
  seed pair ('vision', ('attn', 14, 22)) + ('text', ('attn', 10, 4))  loss=3.6529
  +('vision', ('attn', 12, 22)) -> loss=3.5504 (|pool|=3)
  +('text', ('attn', 11, 3)) -> loss=3.4739 (|pool|=4)
  +('vision', ('attn', 14, 16)) -> loss=3.1120 (|pool|=5)
  +('text', ('attn', 11, 1)) -> loss=2.7167 (|pool|=6)
  +('vision', ('attn', 14, 13)) -> loss=2.3316 (|pool|=7)
  +('text', ('attn', 10, 1)) -> loss=2.0892 (|pool|=8)
  +('vision', ('attn', 16, 16)) -> loss=1.9120 (|pool|=9)
  +('vision', ('attn', 16, 13)) -> loss=1.7668 (|pool|=10)
  +('text', ('attn', 10, 7)) -> loss=1.6238 (|pool|=11)
  +('vision', ('attn', 14, 25)) -> loss=1.4155 (|pool|=12)
  +('vision', ('attn', 14, 29)) -> loss=1.2598 (|pool|=13)
  +('text', ('attn', 10, 2)) -> loss=1.1874 (|pool|=14)
  +('vision', ('attn', 14, 20)) -> loss=1.1232 (|pool|=15)
  +('vision', ('attn', 14, 1)) -> loss=1.0700 (|pool|=16)
  +('text', ('attn', 9, 6)) -> loss=1.0247 (|pool|=17)
  +('vision', ('attn', 16, 6)) -> loss=0.9832 (|pool|=18)
  +('vision', ('attn', 15, 13)) -> loss=0.9511 (|pool|=19)
  +('vision', ('attn', 4, 5)) -> loss=0.9174 (|pool|=20)
  +('vision', ('attn', 16, 25)) -> loss=0.8897 (|pool|=21)
  +('text', ('mlp', 9, -1)) -> loss=0.8632 (|pool|=22)
  +('vision', ('attn', 12, 25)) -> loss=0.8344 (|pool|=23)
  +('text', ('attn', 10, 5)) -> loss=0.8091 (|pool|=24)
  +('text', ('attn', 10, 3)) -> loss=0.7855 (|pool|=25)
  +('vision', ('attn', 8, 31)) -> loss=0.7635 (|pool|=26)
  +('vision', ('attn', 16, 11)) -> loss=0.7424 (|pool|=27)
  +('vision', ('attn', 15, 6)) -> loss=0.7230 (|pool|=28)
  +('vision', ('attn', 13, 29)) -> loss=0.7025 (|pool|=29)
  +('vision', ('attn', 8, 30)) -> loss=0.6830 (|pool|=30)
  +('vision', ('attn', 16, 29)) -> loss=0.6617 (|pool|=31)
  +('vision', ('attn', 16, 4)) -> loss=0.6456 (|pool|=32)
  +('vision', ('attn', 10, 13)) -> loss=0.6299 (|pool|=33)
  +('text', ('attn', 9, 0)) -> loss=0.6158 (|pool|=34)
  +('vision', ('attn', 16, 17)) -> loss=0.6016 (|pool|=35)
  +('vision', ('attn', 8, 4)) -> loss=0.5880 (|pool|=36)
  +('text', ('attn', 10, 0)) -> loss=0.5727 (|pool|=37)
  +('vision', ('attn', 0, 29)) -> loss=0.5588 (|pool|=38)
  +('vision', ('attn', 1, 23)) -> loss=0.5440 (|pool|=39)
  +('vision', ('attn', 0, 20)) -> loss=0.5322 (|pool|=40)
  +('vision', ('attn', 3, 11)) -> loss=0.5198 (|pool|=41)
  +('vision', ('attn', 8, 0)) -> loss=0.5080 (|pool|=42)
  +('text', ('attn', 8, 3)) -> loss=0.4966 (|pool|=43)
  +('vision', ('attn', 16, 21)) -> loss=0.4841 (|pool|=44)
  +('vision', ('attn', 15, 11)) -> loss=0.4731 (|pool|=45)
  +('vision', ('attn', 1, 22)) -> loss=0.4619 (|pool|=46)
  +('vision', ('attn', 2, 1)) -> loss=0.4507 (|pool|=47)
  +('vision', ('attn', 10, 16)) -> loss=0.4412 (|pool|=48)
  +('vision', ('attn', 2, 29)) -> loss=0.4317 (|pool|=49)
  +('vision', ('attn', 2, 25)) -> loss=0.4228 (|pool|=50)
  +('vision', ('attn', 1, 27)) -> loss=0.4143 (|pool|=51)
  +('text', ('attn', 5, 6)) -> loss=0.4057 (|pool|=52)
  +('vision', ('attn', 2, 17)) -> loss=0.3972 (|pool|=53)
  +('vision', ('attn', 0, 15)) -> loss=0.3904 (|pool|=54)
  +('text', ('attn', 11, 2)) -> loss=0.3813 (|pool|=55)
  +('vision', ('attn', 8, 23)) -> loss=0.3717 (|pool|=56)
  +('vision', ('attn', 14, 21)) -> loss=0.3614 (|pool|=57)
  +('vision', ('attn', 1, 26)) -> loss=0.3486 (|pool|=58)
  +('vision', ('attn', 16, 8)) -> loss=0.3404 (|pool|=59)
  +('text', ('mlp', 5, -1)) -> loss=0.3335 (|pool|=60)
  +('vision', ('attn', 2, 18)) -> loss=0.3255 (|pool|=61)
  +('text', ('mlp', 7, -1)) -> loss=0.3175 (|pool|=62)
  +('vision', ('attn', 7, 14)) -> loss=0.3101 (|pool|=63)
  +('vision', ('attn', 8, 9)) -> loss=0.3026 (|pool|=64)
  +('vision', ('attn', 15, 5)) -> loss=0.2951 (|pool|=65)
  +('text', ('attn', 9, 2)) -> loss=0.2895 (|pool|=66)
  +('vision', ('attn', 9, 10)) -> loss=0.2845 (|pool|=67)
  +('vision', ('attn', 10, 20)) -> loss=0.2796 (|pool|=68)
  +('text', ('attn', 7, 5)) -> loss=0.2743 (|pool|=69)
  +('vision', ('attn', 9, 25)) -> loss=0.2678 (|pool|=70)
  +('vision', ('attn', 6, 29)) -> loss=0.2635 (|pool|=71)
  +('vision', ('attn', 3, 1)) -> loss=0.2595 (|pool|=72)
  +('vision', ('attn', 11, 22)) -> loss=0.2558 (|pool|=73)
  +('vision', ('attn', 2, 19)) -> loss=0.2519 (|pool|=74)
  +('text', ('attn', 9, 3)) -> loss=0.2482 (|pool|=75)
  +('vision', ('attn', 8, 17)) -> loss=0.2445 (|pool|=76)
  +('text', ('attn', 3, 4)) -> loss=0.2409 (|pool|=77)
  +('vision', ('attn', 8, 20)) -> loss=0.2374 (|pool|=78)
  +('vision', ('attn', 12, 24)) -> loss=0.2316 (|pool|=79)
  +('vision', ('attn', 8, 6)) -> loss=0.2258 (|pool|=80)
  +('vision', ('attn', 16, 0)) -> loss=0.2193 (|pool|=81)
  +('text', ('attn', 9, 7)) -> loss=0.2136 (|pool|=82)
  +('vision', ('attn', 8, 1)) -> loss=0.2097 (|pool|=83)
  +('vision', ('attn', 4, 28)) -> loss=0.2060 (|pool|=84)
  +('text', ('attn', 11, 7)) -> loss=0.2026 (|pool|=85)
  +('vision', ('attn', 12, 13)) -> loss=0.2001 (|pool|=86)
  +('vision', ('attn', 2, 5)) -> loss=0.1966 (|pool|=87)
  +('vision', ('attn', 12, 29)) -> loss=0.1927 (|pool|=88)
  +('vision', ('attn', 3, 15)) -> loss=0.1897 (|pool|=89)
  +('vision', ('attn', 11, 16)) -> loss=0.1871 (|pool|=90)
  +('vision', ('attn', 1, 3)) -> loss=0.1847 (|pool|=91)
  +('vision', ('attn', 12, 0)) -> loss=0.1824 (|pool|=92)
  +('text', ('mlp', 1, -1)) -> loss=0.1801 (|pool|=93)
  +('text', ('mlp', 4, -1)) -> loss=0.1779 (|pool|=94)
  +('vision', ('attn', 15, 0)) -> loss=0.1757 (|pool|=95)
  +('text', ('attn', 4, 7)) -> loss=0.1736 (|pool|=96)
model    n      method size   R@1_i2t   R@5_i2t  R@10_i2t  medr_i2t  meanr_i2t   R@1_t2i   R@5_t2i  R@10_t2i  medr_t2i  meanr_t2i       rsum
 RN50  500 greedy pool   96 41.600001 77.600002 89.600003       2.0   4.976000 40.200001 75.199997 85.799998       2.0   6.230000 410.000002
 RN50  500  full model  all 61.000001 88.599998 95.800000       1.0   2.608000 55.599999 88.400000 96.200001       1.0   2.724000 485.600001
 RN50 1000 greedy pool   96 32.900000 62.800002 77.100003       3.0  10.089000 28.200001 58.800000 75.099999       4.0  13.313000 334.900004
 RN50 1000  full model  all 51.700002 79.600000 89.499998       1.0   4.800000 46.000001 76.700002 89.899999       2.0   5.963000 433.400002
 RN50 2500 greedy pool   96 21.640000 45.600000 58.520001       7.0  26.134399 19.520000 42.199999 55.239999       8.0  38.768002 242.719999
 RN50 2500  full model  all 40.640000 67.600000 77.960002       2.0  10.858000 35.440001 62.120003 74.199998       3.0  15.284000 357.960004
 RN50 5000 greedy pool   96 15.740000 35.020000 46.460000      13.0  54.437000 14.000000 32.080001 42.879999      15.0  81.789200 186.179999
 RN50 5000  full model  all 33.280000 58.759999 68.860000       3.0  19.663401 27.480000 52.120000 63.559997       5.0  28.075001 304.059997
[RN50] wrote greedy_pool_{eval,trace,pool}
[RN101/fairface] 7 classes, calibration 7 pairs, 3500 images total
  seed pair ('vision', ('attn', 31, 26)) + ('text', ('attn', 9, 4))  loss=1.7516
  +('text', ('mlp', 8, -1)) -> loss=1.6837 (|pool|=3)
  +('vision', ('attn', 1, 26)) -> loss=1.6185 (|pool|=4)
  +('vision', ('attn', 31, 22)) -> loss=1.5603 (|pool|=5)
  +('vision', ('attn', 33, 21)) -> loss=1.5202 (|pool|=6)
  +('vision', ('attn', 8, 21)) -> loss=1.4784 (|pool|=7)
  +('text', ('attn', 11, 6)) -> loss=1.4151 (|pool|=8)
  +('vision', ('attn', 4, 21)) -> loss=1.3700 (|pool|=9)
  +('vision', ('attn', 31, 20)) -> loss=1.3197 (|pool|=10)
  +('vision', ('attn', 33, 3)) -> loss=1.2851 (|pool|=11)
  +('text', ('attn', 10, 1)) -> loss=1.2500 (|pool|=12)
  +('text', ('attn', 8, 4)) -> loss=1.2198 (|pool|=13)
  +('text', ('attn', 10, 3)) -> loss=1.1924 (|pool|=14)
  +('vision', ('attn', 29, 3)) -> loss=1.1650 (|pool|=15)
  +('vision', ('attn', 26, 21)) -> loss=1.1399 (|pool|=16)
  +('vision', ('attn', 26, 14)) -> loss=1.1168 (|pool|=17)
  +('vision', ('attn', 4, 14)) -> loss=1.0934 (|pool|=18)
  +('vision', ('attn', 26, 3)) -> loss=1.0742 (|pool|=19)
  +('vision', ('attn', 1, 29)) -> loss=1.0552 (|pool|=20)
  +('text', ('attn', 3, 1)) -> loss=1.0366 (|pool|=21)
  +('vision', ('attn', 31, 16)) -> loss=1.0175 (|pool|=22)
  +('vision', ('attn', 24, 14)) -> loss=1.0011 (|pool|=23)
  +('vision', ('attn', 25, 14)) -> loss=0.9865 (|pool|=24)
  +('vision', ('attn', 28, 14)) -> loss=0.9734 (|pool|=25)
  +('vision', ('attn', 33, 14)) -> loss=0.9591 (|pool|=26)
  +('vision', ('attn', 22, 14)) -> loss=0.9462 (|pool|=27)
  +('vision', ('attn', 27, 3)) -> loss=0.9340 (|pool|=28)
  +('text', ('attn', 11, 4)) -> loss=0.9190 (|pool|=29)
  +('vision', ('attn', 33, 20)) -> loss=0.9055 (|pool|=30)
  +('vision', ('attn', 8, 26)) -> loss=0.8919 (|pool|=31)
  +('text', ('attn', 2, 4)) -> loss=0.8774 (|pool|=32)
  +('vision', ('attn', 31, 4)) -> loss=0.8642 (|pool|=33)
  +('vision', ('attn', 4, 17)) -> loss=0.8500 (|pool|=34)
  +('text', ('mlp', 4, -1)) -> loss=0.8377 (|pool|=35)
  +('vision', ('attn', 33, 27)) -> loss=0.8244 (|pool|=36)
  +('text', ('attn', 9, 1)) -> loss=0.8111 (|pool|=37)
  +('vision', ('attn', 8, 14)) -> loss=0.7947 (|pool|=38)
  +('vision', ('attn', 1, 15)) -> loss=0.7777 (|pool|=39)
  +('vision', ('attn', 31, 5)) -> loss=0.7652 (|pool|=40)
  +('vision', ('attn', 4, 26)) -> loss=0.7506 (|pool|=41)
  +('vision', ('attn', 1, 18)) -> loss=0.7382 (|pool|=42)
  +('text', ('attn', 4, 4)) -> loss=0.7248 (|pool|=43)
  +('text', ('attn', 3, 2)) -> loss=0.7118 (|pool|=44)
  +('text', ('attn', 8, 1)) -> loss=0.6994 (|pool|=45)
  +('vision', ('attn', 33, 8)) -> loss=0.6891 (|pool|=46)
  +('vision', ('attn', 5, 3)) -> loss=0.6799 (|pool|=47)
  +('vision', ('attn', 0, 2)) -> loss=0.6704 (|pool|=48)
  +('vision', ('attn', 4, 23)) -> loss=0.6566 (|pool|=49)
  +('vision', ('attn', 1, 3)) -> loss=0.6458 (|pool|=50)
  +('vision', ('attn', 23, 14)) -> loss=0.6355 (|pool|=51)
  +('text', ('attn', 8, 6)) -> loss=0.6264 (|pool|=52)
  +('vision', ('attn', 1, 10)) -> loss=0.6179 (|pool|=53)
  +('vision', ('attn', 3, 9)) -> loss=0.6096 (|pool|=54)
  +('text', ('attn', 4, 2)) -> loss=0.6014 (|pool|=55)
  +('vision', ('attn', 32, 14)) -> loss=0.5934 (|pool|=56)
  +('text', ('mlp', 11, -1)) -> loss=0.5846 (|pool|=57)
  +('text', ('attn', 0, 4)) -> loss=0.5748 (|pool|=58)
  +('vision', ('attn', 3, 7)) -> loss=0.5661 (|pool|=59)
  +('vision', ('attn', 25, 3)) -> loss=0.5579 (|pool|=60)
  +('text', ('attn', 10, 5)) -> loss=0.5497 (|pool|=61)
  +('vision', ('attn', 0, 19)) -> loss=0.5413 (|pool|=62)
  +('vision', ('attn', 31, 28)) -> loss=0.5324 (|pool|=63)
  +('vision', ('attn', 12, 30)) -> loss=0.5243 (|pool|=64)
  +('vision', ('attn', 20, 21)) -> loss=0.5167 (|pool|=65)
  +('text', ('attn', 4, 6)) -> loss=0.5096 (|pool|=66)
  +('vision', ('attn', 18, 30)) -> loss=0.5024 (|pool|=67)
  +('vision', ('attn', 23, 21)) -> loss=0.4955 (|pool|=68)
  +('vision', ('attn', 30, 7)) -> loss=0.4892 (|pool|=69)
  +('vision', ('attn', 7, 26)) -> loss=0.4831 (|pool|=70)
  +('vision', ('attn', 28, 3)) -> loss=0.4770 (|pool|=71)
  +('vision', ('attn', 30, 1)) -> loss=0.4706 (|pool|=72)
  +('vision', ('attn', 8, 6)) -> loss=0.4648 (|pool|=73)
  +('text', ('attn', 6, 4)) -> loss=0.4591 (|pool|=74)
  +('vision', ('attn', 4, 0)) -> loss=0.4534 (|pool|=75)
  +('vision', ('attn', 21, 14)) -> loss=0.4480 (|pool|=76)
  +('text', ('attn', 6, 5)) -> loss=0.4424 (|pool|=77)
  +('vision', ('attn', 32, 27)) -> loss=0.4369 (|pool|=78)
  +('vision', ('attn', 12, 24)) -> loss=0.4314 (|pool|=79)
  +('vision', ('attn', 4, 12)) -> loss=0.4257 (|pool|=80)
  +('text', ('attn', 4, 1)) -> loss=0.4205 (|pool|=81)
  +('vision', ('attn', 14, 30)) -> loss=0.4154 (|pool|=82)
  +('vision', ('attn', 26, 26)) -> loss=0.4100 (|pool|=83)
  +('vision', ('attn', 2, 20)) -> loss=0.4050 (|pool|=84)
  +('text', ('attn', 9, 3)) -> loss=0.4004 (|pool|=85)
  +('vision', ('attn', 2, 7)) -> loss=0.3954 (|pool|=86)
  +('vision', ('attn', 29, 20)) -> loss=0.3910 (|pool|=87)
  +('text', ('attn', 2, 0)) -> loss=0.3867 (|pool|=88)
  +('vision', ('attn', 20, 2)) -> loss=0.3827 (|pool|=89)
  +('vision', ('attn', 14, 21)) -> loss=0.3787 (|pool|=90)
  +('vision', ('attn', 32, 21)) -> loss=0.3747 (|pool|=91)
  +('vision', ('attn', 2, 30)) -> loss=0.3703 (|pool|=92)
  +('vision', ('attn', 19, 21)) -> loss=0.3664 (|pool|=93)
  +('vision', ('attn', 10, 0)) -> loss=0.3626 (|pool|=94)
  +('text', ('attn', 6, 7)) -> loss=0.3583 (|pool|=95)
  +('text', ('attn', 11, 5)) -> loss=0.3522 (|pool|=96)
[RN101/fairface] full=42.09  pool(96)=36.43  best prefix(31)=44.89
[RN101/fairface] 7 classes, calibration 7 pairs, 3500 images total
  seed pair ('vision', ('attn', 1, 21)) + ('text', ('attn', 11, 6))  loss=1.9085
  +('vision', ('attn', 31, 14)) -> loss=1.8831 (|pool|=3)
  +('text', ('attn', 9, 4)) -> loss=1.7610 (|pool|=4)
  +('vision', ('attn', 8, 21)) -> loss=1.6601 (|pool|=5)
  +('vision', ('attn', 31, 15)) -> loss=1.5921 (|pool|=6)
  +('vision', ('attn', 31, 3)) -> loss=1.5118 (|pool|=7)
  +('vision', ('attn', 0, 14)) -> loss=1.4645 (|pool|=8)
  +('text', ('attn', 8, 1)) -> loss=1.4210 (|pool|=9)
  +('vision', ('attn', 0, 24)) -> loss=1.3784 (|pool|=10)
  +('vision', ('attn', 33, 3)) -> loss=1.3348 (|pool|=11)
  +('vision', ('attn', 1, 10)) -> loss=1.3018 (|pool|=12)
  +('text', ('mlp', 8, -1)) -> loss=1.2663 (|pool|=13)
  +('vision', ('attn', 8, 0)) -> loss=1.2320 (|pool|=14)
  +('vision', ('attn', 1, 0)) -> loss=1.1985 (|pool|=15)
  +('vision', ('attn', 8, 20)) -> loss=1.1733 (|pool|=16)
  +('vision', ('attn', 1, 20)) -> loss=1.1417 (|pool|=17)
  +('vision', ('attn', 8, 3)) -> loss=1.1139 (|pool|=18)
  +('vision', ('attn', 4, 3)) -> loss=1.0865 (|pool|=19)
  +('text', ('attn', 3, 1)) -> loss=1.0615 (|pool|=20)
  +('vision', ('attn', 0, 23)) -> loss=1.0409 (|pool|=21)
  +('vision', ('attn', 8, 14)) -> loss=1.0178 (|pool|=22)
  +('vision', ('attn', 0, 7)) -> loss=0.9929 (|pool|=23)
  +('vision', ('attn', 0, 5)) -> loss=0.9737 (|pool|=24)
  +('vision', ('attn', 3, 26)) -> loss=0.9546 (|pool|=25)
  +('vision', ('attn', 33, 21)) -> loss=0.9373 (|pool|=26)
  +('vision', ('attn', 0, 3)) -> loss=0.9188 (|pool|=27)
  +('text', ('attn', 8, 6)) -> loss=0.9040 (|pool|=28)
  +('vision', ('attn', 1, 25)) -> loss=0.8865 (|pool|=29)
  +('vision', ('attn', 0, 2)) -> loss=0.8703 (|pool|=30)
  +('vision', ('attn', 1, 30)) -> loss=0.8544 (|pool|=31)
  +('text', ('attn', 7, 6)) -> loss=0.8381 (|pool|=32)
  +('text', ('mlp', 3, -1)) -> loss=0.8226 (|pool|=33)
  +('text', ('attn', 10, 0)) -> loss=0.8066 (|pool|=34)
  +('vision', ('attn', 8, 11)) -> loss=0.7919 (|pool|=35)
  +('vision', ('attn', 2, 21)) -> loss=0.7786 (|pool|=36)
  +('text', ('attn', 8, 4)) -> loss=0.7656 (|pool|=37)
  +('vision', ('attn', 31, 26)) -> loss=0.7518 (|pool|=38)
  +('vision', ('attn', 10, 26)) -> loss=0.7359 (|pool|=39)
  +('vision', ('attn', 8, 10)) -> loss=0.7219 (|pool|=40)
  +('vision', ('attn', 27, 2)) -> loss=0.7084 (|pool|=41)
  +('vision', ('attn', 12, 26)) -> loss=0.6956 (|pool|=42)
  +('vision', ('attn', 3, 24)) -> loss=0.6849 (|pool|=43)
  +('vision', ('attn', 21, 3)) -> loss=0.6742 (|pool|=44)
  +('vision', ('attn', 33, 17)) -> loss=0.6630 (|pool|=45)
  +('vision', ('attn', 0, 26)) -> loss=0.6517 (|pool|=46)
  +('text', ('attn', 5, 0)) -> loss=0.6397 (|pool|=47)
  +('text', ('attn', 9, 3)) -> loss=0.6287 (|pool|=48)
  +('vision', ('attn', 32, 3)) -> loss=0.6182 (|pool|=49)
  +('vision', ('attn', 0, 19)) -> loss=0.6084 (|pool|=50)
  +('vision', ('attn', 20, 21)) -> loss=0.5982 (|pool|=51)
  +('text', ('attn', 0, 4)) -> loss=0.5894 (|pool|=52)
  +('vision', ('attn', 11, 26)) -> loss=0.5809 (|pool|=53)
  +('vision', ('attn', 33, 14)) -> loss=0.5723 (|pool|=54)
  +('text', ('attn', 8, 3)) -> loss=0.5644 (|pool|=55)
  +('text', ('mlp', 9, -1)) -> loss=0.5571 (|pool|=56)
  +('vision', ('attn', 4, 14)) -> loss=0.5454 (|pool|=57)
  +('text', ('attn', 10, 1)) -> loss=0.5351 (|pool|=58)
  +('vision', ('attn', 1, 8)) -> loss=0.5246 (|pool|=59)
  +('vision', ('attn', 1, 15)) -> loss=0.5136 (|pool|=60)
  +('vision', ('attn', 6, 24)) -> loss=0.5042 (|pool|=61)
  +('text', ('attn', 8, 0)) -> loss=0.4961 (|pool|=62)
  +('vision', ('attn', 27, 21)) -> loss=0.4883 (|pool|=63)
  +('text', ('attn', 7, 5)) -> loss=0.4811 (|pool|=64)
  +('vision', ('attn', 32, 2)) -> loss=0.4749 (|pool|=65)
  +('vision', ('attn', 4, 20)) -> loss=0.4672 (|pool|=66)
  +('vision', ('attn', 3, 21)) -> loss=0.4613 (|pool|=67)
  +('vision', ('attn', 32, 5)) -> loss=0.4559 (|pool|=68)
  +('vision', ('attn', 32, 20)) -> loss=0.4504 (|pool|=69)
  +('vision', ('attn', 4, 19)) -> loss=0.4451 (|pool|=70)
  +('vision', ('attn', 1, 9)) -> loss=0.4397 (|pool|=71)
  +('text', ('attn', 4, 1)) -> loss=0.4344 (|pool|=72)
  +('vision', ('attn', 2, 2)) -> loss=0.4298 (|pool|=73)
  +('vision', ('attn', 21, 21)) -> loss=0.4253 (|pool|=74)
  +('vision', ('attn', 3, 17)) -> loss=0.4204 (|pool|=75)
  +('vision', ('attn', 33, 20)) -> loss=0.4158 (|pool|=76)
  +('text', ('attn', 10, 5)) -> loss=0.4102 (|pool|=77)
  +('vision', ('attn', 3, 0)) -> loss=0.4050 (|pool|=78)
  +('vision', ('attn', 8, 15)) -> loss=0.4001 (|pool|=79)
  +('vision', ('attn', 5, 26)) -> loss=0.3960 (|pool|=80)
  +('vision', ('attn', 24, 26)) -> loss=0.3920 (|pool|=81)
  +('vision', ('attn', 9, 26)) -> loss=0.3882 (|pool|=82)
  +('vision', ('attn', 31, 13)) -> loss=0.3846 (|pool|=83)
  +('text', ('attn', 0, 1)) -> loss=0.3812 (|pool|=84)
  +('vision', ('attn', 22, 26)) -> loss=0.3778 (|pool|=85)
  +('vision', ('attn', 9, 2)) -> loss=0.3744 (|pool|=86)
  +('vision', ('attn', 25, 25)) -> loss=0.3713 (|pool|=87)
  +('vision', ('attn', 4, 28)) -> loss=0.3683 (|pool|=88)
  +('vision', ('attn', 19, 3)) -> loss=0.3654 (|pool|=89)
  +('text', ('attn', 6, 3)) -> loss=0.3625 (|pool|=90)
  +('vision', ('attn', 1, 17)) -> loss=0.3585 (|pool|=91)
  +('vision', ('attn', 3, 30)) -> loss=0.3512 (|pool|=92)
  +('vision', ('attn', 32, 31)) -> loss=0.3472 (|pool|=93)
  +('vision', ('attn', 19, 21)) -> loss=0.3436 (|pool|=94)
  +('vision', ('attn', 0, 30)) -> loss=0.3401 (|pool|=95)
  +('vision', ('attn', 23, 9)) -> loss=0.3368 (|pool|=96)
[RN101/fairface] full=42.09  pool(96)=51.80  best prefix(90)=51.80
[RN101/fairface] 7 classes, calibration 7 pairs, 3500 images total
  seed pair ('vision', ('attn', 31, 14)) + ('text', ('attn', 9, 4))  loss=1.7389
  +('vision', ('attn', 33, 3)) -> loss=1.6391 (|pool|=3)
  +('vision', ('attn', 1, 21)) -> loss=1.5722 (|pool|=4)
  +('text', ('attn', 11, 6)) -> loss=1.4928 (|pool|=5)
  +('vision', ('attn', 31, 8)) -> loss=1.4378 (|pool|=6)
  +('text', ('mlp', 10, -1)) -> loss=1.3796 (|pool|=7)
  +('vision', ('attn', 31, 31)) -> loss=1.3110 (|pool|=8)
  +('vision', ('attn', 31, 15)) -> loss=1.2601 (|pool|=9)
  +('vision', ('attn', 4, 3)) -> loss=1.2197 (|pool|=10)
  +('vision', ('attn', 1, 20)) -> loss=1.1778 (|pool|=11)
  +('vision', ('attn', 0, 17)) -> loss=1.1379 (|pool|=12)
  +('vision', ('attn', 26, 14)) -> loss=1.1002 (|pool|=13)
  +('vision', ('attn', 22, 3)) -> loss=1.0645 (|pool|=14)
  +('vision', ('attn', 32, 3)) -> loss=1.0317 (|pool|=15)
  +('vision', ('attn', 4, 30)) -> loss=1.0046 (|pool|=16)
  +('text', ('mlp', 8, -1)) -> loss=0.9763 (|pool|=17)
  +('text', ('attn', 7, 7)) -> loss=0.9403 (|pool|=18)
  +('vision', ('attn', 5, 3)) -> loss=0.9156 (|pool|=19)
  +('vision', ('attn', 30, 14)) -> loss=0.8916 (|pool|=20)
  +('text', ('attn', 8, 0)) -> loss=0.8703 (|pool|=21)
  +('vision', ('attn', 0, 14)) -> loss=0.8484 (|pool|=22)
  +('vision', ('attn', 31, 16)) -> loss=0.8256 (|pool|=23)
  +('text', ('attn', 8, 1)) -> loss=0.8050 (|pool|=24)
  +('vision', ('attn', 33, 21)) -> loss=0.7805 (|pool|=25)
  +('vision', ('attn', 0, 18)) -> loss=0.7564 (|pool|=26)
  +('text', ('attn', 11, 1)) -> loss=0.7265 (|pool|=27)
  +('text', ('attn', 11, 5)) -> loss=0.6727 (|pool|=28)
  +('vision', ('attn', 0, 9)) -> loss=0.6386 (|pool|=29)
  +('vision', ('attn', 4, 7)) -> loss=0.6127 (|pool|=30)
  +('vision', ('attn', 31, 9)) -> loss=0.5933 (|pool|=31)
  +('vision', ('attn', 1, 7)) -> loss=0.5739 (|pool|=32)
  +('text', ('attn', 5, 0)) -> loss=0.5540 (|pool|=33)
  +('text', ('mlp', 9, -1)) -> loss=0.5358 (|pool|=34)
  +('vision', ('attn', 4, 22)) -> loss=0.5178 (|pool|=35)
  +('vision', ('attn', 26, 21)) -> loss=0.5013 (|pool|=36)
  +('text', ('attn', 9, 7)) -> loss=0.4871 (|pool|=37)
  +('vision', ('attn', 30, 26)) -> loss=0.4733 (|pool|=38)
  +('vision', ('attn', 33, 18)) -> loss=0.4602 (|pool|=39)
  +('vision', ('attn', 29, 26)) -> loss=0.4474 (|pool|=40)
  +('vision', ('attn', 10, 21)) -> loss=0.4351 (|pool|=41)
  +('text', ('attn', 3, 1)) -> loss=0.4221 (|pool|=42)
  +('vision', ('attn', 6, 3)) -> loss=0.4117 (|pool|=43)
  +('vision', ('attn', 24, 21)) -> loss=0.4019 (|pool|=44)
  +('vision', ('attn', 1, 26)) -> loss=0.3915 (|pool|=45)
  +('text', ('attn', 4, 4)) -> loss=0.3808 (|pool|=46)
  +('vision', ('attn', 0, 11)) -> loss=0.3708 (|pool|=47)
  +('text', ('attn', 4, 1)) -> loss=0.3615 (|pool|=48)
  +('vision', ('attn', 24, 3)) -> loss=0.3532 (|pool|=49)
  +('vision', ('attn', 22, 14)) -> loss=0.3455 (|pool|=50)
  +('text', ('attn', 8, 4)) -> loss=0.3380 (|pool|=51)
  +('vision', ('attn', 12, 14)) -> loss=0.3308 (|pool|=52)
  +('text', ('attn', 8, 6)) -> loss=0.3236 (|pool|=53)
  +('vision', ('attn', 22, 21)) -> loss=0.3167 (|pool|=54)
  +('vision', ('attn', 7, 21)) -> loss=0.3100 (|pool|=55)
  +('vision', ('attn', 4, 18)) -> loss=0.3036 (|pool|=56)
  +('vision', ('attn', 8, 1)) -> loss=0.2953 (|pool|=57)
  +('vision', ('attn', 24, 14)) -> loss=0.2892 (|pool|=58)
  +('vision', ('attn', 26, 3)) -> loss=0.2834 (|pool|=59)
  +('text', ('attn', 10, 5)) -> loss=0.2783 (|pool|=60)
  +('vision', ('attn', 4, 8)) -> loss=0.2726 (|pool|=61)
  +('text', ('attn', 6, 7)) -> loss=0.2666 (|pool|=62)
  +('vision', ('attn', 10, 25)) -> loss=0.2613 (|pool|=63)
  +('vision', ('attn', 12, 21)) -> loss=0.2567 (|pool|=64)
  +('vision', ('attn', 2, 2)) -> loss=0.2522 (|pool|=65)
  +('vision', ('attn', 14, 17)) -> loss=0.2480 (|pool|=66)
  +('vision', ('attn', 4, 1)) -> loss=0.2440 (|pool|=67)
  +('vision', ('attn', 8, 18)) -> loss=0.2391 (|pool|=68)
  +('vision', ('attn', 33, 22)) -> loss=0.2347 (|pool|=69)
  +('vision', ('attn', 33, 5)) -> loss=0.2308 (|pool|=70)
  +('vision', ('attn', 27, 14)) -> loss=0.2272 (|pool|=71)
  +('vision', ('attn', 11, 21)) -> loss=0.2233 (|pool|=72)
  +('vision', ('attn', 0, 16)) -> loss=0.2200 (|pool|=73)
  +('vision', ('attn', 25, 3)) -> loss=0.2169 (|pool|=74)
  +('vision', ('attn', 4, 29)) -> loss=0.2137 (|pool|=75)
  +('vision', ('attn', 8, 0)) -> loss=0.2107 (|pool|=76)
  +('vision', ('attn', 24, 26)) -> loss=0.2079 (|pool|=77)
  +('vision', ('attn', 9, 21)) -> loss=0.2053 (|pool|=78)
  +('vision', ('attn', 0, 27)) -> loss=0.2026 (|pool|=79)
  +('text', ('attn', 0, 6)) -> loss=0.1998 (|pool|=80)
  +('text', ('attn', 4, 2)) -> loss=0.1972 (|pool|=81)
  +('text', ('attn', 6, 2)) -> loss=0.1947 (|pool|=82)
  +('vision', ('attn', 22, 26)) -> loss=0.1922 (|pool|=83)
  +('vision', ('attn', 7, 14)) -> loss=0.1899 (|pool|=84)
  +('vision', ('attn', 8, 26)) -> loss=0.1876 (|pool|=85)
  +('vision', ('attn', 33, 17)) -> loss=0.1850 (|pool|=86)
  +('vision', ('attn', 30, 24)) -> loss=0.1826 (|pool|=87)
  +('vision', ('attn', 0, 22)) -> loss=0.1801 (|pool|=88)
  +('vision', ('attn', 4, 4)) -> loss=0.1777 (|pool|=89)
  +('text', ('attn', 5, 1)) -> loss=0.1753 (|pool|=90)
  +('text', ('attn', 2, 0)) -> loss=0.1731 (|pool|=91)
  +('vision', ('attn', 5, 17)) -> loss=0.1711 (|pool|=92)
  +('vision', ('attn', 27, 21)) -> loss=0.1692 (|pool|=93)
  +('vision', ('attn', 22, 17)) -> loss=0.1671 (|pool|=94)
  +('text', ('attn', 10, 1)) -> loss=0.1652 (|pool|=95)
  +('vision', ('attn', 28, 26)) -> loss=0.1631 (|pool|=96)
[RN101/fairface] full=42.09  pool(96)=47.00  best prefix(79)=47.34
[RN101/CIFAR100] 100 classes, calibration 100 pairs, 2000 images total
  seed pair ('vision', ('attn', 31, 16)) + ('text', ('attn', 11, 3))  loss=4.5227
  +('vision', ('attn', 31, 15)) -> loss=4.4098 (|pool|=3)
  +('vision', ('attn', 8, 16)) -> loss=4.3295 (|pool|=4)
  +('text', ('attn', 10, 2)) -> loss=4.2704 (|pool|=5)
  +('vision', ('attn', 8, 15)) -> loss=4.2230 (|pool|=6)
  +('text', ('attn', 9, 1)) -> loss=4.1804 (|pool|=7)
  +('vision', ('attn', 8, 9)) -> loss=4.1211 (|pool|=8)
  +('text', ('attn', 9, 2)) -> loss=4.0583 (|pool|=9)
  +('vision', ('attn', 31, 6)) -> loss=3.9601 (|pool|=10)
  +('text', ('mlp', 10, -1)) -> loss=3.8829 (|pool|=11)
  +('text', ('attn', 11, 0)) -> loss=3.8129 (|pool|=12)
  +('vision', ('attn', 8, 6)) -> loss=3.7659 (|pool|=13)
  +('vision', ('attn', 10, 9)) -> loss=3.7224 (|pool|=14)
  +('text', ('attn', 10, 7)) -> loss=3.6806 (|pool|=15)
  +('vision', ('attn', 21, 9)) -> loss=3.6401 (|pool|=16)
  +('text', ('attn', 10, 1)) -> loss=3.6002 (|pool|=17)
  +('vision', ('attn', 31, 5)) -> loss=3.5572 (|pool|=18)
  +('vision', ('attn', 10, 16)) -> loss=3.5213 (|pool|=19)
  +('vision', ('attn', 8, 25)) -> loss=3.4883 (|pool|=20)
  +('text', ('attn', 8, 6)) -> loss=3.4549 (|pool|=21)
  +('vision', ('attn', 8, 7)) -> loss=3.4241 (|pool|=22)
  +('vision', ('attn', 4, 16)) -> loss=3.3939 (|pool|=23)
  +('text', ('attn', 9, 7)) -> loss=3.3642 (|pool|=24)
  +('vision', ('attn', 10, 15)) -> loss=3.3367 (|pool|=25)
  +('vision', ('attn', 20, 9)) -> loss=3.3105 (|pool|=26)
  +('vision', ('attn', 21, 6)) -> loss=3.2872 (|pool|=27)
  +('vision', ('attn', 21, 16)) -> loss=3.2643 (|pool|=28)
  +('vision', ('attn', 18, 15)) -> loss=3.2421 (|pool|=29)
  +('vision', ('attn', 25, 16)) -> loss=3.2203 (|pool|=30)
  +('vision', ('attn', 10, 6)) -> loss=3.1985 (|pool|=31)
  +('vision', ('attn', 18, 9)) -> loss=3.1775 (|pool|=32)
  +('vision', ('attn', 12, 15)) -> loss=3.1568 (|pool|=33)
  +('text', ('attn', 4, 2)) -> loss=3.1364 (|pool|=34)
  +('vision', ('attn', 22, 16)) -> loss=3.1171 (|pool|=35)
  +('vision', ('attn', 24, 9)) -> loss=3.0981 (|pool|=36)
  +('vision', ('attn', 26, 6)) -> loss=3.0796 (|pool|=37)
  +('vision', ('attn', 0, 7)) -> loss=3.0616 (|pool|=38)
  +('vision', ('attn', 27, 9)) -> loss=3.0435 (|pool|=39)
  +('text', ('attn', 10, 6)) -> loss=3.0252 (|pool|=40)
  +('vision', ('attn', 24, 6)) -> loss=3.0071 (|pool|=41)
  +('vision', ('attn', 21, 15)) -> loss=2.9893 (|pool|=42)
  +('text', ('attn', 2, 4)) -> loss=2.9715 (|pool|=43)
  +('vision', ('attn', 9, 9)) -> loss=2.9543 (|pool|=44)
  +('vision', ('attn', 32, 8)) -> loss=2.9372 (|pool|=45)
  +('vision', ('attn', 25, 6)) -> loss=2.9216 (|pool|=46)
  +('vision', ('attn', 27, 15)) -> loss=2.9060 (|pool|=47)
  +('vision', ('attn', 27, 16)) -> loss=2.8911 (|pool|=48)
  +('vision', ('attn', 22, 6)) -> loss=2.8765 (|pool|=49)
  +('vision', ('attn', 25, 9)) -> loss=2.8622 (|pool|=50)
  +('vision', ('attn', 31, 9)) -> loss=2.8386 (|pool|=51)
  +('vision', ('attn', 13, 9)) -> loss=2.8121 (|pool|=52)
  +('vision', ('attn', 14, 9)) -> loss=2.7904 (|pool|=53)
  +('vision', ('attn', 11, 9)) -> loss=2.7699 (|pool|=54)
  +('vision', ('attn', 16, 9)) -> loss=2.7519 (|pool|=55)
  +('vision', ('attn', 12, 9)) -> loss=2.7347 (|pool|=56)
  +('vision', ('attn', 19, 9)) -> loss=2.7187 (|pool|=57)
  +('text', ('attn', 7, 7)) -> loss=2.7035 (|pool|=58)
  +('vision', ('attn', 13, 15)) -> loss=2.6896 (|pool|=59)
  +('text', ('attn', 8, 7)) -> loss=2.6757 (|pool|=60)
  +('vision', ('attn', 15, 9)) -> loss=2.6624 (|pool|=61)
  +('vision', ('attn', 2, 25)) -> loss=2.6496 (|pool|=62)
  +('text', ('attn', 11, 6)) -> loss=2.6359 (|pool|=63)
  +('vision', ('attn', 1, 15)) -> loss=2.6225 (|pool|=64)
  +('vision', ('attn', 4, 15)) -> loss=2.6074 (|pool|=65)
  +('vision', ('attn', 30, 15)) -> loss=2.5929 (|pool|=66)
  +('vision', ('attn', 8, 8)) -> loss=2.5798 (|pool|=67)
  +('vision', ('attn', 4, 4)) -> loss=2.5673 (|pool|=68)
  +('vision', ('attn', 12, 16)) -> loss=2.5550 (|pool|=69)
  +('vision', ('attn', 33, 6)) -> loss=2.5431 (|pool|=70)
  +('vision', ('attn', 9, 25)) -> loss=2.5312 (|pool|=71)
  +('vision', ('attn', 8, 17)) -> loss=2.5196 (|pool|=72)
  +('vision', ('attn', 18, 16)) -> loss=2.5078 (|pool|=73)
  +('vision', ('attn', 4, 19)) -> loss=2.4970 (|pool|=74)
  +('vision', ('attn', 3, 7)) -> loss=2.4863 (|pool|=75)
  +('text', ('attn', 6, 6)) -> loss=2.4760 (|pool|=76)
  +('vision', ('attn', 14, 16)) -> loss=2.4657 (|pool|=77)
  +('vision', ('attn', 33, 17)) -> loss=2.4558 (|pool|=78)
  +('vision', ('attn', 4, 6)) -> loss=2.4454 (|pool|=79)
  +('vision', ('attn', 27, 6)) -> loss=2.4352 (|pool|=80)
  +('text', ('attn', 3, 2)) -> loss=2.4254 (|pool|=81)
  +('vision', ('attn', 16, 15)) -> loss=2.4158 (|pool|=82)
  +('vision', ('attn', 22, 9)) -> loss=2.4070 (|pool|=83)
  +('vision', ('attn', 21, 4)) -> loss=2.3983 (|pool|=84)
  +('vision', ('attn', 11, 16)) -> loss=2.3897 (|pool|=85)
  +('vision', ('attn', 29, 15)) -> loss=2.3811 (|pool|=86)
  +('vision', ('attn', 10, 25)) -> loss=2.3726 (|pool|=87)
  +('text', ('attn', 9, 6)) -> loss=2.3603 (|pool|=88)
  +('vision', ('attn', 33, 15)) -> loss=2.3516 (|pool|=89)
  +('vision', ('attn', 21, 25)) -> loss=2.3427 (|pool|=90)
  +('vision', ('attn', 20, 6)) -> loss=2.3346 (|pool|=91)
  +('vision', ('attn', 2, 11)) -> loss=2.3264 (|pool|=92)
  +('vision', ('attn', 17, 9)) -> loss=2.3184 (|pool|=93)
  +('vision', ('attn', 32, 16)) -> loss=2.3105 (|pool|=94)
  +('vision', ('attn', 21, 5)) -> loss=2.3029 (|pool|=95)
  +('vision', ('attn', 0, 22)) -> loss=2.2955 (|pool|=96)
[RN101/CIFAR100] full=44.05  pool(96)=32.80  best prefix(91)=33.20
[RN101/CIFAR100] 100 classes, calibration 100 pairs, 2000 images total
  seed pair ('vision', ('attn', 31, 16)) + ('text', ('attn', 11, 3))  loss=4.5518
  +('vision', ('attn', 8, 16)) -> loss=4.4786 (|pool|=3)
  +('vision', ('attn', 31, 15)) -> loss=4.4213 (|pool|=4)
  +('text', ('attn', 10, 2)) -> loss=4.3672 (|pool|=5)
  +('vision', ('attn', 8, 15)) -> loss=4.3287 (|pool|=6)
  +('text', ('attn', 9, 1)) -> loss=4.2933 (|pool|=7)
  +('vision', ('attn', 8, 9)) -> loss=4.2467 (|pool|=8)
  +('text', ('attn', 10, 1)) -> loss=4.2125 (|pool|=9)
  +('vision', ('attn', 10, 16)) -> loss=4.1787 (|pool|=10)
  +('vision', ('attn', 10, 15)) -> loss=4.1470 (|pool|=11)
  +('vision', ('attn', 12, 15)) -> loss=4.1202 (|pool|=12)
  +('vision', ('attn', 8, 7)) -> loss=4.0938 (|pool|=13)
  +('text', ('mlp', 9, -1)) -> loss=4.0682 (|pool|=14)
  +('vision', ('attn', 4, 16)) -> loss=4.0418 (|pool|=15)
  +('vision', ('attn', 8, 6)) -> loss=4.0174 (|pool|=16)
  +('text', ('attn', 9, 2)) -> loss=3.9918 (|pool|=17)
  +('vision', ('attn', 31, 6)) -> loss=3.8998 (|pool|=18)
  +('text', ('attn', 11, 0)) -> loss=3.8477 (|pool|=19)
  +('text', ('mlp', 10, -1)) -> loss=3.8056 (|pool|=20)
  +('vision', ('attn', 8, 25)) -> loss=3.7702 (|pool|=21)
  +('vision', ('attn', 10, 6)) -> loss=3.7427 (|pool|=22)
  +('vision', ('attn', 21, 9)) -> loss=3.7180 (|pool|=23)
  +('vision', ('attn', 0, 6)) -> loss=3.6936 (|pool|=24)
  +('vision', ('attn', 29, 6)) -> loss=3.6702 (|pool|=25)
  +('text', ('attn', 10, 7)) -> loss=3.6468 (|pool|=26)
  +('vision', ('attn', 27, 9)) -> loss=3.6225 (|pool|=27)
  +('vision', ('attn', 8, 4)) -> loss=3.5996 (|pool|=28)
  +('vision', ('attn', 27, 15)) -> loss=3.5781 (|pool|=29)
  +('vision', ('attn', 32, 6)) -> loss=3.5571 (|pool|=30)
  +('vision', ('attn', 21, 15)) -> loss=3.5363 (|pool|=31)
  +('vision', ('attn', 27, 6)) -> loss=3.5157 (|pool|=32)
  +('text', ('attn', 11, 6)) -> loss=3.4967 (|pool|=33)
  +('vision', ('attn', 25, 16)) -> loss=3.4777 (|pool|=34)
  +('vision', ('attn', 27, 16)) -> loss=3.4599 (|pool|=35)
  +('vision', ('attn', 10, 25)) -> loss=3.4423 (|pool|=36)
  +('vision', ('attn', 13, 15)) -> loss=3.4258 (|pool|=37)
  +('vision', ('attn', 21, 16)) -> loss=3.4096 (|pool|=38)
  +('vision', ('attn', 26, 6)) -> loss=3.3935 (|pool|=39)
  +('text', ('attn', 4, 2)) -> loss=3.3775 (|pool|=40)
  +('vision', ('attn', 18, 9)) -> loss=3.3622 (|pool|=41)
  +('text', ('attn', 10, 6)) -> loss=3.3454 (|pool|=42)
  +('vision', ('attn', 24, 9)) -> loss=3.3304 (|pool|=43)
  +('vision', ('attn', 11, 16)) -> loss=3.3156 (|pool|=44)
  +('vision', ('attn', 24, 6)) -> loss=3.3014 (|pool|=45)
  +('vision', ('attn', 24, 15)) -> loss=3.2872 (|pool|=46)
  +('text', ('attn', 9, 4)) -> loss=3.2733 (|pool|=47)
  +('vision', ('attn', 22, 16)) -> loss=3.2600 (|pool|=48)
  +('vision', ('attn', 18, 15)) -> loss=3.2472 (|pool|=49)
  +('vision', ('attn', 21, 6)) -> loss=3.2344 (|pool|=50)
  +('text', ('attn', 6, 7)) -> loss=3.2219 (|pool|=51)
  +('vision', ('attn', 12, 16)) -> loss=3.2097 (|pool|=52)
  +('text', ('attn', 7, 7)) -> loss=3.1976 (|pool|=53)
  +('vision', ('attn', 22, 9)) -> loss=3.1857 (|pool|=54)
  +('vision', ('attn', 14, 15)) -> loss=3.1740 (|pool|=55)
  +('vision', ('attn', 22, 6)) -> loss=3.1625 (|pool|=56)
  +('vision', ('attn', 9, 25)) -> loss=3.1509 (|pool|=57)
  +('vision', ('attn', 33, 30)) -> loss=3.1401 (|pool|=58)
  +('text', ('attn', 8, 6)) -> loss=3.1295 (|pool|=59)
  +('vision', ('attn', 31, 25)) -> loss=3.1111 (|pool|=60)
  +('vision', ('attn', 12, 25)) -> loss=3.0917 (|pool|=61)
  +('text', ('attn', 2, 4)) -> loss=3.0772 (|pool|=62)
  +('vision', ('attn', 4, 2)) -> loss=3.0629 (|pool|=63)
  +('vision', ('attn', 21, 25)) -> loss=3.0484 (|pool|=64)
  +('vision', ('attn', 16, 25)) -> loss=3.0352 (|pool|=65)
  +('vision', ('attn', 13, 25)) -> loss=3.0231 (|pool|=66)
  +('vision', ('attn', 30, 2)) -> loss=3.0118 (|pool|=67)
  +('vision', ('attn', 19, 15)) -> loss=3.0015 (|pool|=68)
  +('text', ('attn', 9, 6)) -> loss=2.9911 (|pool|=69)
  +('vision', ('attn', 18, 25)) -> loss=2.9799 (|pool|=70)
  +('vision', ('attn', 22, 15)) -> loss=2.9695 (|pool|=71)
  +('vision', ('attn', 19, 9)) -> loss=2.9597 (|pool|=72)
  +('vision', ('attn', 1, 16)) -> loss=2.9498 (|pool|=73)
  +('vision', ('attn', 4, 15)) -> loss=2.9402 (|pool|=74)
  +('vision', ('attn', 28, 15)) -> loss=2.9308 (|pool|=75)
  +('vision', ('attn', 12, 8)) -> loss=2.9215 (|pool|=76)
  +('text', ('attn', 11, 1)) -> loss=2.9122 (|pool|=77)
  +('vision', ('attn', 11, 7)) -> loss=2.8984 (|pool|=78)
  +('vision', ('attn', 4, 0)) -> loss=2.8873 (|pool|=79)
  +('vision', ('attn', 10, 8)) -> loss=2.8785 (|pool|=80)
  +('text', ('attn', 9, 7)) -> loss=2.8697 (|pool|=81)
  +('vision', ('attn', 0, 3)) -> loss=2.8606 (|pool|=82)
  +('vision', ('attn', 15, 16)) -> loss=2.8523 (|pool|=83)
  +('vision', ('attn', 0, 2)) -> loss=2.8439 (|pool|=84)
  +('vision', ('attn', 8, 17)) -> loss=2.8352 (|pool|=85)
  +('vision', ('attn', 9, 15)) -> loss=2.8270 (|pool|=86)
  +('vision', ('attn', 21, 4)) -> loss=2.8188 (|pool|=87)
  +('vision', ('attn', 11, 6)) -> loss=2.8106 (|pool|=88)
  +('text', ('attn', 7, 1)) -> loss=2.8024 (|pool|=89)
  +('vision', ('attn', 25, 6)) -> loss=2.7941 (|pool|=90)
  +('vision', ('attn', 24, 25)) -> loss=2.7863 (|pool|=91)
  +('vision', ('attn', 32, 19)) -> loss=2.7786 (|pool|=92)
  +('vision', ('attn', 11, 15)) -> loss=2.7711 (|pool|=93)
  +('vision', ('attn', 14, 16)) -> loss=2.7637 (|pool|=94)
  +('vision', ('attn', 27, 25)) -> loss=2.7563 (|pool|=95)
  +('vision', ('attn', 0, 9)) -> loss=2.7489 (|pool|=96)
[RN101/CIFAR100] full=44.05  pool(96)=29.20  best prefix(95)=30.55
[RN101/CIFAR100] 100 classes, calibration 100 pairs, 2000 images total
  seed pair ('vision', ('attn', 31, 16)) + ('text', ('attn', 11, 3))  loss=4.5074
  +('vision', ('attn', 31, 15)) -> loss=4.4081 (|pool|=3)
  +('vision', ('attn', 8, 16)) -> loss=4.3171 (|pool|=4)
  +('text', ('attn', 10, 2)) -> loss=4.2591 (|pool|=5)
  +('vision', ('attn', 8, 15)) -> loss=4.2051 (|pool|=6)
  +('vision', ('attn', 4, 16)) -> loss=4.1557 (|pool|=7)
  +('vision', ('attn', 10, 16)) -> loss=4.1147 (|pool|=8)
  +('vision', ('attn', 10, 15)) -> loss=4.0854 (|pool|=9)
  +('text', ('attn', 9, 1)) -> loss=4.0513 (|pool|=10)
  +('vision', ('attn', 8, 9)) -> loss=4.0152 (|pool|=11)
  +('text', ('attn', 9, 2)) -> loss=3.9852 (|pool|=12)
  +('vision', ('attn', 31, 6)) -> loss=3.8604 (|pool|=13)
  +('text', ('mlp', 10, -1)) -> loss=3.7929 (|pool|=14)
  +('text', ('attn', 11, 0)) -> loss=3.7563 (|pool|=15)
  +('vision', ('attn', 10, 9)) -> loss=3.7188 (|pool|=16)
  +('text', ('attn', 10, 7)) -> loss=3.6840 (|pool|=17)
  +('vision', ('attn', 21, 9)) -> loss=3.6509 (|pool|=18)
  +('vision', ('attn', 31, 9)) -> loss=3.6163 (|pool|=19)
  +('vision', ('attn', 18, 9)) -> loss=3.5828 (|pool|=20)
  +('vision', ('attn', 24, 9)) -> loss=3.5529 (|pool|=21)
  +('vision', ('attn', 8, 6)) -> loss=3.5230 (|pool|=22)
  +('text', ('attn', 10, 6)) -> loss=3.4939 (|pool|=23)
  +('vision', ('attn', 8, 4)) -> loss=3.4678 (|pool|=24)
  +('text', ('attn', 10, 1)) -> loss=3.4399 (|pool|=25)
  +('vision', ('attn', 11, 9)) -> loss=3.4150 (|pool|=26)
  +('vision', ('attn', 12, 15)) -> loss=3.3906 (|pool|=27)
  +('vision', ('attn', 10, 25)) -> loss=3.3670 (|pool|=28)
  +('vision', ('attn', 25, 16)) -> loss=3.3445 (|pool|=29)
  +('vision', ('attn', 0, 16)) -> loss=3.3212 (|pool|=30)
  +('vision', ('attn', 20, 9)) -> loss=3.2994 (|pool|=31)
  +('vision', ('attn', 12, 16)) -> loss=3.2777 (|pool|=32)
  +('vision', ('attn', 10, 6)) -> loss=3.2569 (|pool|=33)
  +('vision', ('attn', 18, 16)) -> loss=3.2367 (|pool|=34)
  +('vision', ('attn', 0, 26)) -> loss=3.2167 (|pool|=35)
  +('vision', ('attn', 19, 9)) -> loss=3.1971 (|pool|=36)
  +('vision', ('attn', 32, 6)) -> loss=3.1774 (|pool|=37)
  +('vision', ('attn', 18, 15)) -> loss=3.1583 (|pool|=38)
  +('text', ('attn', 4, 2)) -> loss=3.1393 (|pool|=39)
  +('vision', ('attn', 12, 9)) -> loss=3.1208 (|pool|=40)
  +('vision', ('attn', 11, 15)) -> loss=3.1026 (|pool|=41)
  +('vision', ('attn', 27, 6)) -> loss=3.0846 (|pool|=42)
  +('vision', ('attn', 21, 16)) -> loss=3.0673 (|pool|=43)
  +('text', ('attn', 11, 6)) -> loss=3.0514 (|pool|=44)
  +('vision', ('attn', 20, 15)) -> loss=3.0351 (|pool|=45)
  +('vision', ('attn', 14, 9)) -> loss=3.0196 (|pool|=46)
  +('vision', ('attn', 11, 16)) -> loss=3.0045 (|pool|=47)
  +('vision', ('attn', 21, 15)) -> loss=2.9899 (|pool|=48)
  +('vision', ('attn', 21, 6)) -> loss=2.9755 (|pool|=49)
  +('vision', ('attn', 27, 16)) -> loss=2.9616 (|pool|=50)
  +('vision', ('attn', 15, 9)) -> loss=2.9480 (|pool|=51)
  +('vision', ('attn', 30, 2)) -> loss=2.9351 (|pool|=52)
  +('vision', ('attn', 9, 25)) -> loss=2.9225 (|pool|=53)
  +('text', ('attn', 4, 4)) -> loss=2.9102 (|pool|=54)
  +('vision', ('attn', 13, 15)) -> loss=2.8981 (|pool|=55)
  +('vision', ('attn', 18, 6)) -> loss=2.8863 (|pool|=56)
  +('vision', ('attn', 10, 8)) -> loss=2.8748 (|pool|=57)
  +('vision', ('attn', 17, 9)) -> loss=2.8639 (|pool|=58)
  +('text', ('attn', 6, 7)) -> loss=2.8529 (|pool|=59)
  +('vision', ('attn', 8, 7)) -> loss=2.8399 (|pool|=60)
  +('text', ('attn', 7, 7)) -> loss=2.8289 (|pool|=61)
  +('vision', ('attn', 32, 9)) -> loss=2.8178 (|pool|=62)
  +('vision', ('attn', 22, 6)) -> loss=2.8075 (|pool|=63)
  +('vision', ('attn', 22, 15)) -> loss=2.7973 (|pool|=64)
  +('vision', ('attn', 12, 25)) -> loss=2.7872 (|pool|=65)
  +('text', ('attn', 11, 1)) -> loss=2.7772 (|pool|=66)
  +('vision', ('attn', 32, 8)) -> loss=2.7666 (|pool|=67)
  +('vision', ('attn', 24, 15)) -> loss=2.7562 (|pool|=68)
  +('vision', ('attn', 26, 6)) -> loss=2.7466 (|pool|=69)
  +('vision', ('attn', 12, 4)) -> loss=2.7370 (|pool|=70)
  +('vision', ('attn', 14, 16)) -> loss=2.7274 (|pool|=71)
  +('vision', ('attn', 8, 18)) -> loss=2.7178 (|pool|=72)
  +('vision', ('attn', 4, 15)) -> loss=2.7076 (|pool|=73)
  +('vision', ('attn', 19, 6)) -> loss=2.6983 (|pool|=74)
  +('vision', ('attn', 26, 9)) -> loss=2.6890 (|pool|=75)
  +('vision', ('attn', 14, 15)) -> loss=2.6802 (|pool|=76)
  +('text', ('attn', 2, 4)) -> loss=2.6714 (|pool|=77)
  +('vision', ('attn', 0, 19)) -> loss=2.6626 (|pool|=78)
  +('vision', ('attn', 0, 18)) -> loss=2.6501 (|pool|=79)
  +('vision', ('attn', 24, 6)) -> loss=2.6412 (|pool|=80)
  +('vision', ('attn', 0, 8)) -> loss=2.6325 (|pool|=81)
  +('vision', ('attn', 17, 15)) -> loss=2.6243 (|pool|=82)
  +('vision', ('attn', 8, 8)) -> loss=2.6163 (|pool|=83)
  +('vision', ('attn', 28, 16)) -> loss=2.6083 (|pool|=84)
  +('text', ('attn', 8, 7)) -> loss=2.6004 (|pool|=85)
  +('vision', ('attn', 32, 4)) -> loss=2.5926 (|pool|=86)
  +('vision', ('attn', 26, 4)) -> loss=2.5849 (|pool|=87)
  +('text', ('attn', 8, 3)) -> loss=2.5768 (|pool|=88)
  +('vision', ('attn', 10, 4)) -> loss=2.5689 (|pool|=89)
  +('vision', ('attn', 31, 12)) -> loss=2.5611 (|pool|=90)
  +('vision', ('attn', 15, 16)) -> loss=2.5534 (|pool|=91)
  +('vision', ('attn', 26, 8)) -> loss=2.5460 (|pool|=92)
  +('vision', ('attn', 30, 19)) -> loss=2.5389 (|pool|=93)
  +('vision', ('attn', 24, 4)) -> loss=2.5319 (|pool|=94)
  +('vision', ('attn', 12, 6)) -> loss=2.5249 (|pool|=95)
  +('text', ('attn', 3, 2)) -> loss=2.5181 (|pool|=96)
[RN101/CIFAR100] full=44.05  pool(96)=29.05  best prefix(92)=29.70
[RN101/caltech] 101 classes, calibration 99 pairs, 2020 images total
  seed pair ('vision', ('attn', 31, 16)) + ('text', ('attn', 11, 3))  loss=4.4339
  +('vision', ('attn', 31, 15)) -> loss=4.2272 (|pool|=3)
  +('vision', ('attn', 8, 16)) -> loss=4.0632 (|pool|=4)
  +('vision', ('attn', 10, 16)) -> loss=3.9429 (|pool|=5)
  +('text', ('attn', 9, 1)) -> loss=3.8405 (|pool|=6)
  +('vision', ('attn', 8, 15)) -> loss=3.7138 (|pool|=7)
  +('vision', ('attn', 10, 15)) -> loss=3.6253 (|pool|=8)
  +('vision', ('attn', 27, 15)) -> loss=3.5409 (|pool|=9)
  +('vision', ('attn', 12, 16)) -> loss=3.4590 (|pool|=10)
  +('vision', ('attn', 27, 16)) -> loss=3.3934 (|pool|=11)
  +('vision', ('attn', 21, 16)) -> loss=3.3349 (|pool|=12)
  +('vision', ('attn', 8, 9)) -> loss=3.2800 (|pool|=13)
  +('text', ('attn', 10, 2)) -> loss=3.2113 (|pool|=14)
  +('text', ('attn', 10, 1)) -> loss=3.1556 (|pool|=15)
  +('vision', ('attn', 12, 15)) -> loss=3.1050 (|pool|=16)
  +('vision', ('attn', 11, 16)) -> loss=3.0557 (|pool|=17)
  +('text', ('attn', 9, 2)) -> loss=3.0087 (|pool|=18)
  +('vision', ('attn', 31, 6)) -> loss=2.8671 (|pool|=19)
  +('vision', ('attn', 4, 9)) -> loss=2.7897 (|pool|=20)
  +('vision', ('attn', 8, 6)) -> loss=2.7304 (|pool|=21)
  +('vision', ('attn', 27, 9)) -> loss=2.6742 (|pool|=22)
  +('text', ('attn', 10, 7)) -> loss=2.6187 (|pool|=23)
  +('vision', ('attn', 21, 9)) -> loss=2.5501 (|pool|=24)
  +('vision', ('attn', 10, 9)) -> loss=2.4886 (|pool|=25)
  +('vision', ('attn', 24, 9)) -> loss=2.4409 (|pool|=26)
  +('vision', ('attn', 31, 9)) -> loss=2.3692 (|pool|=27)
  +('vision', ('attn', 12, 9)) -> loss=2.3045 (|pool|=28)
  +('vision', ('attn', 25, 9)) -> loss=2.2422 (|pool|=29)
  +('vision', ('attn', 20, 9)) -> loss=2.1838 (|pool|=30)
  +('vision', ('attn', 22, 9)) -> loss=2.1386 (|pool|=31)
  +('vision', ('attn', 33, 8)) -> loss=2.0941 (|pool|=32)
  +('vision', ('attn', 18, 9)) -> loss=2.0525 (|pool|=33)
  +('vision', ('attn', 13, 9)) -> loss=2.0145 (|pool|=34)
  +('vision', ('attn', 20, 15)) -> loss=1.9794 (|pool|=35)
  +('vision', ('attn', 10, 6)) -> loss=1.9450 (|pool|=36)
  +('text', ('attn', 11, 0)) -> loss=1.9091 (|pool|=37)
  +('vision', ('attn', 33, 25)) -> loss=1.8764 (|pool|=38)
  +('text', ('attn', 8, 6)) -> loss=1.8450 (|pool|=39)
  +('vision', ('attn', 8, 25)) -> loss=1.8115 (|pool|=40)
  +('vision', ('attn', 27, 6)) -> loss=1.7822 (|pool|=41)
  +('vision', ('attn', 21, 15)) -> loss=1.7531 (|pool|=42)
  +('vision', ('attn', 11, 9)) -> loss=1.7255 (|pool|=43)
  +('vision', ('attn', 20, 16)) -> loss=1.6992 (|pool|=44)
  +('text', ('attn', 4, 2)) -> loss=1.6738 (|pool|=45)
  +('vision', ('attn', 32, 25)) -> loss=1.6481 (|pool|=46)
  +('vision', ('attn', 33, 16)) -> loss=1.6240 (|pool|=47)
  +('vision', ('attn', 25, 16)) -> loss=1.5988 (|pool|=48)
  +('vision', ('attn', 14, 6)) -> loss=1.5747 (|pool|=49)
  +('text', ('attn', 11, 6)) -> loss=1.5502 (|pool|=50)
  +('vision', ('attn', 32, 9)) -> loss=1.5260 (|pool|=51)
  +('vision', ('attn', 22, 15)) -> loss=1.5029 (|pool|=52)
  +('vision', ('attn', 33, 6)) -> loss=1.4804 (|pool|=53)
  +('text', ('attn', 10, 6)) -> loss=1.4551 (|pool|=54)
  +('vision', ('attn', 23, 9)) -> loss=1.4309 (|pool|=55)
  +('vision', ('attn', 25, 15)) -> loss=1.4103 (|pool|=56)
  +('vision', ('attn', 13, 6)) -> loss=1.3899 (|pool|=57)
  +('vision', ('attn', 32, 15)) -> loss=1.3696 (|pool|=58)
  +('text', ('mlp', 10, -1)) -> loss=1.3504 (|pool|=59)
  +('vision', ('attn', 4, 6)) -> loss=1.3311 (|pool|=60)
  +('text', ('attn', 8, 3)) -> loss=1.3133 (|pool|=61)
  +('vision', ('attn', 19, 9)) -> loss=1.2961 (|pool|=62)
  +('vision', ('attn', 19, 16)) -> loss=1.2798 (|pool|=63)
  +('vision', ('attn', 33, 4)) -> loss=1.2649 (|pool|=64)
  +('vision', ('attn', 24, 15)) -> loss=1.2506 (|pool|=65)
  +('vision', ('attn', 25, 6)) -> loss=1.2362 (|pool|=66)
  +('vision', ('attn', 13, 16)) -> loss=1.2229 (|pool|=67)
  +('vision', ('attn', 33, 15)) -> loss=1.2096 (|pool|=68)
  +('vision', ('attn', 0, 4)) -> loss=1.1966 (|pool|=69)
  +('vision', ('attn', 18, 15)) -> loss=1.1837 (|pool|=70)
  +('vision', ('attn', 14, 9)) -> loss=1.1712 (|pool|=71)
  +('vision', ('attn', 32, 11)) -> loss=1.1595 (|pool|=72)
  +('vision', ('attn', 15, 6)) -> loss=1.1479 (|pool|=73)
  +('vision', ('attn', 8, 14)) -> loss=1.1367 (|pool|=74)
  +('vision', ('attn', 18, 16)) -> loss=1.1257 (|pool|=75)
  +('vision', ('attn', 21, 6)) -> loss=1.1150 (|pool|=76)
  +('vision', ('attn', 15, 15)) -> loss=1.1048 (|pool|=77)
  +('vision', ('attn', 30, 16)) -> loss=1.0948 (|pool|=78)
  +('vision', ('attn', 32, 16)) -> loss=1.0799 (|pool|=79)
  +('vision', ('attn', 15, 16)) -> loss=1.0695 (|pool|=80)
  +('vision', ('attn', 26, 9)) -> loss=1.0594 (|pool|=81)
  +('vision', ('attn', 32, 18)) -> loss=1.0494 (|pool|=82)
  +('vision', ('attn', 4, 15)) -> loss=1.0390 (|pool|=83)
  +('vision', ('attn', 33, 9)) -> loss=1.0285 (|pool|=84)
  +('vision', ('attn', 9, 9)) -> loss=1.0172 (|pool|=85)
  +('text', ('attn', 10, 5)) -> loss=1.0072 (|pool|=86)
  +('vision', ('attn', 10, 4)) -> loss=0.9978 (|pool|=87)
  +('vision', ('attn', 21, 8)) -> loss=0.9888 (|pool|=88)
  +('vision', ('attn', 22, 16)) -> loss=0.9802 (|pool|=89)
  +('text', ('attn', 6, 4)) -> loss=0.9720 (|pool|=90)
  +('vision', ('attn', 32, 6)) -> loss=0.9637 (|pool|=91)
  +('vision', ('attn', 8, 1)) -> loss=0.9553 (|pool|=92)
  +('vision', ('attn', 0, 26)) -> loss=0.9469 (|pool|=93)
  +('vision', ('attn', 27, 4)) -> loss=0.9389 (|pool|=94)
  +('vision', ('attn', 12, 8)) -> loss=0.9309 (|pool|=95)
  +('vision', ('attn', 5, 9)) -> loss=0.9228 (|pool|=96)
[RN101/caltech] full=80.50  pool(96)=71.19  best prefix(96)=71.19
[RN101/caltech] 101 classes, calibration 99 pairs, 2020 images total
  seed pair ('vision', ('attn', 31, 16)) + ('text', ('attn', 11, 3))  loss=4.2430
  +('vision', ('attn', 31, 15)) -> loss=4.0220 (|pool|=3)
  +('vision', ('attn', 8, 16)) -> loss=3.8660 (|pool|=4)
  +('vision', ('attn', 10, 16)) -> loss=3.7601 (|pool|=5)
  +('text', ('attn', 9, 1)) -> loss=3.6541 (|pool|=6)
  +('vision', ('attn', 8, 15)) -> loss=3.5686 (|pool|=7)
  +('vision', ('attn', 10, 15)) -> loss=3.4915 (|pool|=8)
  +('vision', ('attn', 12, 16)) -> loss=3.4178 (|pool|=9)
  +('vision', ('attn', 27, 15)) -> loss=3.3504 (|pool|=10)
  +('text', ('attn', 10, 2)) -> loss=3.2861 (|pool|=11)
  +('vision', ('attn', 8, 9)) -> loss=3.2136 (|pool|=12)
  +('text', ('attn', 10, 7)) -> loss=3.1438 (|pool|=13)
  +('vision', ('attn', 10, 9)) -> loss=3.0843 (|pool|=14)
  +('vision', ('attn', 27, 16)) -> loss=3.0297 (|pool|=15)
  +('text', ('attn', 10, 1)) -> loss=2.9774 (|pool|=16)
  +('vision', ('attn', 21, 16)) -> loss=2.9268 (|pool|=17)
  +('vision', ('attn', 21, 9)) -> loss=2.8774 (|pool|=18)
  +('vision', ('attn', 27, 9)) -> loss=2.8300 (|pool|=19)
  +('text', ('attn', 9, 2)) -> loss=2.7447 (|pool|=20)
  +('vision', ('attn', 31, 6)) -> loss=2.6092 (|pool|=21)
  +('vision', ('attn', 8, 6)) -> loss=2.5341 (|pool|=22)
  +('vision', ('attn', 25, 9)) -> loss=2.4679 (|pool|=23)
  +('vision', ('attn', 24, 9)) -> loss=2.4136 (|pool|=24)
  +('vision', ('attn', 20, 9)) -> loss=2.3627 (|pool|=25)
  +('vision', ('attn', 10, 6)) -> loss=2.3161 (|pool|=26)
  +('text', ('attn', 11, 0)) -> loss=2.2733 (|pool|=27)
  +('vision', ('attn', 33, 25)) -> loss=2.2294 (|pool|=28)
  +('vision', ('attn', 27, 6)) -> loss=2.1860 (|pool|=29)
  +('vision', ('attn', 33, 8)) -> loss=2.1453 (|pool|=30)
  +('vision', ('attn', 8, 4)) -> loss=2.1071 (|pool|=31)
  +('vision', ('attn', 24, 16)) -> loss=2.0713 (|pool|=32)
  +('vision', ('attn', 32, 25)) -> loss=2.0365 (|pool|=33)
  +('text', ('attn', 8, 6)) -> loss=2.0006 (|pool|=34)
  +('vision', ('attn', 33, 16)) -> loss=1.9624 (|pool|=35)
  +('text', ('mlp', 10, -1)) -> loss=1.9245 (|pool|=36)
  +('vision', ('attn', 19, 9)) -> loss=1.8913 (|pool|=37)
  +('vision', ('attn', 20, 16)) -> loss=1.8590 (|pool|=38)
  +('vision', ('attn', 32, 16)) -> loss=1.8280 (|pool|=39)
  +('vision', ('attn', 21, 15)) -> loss=1.7976 (|pool|=40)
  +('vision', ('attn', 13, 6)) -> loss=1.7689 (|pool|=41)
  +('vision', ('attn', 26, 9)) -> loss=1.7408 (|pool|=42)
  +('vision', ('attn', 33, 15)) -> loss=1.7124 (|pool|=43)
  +('text', ('attn', 10, 6)) -> loss=1.6827 (|pool|=44)
  +('vision', ('attn', 32, 4)) -> loss=1.6523 (|pool|=45)
  +('vision', ('attn', 21, 6)) -> loss=1.6255 (|pool|=46)
  +('vision', ('attn', 12, 15)) -> loss=1.5992 (|pool|=47)
  +('vision', ('attn', 13, 16)) -> loss=1.5742 (|pool|=48)
  +('vision', ('attn', 18, 9)) -> loss=1.5497 (|pool|=49)
  +('text', ('attn', 11, 6)) -> loss=1.5257 (|pool|=50)
  +('vision', ('attn', 18, 15)) -> loss=1.5026 (|pool|=51)
  +('vision', ('attn', 14, 6)) -> loss=1.4803 (|pool|=52)
  +('vision', ('attn', 33, 5)) -> loss=1.4584 (|pool|=53)
  +('vision', ('attn', 22, 16)) -> loss=1.4374 (|pool|=54)
  +('vision', ('attn', 9, 9)) -> loss=1.4168 (|pool|=55)
  +('vision', ('attn', 13, 15)) -> loss=1.3963 (|pool|=56)
  +('vision', ('attn', 33, 4)) -> loss=1.3765 (|pool|=57)
  +('text', ('attn', 8, 3)) -> loss=1.3543 (|pool|=58)
  +('vision', ('attn', 8, 18)) -> loss=1.3350 (|pool|=59)
  +('vision', ('attn', 25, 16)) -> loss=1.3164 (|pool|=60)
  +('vision', ('attn', 12, 6)) -> loss=1.2978 (|pool|=61)
  +('vision', ('attn', 26, 15)) -> loss=1.2805 (|pool|=62)
  +('vision', ('attn', 25, 6)) -> loss=1.2634 (|pool|=63)
  +('vision', ('attn', 12, 8)) -> loss=1.2466 (|pool|=64)
  +('vision', ('attn', 22, 9)) -> loss=1.2304 (|pool|=65)
  +('vision', ('attn', 32, 15)) -> loss=1.2146 (|pool|=66)
  +('vision', ('attn', 21, 4)) -> loss=1.1992 (|pool|=67)
  +('vision', ('attn', 26, 6)) -> loss=1.1841 (|pool|=68)
  +('vision', ('attn', 15, 16)) -> loss=1.1699 (|pool|=69)
  +('vision', ('attn', 4, 2)) -> loss=1.1554 (|pool|=70)
  +('vision', ('attn', 33, 6)) -> loss=1.1418 (|pool|=71)
  +('vision', ('attn', 23, 15)) -> loss=1.1280 (|pool|=72)
  +('vision', ('attn', 10, 25)) -> loss=1.1152 (|pool|=73)
  +('text', ('attn', 9, 5)) -> loss=1.1026 (|pool|=74)
  +('vision', ('attn', 11, 6)) -> loss=1.0901 (|pool|=75)
  +('vision', ('attn', 27, 8)) -> loss=1.0781 (|pool|=76)
  +('vision', ('attn', 21, 8)) -> loss=1.0664 (|pool|=77)
  +('vision', ('attn', 16, 16)) -> loss=1.0550 (|pool|=78)
  +('vision', ('attn', 32, 11)) -> loss=1.0435 (|pool|=79)
  +('text', ('attn', 10, 5)) -> loss=1.0317 (|pool|=80)
  +('vision', ('attn', 32, 19)) -> loss=1.0194 (|pool|=81)
  +('vision', ('attn', 26, 4)) -> loss=1.0081 (|pool|=82)
  +('vision', ('attn', 22, 6)) -> loss=0.9974 (|pool|=83)
  +('vision', ('attn', 17, 15)) -> loss=0.9874 (|pool|=84)
  +('vision', ('attn', 18, 8)) -> loss=0.9778 (|pool|=85)
  +('vision', ('attn', 5, 15)) -> loss=0.9682 (|pool|=86)
  +('vision', ('attn', 32, 18)) -> loss=0.9593 (|pool|=87)
  +('text', ('attn', 4, 2)) -> loss=0.9501 (|pool|=88)
  +('vision', ('attn', 27, 4)) -> loss=0.9416 (|pool|=89)
  +('vision', ('attn', 20, 15)) -> loss=0.9332 (|pool|=90)
  +('text', ('attn', 9, 7)) -> loss=0.9250 (|pool|=91)
  +('vision', ('attn', 9, 6)) -> loss=0.9174 (|pool|=92)
  +('vision', ('attn', 10, 4)) -> loss=0.9099 (|pool|=93)
  +('vision', ('attn', 4, 3)) -> loss=0.9025 (|pool|=94)
  +('vision', ('attn', 29, 6)) -> loss=0.8948 (|pool|=95)
  +('vision', ('attn', 18, 16)) -> loss=0.8875 (|pool|=96)
[RN101/caltech] full=80.50  pool(96)=68.56  best prefix(94)=68.76
[RN101/caltech] 101 classes, calibration 99 pairs, 2020 images total
  seed pair ('vision', ('attn', 31, 16)) + ('text', ('attn', 11, 3))  loss=4.2874
  +('vision', ('attn', 8, 16)) -> loss=4.1084 (|pool|=3)
  +('vision', ('attn', 10, 16)) -> loss=3.9794 (|pool|=4)
  +('vision', ('attn', 12, 16)) -> loss=3.8895 (|pool|=5)
  +('vision', ('attn', 27, 16)) -> loss=3.8109 (|pool|=6)
  +('vision', ('attn', 21, 16)) -> loss=3.7368 (|pool|=7)
  +('text', ('attn', 10, 1)) -> loss=3.6690 (|pool|=8)
  +('vision', ('attn', 25, 16)) -> loss=3.6025 (|pool|=9)
  +('vision', ('attn', 8, 9)) -> loss=3.5427 (|pool|=10)
  +('text', ('attn', 9, 2)) -> loss=3.4351 (|pool|=11)
  +('vision', ('attn', 31, 6)) -> loss=3.2983 (|pool|=12)
  +('text', ('attn', 9, 1)) -> loss=3.2122 (|pool|=13)
  +('vision', ('attn', 31, 8)) -> loss=3.1406 (|pool|=14)
  +('vision', ('attn', 8, 15)) -> loss=3.0769 (|pool|=15)
  +('text', ('attn', 10, 7)) -> loss=3.0114 (|pool|=16)
  +('vision', ('attn', 21, 9)) -> loss=2.9353 (|pool|=17)
  +('vision', ('attn', 27, 9)) -> loss=2.8696 (|pool|=18)
  +('vision', ('attn', 31, 9)) -> loss=2.7970 (|pool|=19)
  +('vision', ('attn', 10, 9)) -> loss=2.6975 (|pool|=20)
  +('vision', ('attn', 25, 9)) -> loss=2.6269 (|pool|=21)
  +('vision', ('attn', 4, 9)) -> loss=2.5629 (|pool|=22)
  +('vision', ('attn', 12, 9)) -> loss=2.5038 (|pool|=23)
  +('text', ('attn', 10, 2)) -> loss=2.4433 (|pool|=24)
  +('vision', ('attn', 11, 9)) -> loss=2.3842 (|pool|=25)
  +('vision', ('attn', 24, 9)) -> loss=2.3315 (|pool|=26)
  +('vision', ('attn', 13, 9)) -> loss=2.2813 (|pool|=27)
  +('vision', ('attn', 10, 6)) -> loss=2.2326 (|pool|=28)
  +('vision', ('attn', 33, 8)) -> loss=2.1865 (|pool|=29)
  +('vision', ('attn', 20, 9)) -> loss=2.1438 (|pool|=30)
  +('vision', ('attn', 24, 16)) -> loss=2.1021 (|pool|=31)
  +('vision', ('attn', 18, 9)) -> loss=2.0642 (|pool|=32)
  +('vision', ('attn', 27, 15)) -> loss=2.0279 (|pool|=33)
  +('vision', ('attn', 33, 25)) -> loss=1.9929 (|pool|=34)
  +('text', ('attn', 4, 2)) -> loss=1.9578 (|pool|=35)
  +('vision', ('attn', 8, 6)) -> loss=1.9233 (|pool|=36)
  +('text', ('attn', 11, 0)) -> loss=1.8833 (|pool|=37)
  +('vision', ('attn', 27, 6)) -> loss=1.8491 (|pool|=38)
  +('vision', ('attn', 10, 8)) -> loss=1.8162 (|pool|=39)
  +('vision', ('attn', 20, 16)) -> loss=1.7851 (|pool|=40)
  +('text', ('attn', 8, 6)) -> loss=1.7544 (|pool|=41)
  +('vision', ('attn', 32, 25)) -> loss=1.7230 (|pool|=42)
  +('vision', ('attn', 15, 9)) -> loss=1.6930 (|pool|=43)
  +('vision', ('attn', 14, 9)) -> loss=1.6669 (|pool|=44)
  +('vision', ('attn', 32, 8)) -> loss=1.6413 (|pool|=45)
  +('vision', ('attn', 18, 16)) -> loss=1.6161 (|pool|=46)
  +('vision', ('attn', 12, 8)) -> loss=1.5916 (|pool|=47)
  +('vision', ('attn', 13, 6)) -> loss=1.5681 (|pool|=48)
  +('vision', ('attn', 32, 15)) -> loss=1.5452 (|pool|=49)
  +('vision', ('attn', 19, 9)) -> loss=1.5224 (|pool|=50)
  +('vision', ('attn', 21, 15)) -> loss=1.5004 (|pool|=51)
  +('text', ('attn', 11, 6)) -> loss=1.4788 (|pool|=52)
  +('vision', ('attn', 12, 6)) -> loss=1.4580 (|pool|=53)
  +('vision', ('attn', 9, 16)) -> loss=1.4372 (|pool|=54)
  +('vision', ('attn', 13, 8)) -> loss=1.4172 (|pool|=55)
  +('vision', ('attn', 23, 9)) -> loss=1.3977 (|pool|=56)
  +('text', ('attn', 3, 2)) -> loss=1.3792 (|pool|=57)
  +('vision', ('attn', 26, 16)) -> loss=1.3611 (|pool|=58)
  +('vision', ('attn', 21, 6)) -> loss=1.3438 (|pool|=59)
  +('vision', ('attn', 32, 6)) -> loss=1.3273 (|pool|=60)
  +('vision', ('attn', 33, 16)) -> loss=1.3114 (|pool|=61)
  +('vision', ('attn', 14, 6)) -> loss=1.2954 (|pool|=62)
  +('text', ('attn', 8, 3)) -> loss=1.2795 (|pool|=63)
  +('vision', ('attn', 11, 16)) -> loss=1.2642 (|pool|=64)
  +('vision', ('attn', 21, 8)) -> loss=1.2491 (|pool|=65)
  +('vision', ('attn', 10, 25)) -> loss=1.2345 (|pool|=66)
  +('vision', ('attn', 32, 4)) -> loss=1.2202 (|pool|=67)
  +('vision', ('attn', 26, 6)) -> loss=1.2062 (|pool|=68)
  +('vision', ('attn', 27, 8)) -> loss=1.1928 (|pool|=69)
  +('vision', ('attn', 2, 9)) -> loss=1.1797 (|pool|=70)
  +('vision', ('attn', 22, 9)) -> loss=1.1654 (|pool|=71)
  +('vision', ('attn', 20, 15)) -> loss=1.1525 (|pool|=72)
  +('vision', ('attn', 11, 8)) -> loss=1.1399 (|pool|=73)
  +('vision', ('attn', 22, 16)) -> loss=1.1279 (|pool|=74)
  +('vision', ('attn', 16, 9)) -> loss=1.1160 (|pool|=75)
  +('vision', ('attn', 33, 17)) -> loss=1.1044 (|pool|=76)
  +('vision', ('attn', 31, 14)) -> loss=1.0918 (|pool|=77)
  +('text', ('attn', 8, 7)) -> loss=1.0795 (|pool|=78)
  +('vision', ('attn', 11, 6)) -> loss=1.0680 (|pool|=79)
  +('vision', ('attn', 26, 9)) -> loss=1.0571 (|pool|=80)
  +('vision', ('attn', 8, 29)) -> loss=1.0457 (|pool|=81)
  +('text', ('attn', 4, 4)) -> loss=1.0351 (|pool|=82)
  +('vision', ('attn', 32, 5)) -> loss=1.0247 (|pool|=83)
  +('vision', ('attn', 15, 8)) -> loss=1.0146 (|pool|=84)
  +('vision', ('attn', 18, 15)) -> loss=1.0049 (|pool|=85)
  +('text', ('attn', 6, 4)) -> loss=0.9951 (|pool|=86)
  +('vision', ('attn', 28, 9)) -> loss=0.9854 (|pool|=87)
  +('vision', ('attn', 25, 6)) -> loss=0.9759 (|pool|=88)
  +('vision', ('attn', 9, 8)) -> loss=0.9669 (|pool|=89)
  +('vision', ('attn', 33, 29)) -> loss=0.9584 (|pool|=90)
  +('vision', ('attn', 8, 18)) -> loss=0.9490 (|pool|=91)
  +('text', ('attn', 10, 6)) -> loss=0.9394 (|pool|=92)
  +('vision', ('attn', 33, 6)) -> loss=0.9292 (|pool|=93)
  +('vision', ('attn', 10, 4)) -> loss=0.9207 (|pool|=94)
  +('text', ('attn', 6, 5)) -> loss=0.9122 (|pool|=95)
  +('vision', ('attn', 7, 15)) -> loss=0.9042 (|pool|=96)
[RN101/caltech] full=80.50  pool(96)=75.99  best prefix(90)=76.68
[RN101/imagenet] 1000 classes, calibration 1000 pairs, 5000 images total
  seed pair ('vision', ('attn', 31, 16)) + ('text', ('attn', 11, 3))  loss=6.5256
  +('vision', ('attn', 8, 16)) -> loss=6.3579 (|pool|=3)
  +('vision', ('attn', 10, 16)) -> loss=6.2430 (|pool|=4)
  +('vision', ('attn', 27, 16)) -> loss=6.1529 (|pool|=5)
  +('text', ('attn', 10, 1)) -> loss=6.0775 (|pool|=6)
  +('vision', ('attn', 12, 16)) -> loss=6.0023 (|pool|=7)
  +('vision', ('attn', 8, 9)) -> loss=5.9369 (|pool|=8)
  +('text', ('attn', 10, 7)) -> loss=5.8298 (|pool|=9)
  +('text', ('attn', 9, 1)) -> loss=5.7597 (|pool|=10)
  +('vision', ('attn', 4, 9)) -> loss=5.6671 (|pool|=11)
  +('vision', ('attn', 21, 16)) -> loss=5.6091 (|pool|=12)
  +('vision', ('attn', 20, 16)) -> loss=5.5553 (|pool|=13)
  +('vision', ('attn', 22, 16)) -> loss=5.5069 (|pool|=14)
  +('vision', ('attn', 33, 25)) -> loss=5.4633 (|pool|=15)
  +('vision', ('attn', 26, 16)) -> loss=5.4206 (|pool|=16)
  +('vision', ('attn', 32, 6)) -> loss=5.3780 (|pool|=17)
  +('text', ('attn', 10, 2)) -> loss=5.3361 (|pool|=18)
  +('vision', ('attn', 31, 15)) -> loss=5.2608 (|pool|=19)
  +('vision', ('attn', 8, 15)) -> loss=5.1911 (|pool|=20)
  +('vision', ('attn', 10, 15)) -> loss=5.1343 (|pool|=21)
  +('vision', ('attn', 8, 6)) -> loss=5.0935 (|pool|=22)
  +('text', ('attn', 11, 0)) -> loss=5.0418 (|pool|=23)
  +('vision', ('attn', 32, 25)) -> loss=4.9852 (|pool|=24)
  +('vision', ('attn', 32, 4)) -> loss=4.9367 (|pool|=25)
  +('vision', ('attn', 8, 4)) -> loss=4.8930 (|pool|=26)
  +('vision', ('attn', 27, 9)) -> loss=4.8534 (|pool|=27)
  +('text', ('attn', 10, 6)) -> loss=4.8105 (|pool|=28)
  +('vision', ('attn', 32, 9)) -> loss=4.7661 (|pool|=29)
  +('vision', ('attn', 32, 8)) -> loss=4.7260 (|pool|=30)
  +('text', ('attn', 4, 2)) -> loss=4.6887 (|pool|=31)
  +('vision', ('attn', 32, 5)) -> loss=4.6510 (|pool|=32)
  +('text', ('attn', 8, 6)) -> loss=4.6123 (|pool|=33)
  +('vision', ('attn', 32, 22)) -> loss=4.5730 (|pool|=34)
  +('vision', ('attn', 33, 8)) -> loss=4.5349 (|pool|=35)
  +('vision', ('attn', 8, 25)) -> loss=4.4986 (|pool|=36)
  +('vision', ('attn', 33, 6)) -> loss=4.4612 (|pool|=37)
  +('vision', ('attn', 12, 15)) -> loss=4.4269 (|pool|=38)
  +('text', ('attn', 8, 3)) -> loss=4.3937 (|pool|=39)
  +('vision', ('attn', 20, 9)) -> loss=4.3606 (|pool|=40)
  +('vision', ('attn', 33, 4)) -> loss=4.3285 (|pool|=41)
  +('vision', ('attn', 32, 15)) -> loss=4.2968 (|pool|=42)
  +('vision', ('attn', 31, 9)) -> loss=4.2661 (|pool|=43)
  +('vision', ('attn', 10, 9)) -> loss=4.1820 (|pool|=44)
  +('vision', ('attn', 12, 9)) -> loss=4.1212 (|pool|=45)
  +('vision', ('attn', 25, 9)) -> loss=4.0698 (|pool|=46)
  +('text', ('attn', 9, 2)) -> loss=4.0071 (|pool|=47)
  +('vision', ('attn', 21, 9)) -> loss=3.9445 (|pool|=48)
  +('vision', ('attn', 26, 9)) -> loss=3.8907 (|pool|=49)
  +('vision', ('attn', 31, 6)) -> loss=3.8399 (|pool|=50)
  +('vision', ('attn', 10, 6)) -> loss=3.7863 (|pool|=51)
  +('vision', ('attn', 13, 9)) -> loss=3.7364 (|pool|=52)
  +('vision', ('attn', 22, 9)) -> loss=3.6943 (|pool|=53)
  +('vision', ('attn', 14, 9)) -> loss=3.6562 (|pool|=54)
  +('vision', ('attn', 27, 6)) -> loss=3.6195 (|pool|=55)
  +('vision', ('attn', 24, 9)) -> loss=3.5860 (|pool|=56)
  +('vision', ('attn', 25, 6)) -> loss=3.5547 (|pool|=57)
  +('vision', ('attn', 11, 9)) -> loss=3.5263 (|pool|=58)
  +('vision', ('attn', 23, 9)) -> loss=3.4998 (|pool|=59)
  +('vision', ('attn', 21, 6)) -> loss=3.4740 (|pool|=60)
  +('vision', ('attn', 11, 16)) -> loss=3.4500 (|pool|=61)
  +('vision', ('attn', 26, 6)) -> loss=3.4266 (|pool|=62)
  +('vision', ('attn', 19, 9)) -> loss=3.4041 (|pool|=63)
  +('vision', ('attn', 12, 6)) -> loss=3.3825 (|pool|=64)
  +('vision', ('attn', 27, 15)) -> loss=3.3613 (|pool|=65)
  +('vision', ('attn', 25, 16)) -> loss=3.3411 (|pool|=66)
  +('vision', ('attn', 33, 16)) -> loss=3.3205 (|pool|=67)
  +('vision', ('attn', 9, 9)) -> loss=3.3005 (|pool|=68)
  +('vision', ('attn', 14, 16)) -> loss=3.2814 (|pool|=69)
  +('vision', ('attn', 14, 6)) -> loss=3.2631 (|pool|=70)
  +('vision', ('attn', 13, 15)) -> loss=3.2449 (|pool|=71)
  +('vision', ('attn', 19, 16)) -> loss=3.2279 (|pool|=72)
  +('vision', ('attn', 21, 15)) -> loss=3.2111 (|pool|=73)
  +('vision', ('attn', 3, 9)) -> loss=3.1941 (|pool|=74)
  +('vision', ('attn', 15, 9)) -> loss=3.1761 (|pool|=75)
  +('vision', ('attn', 22, 6)) -> loss=3.1597 (|pool|=76)
  +('vision', ('attn', 28, 16)) -> loss=3.1433 (|pool|=77)
  +('text', ('attn', 9, 4)) -> loss=3.1265 (|pool|=78)
  +('vision', ('attn', 30, 15)) -> loss=3.1105 (|pool|=79)
  +('vision', ('attn', 20, 6)) -> loss=3.0952 (|pool|=80)
  +('vision', ('attn', 20, 15)) -> loss=3.0800 (|pool|=81)
  +('vision', ('attn', 24, 16)) -> loss=3.0659 (|pool|=82)
  +('vision', ('attn', 11, 6)) -> loss=3.0520 (|pool|=83)
  +('vision', ('attn', 32, 16)) -> loss=3.0384 (|pool|=84)
  +('text', ('mlp', 7, -1)) -> loss=3.0242 (|pool|=85)
  +('vision', ('attn', 7, 9)) -> loss=3.0107 (|pool|=86)
  +('vision', ('attn', 18, 9)) -> loss=2.9972 (|pool|=87)
  +('text', ('attn', 11, 6)) -> loss=2.9841 (|pool|=88)
  +('vision', ('attn', 33, 15)) -> loss=2.9698 (|pool|=89)
  +('vision', ('attn', 23, 15)) -> loss=2.9564 (|pool|=90)
  +('vision', ('attn', 15, 16)) -> loss=2.9435 (|pool|=91)
  +('vision', ('attn', 13, 6)) -> loss=2.9310 (|pool|=92)
  +('vision', ('attn', 18, 15)) -> loss=2.9190 (|pool|=93)
  +('vision', ('attn', 32, 18)) -> loss=2.9073 (|pool|=94)
  +('vision', ('attn', 32, 29)) -> loss=2.8958 (|pool|=95)
  +('vision', ('attn', 8, 26)) -> loss=2.8848 (|pool|=96)
[RN101/imagenet] full=57.92  pool(96)=34.46  best prefix(96)=34.46
[RN101/imagenet] 1000 classes, calibration 1000 pairs, 5000 images total
  seed pair ('vision', ('attn', 31, 16)) + ('text', ('attn', 11, 3))  loss=6.5074
  +('vision', ('attn', 8, 16)) -> loss=6.3409 (|pool|=3)
  +('vision', ('attn', 10, 16)) -> loss=6.2317 (|pool|=4)
  +('vision', ('attn', 27, 16)) -> loss=6.1428 (|pool|=5)
  +('text', ('attn', 10, 1)) -> loss=6.0625 (|pool|=6)
  +('vision', ('attn', 12, 16)) -> loss=5.9899 (|pool|=7)
  +('vision', ('attn', 8, 9)) -> loss=5.9204 (|pool|=8)
  +('text', ('attn', 10, 7)) -> loss=5.8176 (|pool|=9)
  +('text', ('attn', 9, 1)) -> loss=5.7466 (|pool|=10)
  +('vision', ('attn', 31, 15)) -> loss=5.6455 (|pool|=11)
  +('vision', ('attn', 4, 9)) -> loss=5.5704 (|pool|=12)
  +('text', ('attn', 10, 2)) -> loss=5.4893 (|pool|=13)
  +('vision', ('attn', 10, 15)) -> loss=5.4231 (|pool|=14)
  +('vision', ('attn', 8, 15)) -> loss=5.3636 (|pool|=15)
  +('vision', ('attn', 32, 6)) -> loss=5.3081 (|pool|=16)
  +('vision', ('attn', 21, 16)) -> loss=5.2586 (|pool|=17)
  +('vision', ('attn', 20, 16)) -> loss=5.2137 (|pool|=18)
  +('vision', ('attn', 33, 25)) -> loss=5.1712 (|pool|=19)
  +('vision', ('attn', 32, 25)) -> loss=5.1296 (|pool|=20)
  +('text', ('attn', 11, 0)) -> loss=5.0781 (|pool|=21)
  +('vision', ('attn', 8, 6)) -> loss=5.0203 (|pool|=22)
  +('vision', ('attn', 8, 4)) -> loss=4.9728 (|pool|=23)
  +('vision', ('attn', 32, 4)) -> loss=4.9299 (|pool|=24)
  +('text', ('attn', 8, 3)) -> loss=4.8897 (|pool|=25)
  +('vision', ('attn', 32, 8)) -> loss=4.8479 (|pool|=26)
  +('vision', ('attn', 33, 8)) -> loss=4.8084 (|pool|=27)
  +('vision', ('attn', 27, 9)) -> loss=4.7696 (|pool|=28)
  +('text', ('attn', 10, 6)) -> loss=4.7296 (|pool|=29)
  +('vision', ('attn', 33, 6)) -> loss=4.6903 (|pool|=30)
  +('vision', ('attn', 32, 9)) -> loss=4.6507 (|pool|=31)
  +('text', ('attn', 4, 2)) -> loss=4.6120 (|pool|=32)
  +('vision', ('attn', 10, 9)) -> loss=4.5733 (|pool|=33)
  +('vision', ('attn', 31, 9)) -> loss=4.4926 (|pool|=34)
  +('vision', ('attn', 12, 9)) -> loss=4.4260 (|pool|=35)
  +('text', ('attn', 9, 2)) -> loss=4.3681 (|pool|=36)
  +('vision', ('attn', 21, 9)) -> loss=4.2938 (|pool|=37)
  +('vision', ('attn', 26, 9)) -> loss=4.2256 (|pool|=38)
  +('vision', ('attn', 20, 9)) -> loss=4.1628 (|pool|=39)
  +('vision', ('attn', 31, 6)) -> loss=4.1033 (|pool|=40)
  +('vision', ('attn', 13, 9)) -> loss=4.0451 (|pool|=41)
  +('vision', ('attn', 10, 6)) -> loss=3.9923 (|pool|=42)
  +('vision', ('attn', 25, 9)) -> loss=3.9418 (|pool|=43)
  +('vision', ('attn', 22, 9)) -> loss=3.8958 (|pool|=44)
  +('vision', ('attn', 11, 9)) -> loss=3.8534 (|pool|=45)
  +('vision', ('attn', 24, 9)) -> loss=3.8144 (|pool|=46)
  +('vision', ('attn', 27, 6)) -> loss=3.7803 (|pool|=47)
  +('vision', ('attn', 14, 9)) -> loss=3.7470 (|pool|=48)
  +('vision', ('attn', 8, 8)) -> loss=3.7158 (|pool|=49)
  +('vision', ('attn', 12, 6)) -> loss=3.6853 (|pool|=50)
  +('vision', ('attn', 32, 5)) -> loss=3.6552 (|pool|=51)
  +('text', ('attn', 8, 6)) -> loss=3.6158 (|pool|=52)
  +('vision', ('attn', 32, 22)) -> loss=3.5873 (|pool|=53)
  +('vision', ('attn', 26, 16)) -> loss=3.5591 (|pool|=54)
  +('vision', ('attn', 21, 6)) -> loss=3.5311 (|pool|=55)
  +('vision', ('attn', 27, 15)) -> loss=3.5041 (|pool|=56)
  +('vision', ('attn', 19, 9)) -> loss=3.4780 (|pool|=57)
  +('vision', ('attn', 14, 16)) -> loss=3.4527 (|pool|=58)
  +('vision', ('attn', 32, 16)) -> loss=3.4275 (|pool|=59)
  +('vision', ('attn', 22, 16)) -> loss=3.4028 (|pool|=60)
  +('vision', ('attn', 12, 15)) -> loss=3.3790 (|pool|=61)
  +('vision', ('attn', 25, 6)) -> loss=3.3555 (|pool|=62)
  +('vision', ('attn', 23, 9)) -> loss=3.3329 (|pool|=63)
  +('vision', ('attn', 33, 4)) -> loss=3.3106 (|pool|=64)
  +('vision', ('attn', 25, 16)) -> loss=3.2885 (|pool|=65)
  +('vision', ('attn', 20, 6)) -> loss=3.2677 (|pool|=66)
  +('vision', ('attn', 11, 16)) -> loss=3.2477 (|pool|=67)
  +('vision', ('attn', 22, 6)) -> loss=3.2281 (|pool|=68)
  +('vision', ('attn', 9, 9)) -> loss=3.2092 (|pool|=69)
  +('vision', ('attn', 33, 5)) -> loss=3.1913 (|pool|=70)
  +('vision', ('attn', 18, 9)) -> loss=3.1740 (|pool|=71)
  +('vision', ('attn', 24, 16)) -> loss=3.1571 (|pool|=72)
  +('vision', ('attn', 26, 6)) -> loss=3.1403 (|pool|=73)
  +('vision', ('attn', 13, 15)) -> loss=3.1239 (|pool|=74)
  +('vision', ('attn', 14, 6)) -> loss=3.1083 (|pool|=75)
  +('vision', ('attn', 3, 9)) -> loss=3.0931 (|pool|=76)
  +('vision', ('attn', 15, 9)) -> loss=3.0776 (|pool|=77)
  +('text', ('attn', 9, 4)) -> loss=3.0621 (|pool|=78)
  +('text', ('mlp', 7, -1)) -> loss=3.0446 (|pool|=79)
  +('vision', ('attn', 15, 16)) -> loss=3.0298 (|pool|=80)
  +('vision', ('attn', 21, 15)) -> loss=3.0154 (|pool|=81)
  +('vision', ('attn', 32, 15)) -> loss=3.0012 (|pool|=82)
  +('vision', ('attn', 28, 16)) -> loss=2.9875 (|pool|=83)
  +('vision', ('attn', 11, 6)) -> loss=2.9739 (|pool|=84)
  +('vision', ('attn', 10, 25)) -> loss=2.9610 (|pool|=85)
  +('vision', ('attn', 7, 9)) -> loss=2.9481 (|pool|=86)
  +('text', ('attn', 11, 6)) -> loss=2.9348 (|pool|=87)
  +('vision', ('attn', 33, 15)) -> loss=2.9222 (|pool|=88)
  +('vision', ('attn', 19, 16)) -> loss=2.9099 (|pool|=89)
  +('vision', ('attn', 25, 15)) -> loss=2.8977 (|pool|=90)
  +('vision', ('attn', 32, 11)) -> loss=2.8857 (|pool|=91)
  +('vision', ('attn', 30, 16)) -> loss=2.8737 (|pool|=92)
  +('vision', ('attn', 20, 15)) -> loss=2.8620 (|pool|=93)
  +('vision', ('attn', 18, 6)) -> loss=2.8511 (|pool|=94)
  +('vision', ('attn', 18, 15)) -> loss=2.8405 (|pool|=95)
  +('vision', ('attn', 29, 15)) -> loss=2.8301 (|pool|=96)
[RN101/imagenet] full=57.92  pool(96)=34.08  best prefix(96)=34.08
[RN101/imagenet] 1000 classes, calibration 1000 pairs, 5000 images total
  seed pair ('vision', ('attn', 31, 16)) + ('text', ('attn', 11, 3))  loss=6.5472
  +('vision', ('attn', 8, 16)) -> loss=6.3742 (|pool|=3)
  +('vision', ('attn', 10, 16)) -> loss=6.2646 (|pool|=4)
  +('vision', ('attn', 27, 16)) -> loss=6.1759 (|pool|=5)
  +('text', ('attn', 10, 1)) -> loss=6.0951 (|pool|=6)
  +('vision', ('attn', 8, 9)) -> loss=6.0161 (|pool|=7)
  +('text', ('attn', 10, 7)) -> loss=5.9019 (|pool|=8)
  +('text', ('attn', 9, 1)) -> loss=5.8231 (|pool|=9)
  +('vision', ('attn', 4, 9)) -> loss=5.7176 (|pool|=10)
  +('vision', ('attn', 12, 16)) -> loss=5.6475 (|pool|=11)
  +('vision', ('attn', 20, 16)) -> loss=5.5865 (|pool|=12)
  +('vision', ('attn', 21, 16)) -> loss=5.5294 (|pool|=13)
  +('vision', ('attn', 24, 16)) -> loss=5.4796 (|pool|=14)
  +('vision', ('attn', 32, 6)) -> loss=5.4324 (|pool|=15)
  +('vision', ('attn', 33, 25)) -> loss=5.3855 (|pool|=16)
  +('vision', ('attn', 22, 16)) -> loss=5.3402 (|pool|=17)
  +('text', ('attn', 11, 0)) -> loss=5.2967 (|pool|=18)
  +('vision', ('attn', 8, 6)) -> loss=5.2340 (|pool|=19)
  +('vision', ('attn', 32, 25)) -> loss=5.1758 (|pool|=20)
  +('text', ('attn', 10, 2)) -> loss=5.1270 (|pool|=21)
  +('vision', ('attn', 31, 15)) -> loss=5.0603 (|pool|=22)
  +('vision', ('attn', 8, 15)) -> loss=4.9926 (|pool|=23)
  +('vision', ('attn', 10, 15)) -> loss=4.9354 (|pool|=24)
  +('vision', ('attn', 32, 4)) -> loss=4.8854 (|pool|=25)
  +('vision', ('attn', 27, 9)) -> loss=4.8400 (|pool|=26)
  +('vision', ('attn', 32, 5)) -> loss=4.7986 (|pool|=27)
  +('text', ('attn', 8, 6)) -> loss=4.7545 (|pool|=28)
  +('vision', ('attn', 33, 8)) -> loss=4.7119 (|pool|=29)
  +('vision', ('attn', 8, 4)) -> loss=4.6695 (|pool|=30)
  +('vision', ('attn', 32, 15)) -> loss=4.6292 (|pool|=31)
  +('vision', ('attn', 33, 6)) -> loss=4.5903 (|pool|=32)
  +('vision', ('attn', 8, 25)) -> loss=4.5504 (|pool|=33)
  +('text', ('attn', 8, 3)) -> loss=4.5101 (|pool|=34)
  +('vision', ('attn', 32, 8)) -> loss=4.4720 (|pool|=35)
  +('vision', ('attn', 12, 15)) -> loss=4.4346 (|pool|=36)
  +('text', ('attn', 4, 2)) -> loss=4.3992 (|pool|=37)
  +('vision', ('attn', 31, 6)) -> loss=4.3637 (|pool|=38)
  +('text', ('attn', 9, 2)) -> loss=4.3103 (|pool|=39)
  +('vision', ('attn', 10, 6)) -> loss=4.2504 (|pool|=40)
  +('vision', ('attn', 21, 9)) -> loss=4.1971 (|pool|=41)
  +('vision', ('attn', 20, 9)) -> loss=4.1535 (|pool|=42)
  +('vision', ('attn', 31, 9)) -> loss=4.0986 (|pool|=43)
  +('vision', ('attn', 10, 9)) -> loss=4.0059 (|pool|=44)
  +('vision', ('attn', 12, 9)) -> loss=3.9370 (|pool|=45)
  +('vision', ('attn', 26, 9)) -> loss=3.8759 (|pool|=46)
  +('vision', ('attn', 25, 9)) -> loss=3.8225 (|pool|=47)
  +('vision', ('attn', 13, 9)) -> loss=3.7716 (|pool|=48)
  +('vision', ('attn', 24, 9)) -> loss=3.7286 (|pool|=49)
  +('vision', ('attn', 32, 9)) -> loss=3.6883 (|pool|=50)
  +('vision', ('attn', 22, 9)) -> loss=3.6496 (|pool|=51)
  +('vision', ('attn', 27, 6)) -> loss=3.6139 (|pool|=52)
  +('vision', ('attn', 11, 9)) -> loss=3.5792 (|pool|=53)
  +('vision', ('attn', 14, 9)) -> loss=3.5492 (|pool|=54)
  +('vision', ('attn', 12, 6)) -> loss=3.5196 (|pool|=55)
  +('vision', ('attn', 21, 6)) -> loss=3.4919 (|pool|=56)
  +('vision', ('attn', 32, 22)) -> loss=3.4651 (|pool|=57)
  +('vision', ('attn', 23, 9)) -> loss=3.4386 (|pool|=58)
  +('vision', ('attn', 26, 16)) -> loss=3.4124 (|pool|=59)
  +('vision', ('attn', 33, 16)) -> loss=3.3869 (|pool|=60)
  +('vision', ('attn', 26, 6)) -> loss=3.3616 (|pool|=61)
  +('vision', ('attn', 18, 9)) -> loss=3.3385 (|pool|=62)
  +('vision', ('attn', 27, 15)) -> loss=3.3166 (|pool|=63)
  +('vision', ('attn', 25, 6)) -> loss=3.2950 (|pool|=64)
  +('vision', ('attn', 25, 16)) -> loss=3.2738 (|pool|=65)
  +('vision', ('attn', 9, 9)) -> loss=3.2540 (|pool|=66)
  +('vision', ('attn', 15, 16)) -> loss=3.2345 (|pool|=67)
  +('vision', ('attn', 20, 6)) -> loss=3.2151 (|pool|=68)
  +('vision', ('attn', 33, 15)) -> loss=3.1959 (|pool|=69)
  +('vision', ('attn', 21, 15)) -> loss=3.1769 (|pool|=70)
  +('vision', ('attn', 19, 16)) -> loss=3.1590 (|pool|=71)
  +('vision', ('attn', 16, 9)) -> loss=3.1417 (|pool|=72)
  +('text', ('attn', 11, 6)) -> loss=3.1245 (|pool|=73)
  +('vision', ('attn', 33, 4)) -> loss=3.1077 (|pool|=74)
  +('vision', ('attn', 20, 15)) -> loss=3.0909 (|pool|=75)
  +('vision', ('attn', 22, 6)) -> loss=3.0743 (|pool|=76)
  +('vision', ('attn', 3, 9)) -> loss=3.0585 (|pool|=77)
  +('vision', ('attn', 19, 9)) -> loss=3.0421 (|pool|=78)
  +('vision', ('attn', 11, 6)) -> loss=3.0264 (|pool|=79)
  +('vision', ('attn', 14, 16)) -> loss=3.0108 (|pool|=80)
  +('vision', ('attn', 28, 9)) -> loss=2.9957 (|pool|=81)
  +('vision', ('attn', 13, 15)) -> loss=2.9805 (|pool|=82)
  +('vision', ('attn', 18, 6)) -> loss=2.9657 (|pool|=83)
  +('vision', ('attn', 33, 5)) -> loss=2.9515 (|pool|=84)
  +('vision', ('attn', 29, 15)) -> loss=2.9375 (|pool|=85)
  +('vision', ('attn', 15, 9)) -> loss=2.9242 (|pool|=86)
  +('vision', ('attn', 13, 16)) -> loss=2.9114 (|pool|=87)
  +('text', ('attn', 9, 4)) -> loss=2.8984 (|pool|=88)
  +('text', ('attn', 10, 6)) -> loss=2.8860 (|pool|=89)
  +('text', ('mlp', 7, -1)) -> loss=2.8692 (|pool|=90)
  +('vision', ('attn', 32, 16)) -> loss=2.8547 (|pool|=91)
  +('vision', ('attn', 30, 16)) -> loss=2.8404 (|pool|=92)
  +('vision', ('attn', 13, 6)) -> loss=2.8280 (|pool|=93)
  +('vision', ('attn', 7, 9)) -> loss=2.8156 (|pool|=94)
  +('vision', ('attn', 28, 16)) -> loss=2.8032 (|pool|=95)
  +('vision', ('attn', 27, 8)) -> loss=2.7912 (|pool|=96)
[RN101/imagenet] full=57.92  pool(96)=34.32  best prefix(96)=34.32
  seed pair ('vision', ('attn', 8, 9)) + ('text', ('attn', 10, 7))  loss=4.1074
  +('vision', ('attn', 8, 4)) -> loss=4.0256 (|pool|=3)
  +('text', ('attn', 10, 1)) -> loss=3.9445 (|pool|=4)
  +('vision', ('attn', 32, 6)) -> loss=3.8631 (|pool|=5)
  +('text', ('attn', 10, 2)) -> loss=3.7951 (|pool|=6)
  +('vision', ('attn', 31, 9)) -> loss=3.6729 (|pool|=7)
  +('vision', ('attn', 4, 9)) -> loss=3.5561 (|pool|=8)
  +('vision', ('attn', 10, 9)) -> loss=3.4655 (|pool|=9)
  +('text', ('attn', 8, 3)) -> loss=3.3902 (|pool|=10)
  +('vision', ('attn', 8, 6)) -> loss=3.3028 (|pool|=11)
  +('vision', ('attn', 31, 4)) -> loss=3.2298 (|pool|=12)
  +('text', ('attn', 7, 1)) -> loss=3.1394 (|pool|=13)
  +('vision', ('attn', 32, 25)) -> loss=3.0463 (|pool|=14)
  +('vision', ('attn', 33, 6)) -> loss=2.9782 (|pool|=15)
  +('text', ('attn', 9, 2)) -> loss=2.9024 (|pool|=16)
  +('text', ('mlp', 10, -1)) -> loss=2.8151 (|pool|=17)
  +('vision', ('attn', 32, 9)) -> loss=2.7288 (|pool|=18)
  +('vision', ('attn', 4, 22)) -> loss=2.6551 (|pool|=19)
  +('text', ('attn', 8, 6)) -> loss=2.5848 (|pool|=20)
  +('vision', ('attn', 32, 5)) -> loss=2.5051 (|pool|=21)
  +('vision', ('attn', 32, 22)) -> loss=2.4396 (|pool|=22)
  +('vision', ('attn', 32, 17)) -> loss=2.3762 (|pool|=23)
  +('vision', ('attn', 33, 25)) -> loss=2.3192 (|pool|=24)
  +('vision', ('attn', 4, 4)) -> loss=2.2637 (|pool|=25)
  +('vision', ('attn', 31, 6)) -> loss=2.2127 (|pool|=26)
  +('vision', ('attn', 10, 6)) -> loss=2.1401 (|pool|=27)
  +('vision', ('attn', 9, 6)) -> loss=2.0823 (|pool|=28)
  +('vision', ('attn', 12, 9)) -> loss=2.0347 (|pool|=29)
  +('vision', ('attn', 33, 15)) -> loss=1.9899 (|pool|=30)
  +('vision', ('attn', 22, 6)) -> loss=1.9475 (|pool|=31)
  +('vision', ('attn', 33, 8)) -> loss=1.9069 (|pool|=32)
  +('vision', ('attn', 26, 9)) -> loss=1.8675 (|pool|=33)
  +('vision', ('attn', 32, 4)) -> loss=1.8298 (|pool|=34)
  +('vision', ('attn', 32, 23)) -> loss=1.7931 (|pool|=35)
  +('text', ('attn', 11, 0)) -> loss=1.7411 (|pool|=36)
  +('text', ('attn', 11, 5)) -> loss=1.6763 (|pool|=37)
  +('vision', ('attn', 31, 25)) -> loss=1.6175 (|pool|=38)
  +('vision', ('attn', 8, 25)) -> loss=1.5590 (|pool|=39)
  +('vision', ('attn', 31, 13)) -> loss=1.5213 (|pool|=40)
  +('vision', ('attn', 10, 25)) -> loss=1.4867 (|pool|=41)
  +('vision', ('attn', 27, 9)) -> loss=1.4564 (|pool|=42)
  +('vision', ('attn', 13, 9)) -> loss=1.4275 (|pool|=43)
  +('vision', ('attn', 32, 11)) -> loss=1.3995 (|pool|=44)
  +('text', ('attn', 10, 6)) -> loss=1.3714 (|pool|=45)
  +('vision', ('attn', 4, 25)) -> loss=1.3364 (|pool|=46)
  +('text', ('mlp', 7, -1)) -> loss=1.3067 (|pool|=47)
  +('vision', ('attn', 27, 6)) -> loss=1.2777 (|pool|=48)
  +('vision', ('attn', 14, 6)) -> loss=1.2543 (|pool|=49)
  +('vision', ('attn', 21, 9)) -> loss=1.2317 (|pool|=50)
  +('vision', ('attn', 32, 27)) -> loss=1.2095 (|pool|=51)
  +('text', ('attn', 6, 3)) -> loss=1.1867 (|pool|=52)
  +('vision', ('attn', 33, 11)) -> loss=1.1642 (|pool|=53)
  +('vision', ('attn', 8, 8)) -> loss=1.1438 (|pool|=54)
  +('text', ('mlp', 9, -1)) -> loss=1.1233 (|pool|=55)
  +('vision', ('attn', 0, 4)) -> loss=1.1021 (|pool|=56)
  +('vision', ('attn', 1, 22)) -> loss=1.0823 (|pool|=57)
  +('vision', ('attn', 28, 9)) -> loss=1.0630 (|pool|=58)
  +('vision', ('attn', 21, 25)) -> loss=1.0442 (|pool|=59)
  +('vision', ('attn', 22, 11)) -> loss=1.0264 (|pool|=60)
  +('vision', ('attn', 24, 9)) -> loss=1.0094 (|pool|=61)
  +('vision', ('attn', 8, 5)) -> loss=0.9927 (|pool|=62)
  +('vision', ('attn', 19, 9)) -> loss=0.9763 (|pool|=63)
  +('vision', ('attn', 11, 25)) -> loss=0.9604 (|pool|=64)
  +('vision', ('attn', 23, 6)) -> loss=0.9448 (|pool|=65)
  +('vision', ('attn', 24, 4)) -> loss=0.9301 (|pool|=66)
  +('vision', ('attn', 32, 29)) -> loss=0.9155 (|pool|=67)
  +('vision', ('attn', 19, 25)) -> loss=0.9019 (|pool|=68)
  +('text', ('attn', 4, 2)) -> loss=0.8885 (|pool|=69)
  +('vision', ('attn', 8, 14)) -> loss=0.8753 (|pool|=70)
  +('vision', ('attn', 14, 9)) -> loss=0.8622 (|pool|=71)
  +('text', ('attn', 9, 3)) -> loss=0.8498 (|pool|=72)
  +('text', ('attn', 9, 1)) -> loss=0.8367 (|pool|=73)
  +('vision', ('attn', 23, 11)) -> loss=0.8241 (|pool|=74)
  +('vision', ('attn', 11, 9)) -> loss=0.8123 (|pool|=75)
  +('text', ('mlp', 2, -1)) -> loss=0.8011 (|pool|=76)
  +('vision', ('attn', 30, 9)) -> loss=0.7903 (|pool|=77)
  +('vision', ('attn', 24, 11)) -> loss=0.7793 (|pool|=78)
  +('vision', ('attn', 18, 25)) -> loss=0.7692 (|pool|=79)
  +('vision', ('attn', 27, 4)) -> loss=0.7594 (|pool|=80)
  +('vision', ('attn', 26, 11)) -> loss=0.7499 (|pool|=81)
  +('vision', ('attn', 22, 9)) -> loss=0.7408 (|pool|=82)
  +('vision', ('attn', 10, 8)) -> loss=0.7319 (|pool|=83)
  +('vision', ('attn', 10, 22)) -> loss=0.7238 (|pool|=84)
  +('text', ('attn', 9, 6)) -> loss=0.7158 (|pool|=85)
  +('vision', ('attn', 20, 25)) -> loss=0.7077 (|pool|=86)
  +('vision', ('attn', 26, 4)) -> loss=0.7000 (|pool|=87)
  +('vision', ('attn', 22, 25)) -> loss=0.6926 (|pool|=88)
  +('vision', ('attn', 12, 4)) -> loss=0.6855 (|pool|=89)
  +('vision', ('attn', 9, 27)) -> loss=0.6786 (|pool|=90)
  +('vision', ('attn', 25, 6)) -> loss=0.6716 (|pool|=91)
  +('vision', ('attn', 22, 23)) -> loss=0.6647 (|pool|=92)
  +('vision', ('attn', 27, 8)) -> loss=0.6578 (|pool|=93)
  +('vision', ('attn', 12, 25)) -> loss=0.6512 (|pool|=94)
  +('vision', ('attn', 28, 11)) -> loss=0.6448 (|pool|=95)
  +('vision', ('attn', 4, 23)) -> loss=0.6386 (|pool|=96)
model    n      method size   R@1_i2t   R@5_i2t  R@10_i2t  medr_i2t  meanr_i2t   R@1_t2i   R@5_t2i  R@10_t2i  medr_t2i  meanr_t2i       rsum
RN101  500 greedy pool   96 26.400000 57.999998 74.199998       4.0  10.326000 29.600000 61.199999 80.199999       3.0   9.972000 329.599994
RN101  500  full model  all 63.800001 89.600003 97.200000       1.0   2.420000 60.399997 86.000001 95.599997       1.0   3.040000 492.600000
RN101 1000 greedy pool   96 17.399999 43.500000 57.200003       8.0  23.947001 22.100000 48.100001 62.099999       6.0  23.554001 250.400002
RN101 1000  full model  all 53.200001 80.400002 89.800000       1.0   4.465000 49.200001 75.900000 86.400002       2.0   5.682000 434.900007
RN101 2500 greedy pool   96 11.000000 29.640001 40.439999      17.0  60.996399 13.000000 34.639999 47.000000      12.0  61.385201 175.719999
RN101 2500  full model  all 42.280000 69.040000 79.079998       2.0  10.166400 38.519999 63.720000 74.479997       3.0  14.431600 367.119995
RN101 5000 greedy pool   96  7.440000 20.600000 29.980001      32.0 120.405197  9.240000 24.060000 35.120001      24.0 120.397598 126.440003
RN101 5000  full model  all 34.979999 59.480000 70.160002       3.0  19.170799 30.500001 55.299997 65.420002       4.0  28.732201 315.840000
[RN101] wrote greedy_pool_{eval,trace,pool}
ALL DONE
