[ViT-B-32/MNIST] 10 classes, calibration 10 pairs, 1000 images total
  seed pair ('vision', ('attn', 11, 6)) + ('text', ('attn', 10, 3))  loss=1.2804
  +('text', ('attn', 10, 7)) -> loss=1.2067 (|pool|=3)
  +('vision', ('attn', 11, 2)) -> loss=1.1698 (|pool|=4)
  +('text', ('attn', 11, 4)) -> loss=1.1534 (|pool|=5)
  +('vision', ('attn', 11, 8)) -> loss=1.1388 (|pool|=6)
  +('text', ('attn', 11, 1)) -> loss=1.1219 (|pool|=7)
  +('text', ('mlp', 4, -1)) -> loss=1.1081 (|pool|=8)
  +('vision', ('attn', 10, 1)) -> loss=1.0948 (|pool|=9)
  +('text', ('mlp', 10, -1)) -> loss=1.0836 (|pool|=10)
  +('vision', ('attn', 11, 5)) -> loss=1.0736 (|pool|=11)
  +('vision', ('attn', 10, 3)) -> loss=1.0666 (|pool|=12)
  +('text', ('mlp', 7, -1)) -> loss=1.0584 (|pool|=13)
  +('text', ('attn', 10, 5)) -> loss=1.0513 (|pool|=14)
  +('text', ('attn', 11, 2)) -> loss=1.0449 (|pool|=15)
  +('vision', ('attn', 8, 1)) -> loss=1.0385 (|pool|=16)
  +('vision', ('attn', 9, 4)) -> loss=1.0327 (|pool|=17)
  +('text', ('attn', 9, 6)) -> loss=1.0271 (|pool|=18)
  +('vision', ('attn', 8, 0)) -> loss=1.0218 (|pool|=19)
  +('vision', ('attn', 9, 0)) -> loss=1.0170 (|pool|=20)
  +('vision', ('attn', 10, 8)) -> loss=1.0128 (|pool|=21)
  +('vision', ('attn', 10, 2)) -> loss=1.0077 (|pool|=22)
  +('vision', ('attn', 6, 0)) -> loss=1.0028 (|pool|=23)
  +('text', ('attn', 2, 6)) -> loss=0.9976 (|pool|=24)
  +('vision', ('attn', 8, 3)) -> loss=0.9933 (|pool|=25)
  +('vision', ('attn', 7, 2)) -> loss=0.9894 (|pool|=26)
  +('vision', ('attn', 7, 1)) -> loss=0.9855 (|pool|=27)
  +('vision', ('attn', 10, 6)) -> loss=0.9819 (|pool|=28)
  +('text', ('mlp', 11, -1)) -> loss=0.9781 (|pool|=29)
  +('vision', ('attn', 9, 2)) -> loss=0.9690 (|pool|=30)
  +('text', ('attn', 2, 0)) -> loss=0.9656 (|pool|=31)
  +('text', ('attn', 2, 3)) -> loss=0.9626 (|pool|=32)
  +('vision', ('attn', 10, 5)) -> loss=0.9596 (|pool|=33)
  +('vision', ('attn', 9, 10)) -> loss=0.9570 (|pool|=34)
  +('vision', ('attn', 9, 11)) -> loss=0.9546 (|pool|=35)
  +('text', ('attn', 0, 7)) -> loss=0.9524 (|pool|=36)
  +('vision', ('attn', 5, 0)) -> loss=0.9501 (|pool|=37)
  +('text', ('attn', 6, 2)) -> loss=0.9478 (|pool|=38)
  +('vision', ('attn', 8, 6)) -> loss=0.9456 (|pool|=39)
  +('text', ('attn', 8, 3)) -> loss=0.9433 (|pool|=40)
  +('vision', ('attn', 7, 3)) -> loss=0.9410 (|pool|=41)
  +('text', ('attn', 10, 2)) -> loss=0.9389 (|pool|=42)
  +('vision', ('attn', 9, 9)) -> loss=0.9368 (|pool|=43)
  +('vision', ('attn', 9, 7)) -> loss=0.9347 (|pool|=44)
  +('text', ('attn', 11, 5)) -> loss=0.9286 (|pool|=45)
  +('vision', ('attn', 9, 3)) -> loss=0.9215 (|pool|=46)
  +('vision', ('attn', 10, 10)) -> loss=0.9172 (|pool|=47)
  +('vision', ('attn', 11, 1)) -> loss=0.9136 (|pool|=48)
  +('text', ('mlp', 1, -1)) -> loss=0.9109 (|pool|=49)
  +('text', ('attn', 5, 1)) -> loss=0.9078 (|pool|=50)
  +('vision', ('attn', 7, 9)) -> loss=0.9055 (|pool|=51)
  +('text', ('attn', 0, 6)) -> loss=0.9033 (|pool|=52)
  +('vision', ('mlp', 7, -1)) -> loss=0.9005 (|pool|=53)
  +('vision', ('mlp', 12, -1)) -> loss=0.8972 (|pool|=54)
  +('vision', ('attn', 6, 6)) -> loss=0.8944 (|pool|=55)
  +('text', ('attn', 10, 6)) -> loss=0.8917 (|pool|=56)
  +('text', ('attn', 9, 7)) -> loss=0.8895 (|pool|=57)
  +('vision', ('attn', 9, 8)) -> loss=0.8873 (|pool|=58)
  +('vision', ('attn', 10, 4)) -> loss=0.8853 (|pool|=59)
  +('text', ('attn', 8, 0)) -> loss=0.8832 (|pool|=60)
  +('vision', ('attn', 5, 3)) -> loss=0.8815 (|pool|=61)
  +('text', ('attn', 3, 3)) -> loss=0.8798 (|pool|=62)
  +('vision', ('attn', 8, 8)) -> loss=0.8781 (|pool|=63)
  +('text', ('attn', 11, 3)) -> loss=0.8765 (|pool|=64)
  +('text', ('attn', 2, 4)) -> loss=0.8750 (|pool|=65)
  +('vision', ('attn', 10, 0)) -> loss=0.8735 (|pool|=66)
  +('text', ('mlp', 3, -1)) -> loss=0.8709 (|pool|=67)
  +('vision', ('mlp', 9, -1)) -> loss=0.8672 (|pool|=68)
  +('vision', ('attn', 11, 3)) -> loss=0.8641 (|pool|=69)
  +('text', ('mlp', 5, -1)) -> loss=0.8576 (|pool|=70)
  +('vision', ('attn', 9, 1)) -> loss=0.8554 (|pool|=71)
  +('text', ('attn', 8, 2)) -> loss=0.8534 (|pool|=72)
  +('vision', ('attn', 11, 4)) -> loss=0.8513 (|pool|=73)
  +('vision', ('attn', 6, 8)) -> loss=0.8494 (|pool|=74)
  +('text', ('attn', 5, 2)) -> loss=0.8476 (|pool|=75)
  +('text', ('mlp', 2, -1)) -> loss=0.8459 (|pool|=76)
  +('text', ('attn', 6, 1)) -> loss=0.8444 (|pool|=77)
  +('text', ('attn', 4, 5)) -> loss=0.8428 (|pool|=78)
  +('vision', ('attn', 5, 2)) -> loss=0.8413 (|pool|=79)
  +('text', ('attn', 4, 2)) -> loss=0.8399 (|pool|=80)
  +('text', ('attn', 0, 5)) -> loss=0.8385 (|pool|=81)
  +('text', ('attn', 7, 6)) -> loss=0.8373 (|pool|=82)
  +('text', ('attn', 10, 1)) -> loss=0.8361 (|pool|=83)
  +('text', ('attn', 10, 4)) -> loss=0.8350 (|pool|=84)
  +('text', ('attn', 4, 6)) -> loss=0.8339 (|pool|=85)
  +('vision', ('attn', 4, 2)) -> loss=0.8329 (|pool|=86)
  +('text', ('attn', 11, 6)) -> loss=0.8320 (|pool|=87)
  +('text', ('attn', 2, 7)) -> loss=0.8310 (|pool|=88)
  +('text', ('attn', 0, 1)) -> loss=0.8301 (|pool|=89)
  +('vision', ('attn', 4, 11)) -> loss=0.8294 (|pool|=90)
  +('vision', ('attn', 5, 7)) -> loss=0.8287 (|pool|=91)
  +('text', ('attn', 5, 5)) -> loss=0.8280 (|pool|=92)
  +('vision', ('attn', 8, 4)) -> loss=0.8273 (|pool|=93)
  +('vision', ('attn', 6, 2)) -> loss=0.8266 (|pool|=94)
  +('vision', ('attn', 7, 11)) -> loss=0.8260 (|pool|=95)
  +('text', ('attn', 6, 5)) -> loss=0.8254 (|pool|=96)
  +('text', ('attn', 5, 4)) -> loss=0.8248 (|pool|=97)
  +('vision', ('attn', 4, 8)) -> loss=0.8242 (|pool|=98)
  +('vision', ('attn', 5, 11)) -> loss=0.8237 (|pool|=99)
  +('text', ('attn', 6, 7)) -> loss=0.8233 (|pool|=100)
  +('text', ('attn', 4, 1)) -> loss=0.8229 (|pool|=101)
  +('text', ('attn', 7, 4)) -> loss=0.8225 (|pool|=102)
  +('text', ('attn', 3, 7)) -> loss=0.8221 (|pool|=103)
  +('text', ('attn', 9, 5)) -> loss=0.8217 (|pool|=104)
  +('text', ('attn', 9, 0)) -> loss=0.8214 (|pool|=105)
  +('text', ('attn', 5, 3)) -> loss=0.8211 (|pool|=106)
  +('text', ('attn', 9, 1)) -> loss=0.8208 (|pool|=107)
  +('text', ('attn', 1, 3)) -> loss=0.8206 (|pool|=108)
  +('vision', ('attn', 0, 0)) -> loss=0.8204 (|pool|=109)
  +('text', ('attn', 7, 7)) -> loss=0.8202 (|pool|=110)
  +('text', ('attn', 8, 7)) -> loss=0.8200 (|pool|=111)
  +('text', ('attn', 6, 4)) -> loss=0.8198 (|pool|=112)
  +('vision', ('attn', 6, 5)) -> loss=0.8197 (|pool|=113)
  +('vision', ('attn', 6, 7)) -> loss=0.8196 (|pool|=114)
  +('text', ('attn', 2, 5)) -> loss=0.8195 (|pool|=115)
  +('text', ('attn', 8, 1)) -> loss=0.8194 (|pool|=116)
  +('vision', ('attn', 0, 7)) -> loss=0.8193 (|pool|=117)
  +('text', ('attn', 7, 3)) -> loss=0.8193 (|pool|=118)
[ViT-B-32/MNIST] full=56.20  pool(118)=65.30  best prefix(27)=69.70
[ViT-B-32/MNIST] 10 classes, calibration 10 pairs, 1000 images total
  seed pair ('vision', ('attn', 11, 6)) + ('text', ('attn', 10, 3))  loss=1.1226
  +('text', ('attn', 10, 7)) -> loss=1.0520 (|pool|=3)
  +('vision', ('attn', 11, 2)) -> loss=1.0025 (|pool|=4)
  +('vision', ('mlp', 10, -1)) -> loss=0.9859 (|pool|=5)
  +('vision', ('mlp', 8, -1)) -> loss=0.9611 (|pool|=6)
  +('text', ('mlp', 10, -1)) -> loss=0.9482 (|pool|=7)
  +('text', ('attn', 11, 4)) -> loss=0.9363 (|pool|=8)
  +('vision', ('attn', 11, 9)) -> loss=0.9238 (|pool|=9)
  +('vision', ('attn', 10, 1)) -> loss=0.9118 (|pool|=10)
  +('text', ('mlp', 4, -1)) -> loss=0.9010 (|pool|=11)
  +('text', ('mlp', 8, -1)) -> loss=0.8883 (|pool|=12)
  +('vision', ('attn', 11, 5)) -> loss=0.8802 (|pool|=13)
  +('text', ('attn', 10, 5)) -> loss=0.8722 (|pool|=14)
  +('text', ('attn', 11, 2)) -> loss=0.8639 (|pool|=15)
  +('vision', ('attn', 10, 8)) -> loss=0.8560 (|pool|=16)
  +('text', ('attn', 2, 2)) -> loss=0.8500 (|pool|=17)
  +('vision', ('attn', 10, 3)) -> loss=0.8432 (|pool|=18)
  +('vision', ('attn', 11, 8)) -> loss=0.8358 (|pool|=19)
  +('text', ('attn', 8, 0)) -> loss=0.8292 (|pool|=20)
  +('text', ('attn', 2, 6)) -> loss=0.8232 (|pool|=21)
  +('vision', ('attn', 10, 6)) -> loss=0.8178 (|pool|=22)
  +('text', ('attn', 0, 5)) -> loss=0.8134 (|pool|=23)
  +('text', ('attn', 5, 1)) -> loss=0.8091 (|pool|=24)
  +('vision', ('attn', 7, 2)) -> loss=0.8051 (|pool|=25)
  +('vision', ('attn', 8, 1)) -> loss=0.8015 (|pool|=26)
  +('text', ('attn', 7, 4)) -> loss=0.7981 (|pool|=27)
  +('text', ('attn', 6, 6)) -> loss=0.7948 (|pool|=28)
  +('text', ('attn', 3, 2)) -> loss=0.7915 (|pool|=29)
  +('vision', ('attn', 9, 8)) -> loss=0.7889 (|pool|=30)
  +('vision', ('attn', 7, 3)) -> loss=0.7861 (|pool|=31)
  +('text', ('attn', 8, 3)) -> loss=0.7835 (|pool|=32)
  +('vision', ('attn', 9, 0)) -> loss=0.7814 (|pool|=33)
  +('vision', ('attn', 10, 2)) -> loss=0.7791 (|pool|=34)
  +('text', ('attn', 0, 7)) -> loss=0.7769 (|pool|=35)
  +('vision', ('attn', 2, 0)) -> loss=0.7750 (|pool|=36)
  +('text', ('attn', 3, 3)) -> loss=0.7732 (|pool|=37)
  +('vision', ('attn', 8, 4)) -> loss=0.7715 (|pool|=38)
  +('vision', ('attn', 6, 11)) -> loss=0.7699 (|pool|=39)
  +('text', ('attn', 1, 2)) -> loss=0.7683 (|pool|=40)
  +('vision', ('attn', 5, 3)) -> loss=0.7668 (|pool|=41)
  +('text', ('attn', 9, 1)) -> loss=0.7654 (|pool|=42)
  +('text', ('attn', 10, 2)) -> loss=0.7639 (|pool|=43)
  +('vision', ('attn', 7, 9)) -> loss=0.7625 (|pool|=44)
  +('text', ('attn', 0, 6)) -> loss=0.7612 (|pool|=45)
  +('vision', ('attn', 9, 9)) -> loss=0.7599 (|pool|=46)
  +('text', ('attn', 4, 4)) -> loss=0.7586 (|pool|=47)
  +('vision', ('attn', 9, 10)) -> loss=0.7574 (|pool|=48)
  +('text', ('attn', 8, 6)) -> loss=0.7561 (|pool|=49)
  +('text', ('attn', 2, 0)) -> loss=0.7550 (|pool|=50)
  +('text', ('attn', 10, 6)) -> loss=0.7539 (|pool|=51)
  +('text', ('attn', 1, 4)) -> loss=0.7528 (|pool|=52)
  +('vision', ('attn', 8, 5)) -> loss=0.7517 (|pool|=53)
  +('text', ('attn', 0, 2)) -> loss=0.7506 (|pool|=54)
  +('text', ('attn', 9, 7)) -> loss=0.7495 (|pool|=55)
  +('text', ('attn', 2, 5)) -> loss=0.7484 (|pool|=56)
  +('vision', ('attn', 7, 11)) -> loss=0.7474 (|pool|=57)
  +('vision', ('attn', 0, 10)) -> loss=0.7464 (|pool|=58)
  +('text', ('attn', 4, 6)) -> loss=0.7454 (|pool|=59)
  +('vision', ('attn', 7, 1)) -> loss=0.7444 (|pool|=60)
  +('vision', ('attn', 8, 6)) -> loss=0.7435 (|pool|=61)
  +('text', ('attn', 6, 4)) -> loss=0.7425 (|pool|=62)
  +('vision', ('attn', 5, 11)) -> loss=0.7415 (|pool|=63)
  +('text', ('attn', 5, 2)) -> loss=0.7407 (|pool|=64)
  +('text', ('attn', 2, 7)) -> loss=0.7398 (|pool|=65)
  +('vision', ('attn', 8, 9)) -> loss=0.7390 (|pool|=66)
  +('text', ('attn', 6, 5)) -> loss=0.7383 (|pool|=67)
  +('vision', ('attn', 4, 11)) -> loss=0.7377 (|pool|=68)
  +('text', ('attn', 8, 5)) -> loss=0.7371 (|pool|=69)
  +('text', ('attn', 10, 1)) -> loss=0.7365 (|pool|=70)
  +('vision', ('attn', 3, 9)) -> loss=0.7359 (|pool|=71)
  +('text', ('attn', 6, 2)) -> loss=0.7353 (|pool|=72)
  +('vision', ('attn', 6, 10)) -> loss=0.7348 (|pool|=73)
  +('vision', ('attn', 6, 9)) -> loss=0.7343 (|pool|=74)
  +('text', ('attn', 10, 0)) -> loss=0.7338 (|pool|=75)
  +('vision', ('attn', 4, 2)) -> loss=0.7334 (|pool|=76)
  +('text', ('mlp', 2, -1)) -> loss=0.7329 (|pool|=77)
  +('text', ('attn', 4, 1)) -> loss=0.7324 (|pool|=78)
  +('text', ('attn', 5, 5)) -> loss=0.7320 (|pool|=79)
  +('text', ('attn', 5, 6)) -> loss=0.7316 (|pool|=80)
  +('text', ('attn', 9, 0)) -> loss=0.7313 (|pool|=81)
  +('vision', ('attn', 0, 7)) -> loss=0.7310 (|pool|=82)
  +('vision', ('attn', 5, 9)) -> loss=0.7307 (|pool|=83)
  +('text', ('attn', 8, 7)) -> loss=0.7305 (|pool|=84)
  +('text', ('attn', 1, 1)) -> loss=0.7303 (|pool|=85)
  +('text', ('attn', 3, 4)) -> loss=0.7301 (|pool|=86)
  +('vision', ('attn', 0, 4)) -> loss=0.7300 (|pool|=87)
  +('vision', ('attn', 6, 0)) -> loss=0.7298 (|pool|=88)
  +('vision', ('attn', 6, 7)) -> loss=0.7296 (|pool|=89)
  +('text', ('attn', 8, 4)) -> loss=0.7293 (|pool|=90)
  +('text', ('attn', 4, 7)) -> loss=0.7291 (|pool|=91)
  +('text', ('attn', 4, 5)) -> loss=0.7291 (|pool|=92)
  +('vision', ('attn', 5, 1)) -> loss=0.7290 (|pool|=93)
  +('text', ('attn', 7, 0)) -> loss=0.7289 (|pool|=94)
  +('text', ('mlp', 6, -1)) -> loss=0.7289 (|pool|=95)
  +('vision', ('attn', 7, 0)) -> loss=0.7282 (|pool|=96)
  +('vision', ('attn', 10, 11)) -> loss=0.7274 (|pool|=97)
  +('text', ('attn', 4, 3)) -> loss=0.7272 (|pool|=98)
  +('text', ('attn', 11, 5)) -> loss=0.7267 (|pool|=99)
  +('vision', ('attn', 11, 4)) -> loss=0.7150 (|pool|=100)
  +('vision', ('attn', 11, 3)) -> loss=0.7096 (|pool|=101)
  +('vision', ('attn', 8, 0)) -> loss=0.7043 (|pool|=102)
  +('text', ('attn', 11, 0)) -> loss=0.6994 (|pool|=103)
  +('text', ('attn', 7, 1)) -> loss=0.6962 (|pool|=104)
  +('vision', ('attn', 9, 3)) -> loss=0.6931 (|pool|=105)
  +('vision', ('attn', 10, 5)) -> loss=0.6906 (|pool|=106)
  +('vision', ('attn', 6, 6)) -> loss=0.6886 (|pool|=107)
  +('vision', ('attn', 9, 7)) -> loss=0.6874 (|pool|=108)
  +('text', ('attn', 11, 7)) -> loss=0.6863 (|pool|=109)
  +('vision', ('attn', 8, 8)) -> loss=0.6852 (|pool|=110)
  +('text', ('attn', 9, 6)) -> loss=0.6842 (|pool|=111)
  +('vision', ('attn', 6, 2)) -> loss=0.6834 (|pool|=112)
  +('vision', ('attn', 6, 3)) -> loss=0.6828 (|pool|=113)
  +('text', ('attn', 9, 5)) -> loss=0.6822 (|pool|=114)
  +('text', ('mlp', 5, -1)) -> loss=0.6818 (|pool|=115)
  +('vision', ('attn', 7, 6)) -> loss=0.6811 (|pool|=116)
  +('text', ('attn', 7, 6)) -> loss=0.6805 (|pool|=117)
  +('text', ('attn', 11, 3)) -> loss=0.6803 (|pool|=118)
  +('text', ('attn', 7, 3)) -> loss=0.6801 (|pool|=119)
  +('text', ('attn', 5, 3)) -> loss=0.6799 (|pool|=120)
  +('text', ('attn', 6, 7)) -> loss=0.6798 (|pool|=121)
  +('vision', ('attn', 2, 8)) -> loss=0.6797 (|pool|=122)
  +('text', ('attn', 4, 2)) -> loss=0.6797 (|pool|=123)
  +('text', ('attn', 0, 1)) -> loss=0.6796 (|pool|=124)
  +('text', ('attn', 3, 6)) -> loss=0.6796 (|pool|=125)
  +('vision', ('attn', 0, 3)) -> loss=0.6796 (|pool|=126)
[ViT-B-32/MNIST] full=56.20  pool(126)=69.70  best prefix(111)=70.50
[ViT-B-32/MNIST] 10 classes, calibration 10 pairs, 1000 images total
  seed pair ('vision', ('attn', 11, 6)) + ('text', ('attn', 10, 3))  loss=1.5261
  +('text', ('attn', 10, 7)) -> loss=1.4890 (|pool|=3)
  +('vision', ('attn', 11, 3)) -> loss=1.4547 (|pool|=4)
  +('vision', ('mlp', 10, -1)) -> loss=1.4361 (|pool|=5)
  +('text', ('attn', 11, 5)) -> loss=1.3916 (|pool|=6)
  +('vision', ('attn', 11, 4)) -> loss=1.3722 (|pool|=7)
  +('vision', ('attn', 10, 9)) -> loss=1.3588 (|pool|=8)
  +('text', ('attn', 11, 4)) -> loss=1.3449 (|pool|=9)
  +('vision', ('attn', 10, 11)) -> loss=1.3307 (|pool|=10)
  +('vision', ('attn', 9, 7)) -> loss=1.3169 (|pool|=11)
  +('vision', ('attn', 9, 9)) -> loss=1.3037 (|pool|=12)
  +('text', ('mlp', 11, -1)) -> loss=1.2927 (|pool|=13)
  +('vision', ('attn', 11, 2)) -> loss=1.2794 (|pool|=14)
  +('vision', ('attn', 9, 0)) -> loss=1.2689 (|pool|=15)
  +('text', ('mlp', 4, -1)) -> loss=1.2606 (|pool|=16)
  +('vision', ('mlp', 6, -1)) -> loss=1.2530 (|pool|=17)
  +('text', ('attn', 3, 2)) -> loss=1.2460 (|pool|=18)
  +('vision', ('attn', 11, 9)) -> loss=1.2380 (|pool|=19)
  +('text', ('attn', 11, 2)) -> loss=1.2305 (|pool|=20)
  +('text', ('attn', 11, 1)) -> loss=1.2226 (|pool|=21)
  +('vision', ('attn', 9, 4)) -> loss=1.2155 (|pool|=22)
  +('text', ('attn', 5, 1)) -> loss=1.2087 (|pool|=23)
  +('text', ('attn', 2, 2)) -> loss=1.2021 (|pool|=24)
  +('vision', ('mlp', 7, -1)) -> loss=1.1943 (|pool|=25)
  +('vision', ('attn', 9, 11)) -> loss=1.1865 (|pool|=26)
  +('vision', ('attn', 6, 6)) -> loss=1.1799 (|pool|=27)
  +('vision', ('mlp', 12, -1)) -> loss=1.1744 (|pool|=28)
  +('vision', ('attn', 11, 5)) -> loss=1.1631 (|pool|=29)
  +('vision', ('mlp', 11, -1)) -> loss=1.1567 (|pool|=30)
  +('text', ('attn', 10, 5)) -> loss=1.1507 (|pool|=31)
  +('vision', ('mlp', 8, -1)) -> loss=1.1444 (|pool|=32)
  +('vision', ('attn', 8, 6)) -> loss=1.1392 (|pool|=33)
  +('text', ('attn', 8, 0)) -> loss=1.1348 (|pool|=34)
  +('text', ('attn', 11, 7)) -> loss=1.1312 (|pool|=35)
  +('vision', ('attn', 11, 7)) -> loss=1.1261 (|pool|=36)
  +('vision', ('attn', 11, 0)) -> loss=1.1200 (|pool|=37)
  +('text', ('mlp', 6, -1)) -> loss=1.1137 (|pool|=38)
  +('vision', ('attn', 10, 0)) -> loss=1.1075 (|pool|=39)
  +('text', ('mlp', 3, -1)) -> loss=1.1009 (|pool|=40)
  +('text', ('attn', 0, 4)) -> loss=1.0960 (|pool|=41)
  +('vision', ('attn', 9, 8)) -> loss=1.0924 (|pool|=42)
  +('text', ('attn', 6, 6)) -> loss=1.0889 (|pool|=43)
  +('text', ('attn', 0, 5)) -> loss=1.0859 (|pool|=44)
  +('vision', ('attn', 8, 9)) -> loss=1.0829 (|pool|=45)
  +('text', ('attn', 9, 6)) -> loss=1.0800 (|pool|=46)
  +('text', ('mlp', 2, -1)) -> loss=1.0775 (|pool|=47)
  +('vision', ('attn', 9, 3)) -> loss=1.0750 (|pool|=48)
  +('text', ('attn', 6, 4)) -> loss=1.0726 (|pool|=49)
  +('text', ('attn', 8, 5)) -> loss=1.0702 (|pool|=50)
  +('vision', ('attn', 6, 10)) -> loss=1.0680 (|pool|=51)
  +('vision', ('attn', 4, 6)) -> loss=1.0657 (|pool|=52)
  +('text', ('attn', 5, 2)) -> loss=1.0641 (|pool|=53)
  +('text', ('attn', 8, 4)) -> loss=1.0625 (|pool|=54)
  +('text', ('attn', 2, 7)) -> loss=1.0609 (|pool|=55)
  +('text', ('attn', 7, 6)) -> loss=1.0594 (|pool|=56)
  +('vision', ('attn', 5, 11)) -> loss=1.0582 (|pool|=57)
  +('text', ('attn', 11, 0)) -> loss=1.0571 (|pool|=58)
  +('vision', ('attn', 10, 8)) -> loss=1.0557 (|pool|=59)
  +('vision', ('attn', 6, 0)) -> loss=1.0543 (|pool|=60)
  +('text', ('attn', 2, 5)) -> loss=1.0529 (|pool|=61)
  +('vision', ('mlp', 9, -1)) -> loss=1.0518 (|pool|=62)
  +('text', ('mlp', 9, -1)) -> loss=1.0499 (|pool|=63)
  +('text', ('attn', 7, 1)) -> loss=1.0476 (|pool|=64)
  +('vision', ('attn', 2, 7)) -> loss=1.0457 (|pool|=65)
  +('text', ('attn', 9, 7)) -> loss=1.0439 (|pool|=66)
  +('text', ('attn', 1, 7)) -> loss=1.0424 (|pool|=67)
  +('vision', ('attn', 8, 3)) -> loss=1.0410 (|pool|=68)
  +('text', ('attn', 10, 6)) -> loss=1.0397 (|pool|=69)
  +('vision', ('attn', 7, 2)) -> loss=1.0385 (|pool|=70)
  +('text', ('attn', 7, 0)) -> loss=1.0375 (|pool|=71)
  +('vision', ('attn', 3, 9)) -> loss=1.0364 (|pool|=72)
  +('vision', ('attn', 5, 3)) -> loss=1.0354 (|pool|=73)
  +('text', ('attn', 11, 6)) -> loss=1.0343 (|pool|=74)
  +('vision', ('attn', 6, 7)) -> loss=1.0334 (|pool|=75)
  +('text', ('attn', 3, 7)) -> loss=1.0326 (|pool|=76)
  +('text', ('attn', 2, 6)) -> loss=1.0318 (|pool|=77)
  +('text', ('attn', 5, 3)) -> loss=1.0311 (|pool|=78)
  +('text', ('attn', 8, 2)) -> loss=1.0305 (|pool|=79)
  +('vision', ('attn', 4, 11)) -> loss=1.0299 (|pool|=80)
  +('vision', ('attn', 0, 2)) -> loss=1.0294 (|pool|=81)
  +('text', ('attn', 4, 5)) -> loss=1.0289 (|pool|=82)
  +('vision', ('attn', 1, 3)) -> loss=1.0284 (|pool|=83)
  +('text', ('attn', 1, 4)) -> loss=1.0279 (|pool|=84)
  +('text', ('attn', 11, 3)) -> loss=1.0275 (|pool|=85)
  +('vision', ('attn', 4, 8)) -> loss=1.0270 (|pool|=86)
  +('vision', ('attn', 0, 10)) -> loss=1.0267 (|pool|=87)
  +('text', ('attn', 6, 1)) -> loss=1.0263 (|pool|=88)
  +('text', ('attn', 6, 2)) -> loss=1.0260 (|pool|=89)
  +('text', ('attn', 4, 2)) -> loss=1.0257 (|pool|=90)
  +('text', ('attn', 10, 1)) -> loss=1.0254 (|pool|=91)
  +('text', ('attn', 3, 3)) -> loss=1.0252 (|pool|=92)
  +('text', ('attn', 10, 2)) -> loss=1.0250 (|pool|=93)
  +('vision', ('attn', 0, 7)) -> loss=1.0249 (|pool|=94)
  +('vision', ('attn', 5, 8)) -> loss=1.0247 (|pool|=95)
  +('text', ('attn', 1, 5)) -> loss=1.0246 (|pool|=96)
  +('text', ('attn', 4, 0)) -> loss=1.0245 (|pool|=97)
  +('text', ('attn', 5, 0)) -> loss=1.0244 (|pool|=98)
  +('text', ('attn', 0, 7)) -> loss=1.0244 (|pool|=99)
  +('vision', ('attn', 6, 2)) -> loss=1.0243 (|pool|=100)
  +('text', ('attn', 4, 6)) -> loss=1.0242 (|pool|=101)
  +('text', ('attn', 7, 7)) -> loss=1.0242 (|pool|=102)
  +('vision', ('attn', 0, 3)) -> loss=1.0242 (|pool|=103)
  +('text', ('attn', 1, 6)) -> loss=1.0241 (|pool|=104)
[ViT-B-32/MNIST] full=56.20  pool(104)=69.30  best prefix(20)=72.20
[ViT-B-32] wrote greedy_pool_{eval,trace,pool}
[ViT-B-16/MNIST] 10 classes, calibration 10 pairs, 1000 images total
  seed pair ('vision', ('attn', 11, 9)) + ('text', ('attn', 11, 6))  loss=1.3326
  +('vision', ('mlp', 12, -1)) -> loss=1.2923 (|pool|=3)
  +('text', ('mlp', 11, -1)) -> loss=1.2555 (|pool|=4)
  +('text', ('mlp', 7, -1)) -> loss=1.2261 (|pool|=5)
  +('vision', ('mlp', 9, -1)) -> loss=1.1990 (|pool|=6)
  +('vision', ('attn', 11, 11)) -> loss=1.1740 (|pool|=7)
  +('vision', ('attn', 11, 10)) -> loss=1.1587 (|pool|=8)
  +('text', ('attn', 10, 0)) -> loss=1.1479 (|pool|=9)
  +('vision', ('attn', 11, 2)) -> loss=1.1361 (|pool|=10)
  +('text', ('attn', 11, 3)) -> loss=1.1105 (|pool|=11)
  +('text', ('mlp', 8, -1)) -> loss=1.0993 (|pool|=12)
  +('text', ('attn', 3, 7)) -> loss=1.0903 (|pool|=13)
  +('text', ('mlp', 6, -1)) -> loss=1.0808 (|pool|=14)
  +('vision', ('attn', 9, 8)) -> loss=1.0718 (|pool|=15)
  +('text', ('attn', 10, 4)) -> loss=1.0624 (|pool|=16)
  +('vision', ('attn', 9, 0)) -> loss=1.0537 (|pool|=17)
  +('vision', ('attn', 10, 11)) -> loss=1.0461 (|pool|=18)
  +('vision', ('attn', 6, 6)) -> loss=1.0386 (|pool|=19)
  +('text', ('attn', 10, 1)) -> loss=1.0320 (|pool|=20)
  +('vision', ('attn', 8, 5)) -> loss=1.0257 (|pool|=21)
  +('vision', ('attn', 10, 1)) -> loss=1.0199 (|pool|=22)
  +('text', ('attn', 11, 2)) -> loss=1.0143 (|pool|=23)
  +('text', ('attn', 8, 1)) -> loss=1.0088 (|pool|=24)
  +('vision', ('attn', 4, 3)) -> loss=1.0042 (|pool|=25)
  +('vision', ('attn', 6, 7)) -> loss=0.9999 (|pool|=26)
  +('vision', ('attn', 4, 2)) -> loss=0.9959 (|pool|=27)
  +('vision', ('attn', 4, 9)) -> loss=0.9922 (|pool|=28)
  +('vision', ('attn', 11, 6)) -> loss=0.9883 (|pool|=29)
  +('vision', ('attn', 11, 1)) -> loss=0.9833 (|pool|=30)
  +('text', ('attn', 0, 2)) -> loss=0.9791 (|pool|=31)
  +('text', ('attn', 6, 0)) -> loss=0.9756 (|pool|=32)
  +('vision', ('attn', 10, 0)) -> loss=0.9726 (|pool|=33)
  +('text', ('attn', 0, 7)) -> loss=0.9696 (|pool|=34)
  +('text', ('attn', 0, 1)) -> loss=0.9668 (|pool|=35)
  +('vision', ('attn', 4, 6)) -> loss=0.9644 (|pool|=36)
  +('vision', ('attn', 10, 3)) -> loss=0.9619 (|pool|=37)
  +('vision', ('attn', 10, 7)) -> loss=0.9592 (|pool|=38)
  +('text', ('attn', 2, 6)) -> loss=0.9572 (|pool|=39)
  +('text', ('attn', 5, 2)) -> loss=0.9551 (|pool|=40)
  +('vision', ('attn', 8, 3)) -> loss=0.9530 (|pool|=41)
  +('vision', ('mlp', 8, -1)) -> loss=0.9511 (|pool|=42)
  +('text', ('mlp', 3, -1)) -> loss=0.9492 (|pool|=43)
  +('text', ('mlp', 9, -1)) -> loss=0.9470 (|pool|=44)
  +('text', ('attn', 5, 6)) -> loss=0.9442 (|pool|=45)
  +('vision', ('attn', 6, 2)) -> loss=0.9419 (|pool|=46)
  +('vision', ('attn', 3, 7)) -> loss=0.9396 (|pool|=47)
  +('vision', ('attn', 7, 3)) -> loss=0.9375 (|pool|=48)
  +('vision', ('attn', 6, 4)) -> loss=0.9354 (|pool|=49)
  +('vision', ('attn', 3, 8)) -> loss=0.9335 (|pool|=50)
  +('vision', ('attn', 7, 10)) -> loss=0.9316 (|pool|=51)
  +('vision', ('attn', 4, 11)) -> loss=0.9297 (|pool|=52)
  +('vision', ('attn', 9, 11)) -> loss=0.9280 (|pool|=53)
  +('vision', ('attn', 4, 8)) -> loss=0.9262 (|pool|=54)
  +('text', ('attn', 6, 7)) -> loss=0.9246 (|pool|=55)
  +('text', ('attn', 2, 7)) -> loss=0.9230 (|pool|=56)
  +('text', ('attn', 0, 4)) -> loss=0.9216 (|pool|=57)
  +('text', ('attn', 4, 3)) -> loss=0.9202 (|pool|=58)
  +('text', ('attn', 1, 6)) -> loss=0.9189 (|pool|=59)
  +('text', ('attn', 9, 2)) -> loss=0.9176 (|pool|=60)
  +('text', ('attn', 5, 1)) -> loss=0.9163 (|pool|=61)
  +('vision', ('attn', 5, 8)) -> loss=0.9150 (|pool|=62)
  +('vision', ('attn', 8, 10)) -> loss=0.9135 (|pool|=63)
  +('vision', ('attn', 7, 5)) -> loss=0.9123 (|pool|=64)
  +('vision', ('attn', 4, 7)) -> loss=0.9109 (|pool|=65)
  +('vision', ('attn', 5, 11)) -> loss=0.9098 (|pool|=66)
  +('text', ('attn', 9, 0)) -> loss=0.9086 (|pool|=67)
  +('vision', ('attn', 2, 11)) -> loss=0.9075 (|pool|=68)
  +('vision', ('attn', 3, 3)) -> loss=0.9066 (|pool|=69)
  +('vision', ('attn', 7, 7)) -> loss=0.9056 (|pool|=70)
  +('text', ('attn', 9, 3)) -> loss=0.9046 (|pool|=71)
  +('text', ('attn', 3, 5)) -> loss=0.9037 (|pool|=72)
  +('text', ('attn', 1, 5)) -> loss=0.9028 (|pool|=73)
  +('vision', ('attn', 1, 10)) -> loss=0.9020 (|pool|=74)
  +('text', ('attn', 4, 6)) -> loss=0.9012 (|pool|=75)
  +('vision', ('attn', 7, 2)) -> loss=0.9006 (|pool|=76)
  +('text', ('attn', 6, 6)) -> loss=0.8997 (|pool|=77)
  +('vision', ('attn', 5, 7)) -> loss=0.8986 (|pool|=78)
  +('text', ('attn', 6, 3)) -> loss=0.8974 (|pool|=79)
  +('text', ('attn', 9, 5)) -> loss=0.8967 (|pool|=80)
  +('text', ('attn', 4, 4)) -> loss=0.8961 (|pool|=81)
  +('vision', ('attn', 1, 9)) -> loss=0.8955 (|pool|=82)
  +('text', ('attn', 5, 5)) -> loss=0.8950 (|pool|=83)
  +('vision', ('attn', 6, 1)) -> loss=0.8944 (|pool|=84)
  +('text', ('attn', 10, 3)) -> loss=0.8938 (|pool|=85)
  +('text', ('attn', 4, 1)) -> loss=0.8933 (|pool|=86)
  +('text', ('mlp', 0, -1)) -> loss=0.8928 (|pool|=87)
  +('text', ('attn', 5, 0)) -> loss=0.8924 (|pool|=88)
  +('vision', ('attn', 1, 2)) -> loss=0.8919 (|pool|=89)
  +('vision', ('attn', 0, 5)) -> loss=0.8915 (|pool|=90)
  +('vision', ('attn', 10, 6)) -> loss=0.8910 (|pool|=91)
  +('vision', ('attn', 7, 11)) -> loss=0.8906 (|pool|=92)
  +('vision', ('attn', 9, 7)) -> loss=0.8902 (|pool|=93)
  +('vision', ('attn', 2, 7)) -> loss=0.8899 (|pool|=94)
  +('vision', ('attn', 5, 4)) -> loss=0.8895 (|pool|=95)
  +('vision', ('attn', 0, 8)) -> loss=0.8892 (|pool|=96)
  +('vision', ('attn', 2, 3)) -> loss=0.8889 (|pool|=97)
  +('vision', ('attn', 8, 1)) -> loss=0.8887 (|pool|=98)
  +('text', ('attn', 11, 7)) -> loss=0.8884 (|pool|=99)
  +('vision', ('attn', 0, 2)) -> loss=0.8881 (|pool|=100)
  +('vision', ('attn', 10, 4)) -> loss=0.8878 (|pool|=101)
  +('text', ('attn', 6, 1)) -> loss=0.8874 (|pool|=102)
  +('text', ('attn', 4, 0)) -> loss=0.8872 (|pool|=103)
  +('vision', ('attn', 0, 4)) -> loss=0.8869 (|pool|=104)
  +('vision', ('attn', 2, 10)) -> loss=0.8867 (|pool|=105)
  +('vision', ('attn', 2, 8)) -> loss=0.8865 (|pool|=106)
  +('text', ('attn', 7, 7)) -> loss=0.8864 (|pool|=107)
  +('vision', ('attn', 8, 2)) -> loss=0.8862 (|pool|=108)
  +('vision', ('attn', 7, 4)) -> loss=0.8861 (|pool|=109)
  +('vision', ('attn', 6, 10)) -> loss=0.8859 (|pool|=110)
  +('vision', ('attn', 3, 9)) -> loss=0.8858 (|pool|=111)
  +('vision', ('attn', 6, 5)) -> loss=0.8857 (|pool|=112)
  +('text', ('attn', 7, 3)) -> loss=0.8856 (|pool|=113)
  +('text', ('attn', 1, 4)) -> loss=0.8856 (|pool|=114)
  +('vision', ('attn', 4, 1)) -> loss=0.8856 (|pool|=115)
  +('vision', ('attn', 3, 10)) -> loss=0.8855 (|pool|=116)
  +('text', ('attn', 6, 4)) -> loss=0.8855 (|pool|=117)
  +('vision', ('attn', 0, 9)) -> loss=0.8855 (|pool|=118)
[ViT-B-16/MNIST] full=49.30  pool(118)=61.30  best prefix(13)=62.50
[ViT-B-16/MNIST] 10 classes, calibration 10 pairs, 1000 images total
  seed pair ('vision', ('attn', 11, 9)) + ('text', ('attn', 11, 6))  loss=0.9005
  +('vision', ('mlp', 12, -1)) -> loss=0.8702 (|pool|=3)
  +('text', ('attn', 3, 7)) -> loss=0.8556 (|pool|=4)
  +('vision', ('attn', 11, 10)) -> loss=0.8452 (|pool|=5)
  +('vision', ('attn', 11, 3)) -> loss=0.8354 (|pool|=6)
  +('vision', ('attn', 10, 3)) -> loss=0.8283 (|pool|=7)
  +('text', ('mlp', 3, -1)) -> loss=0.8220 (|pool|=8)
  +('vision', ('attn', 11, 8)) -> loss=0.8140 (|pool|=9)
  +('text', ('attn', 1, 1)) -> loss=0.8075 (|pool|=10)
  +('vision', ('attn', 8, 9)) -> loss=0.8013 (|pool|=11)
  +('text', ('attn', 11, 2)) -> loss=0.7965 (|pool|=12)
  +('vision', ('attn', 10, 6)) -> loss=0.7918 (|pool|=13)
  +('text', ('attn', 10, 0)) -> loss=0.7866 (|pool|=14)
  +('vision', ('attn', 10, 8)) -> loss=0.7821 (|pool|=15)
  +('text', ('attn', 10, 4)) -> loss=0.7777 (|pool|=16)
  +('vision', ('attn', 11, 6)) -> loss=0.7723 (|pool|=17)
  +('vision', ('attn', 10, 4)) -> loss=0.7673 (|pool|=18)
  +('text', ('attn', 6, 0)) -> loss=0.7624 (|pool|=19)
  +('vision', ('attn', 4, 3)) -> loss=0.7577 (|pool|=20)
  +('text', ('attn', 5, 6)) -> loss=0.7535 (|pool|=21)
  +('text', ('attn', 1, 5)) -> loss=0.7499 (|pool|=22)
  +('text', ('attn', 0, 6)) -> loss=0.7462 (|pool|=23)
  +('vision', ('attn', 11, 2)) -> loss=0.7423 (|pool|=24)
  +('text', ('attn', 11, 3)) -> loss=0.7188 (|pool|=25)
  +('vision', ('attn', 10, 9)) -> loss=0.7142 (|pool|=26)
  +('vision', ('attn', 4, 4)) -> loss=0.7102 (|pool|=27)
  +('text', ('attn', 10, 7)) -> loss=0.7062 (|pool|=28)
  +('text', ('attn', 0, 1)) -> loss=0.7024 (|pool|=29)
  +('vision', ('attn', 6, 6)) -> loss=0.6994 (|pool|=30)
  +('vision', ('attn', 9, 0)) -> loss=0.6964 (|pool|=31)
  +('text', ('attn', 10, 1)) -> loss=0.6935 (|pool|=32)
  +('vision', ('attn', 3, 5)) -> loss=0.6909 (|pool|=33)
  +('text', ('attn', 6, 6)) -> loss=0.6886 (|pool|=34)
  +('vision', ('attn', 8, 4)) -> loss=0.6864 (|pool|=35)
  +('text', ('attn', 7, 6)) -> loss=0.6844 (|pool|=36)
  +('vision', ('attn', 5, 10)) -> loss=0.6824 (|pool|=37)
  +('text', ('attn', 4, 3)) -> loss=0.6805 (|pool|=38)
  +('text', ('attn', 9, 7)) -> loss=0.6789 (|pool|=39)
  +('text', ('attn', 9, 6)) -> loss=0.6774 (|pool|=40)
  +('vision', ('attn', 5, 7)) -> loss=0.6754 (|pool|=41)
  +('text', ('attn', 6, 7)) -> loss=0.6738 (|pool|=42)
  +('vision', ('attn', 3, 11)) -> loss=0.6723 (|pool|=43)
  +('text', ('attn', 10, 6)) -> loss=0.6707 (|pool|=44)
  +('text', ('mlp', 0, -1)) -> loss=0.6693 (|pool|=45)
  +('text', ('attn', 10, 3)) -> loss=0.6679 (|pool|=46)
  +('text', ('attn', 0, 3)) -> loss=0.6665 (|pool|=47)
  +('vision', ('attn', 7, 5)) -> loss=0.6651 (|pool|=48)
  +('vision', ('attn', 2, 11)) -> loss=0.6638 (|pool|=49)
  +('vision', ('attn', 6, 8)) -> loss=0.6625 (|pool|=50)
  +('vision', ('attn', 7, 2)) -> loss=0.6611 (|pool|=51)
  +('text', ('attn', 9, 3)) -> loss=0.6598 (|pool|=52)
  +('text', ('attn', 3, 6)) -> loss=0.6584 (|pool|=53)
  +('text', ('mlp', 8, -1)) -> loss=0.6571 (|pool|=54)
  +('vision', ('attn', 7, 1)) -> loss=0.6553 (|pool|=55)
  +('vision', ('attn', 9, 9)) -> loss=0.6535 (|pool|=56)
  +('text', ('attn', 11, 5)) -> loss=0.6519 (|pool|=57)
  +('vision', ('attn', 11, 5)) -> loss=0.6492 (|pool|=58)
  +('text', ('attn', 11, 0)) -> loss=0.6452 (|pool|=59)
  +('text', ('attn', 11, 7)) -> loss=0.6424 (|pool|=60)
  +('vision', ('mlp', 5, -1)) -> loss=0.6401 (|pool|=61)
  +('text', ('attn', 0, 2)) -> loss=0.6382 (|pool|=62)
  +('text', ('attn', 4, 2)) -> loss=0.6364 (|pool|=63)
  +('vision', ('mlp', 6, -1)) -> loss=0.6349 (|pool|=64)
  +('text', ('attn', 5, 1)) -> loss=0.6333 (|pool|=65)
  +('vision', ('attn', 5, 11)) -> loss=0.6318 (|pool|=66)
  +('text', ('attn', 5, 5)) -> loss=0.6303 (|pool|=67)
  +('vision', ('attn', 3, 7)) -> loss=0.6289 (|pool|=68)
  +('text', ('attn', 2, 4)) -> loss=0.6276 (|pool|=69)
  +('text', ('attn', 1, 0)) -> loss=0.6265 (|pool|=70)
  +('text', ('attn', 1, 6)) -> loss=0.6254 (|pool|=71)
  +('text', ('attn', 9, 2)) -> loss=0.6244 (|pool|=72)
  +('text', ('attn', 4, 5)) -> loss=0.6234 (|pool|=73)
  +('text', ('attn', 2, 3)) -> loss=0.6225 (|pool|=74)
  +('text', ('attn', 8, 7)) -> loss=0.6219 (|pool|=75)
  +('text', ('attn', 8, 1)) -> loss=0.6213 (|pool|=76)
  +('text', ('attn', 4, 7)) -> loss=0.6207 (|pool|=77)
  +('text', ('attn', 0, 7)) -> loss=0.6201 (|pool|=78)
  +('vision', ('attn', 4, 10)) -> loss=0.6195 (|pool|=79)
  +('vision', ('attn', 6, 9)) -> loss=0.6190 (|pool|=80)
  +('vision', ('attn', 4, 8)) -> loss=0.6184 (|pool|=81)
  +('vision', ('attn', 1, 10)) -> loss=0.6179 (|pool|=82)
  +('text', ('attn', 0, 4)) -> loss=0.6173 (|pool|=83)
  +('vision', ('attn', 7, 0)) -> loss=0.6168 (|pool|=84)
  +('vision', ('attn', 4, 7)) -> loss=0.6163 (|pool|=85)
  +('text', ('attn', 9, 5)) -> loss=0.6159 (|pool|=86)
  +('text', ('attn', 8, 6)) -> loss=0.6154 (|pool|=87)
  +('vision', ('attn', 3, 2)) -> loss=0.6150 (|pool|=88)
  +('vision', ('attn', 3, 3)) -> loss=0.6147 (|pool|=89)
  +('text', ('attn', 7, 0)) -> loss=0.6144 (|pool|=90)
  +('text', ('attn', 9, 0)) -> loss=0.6141 (|pool|=91)
  +('text', ('attn', 4, 0)) -> loss=0.6138 (|pool|=92)
  +('text', ('attn', 1, 4)) -> loss=0.6135 (|pool|=93)
  +('text', ('attn', 5, 0)) -> loss=0.6132 (|pool|=94)
  +('text', ('attn', 3, 3)) -> loss=0.6129 (|pool|=95)
  +('vision', ('attn', 2, 4)) -> loss=0.6127 (|pool|=96)
  +('vision', ('mlp', 1, -1)) -> loss=0.6121 (|pool|=97)
  +('text', ('attn', 1, 3)) -> loss=0.6119 (|pool|=98)
  +('vision', ('attn', 6, 0)) -> loss=0.6118 (|pool|=99)
  +('vision', ('attn', 3, 9)) -> loss=0.6116 (|pool|=100)
  +('vision', ('attn', 8, 0)) -> loss=0.6115 (|pool|=101)
  +('text', ('attn', 1, 7)) -> loss=0.6113 (|pool|=102)
  +('vision', ('attn', 3, 4)) -> loss=0.6112 (|pool|=103)
  +('vision', ('attn', 0, 4)) -> loss=0.6111 (|pool|=104)
  +('vision', ('attn', 9, 3)) -> loss=0.6110 (|pool|=105)
  +('vision', ('mlp', 9, -1)) -> loss=0.6105 (|pool|=106)
  +('text', ('mlp', 4, -1)) -> loss=0.6098 (|pool|=107)
  +('text', ('attn', 2, 0)) -> loss=0.6090 (|pool|=108)
  +('vision', ('attn', 2, 9)) -> loss=0.6089 (|pool|=109)
  +('text', ('attn', 6, 1)) -> loss=0.6087 (|pool|=110)
  +('vision', ('attn', 7, 10)) -> loss=0.6086 (|pool|=111)
  +('vision', ('attn', 2, 10)) -> loss=0.6084 (|pool|=112)
  +('vision', ('attn', 2, 3)) -> loss=0.6083 (|pool|=113)
  +('vision', ('attn', 7, 6)) -> loss=0.6082 (|pool|=114)
  +('text', ('attn', 5, 4)) -> loss=0.6081 (|pool|=115)
  +('vision', ('attn', 4, 1)) -> loss=0.6081 (|pool|=116)
  +('text', ('attn', 7, 3)) -> loss=0.6080 (|pool|=117)
  +('vision', ('attn', 10, 11)) -> loss=0.6080 (|pool|=118)
  +('vision', ('attn', 8, 5)) -> loss=0.6079 (|pool|=119)
  +('text', ('mlp', 11, -1)) -> loss=0.6066 (|pool|=120)
  +('vision', ('attn', 11, 0)) -> loss=0.6063 (|pool|=121)
  +('text', ('attn', 6, 2)) -> loss=0.6060 (|pool|=122)
  +('vision', ('attn', 6, 5)) -> loss=0.6057 (|pool|=123)
  +('text', ('attn', 4, 6)) -> loss=0.6056 (|pool|=124)
  +('text', ('attn', 6, 5)) -> loss=0.6055 (|pool|=125)
[ViT-B-16/MNIST] full=49.30  pool(125)=65.10  best prefix(64)=66.90
[ViT-B-16/MNIST] 10 classes, calibration 10 pairs, 1000 images total
  seed pair ('vision', ('attn', 11, 9)) + ('text', ('attn', 11, 6))  loss=1.3722
  +('vision', ('attn', 10, 10)) -> loss=1.3572 (|pool|=3)
  +('text', ('mlp', 11, -1)) -> loss=1.3433 (|pool|=4)
  +('vision', ('attn', 11, 3)) -> loss=1.3291 (|pool|=5)
  +('text', ('mlp', 8, -1)) -> loss=1.3164 (|pool|=6)
  +('vision', ('attn', 5, 3)) -> loss=1.3066 (|pool|=7)
  +('vision', ('mlp', 7, -1)) -> loss=1.2989 (|pool|=8)
  +('vision', ('attn', 9, 0)) -> loss=1.2919 (|pool|=9)
  +('text', ('attn', 10, 1)) -> loss=1.2844 (|pool|=10)
  +('vision', ('attn', 11, 10)) -> loss=1.2758 (|pool|=11)
  +('text', ('mlp', 9, -1)) -> loss=1.2607 (|pool|=12)
  +('text', ('mlp', 3, -1)) -> loss=1.2554 (|pool|=13)
  +('vision', ('attn', 10, 8)) -> loss=1.2498 (|pool|=14)
  +('text', ('attn', 8, 5)) -> loss=1.2451 (|pool|=15)
  +('vision', ('attn', 10, 7)) -> loss=1.2411 (|pool|=16)
  +('vision', ('attn', 7, 5)) -> loss=1.2370 (|pool|=17)
  +('vision', ('attn', 8, 8)) -> loss=1.2327 (|pool|=18)
  +('text', ('attn', 11, 2)) -> loss=1.2289 (|pool|=19)
  +('vision', ('attn', 6, 2)) -> loss=1.2250 (|pool|=20)
  +('vision', ('attn', 10, 0)) -> loss=1.2212 (|pool|=21)
  +('vision', ('attn', 5, 8)) -> loss=1.2179 (|pool|=22)
  +('vision', ('attn', 10, 11)) -> loss=1.2145 (|pool|=23)
  +('text', ('attn', 6, 6)) -> loss=1.2112 (|pool|=24)
  +('vision', ('attn', 6, 1)) -> loss=1.2072 (|pool|=25)
  +('text', ('attn', 5, 6)) -> loss=1.2036 (|pool|=26)
  +('vision', ('attn', 11, 0)) -> loss=1.2003 (|pool|=27)
  +('vision', ('attn', 5, 6)) -> loss=1.1966 (|pool|=28)
  +('text', ('mlp', 2, -1)) -> loss=1.1927 (|pool|=29)
  +('vision', ('attn', 2, 11)) -> loss=1.1898 (|pool|=30)
  +('vision', ('attn', 8, 3)) -> loss=1.1870 (|pool|=31)
  +('text', ('attn', 0, 1)) -> loss=1.1844 (|pool|=32)
  +('text', ('attn', 7, 0)) -> loss=1.1823 (|pool|=33)
  +('vision', ('attn', 8, 7)) -> loss=1.1804 (|pool|=34)
  +('vision', ('attn', 3, 3)) -> loss=1.1788 (|pool|=35)
  +('text', ('attn', 5, 7)) -> loss=1.1773 (|pool|=36)
  +('text', ('attn', 6, 7)) -> loss=1.1760 (|pool|=37)
  +('vision', ('mlp', 6, -1)) -> loss=1.1746 (|pool|=38)
  +('text', ('attn', 10, 4)) -> loss=1.1712 (|pool|=39)
  +('vision', ('attn', 10, 1)) -> loss=1.1695 (|pool|=40)
  +('text', ('attn', 7, 2)) -> loss=1.1678 (|pool|=41)
  +('text', ('attn', 0, 6)) -> loss=1.1663 (|pool|=42)
  +('vision', ('attn', 6, 3)) -> loss=1.1648 (|pool|=43)
  +('text', ('attn', 0, 3)) -> loss=1.1633 (|pool|=44)
  +('vision', ('attn', 7, 10)) -> loss=1.1619 (|pool|=45)
  +('vision', ('attn', 9, 6)) -> loss=1.1605 (|pool|=46)
  +('vision', ('attn', 3, 4)) -> loss=1.1591 (|pool|=47)
  +('vision', ('attn', 1, 10)) -> loss=1.1579 (|pool|=48)
  +('vision', ('attn', 7, 4)) -> loss=1.1568 (|pool|=49)
  +('text', ('attn', 4, 3)) -> loss=1.1558 (|pool|=50)
  +('vision', ('attn', 2, 1)) -> loss=1.1548 (|pool|=51)
  +('text', ('attn', 8, 1)) -> loss=1.1537 (|pool|=52)
  +('text', ('attn', 1, 1)) -> loss=1.1527 (|pool|=53)
  +('vision', ('attn', 4, 0)) -> loss=1.1515 (|pool|=54)
  +('text', ('attn', 4, 2)) -> loss=1.1504 (|pool|=55)
  +('vision', ('attn', 1, 6)) -> loss=1.1495 (|pool|=56)
  +('vision', ('attn', 4, 9)) -> loss=1.1485 (|pool|=57)
  +('text', ('attn', 5, 5)) -> loss=1.1477 (|pool|=58)
  +('text', ('attn', 4, 4)) -> loss=1.1470 (|pool|=59)
  +('text', ('attn', 2, 0)) -> loss=1.1462 (|pool|=60)
  +('vision', ('attn', 1, 7)) -> loss=1.1455 (|pool|=61)
  +('text', ('attn', 5, 2)) -> loss=1.1449 (|pool|=62)
  +('vision', ('attn', 0, 5)) -> loss=1.1443 (|pool|=63)
  +('vision', ('attn', 2, 7)) -> loss=1.1436 (|pool|=64)
  +('text', ('attn', 1, 5)) -> loss=1.1430 (|pool|=65)
  +('text', ('attn', 10, 6)) -> loss=1.1424 (|pool|=66)
  +('vision', ('attn', 3, 11)) -> loss=1.1418 (|pool|=67)
  +('vision', ('attn', 9, 7)) -> loss=1.1412 (|pool|=68)
  +('text', ('attn', 1, 0)) -> loss=1.1407 (|pool|=69)
  +('vision', ('attn', 1, 9)) -> loss=1.1402 (|pool|=70)
  +('vision', ('attn', 0, 8)) -> loss=1.1396 (|pool|=71)
  +('text', ('attn', 9, 5)) -> loss=1.1391 (|pool|=72)
  +('vision', ('attn', 1, 8)) -> loss=1.1387 (|pool|=73)
  +('text', ('attn', 0, 0)) -> loss=1.1383 (|pool|=74)
  +('text', ('attn', 3, 4)) -> loss=1.1378 (|pool|=75)
  +('text', ('attn', 9, 4)) -> loss=1.1374 (|pool|=76)
  +('vision', ('attn', 1, 11)) -> loss=1.1370 (|pool|=77)
  +('text', ('attn', 5, 1)) -> loss=1.1367 (|pool|=78)
  +('vision', ('attn', 7, 1)) -> loss=1.1362 (|pool|=79)
  +('vision', ('attn', 5, 0)) -> loss=1.1358 (|pool|=80)
  +('vision', ('attn', 2, 0)) -> loss=1.1354 (|pool|=81)
  +('text', ('attn', 9, 0)) -> loss=1.1351 (|pool|=82)
  +('text', ('attn', 7, 7)) -> loss=1.1348 (|pool|=83)
  +('vision', ('attn', 3, 6)) -> loss=1.1345 (|pool|=84)
  +('vision', ('attn', 0, 1)) -> loss=1.1342 (|pool|=85)
  +('text', ('attn', 3, 5)) -> loss=1.1339 (|pool|=86)
  +('vision', ('attn', 0, 6)) -> loss=1.1337 (|pool|=87)
  +('text', ('attn', 3, 3)) -> loss=1.1335 (|pool|=88)
  +('text', ('attn', 4, 6)) -> loss=1.1333 (|pool|=89)
  +('vision', ('attn', 1, 3)) -> loss=1.1331 (|pool|=90)
  +('text', ('attn', 1, 6)) -> loss=1.1329 (|pool|=91)
  +('vision', ('attn', 0, 3)) -> loss=1.1327 (|pool|=92)
  +('vision', ('attn', 1, 5)) -> loss=1.1325 (|pool|=93)
  +('text', ('attn', 9, 2)) -> loss=1.1324 (|pool|=94)
  +('text', ('attn', 6, 0)) -> loss=1.1323 (|pool|=95)
  +('text', ('attn', 2, 7)) -> loss=1.1321 (|pool|=96)
  +('vision', ('attn', 4, 4)) -> loss=1.1318 (|pool|=97)
  +('text', ('attn', 7, 1)) -> loss=1.1315 (|pool|=98)
  +('vision', ('attn', 7, 3)) -> loss=1.1310 (|pool|=99)
  +('vision', ('attn', 3, 2)) -> loss=1.1305 (|pool|=100)
  +('text', ('attn', 5, 0)) -> loss=1.1302 (|pool|=101)
  +('text', ('attn', 8, 3)) -> loss=1.1300 (|pool|=102)
  +('vision', ('attn', 7, 11)) -> loss=1.1298 (|pool|=103)
  +('vision', ('attn', 6, 9)) -> loss=1.1296 (|pool|=104)
  +('text', ('attn', 6, 1)) -> loss=1.1294 (|pool|=105)
  +('text', ('attn', 9, 6)) -> loss=1.1293 (|pool|=106)
  +('vision', ('attn', 11, 5)) -> loss=1.1285 (|pool|=107)
  +('text', ('attn', 10, 0)) -> loss=1.1248 (|pool|=108)
  +('vision', ('attn', 11, 2)) -> loss=1.1190 (|pool|=109)
  +('text', ('attn', 11, 3)) -> loss=1.0792 (|pool|=110)
  +('vision', ('attn', 10, 9)) -> loss=1.0751 (|pool|=111)
  +('text', ('attn', 11, 5)) -> loss=1.0709 (|pool|=112)
  +('vision', ('mlp', 9, -1)) -> loss=1.0650 (|pool|=113)
  +('vision', ('attn', 10, 3)) -> loss=1.0609 (|pool|=114)
  +('text', ('attn', 3, 7)) -> loss=1.0581 (|pool|=115)
  +('text', ('attn', 0, 5)) -> loss=1.0568 (|pool|=116)
  +('text', ('mlp', 6, -1)) -> loss=1.0553 (|pool|=117)
  +('vision', ('attn', 9, 8)) -> loss=1.0532 (|pool|=118)
  +('vision', ('attn', 4, 6)) -> loss=1.0515 (|pool|=119)
  +('text', ('attn', 11, 7)) -> loss=1.0499 (|pool|=120)
  +('vision', ('attn', 5, 4)) -> loss=1.0485 (|pool|=121)
  +('text', ('attn', 1, 7)) -> loss=1.0474 (|pool|=122)
  +('text', ('attn', 9, 7)) -> loss=1.0464 (|pool|=123)
  +('text', ('attn', 0, 4)) -> loss=1.0454 (|pool|=124)
  +('vision', ('attn', 3, 0)) -> loss=1.0446 (|pool|=125)
  +('vision', ('attn', 9, 3)) -> loss=1.0437 (|pool|=126)
  +('text', ('attn', 10, 7)) -> loss=1.0427 (|pool|=127)
  +('text', ('mlp', 1, -1)) -> loss=1.0419 (|pool|=128)
  +('text', ('attn', 8, 4)) -> loss=1.0411 (|pool|=129)
  +('vision', ('attn', 9, 5)) -> loss=1.0396 (|pool|=130)
  +('text', ('attn', 7, 3)) -> loss=1.0389 (|pool|=131)
  +('vision', ('attn', 0, 10)) -> loss=1.0383 (|pool|=132)
  +('vision', ('attn', 10, 6)) -> loss=1.0372 (|pool|=133)
  +('vision', ('attn', 2, 8)) -> loss=1.0367 (|pool|=134)
  +('text', ('attn', 9, 1)) -> loss=1.0362 (|pool|=135)
  +('text', ('attn', 1, 4)) -> loss=1.0358 (|pool|=136)
  +('vision', ('attn', 2, 9)) -> loss=1.0354 (|pool|=137)
  +('vision', ('attn', 1, 0)) -> loss=1.0351 (|pool|=138)
  +('vision', ('attn', 8, 1)) -> loss=1.0349 (|pool|=139)
  +('vision', ('attn', 0, 11)) -> loss=1.0348 (|pool|=140)
  +('vision', ('attn', 0, 9)) -> loss=1.0347 (|pool|=141)
  +('text', ('attn', 1, 3)) -> loss=1.0346 (|pool|=142)
  +('vision', ('attn', 2, 4)) -> loss=1.0346 (|pool|=143)
  +('text', ('attn', 2, 4)) -> loss=1.0346 (|pool|=144)
  +('vision', ('attn', 1, 1)) -> loss=1.0345 (|pool|=145)
[ViT-B-16/MNIST] full=49.30  pool(145)=65.30  best prefix(115)=70.40
[ViT-B-16] wrote greedy_pool_{eval,trace,pool}
[ViT-L-14/MNIST] 10 classes, calibration 10 pairs, 1000 images total
  seed pair ('vision', ('attn', 23, 10)) + ('text', ('attn', 9, 5))  loss=1.5418
  +('text', ('attn', 11, 5)) -> loss=1.2683 (|pool|=3)
  +('text', ('attn', 11, 9)) -> loss=1.1233 (|pool|=4)
  +('vision', ('attn', 20, 12)) -> loss=1.0270 (|pool|=5)
  +('text', ('attn', 11, 10)) -> loss=0.9741 (|pool|=6)
  +('vision', ('attn', 20, 4)) -> loss=0.9559 (|pool|=7)
  +('text', ('attn', 9, 7)) -> loss=0.9322 (|pool|=8)
  +('vision', ('mlp', 20, -1)) -> loss=0.8878 (|pool|=9)
  +('text', ('mlp', 11, -1)) -> loss=0.8459 (|pool|=10)
  +('vision', ('mlp', 11, -1)) -> loss=0.8153 (|pool|=11)
  +('text', ('mlp', 6, -1)) -> loss=0.7927 (|pool|=12)
  +('vision', ('attn', 20, 9)) -> loss=0.7741 (|pool|=13)
  +('vision', ('attn', 23, 9)) -> loss=0.7577 (|pool|=14)
  +('text', ('attn', 11, 2)) -> loss=0.7402 (|pool|=15)
  +('vision', ('attn', 19, 9)) -> loss=0.7235 (|pool|=16)
  +('vision', ('attn', 23, 11)) -> loss=0.7081 (|pool|=17)
  +('vision', ('attn', 18, 3)) -> loss=0.6939 (|pool|=18)
  +('vision', ('attn', 12, 12)) -> loss=0.6814 (|pool|=19)
  +('vision', ('attn', 15, 8)) -> loss=0.6692 (|pool|=20)
  +('vision', ('attn', 20, 15)) -> loss=0.6573 (|pool|=21)
  +('vision', ('attn', 22, 12)) -> loss=0.6456 (|pool|=22)
  +('text', ('mlp', 5, -1)) -> loss=0.6333 (|pool|=23)
  +('vision', ('attn', 20, 5)) -> loss=0.6209 (|pool|=24)
  +('vision', ('attn', 14, 11)) -> loss=0.6095 (|pool|=25)
  +('vision', ('mlp', 15, -1)) -> loss=0.5979 (|pool|=26)
  +('vision', ('attn', 19, 13)) -> loss=0.5893 (|pool|=27)
  +('vision', ('attn', 23, 4)) -> loss=0.5800 (|pool|=28)
  +('text', ('attn', 11, 8)) -> loss=0.5713 (|pool|=29)
  +('vision', ('attn', 22, 11)) -> loss=0.5622 (|pool|=30)
  +('vision', ('attn', 13, 0)) -> loss=0.5544 (|pool|=31)
  +('text', ('attn', 3, 2)) -> loss=0.5477 (|pool|=32)
  +('vision', ('attn', 16, 7)) -> loss=0.5415 (|pool|=33)
  +('vision', ('attn', 18, 9)) -> loss=0.5344 (|pool|=34)
  +('vision', ('attn', 13, 3)) -> loss=0.5282 (|pool|=35)
  +('vision', ('attn', 16, 0)) -> loss=0.5221 (|pool|=36)
  +('vision', ('attn', 7, 1)) -> loss=0.5159 (|pool|=37)
  +('vision', ('attn', 19, 1)) -> loss=0.5102 (|pool|=38)
  +('vision', ('attn', 23, 8)) -> loss=0.5046 (|pool|=39)
  +('vision', ('attn', 17, 1)) -> loss=0.4990 (|pool|=40)
  +('vision', ('mlp', 2, -1)) -> loss=0.4936 (|pool|=41)
  +('vision', ('attn', 17, 4)) -> loss=0.4888 (|pool|=42)
  +('vision', ('attn', 19, 12)) -> loss=0.4841 (|pool|=43)
  +('text', ('attn', 1, 5)) -> loss=0.4795 (|pool|=44)
  +('vision', ('attn', 10, 3)) -> loss=0.4752 (|pool|=45)
  +('text', ('attn', 3, 5)) -> loss=0.4712 (|pool|=46)
  +('vision', ('attn', 21, 1)) -> loss=0.4672 (|pool|=47)
  +('text', ('attn', 11, 7)) -> loss=0.4597 (|pool|=48)
  +('vision', ('attn', 23, 1)) -> loss=0.4545 (|pool|=49)
  +('vision', ('mlp', 3, -1)) -> loss=0.4489 (|pool|=50)
  +('vision', ('attn', 20, 1)) -> loss=0.4443 (|pool|=51)
  +('vision', ('attn', 11, 1)) -> loss=0.4404 (|pool|=52)
  +('vision', ('attn', 20, 11)) -> loss=0.4362 (|pool|=53)
  +('vision', ('attn', 21, 12)) -> loss=0.4311 (|pool|=54)
  +('vision', ('attn', 18, 12)) -> loss=0.4271 (|pool|=55)
  +('vision', ('mlp', 10, -1)) -> loss=0.4232 (|pool|=56)
  +('vision', ('attn', 14, 7)) -> loss=0.4193 (|pool|=57)
  +('vision', ('attn', 8, 9)) -> loss=0.4155 (|pool|=58)
  +('vision', ('attn', 21, 14)) -> loss=0.4119 (|pool|=59)
  +('vision', ('attn', 22, 0)) -> loss=0.4083 (|pool|=60)
  +('text', ('attn', 0, 11)) -> loss=0.4046 (|pool|=61)
  +('vision', ('attn', 17, 9)) -> loss=0.4008 (|pool|=62)
  +('vision', ('attn', 21, 6)) -> loss=0.3973 (|pool|=63)
  +('vision', ('attn', 18, 4)) -> loss=0.3935 (|pool|=64)
  +('vision', ('attn', 19, 11)) -> loss=0.3895 (|pool|=65)
  +('text', ('attn', 2, 6)) -> loss=0.3857 (|pool|=66)
  +('vision', ('attn', 17, 3)) -> loss=0.3824 (|pool|=67)
  +('vision', ('mlp', 16, -1)) -> loss=0.3763 (|pool|=68)
  +('text', ('attn', 10, 7)) -> loss=0.3730 (|pool|=69)
  +('vision', ('attn', 22, 15)) -> loss=0.3694 (|pool|=70)
  +('vision', ('attn', 18, 5)) -> loss=0.3660 (|pool|=71)
  +('vision', ('attn', 22, 5)) -> loss=0.3626 (|pool|=72)
  +('vision', ('attn', 18, 8)) -> loss=0.3596 (|pool|=73)
  +('vision', ('attn', 11, 12)) -> loss=0.3568 (|pool|=74)
  +('vision', ('attn', 23, 6)) -> loss=0.3540 (|pool|=75)
  +('vision', ('attn', 14, 15)) -> loss=0.3511 (|pool|=76)
  +('text', ('attn', 10, 3)) -> loss=0.3480 (|pool|=77)
  +('vision', ('attn', 12, 7)) -> loss=0.3455 (|pool|=78)
  +('vision', ('attn', 17, 15)) -> loss=0.3430 (|pool|=79)
  +('text', ('attn', 0, 5)) -> loss=0.3404 (|pool|=80)
  +('vision', ('attn', 21, 15)) -> loss=0.3377 (|pool|=81)
  +('vision', ('attn', 7, 5)) -> loss=0.3348 (|pool|=82)
  +('vision', ('attn', 15, 14)) -> loss=0.3322 (|pool|=83)
  +('vision', ('attn', 14, 14)) -> loss=0.3295 (|pool|=84)
  +('text', ('attn', 1, 11)) -> loss=0.3269 (|pool|=85)
  +('vision', ('attn', 9, 5)) -> loss=0.3244 (|pool|=86)
  +('vision', ('attn', 20, 0)) -> loss=0.3221 (|pool|=87)
  +('vision', ('attn', 9, 0)) -> loss=0.3198 (|pool|=88)
  +('vision', ('attn', 8, 3)) -> loss=0.3176 (|pool|=89)
  +('vision', ('attn', 11, 2)) -> loss=0.3153 (|pool|=90)
  +('vision', ('attn', 17, 6)) -> loss=0.3132 (|pool|=91)
  +('text', ('attn', 10, 0)) -> loss=0.3111 (|pool|=92)
  +('text', ('attn', 4, 7)) -> loss=0.3091 (|pool|=93)
  +('vision', ('attn', 23, 3)) -> loss=0.3063 (|pool|=94)
  +('text', ('mlp', 7, -1)) -> loss=0.3039 (|pool|=95)
  +('vision', ('attn', 19, 4)) -> loss=0.3011 (|pool|=96)
  +('vision', ('attn', 19, 0)) -> loss=0.2989 (|pool|=97)
  +('text', ('attn', 9, 2)) -> loss=0.2968 (|pool|=98)
  +('vision', ('attn', 11, 7)) -> loss=0.2947 (|pool|=99)
  +('vision', ('attn', 5, 9)) -> loss=0.2927 (|pool|=100)
  +('vision', ('attn', 20, 8)) -> loss=0.2906 (|pool|=101)
  +('vision', ('attn', 15, 1)) -> loss=0.2886 (|pool|=102)
  +('vision', ('attn', 22, 6)) -> loss=0.2868 (|pool|=103)
  +('text', ('attn', 11, 4)) -> loss=0.2850 (|pool|=104)
  +('text', ('mlp', 0, -1)) -> loss=0.2831 (|pool|=105)
  +('vision', ('attn', 14, 8)) -> loss=0.2814 (|pool|=106)
  +('vision', ('attn', 7, 0)) -> loss=0.2798 (|pool|=107)
  +('vision', ('attn', 4, 9)) -> loss=0.2782 (|pool|=108)
  +('vision', ('attn', 19, 5)) -> loss=0.2767 (|pool|=109)
  +('vision', ('attn', 9, 10)) -> loss=0.2751 (|pool|=110)
  +('text', ('attn', 8, 4)) -> loss=0.2736 (|pool|=111)
  +('vision', ('attn', 13, 2)) -> loss=0.2721 (|pool|=112)
  +('vision', ('attn', 9, 1)) -> loss=0.2707 (|pool|=113)
  +('vision', ('attn', 23, 5)) -> loss=0.2693 (|pool|=114)
  +('vision', ('attn', 11, 6)) -> loss=0.2677 (|pool|=115)
  +('text', ('attn', 5, 4)) -> loss=0.2663 (|pool|=116)
  +('vision', ('attn', 5, 11)) -> loss=0.2650 (|pool|=117)
  +('vision', ('attn', 14, 10)) -> loss=0.2637 (|pool|=118)
  +('text', ('attn', 2, 0)) -> loss=0.2625 (|pool|=119)
  +('text', ('attn', 3, 9)) -> loss=0.2613 (|pool|=120)
  +('vision', ('attn', 12, 5)) -> loss=0.2600 (|pool|=121)
  +('vision', ('attn', 8, 11)) -> loss=0.2588 (|pool|=122)
  +('vision', ('attn', 17, 5)) -> loss=0.2576 (|pool|=123)
  +('vision', ('attn', 18, 6)) -> loss=0.2564 (|pool|=124)
  +('text', ('attn', 6, 6)) -> loss=0.2552 (|pool|=125)
  +('text', ('attn', 10, 1)) -> loss=0.2539 (|pool|=126)
  +('vision', ('attn', 8, 2)) -> loss=0.2528 (|pool|=127)
  +('vision', ('attn', 21, 13)) -> loss=0.2516 (|pool|=128)
  +('text', ('attn', 0, 2)) -> loss=0.2505 (|pool|=129)
  +('vision', ('attn', 9, 9)) -> loss=0.2494 (|pool|=130)
  +('text', ('attn', 6, 10)) -> loss=0.2484 (|pool|=131)
  +('vision', ('attn', 8, 12)) -> loss=0.2473 (|pool|=132)
  +('vision', ('attn', 17, 13)) -> loss=0.2464 (|pool|=133)
  +('vision', ('attn', 7, 13)) -> loss=0.2455 (|pool|=134)
  +('text', ('attn', 10, 5)) -> loss=0.2445 (|pool|=135)
  +('vision', ('attn', 13, 8)) -> loss=0.2435 (|pool|=136)
  +('vision', ('attn', 10, 4)) -> loss=0.2426 (|pool|=137)
  +('vision', ('attn', 5, 0)) -> loss=0.2417 (|pool|=138)
  +('text', ('attn', 10, 11)) -> loss=0.2409 (|pool|=139)
  +('vision', ('attn', 22, 7)) -> loss=0.2391 (|pool|=140)
  +('vision', ('attn', 15, 13)) -> loss=0.2380 (|pool|=141)
  +('vision', ('attn', 21, 2)) -> loss=0.2370 (|pool|=142)
  +('vision', ('attn', 15, 4)) -> loss=0.2362 (|pool|=143)
  +('vision', ('attn', 6, 6)) -> loss=0.2354 (|pool|=144)
  +('vision', ('attn', 16, 8)) -> loss=0.2345 (|pool|=145)
  +('vision', ('attn', 10, 2)) -> loss=0.2336 (|pool|=146)
  +('vision', ('attn', 5, 12)) -> loss=0.2327 (|pool|=147)
  +('vision', ('attn', 3, 1)) -> loss=0.2319 (|pool|=148)
  +('text', ('attn', 1, 4)) -> loss=0.2312 (|pool|=149)
  +('vision', ('attn', 12, 0)) -> loss=0.2305 (|pool|=150)
  +('vision', ('attn', 16, 13)) -> loss=0.2297 (|pool|=151)
  +('vision', ('attn', 7, 3)) -> loss=0.2289 (|pool|=152)
  +('vision', ('attn', 12, 2)) -> loss=0.2282 (|pool|=153)
  +('vision', ('attn', 6, 5)) -> loss=0.2275 (|pool|=154)
  +('text', ('attn', 9, 6)) -> loss=0.2268 (|pool|=155)
  +('vision', ('attn', 6, 3)) -> loss=0.2261 (|pool|=156)
  +('vision', ('attn', 19, 8)) -> loss=0.2254 (|pool|=157)
  +('vision', ('attn', 12, 9)) -> loss=0.2248 (|pool|=158)
  +('vision', ('attn', 17, 12)) -> loss=0.2242 (|pool|=159)
  +('vision', ('attn', 6, 1)) -> loss=0.2236 (|pool|=160)
  +('vision', ('attn', 7, 4)) -> loss=0.2229 (|pool|=161)
  +('vision', ('attn', 9, 8)) -> loss=0.2224 (|pool|=162)
  +('text', ('attn', 11, 11)) -> loss=0.2215 (|pool|=163)
  +('vision', ('attn', 9, 11)) -> loss=0.2207 (|pool|=164)
  +('vision', ('attn', 23, 0)) -> loss=0.2200 (|pool|=165)
  +('vision', ('mlp', 6, -1)) -> loss=0.2192 (|pool|=166)
  +('vision', ('attn', 9, 6)) -> loss=0.2184 (|pool|=167)
  +('text', ('attn', 10, 6)) -> loss=0.2178 (|pool|=168)
  +('vision', ('attn', 18, 15)) -> loss=0.2172 (|pool|=169)
  +('vision', ('attn', 17, 8)) -> loss=0.2167 (|pool|=170)
  +('vision', ('attn', 23, 13)) -> loss=0.2161 (|pool|=171)
  +('vision', ('attn', 6, 15)) -> loss=0.2154 (|pool|=172)
  +('vision', ('attn', 10, 8)) -> loss=0.2148 (|pool|=173)
  +('vision', ('attn', 6, 9)) -> loss=0.2141 (|pool|=174)
  +('vision', ('attn', 8, 14)) -> loss=0.2136 (|pool|=175)
  +('vision', ('attn', 14, 5)) -> loss=0.2131 (|pool|=176)
  +('text', ('attn', 3, 11)) -> loss=0.2127 (|pool|=177)
  +('vision', ('attn', 7, 10)) -> loss=0.2122 (|pool|=178)
  +('text', ('attn', 11, 6)) -> loss=0.2118 (|pool|=179)
  +('vision', ('attn', 7, 8)) -> loss=0.2113 (|pool|=180)
  +('vision', ('attn', 17, 11)) -> loss=0.2109 (|pool|=181)
  +('vision', ('attn', 14, 4)) -> loss=0.2105 (|pool|=182)
  +('vision', ('attn', 3, 2)) -> loss=0.2100 (|pool|=183)
  +('text', ('attn', 9, 1)) -> loss=0.2097 (|pool|=184)
  +('text', ('attn', 2, 4)) -> loss=0.2093 (|pool|=185)
  +('vision', ('attn', 11, 10)) -> loss=0.2089 (|pool|=186)
  +('text', ('attn', 10, 8)) -> loss=0.2085 (|pool|=187)
  +('vision', ('attn', 18, 11)) -> loss=0.2082 (|pool|=188)
  +('vision', ('attn', 9, 4)) -> loss=0.2078 (|pool|=189)
  +('vision', ('attn', 19, 7)) -> loss=0.2073 (|pool|=190)
  +('vision', ('attn', 21, 10)) -> loss=0.2069 (|pool|=191)
  +('vision', ('attn', 0, 6)) -> loss=0.2062 (|pool|=192)
  +('text', ('attn', 3, 3)) -> loss=0.2058 (|pool|=193)
  +('text', ('attn', 7, 3)) -> loss=0.2054 (|pool|=194)
  +('vision', ('attn', 16, 10)) -> loss=0.2050 (|pool|=195)
  +('text', ('attn', 6, 1)) -> loss=0.2045 (|pool|=196)
  +('vision', ('attn', 16, 14)) -> loss=0.2040 (|pool|=197)
  +('vision', ('attn', 20, 3)) -> loss=0.2035 (|pool|=198)
  +('text', ('attn', 9, 8)) -> loss=0.2031 (|pool|=199)
  +('vision', ('attn', 5, 4)) -> loss=0.2028 (|pool|=200)
[ViT-L-14/MNIST] full=51.60  pool(200)=77.80  best prefix(193)=79.50
[ViT-L-14/MNIST] 10 classes, calibration 10 pairs, 1000 images total
  seed pair ('vision', ('attn', 23, 10)) + ('text', ('attn', 9, 5))  loss=1.5173
  +('text', ('attn', 11, 5)) -> loss=1.2598 (|pool|=3)
  +('text', ('attn', 11, 9)) -> loss=1.1286 (|pool|=4)
  +('vision', ('attn', 20, 12)) -> loss=1.0564 (|pool|=5)
  +('text', ('attn', 11, 10)) -> loss=1.0080 (|pool|=6)
  +('vision', ('attn', 23, 4)) -> loss=0.9762 (|pool|=7)
  +('text', ('attn', 9, 7)) -> loss=0.9507 (|pool|=8)
  +('text', ('attn', 11, 2)) -> loss=0.9240 (|pool|=9)
  +('vision', ('attn', 16, 7)) -> loss=0.9026 (|pool|=10)
  +('vision', ('attn', 20, 4)) -> loss=0.8819 (|pool|=11)
  +('vision', ('attn', 23, 9)) -> loss=0.8643 (|pool|=12)
  +('vision', ('attn', 18, 9)) -> loss=0.8501 (|pool|=13)
  +('vision', ('attn', 20, 11)) -> loss=0.8378 (|pool|=14)
  +('vision', ('attn', 13, 0)) -> loss=0.8255 (|pool|=15)
  +('vision', ('attn', 21, 12)) -> loss=0.8143 (|pool|=16)
  +('vision', ('attn', 17, 12)) -> loss=0.8047 (|pool|=17)
  +('vision', ('attn', 20, 9)) -> loss=0.7957 (|pool|=18)
  +('text', ('mlp', 7, -1)) -> loss=0.7834 (|pool|=19)
  +('vision', ('attn', 18, 5)) -> loss=0.7735 (|pool|=20)
  +('vision', ('attn', 19, 5)) -> loss=0.7637 (|pool|=21)
  +('vision', ('attn', 23, 1)) -> loss=0.7536 (|pool|=22)
  +('vision', ('attn', 15, 8)) -> loss=0.7449 (|pool|=23)
  +('vision', ('attn', 7, 5)) -> loss=0.7366 (|pool|=24)
  +('vision', ('attn', 20, 15)) -> loss=0.7286 (|pool|=25)
  +('vision', ('attn', 14, 15)) -> loss=0.7209 (|pool|=26)
  +('vision', ('attn', 14, 8)) -> loss=0.7133 (|pool|=27)
  +('text', ('mlp', 8, -1)) -> loss=0.7062 (|pool|=28)
  +('vision', ('attn', 19, 10)) -> loss=0.6953 (|pool|=29)
  +('vision', ('attn', 19, 11)) -> loss=0.6863 (|pool|=30)
  +('text', ('attn', 0, 11)) -> loss=0.6765 (|pool|=31)
  +('vision', ('attn', 22, 8)) -> loss=0.6683 (|pool|=32)
  +('vision', ('attn', 23, 2)) -> loss=0.6585 (|pool|=33)
  +('vision', ('attn', 23, 6)) -> loss=0.6504 (|pool|=34)
  +('vision', ('attn', 17, 1)) -> loss=0.6430 (|pool|=35)
  +('vision', ('attn', 8, 8)) -> loss=0.6363 (|pool|=36)
  +('vision', ('attn', 23, 8)) -> loss=0.6296 (|pool|=37)
  +('vision', ('attn', 22, 4)) -> loss=0.6231 (|pool|=38)
  +('text', ('attn', 9, 11)) -> loss=0.6166 (|pool|=39)
  +('vision', ('attn', 12, 5)) -> loss=0.6107 (|pool|=40)
  +('vision', ('attn', 16, 12)) -> loss=0.6047 (|pool|=41)
  +('vision', ('attn', 17, 15)) -> loss=0.5995 (|pool|=42)
  +('vision', ('attn', 17, 9)) -> loss=0.5944 (|pool|=43)
  +('text', ('attn', 3, 2)) -> loss=0.5893 (|pool|=44)
  +('text', ('attn', 1, 11)) -> loss=0.5843 (|pool|=45)
  +('vision', ('attn', 18, 8)) -> loss=0.5795 (|pool|=46)
  +('vision', ('attn', 17, 3)) -> loss=0.5750 (|pool|=47)
  +('vision', ('attn', 21, 1)) -> loss=0.5696 (|pool|=48)
  +('text', ('attn', 3, 5)) -> loss=0.5645 (|pool|=49)
  +('vision', ('attn', 12, 2)) -> loss=0.5597 (|pool|=50)
  +('vision', ('attn', 12, 12)) -> loss=0.5551 (|pool|=51)
  +('vision', ('attn', 4, 0)) -> loss=0.5508 (|pool|=52)
  +('vision', ('attn', 20, 8)) -> loss=0.5467 (|pool|=53)
  +('text', ('attn', 6, 7)) -> loss=0.5422 (|pool|=54)
  +('vision', ('attn', 23, 7)) -> loss=0.5376 (|pool|=55)
  +('vision', ('attn', 17, 5)) -> loss=0.5328 (|pool|=56)
  +('vision', ('attn', 15, 10)) -> loss=0.5285 (|pool|=57)
  +('vision', ('attn', 21, 4)) -> loss=0.5241 (|pool|=58)
  +('text', ('attn', 4, 7)) -> loss=0.5195 (|pool|=59)
  +('text', ('attn', 11, 3)) -> loss=0.5155 (|pool|=60)
  +('vision', ('attn', 23, 11)) -> loss=0.4865 (|pool|=61)
  +('vision', ('mlp', 21, -1)) -> loss=0.4764 (|pool|=62)
  +('vision', ('mlp', 12, -1)) -> loss=0.4510 (|pool|=63)
  +('vision', ('attn', 10, 5)) -> loss=0.4379 (|pool|=64)
  +('text', ('attn', 11, 7)) -> loss=0.4277 (|pool|=65)
  +('text', ('attn', 10, 11)) -> loss=0.4191 (|pool|=66)
  +('vision', ('attn', 21, 3)) -> loss=0.4108 (|pool|=67)
  +('vision', ('mlp', 8, -1)) -> loss=0.4033 (|pool|=68)
  +('vision', ('attn', 19, 4)) -> loss=0.3960 (|pool|=69)
  +('vision', ('attn', 9, 4)) -> loss=0.3891 (|pool|=70)
  +('vision', ('attn', 20, 1)) -> loss=0.3825 (|pool|=71)
  +('vision', ('mlp', 13, -1)) -> loss=0.3761 (|pool|=72)
  +('text', ('mlp', 5, -1)) -> loss=0.3681 (|pool|=73)
  +('vision', ('attn', 14, 9)) -> loss=0.3624 (|pool|=74)
  +('text', ('attn', 10, 3)) -> loss=0.3565 (|pool|=75)
  +('vision', ('attn', 21, 13)) -> loss=0.3503 (|pool|=76)
  +('vision', ('attn', 18, 4)) -> loss=0.3452 (|pool|=77)
  +('vision', ('attn', 14, 13)) -> loss=0.3404 (|pool|=78)
  +('vision', ('attn', 11, 7)) -> loss=0.3360 (|pool|=79)
  +('vision', ('attn', 23, 3)) -> loss=0.3318 (|pool|=80)
  +('vision', ('attn', 18, 7)) -> loss=0.3278 (|pool|=81)
  +('vision', ('attn', 15, 12)) -> loss=0.3238 (|pool|=82)
  +('vision', ('attn', 11, 8)) -> loss=0.3202 (|pool|=83)
  +('vision', ('attn', 16, 14)) -> loss=0.3167 (|pool|=84)
  +('vision', ('attn', 23, 0)) -> loss=0.3132 (|pool|=85)
  +('text', ('attn', 2, 11)) -> loss=0.3088 (|pool|=86)
  +('vision', ('attn', 16, 0)) -> loss=0.3054 (|pool|=87)
  +('vision', ('attn', 14, 11)) -> loss=0.3016 (|pool|=88)
  +('vision', ('attn', 7, 1)) -> loss=0.2982 (|pool|=89)
  +('vision', ('attn', 19, 1)) -> loss=0.2950 (|pool|=90)
  +('vision', ('attn', 5, 9)) -> loss=0.2921 (|pool|=91)
  +('vision', ('attn', 10, 11)) -> loss=0.2894 (|pool|=92)
  +('vision', ('mlp', 4, -1)) -> loss=0.2867 (|pool|=93)
  +('text', ('attn', 0, 9)) -> loss=0.2841 (|pool|=94)
  +('text', ('attn', 5, 4)) -> loss=0.2818 (|pool|=95)
  +('vision', ('attn', 22, 15)) -> loss=0.2795 (|pool|=96)
  +('text', ('attn', 8, 7)) -> loss=0.2771 (|pool|=97)
  +('vision', ('attn', 18, 15)) -> loss=0.2749 (|pool|=98)
  +('text', ('attn', 3, 9)) -> loss=0.2727 (|pool|=99)
  +('vision', ('attn', 18, 0)) -> loss=0.2705 (|pool|=100)
  +('text', ('attn', 0, 5)) -> loss=0.2685 (|pool|=101)
  +('vision', ('mlp', 14, -1)) -> loss=0.2663 (|pool|=102)
  +('vision', ('attn', 21, 0)) -> loss=0.2636 (|pool|=103)
  +('text', ('attn', 9, 3)) -> loss=0.2605 (|pool|=104)
  +('text', ('attn', 2, 6)) -> loss=0.2586 (|pool|=105)
  +('vision', ('attn', 12, 6)) -> loss=0.2565 (|pool|=106)
  +('vision', ('attn', 14, 3)) -> loss=0.2544 (|pool|=107)
  +('vision', ('attn', 17, 10)) -> loss=0.2526 (|pool|=108)
  +('text', ('attn', 6, 6)) -> loss=0.2509 (|pool|=109)
  +('vision', ('attn', 13, 3)) -> loss=0.2492 (|pool|=110)
  +('text', ('attn', 11, 1)) -> loss=0.2476 (|pool|=111)
  +('vision', ('attn', 5, 10)) -> loss=0.2461 (|pool|=112)
  +('vision', ('attn', 8, 12)) -> loss=0.2447 (|pool|=113)
  +('text', ('attn', 6, 1)) -> loss=0.2434 (|pool|=114)
  +('vision', ('attn', 22, 12)) -> loss=0.2417 (|pool|=115)
  +('text', ('attn', 11, 8)) -> loss=0.2399 (|pool|=116)
  +('vision', ('attn', 19, 6)) -> loss=0.2385 (|pool|=117)
  +('vision', ('mlp', 7, -1)) -> loss=0.2367 (|pool|=118)
  +('vision', ('attn', 16, 10)) -> loss=0.2352 (|pool|=119)
  +('vision', ('attn', 15, 2)) -> loss=0.2340 (|pool|=120)
  +('vision', ('attn', 7, 6)) -> loss=0.2327 (|pool|=121)
  +('text', ('attn', 2, 0)) -> loss=0.2315 (|pool|=122)
  +('vision', ('attn', 16, 3)) -> loss=0.2304 (|pool|=123)
  +('vision', ('attn', 10, 3)) -> loss=0.2292 (|pool|=124)
  +('text', ('attn', 9, 6)) -> loss=0.2281 (|pool|=125)
  +('vision', ('attn', 6, 13)) -> loss=0.2270 (|pool|=126)
  +('vision', ('attn', 17, 8)) -> loss=0.2259 (|pool|=127)
  +('vision', ('attn', 5, 5)) -> loss=0.2248 (|pool|=128)
  +('vision', ('attn', 10, 0)) -> loss=0.2238 (|pool|=129)
  +('vision', ('attn', 19, 8)) -> loss=0.2227 (|pool|=130)
  +('vision', ('attn', 8, 4)) -> loss=0.2217 (|pool|=131)
  +('vision', ('attn', 20, 2)) -> loss=0.2207 (|pool|=132)
  +('vision', ('attn', 8, 10)) -> loss=0.2198 (|pool|=133)
  +('text', ('attn', 0, 7)) -> loss=0.2188 (|pool|=134)
  +('vision', ('attn', 8, 9)) -> loss=0.2178 (|pool|=135)
  +('vision', ('attn', 15, 7)) -> loss=0.2168 (|pool|=136)
  +('vision', ('attn', 9, 10)) -> loss=0.2158 (|pool|=137)
  +('vision', ('attn', 12, 9)) -> loss=0.2149 (|pool|=138)
  +('vision', ('attn', 3, 7)) -> loss=0.2140 (|pool|=139)
  +('vision', ('attn', 18, 3)) -> loss=0.2131 (|pool|=140)
  +('vision', ('attn', 10, 14)) -> loss=0.2122 (|pool|=141)
  +('text', ('attn', 3, 11)) -> loss=0.2114 (|pool|=142)
  +('vision', ('attn', 8, 2)) -> loss=0.2105 (|pool|=143)
  +('vision', ('attn', 8, 5)) -> loss=0.2096 (|pool|=144)
  +('vision', ('attn', 1, 3)) -> loss=0.2088 (|pool|=145)
  +('vision', ('attn', 13, 6)) -> loss=0.2081 (|pool|=146)
  +('vision', ('attn', 9, 7)) -> loss=0.2072 (|pool|=147)
  +('vision', ('attn', 5, 13)) -> loss=0.2065 (|pool|=148)
  +('vision', ('attn', 21, 10)) -> loss=0.2057 (|pool|=149)
  +('vision', ('attn', 17, 6)) -> loss=0.2050 (|pool|=150)
  +('vision', ('attn', 4, 2)) -> loss=0.2043 (|pool|=151)
  +('vision', ('attn', 11, 2)) -> loss=0.2037 (|pool|=152)
  +('text', ('attn', 3, 3)) -> loss=0.2030 (|pool|=153)
  +('vision', ('attn', 9, 1)) -> loss=0.2023 (|pool|=154)
  +('vision', ('attn', 6, 3)) -> loss=0.2017 (|pool|=155)
  +('vision', ('attn', 6, 12)) -> loss=0.2011 (|pool|=156)
  +('vision', ('attn', 17, 0)) -> loss=0.2005 (|pool|=157)
  +('vision', ('attn', 12, 14)) -> loss=0.1999 (|pool|=158)
  +('vision', ('attn', 21, 14)) -> loss=0.1993 (|pool|=159)
  +('vision', ('attn', 3, 1)) -> loss=0.1986 (|pool|=160)
  +('text', ('attn', 7, 3)) -> loss=0.1981 (|pool|=161)
  +('vision', ('attn', 5, 11)) -> loss=0.1975 (|pool|=162)
  +('text', ('attn', 9, 8)) -> loss=0.1970 (|pool|=163)
  +('text', ('attn', 4, 1)) -> loss=0.1964 (|pool|=164)
  +('vision', ('attn', 11, 6)) -> loss=0.1959 (|pool|=165)
  +('vision', ('attn', 8, 11)) -> loss=0.1954 (|pool|=166)
  +('vision', ('attn', 6, 1)) -> loss=0.1949 (|pool|=167)
  +('text', ('attn', 1, 4)) -> loss=0.1944 (|pool|=168)
  +('vision', ('attn', 12, 10)) -> loss=0.1940 (|pool|=169)
  +('vision', ('attn', 7, 13)) -> loss=0.1935 (|pool|=170)
  +('vision', ('attn', 18, 1)) -> loss=0.1931 (|pool|=171)
  +('vision', ('attn', 3, 6)) -> loss=0.1927 (|pool|=172)
  +('vision', ('attn', 22, 6)) -> loss=0.1923 (|pool|=173)
  +('text', ('attn', 11, 11)) -> loss=0.1914 (|pool|=174)
  +('vision', ('attn', 13, 12)) -> loss=0.1910 (|pool|=175)
  +('text', ('attn', 10, 6)) -> loss=0.1907 (|pool|=176)
  +('vision', ('attn', 0, 6)) -> loss=0.1903 (|pool|=177)
  +('vision', ('attn', 7, 0)) -> loss=0.1899 (|pool|=178)
  +('text', ('attn', 4, 6)) -> loss=0.1895 (|pool|=179)
  +('vision', ('attn', 19, 3)) -> loss=0.1892 (|pool|=180)
  +('vision', ('attn', 4, 3)) -> loss=0.1888 (|pool|=181)
  +('vision', ('attn', 8, 15)) -> loss=0.1884 (|pool|=182)
  +('vision', ('attn', 13, 7)) -> loss=0.1881 (|pool|=183)
  +('vision', ('attn', 6, 11)) -> loss=0.1878 (|pool|=184)
  +('vision', ('attn', 6, 4)) -> loss=0.1875 (|pool|=185)
  +('text', ('attn', 8, 4)) -> loss=0.1872 (|pool|=186)
  +('text', ('attn', 8, 3)) -> loss=0.1868 (|pool|=187)
  +('vision', ('attn', 10, 1)) -> loss=0.1865 (|pool|=188)
  +('vision', ('attn', 14, 5)) -> loss=0.1863 (|pool|=189)
  +('vision', ('attn', 10, 6)) -> loss=0.1860 (|pool|=190)
  +('vision', ('attn', 18, 11)) -> loss=0.1856 (|pool|=191)
  +('text', ('attn', 5, 10)) -> loss=0.1853 (|pool|=192)
  +('vision', ('attn', 17, 2)) -> loss=0.1851 (|pool|=193)
  +('vision', ('attn', 2, 0)) -> loss=0.1848 (|pool|=194)
  +('vision', ('attn', 14, 4)) -> loss=0.1845 (|pool|=195)
  +('vision', ('attn', 3, 2)) -> loss=0.1843 (|pool|=196)
  +('vision', ('attn', 14, 1)) -> loss=0.1840 (|pool|=197)
  +('text', ('attn', 2, 2)) -> loss=0.1838 (|pool|=198)
  +('vision', ('attn', 11, 14)) -> loss=0.1835 (|pool|=199)
  +('vision', ('attn', 1, 15)) -> loss=0.1832 (|pool|=200)
[ViT-L-14/MNIST] full=51.60  pool(200)=71.70  best prefix(47)=78.90
[ViT-L-14/MNIST] 10 classes, calibration 10 pairs, 1000 images total
  seed pair ('vision', ('attn', 23, 10)) + ('text', ('attn', 9, 5))  loss=1.7192
  +('text', ('attn', 11, 9)) -> loss=1.5781 (|pool|=3)
  +('text', ('attn', 11, 5)) -> loss=1.4989 (|pool|=4)
  +('vision', ('attn', 20, 12)) -> loss=1.4521 (|pool|=5)
  +('vision', ('mlp', 22, -1)) -> loss=1.4286 (|pool|=6)
  +('vision', ('attn', 23, 4)) -> loss=1.3918 (|pool|=7)
  +('text', ('attn', 0, 11)) -> loss=1.3739 (|pool|=8)
  +('vision', ('attn', 16, 7)) -> loss=1.3603 (|pool|=9)
  +('text', ('attn', 9, 7)) -> loss=1.3461 (|pool|=10)
  +('text', ('mlp', 7, -1)) -> loss=1.3293 (|pool|=11)
  +('vision', ('attn', 22, 10)) -> loss=1.3106 (|pool|=12)
  +('vision', ('attn', 20, 11)) -> loss=1.2943 (|pool|=13)
  +('vision', ('attn', 18, 5)) -> loss=1.2793 (|pool|=14)
  +('text', ('attn', 11, 10)) -> loss=1.2661 (|pool|=15)
  +('vision', ('attn', 21, 1)) -> loss=1.2495 (|pool|=16)
  +('text', ('attn', 11, 3)) -> loss=1.2335 (|pool|=17)
  +('vision', ('attn', 21, 12)) -> loss=1.2118 (|pool|=18)
  +('vision', ('mlp', 14, -1)) -> loss=1.1932 (|pool|=19)
  +('vision', ('mlp', 11, -1)) -> loss=1.1774 (|pool|=20)
  +('vision', ('mlp', 8, -1)) -> loss=1.1624 (|pool|=21)
  +('vision', ('attn', 15, 7)) -> loss=1.1480 (|pool|=22)
  +('vision', ('attn', 20, 1)) -> loss=1.1352 (|pool|=23)
  +('vision', ('attn', 15, 8)) -> loss=1.1238 (|pool|=24)
  +('vision', ('attn', 23, 9)) -> loss=1.1125 (|pool|=25)
  +('vision', ('attn', 22, 15)) -> loss=1.1016 (|pool|=26)
  +('text', ('attn', 11, 2)) -> loss=1.0906 (|pool|=27)
  +('vision', ('attn', 19, 13)) -> loss=1.0771 (|pool|=28)
  +('text', ('mlp', 5, -1)) -> loss=1.0622 (|pool|=29)
  +('text', ('attn', 0, 7)) -> loss=1.0506 (|pool|=30)
  +('vision', ('attn', 19, 5)) -> loss=1.0385 (|pool|=31)
  +('vision', ('mlp', 4, -1)) -> loss=1.0272 (|pool|=32)
  +('vision', ('attn', 13, 1)) -> loss=1.0164 (|pool|=33)
  +('vision', ('attn', 19, 2)) -> loss=1.0067 (|pool|=34)
  +('vision', ('attn', 23, 7)) -> loss=0.9971 (|pool|=35)
  +('vision', ('attn', 23, 5)) -> loss=0.9882 (|pool|=36)
  +('vision', ('attn', 12, 5)) -> loss=0.9799 (|pool|=37)
  +('vision', ('attn', 14, 8)) -> loss=0.9720 (|pool|=38)
  +('vision', ('attn', 14, 9)) -> loss=0.9642 (|pool|=39)
  +('vision', ('attn', 21, 14)) -> loss=0.9564 (|pool|=40)
  +('vision', ('attn', 9, 2)) -> loss=0.9488 (|pool|=41)
  +('vision', ('attn', 17, 15)) -> loss=0.9416 (|pool|=42)
  +('vision', ('mlp', 6, -1)) -> loss=0.9337 (|pool|=43)
  +('vision', ('attn', 22, 7)) -> loss=0.9264 (|pool|=44)
  +('vision', ('attn', 23, 13)) -> loss=0.9190 (|pool|=45)
  +('vision', ('attn', 18, 6)) -> loss=0.9125 (|pool|=46)
  +('vision', ('attn', 6, 3)) -> loss=0.9057 (|pool|=47)
  +('vision', ('attn', 8, 11)) -> loss=0.8992 (|pool|=48)
  +('vision', ('attn', 20, 8)) -> loss=0.8928 (|pool|=49)
  +('text', ('attn', 10, 10)) -> loss=0.8859 (|pool|=50)
  +('vision', ('attn', 15, 14)) -> loss=0.8796 (|pool|=51)
  +('vision', ('attn', 7, 5)) -> loss=0.8731 (|pool|=52)
  +('text', ('attn', 0, 4)) -> loss=0.8673 (|pool|=53)
  +('vision', ('attn', 18, 2)) -> loss=0.8614 (|pool|=54)
  +('vision', ('attn', 13, 0)) -> loss=0.8556 (|pool|=55)
  +('vision', ('attn', 19, 11)) -> loss=0.8494 (|pool|=56)
  +('vision', ('attn', 21, 9)) -> loss=0.8437 (|pool|=57)
  +('text', ('attn', 3, 3)) -> loss=0.8387 (|pool|=58)
  +('text', ('attn', 0, 10)) -> loss=0.8336 (|pool|=59)
  +('vision', ('attn', 16, 5)) -> loss=0.8283 (|pool|=60)
  +('text', ('attn', 6, 7)) -> loss=0.8232 (|pool|=61)
  +('vision', ('attn', 20, 9)) -> loss=0.8177 (|pool|=62)
  +('text', ('attn', 4, 6)) -> loss=0.8129 (|pool|=63)
  +('vision', ('attn', 17, 9)) -> loss=0.8081 (|pool|=64)
  +('vision', ('attn', 15, 12)) -> loss=0.8035 (|pool|=65)
  +('vision', ('attn', 8, 4)) -> loss=0.7990 (|pool|=66)
  +('text', ('attn', 8, 7)) -> loss=0.7947 (|pool|=67)
  +('text', ('attn', 3, 0)) -> loss=0.7902 (|pool|=68)
  +('vision', ('attn', 18, 8)) -> loss=0.7858 (|pool|=69)
  +('vision', ('attn', 17, 6)) -> loss=0.7816 (|pool|=70)
  +('vision', ('attn', 12, 12)) -> loss=0.7775 (|pool|=71)
  +('text', ('attn', 11, 1)) -> loss=0.7733 (|pool|=72)
  +('vision', ('attn', 23, 3)) -> loss=0.7693 (|pool|=73)
  +('vision', ('attn', 13, 2)) -> loss=0.7654 (|pool|=74)
  +('vision', ('attn', 17, 4)) -> loss=0.7617 (|pool|=75)
  +('vision', ('attn', 14, 1)) -> loss=0.7581 (|pool|=76)
  +('vision', ('attn', 3, 1)) -> loss=0.7547 (|pool|=77)
  +('text', ('attn', 2, 6)) -> loss=0.7515 (|pool|=78)
  +('vision', ('attn', 15, 10)) -> loss=0.7482 (|pool|=79)
  +('text', ('mlp', 8, -1)) -> loss=0.7446 (|pool|=80)
  +('vision', ('attn', 21, 0)) -> loss=0.7381 (|pool|=81)
  +('text', ('mlp', 2, -1)) -> loss=0.7330 (|pool|=82)
  +('vision', ('attn', 22, 5)) -> loss=0.7273 (|pool|=83)
  +('vision', ('attn', 17, 1)) -> loss=0.7227 (|pool|=84)
  +('vision', ('attn', 21, 6)) -> loss=0.7184 (|pool|=85)
  +('text', ('attn', 9, 3)) -> loss=0.7148 (|pool|=86)
  +('vision', ('attn', 22, 4)) -> loss=0.7113 (|pool|=87)
  +('vision', ('attn', 16, 10)) -> loss=0.7077 (|pool|=88)
  +('vision', ('attn', 13, 15)) -> loss=0.7041 (|pool|=89)
  +('text', ('attn', 6, 6)) -> loss=0.7005 (|pool|=90)
  +('vision', ('attn', 18, 4)) -> loss=0.6971 (|pool|=91)
  +('text', ('attn', 4, 7)) -> loss=0.6936 (|pool|=92)
  +('vision', ('mlp', 5, -1)) -> loss=0.6901 (|pool|=93)
  +('vision', ('attn', 8, 6)) -> loss=0.6862 (|pool|=94)
  +('text', ('attn', 6, 1)) -> loss=0.6826 (|pool|=95)
  +('vision', ('attn', 10, 8)) -> loss=0.6791 (|pool|=96)
  +('vision', ('attn', 5, 5)) -> loss=0.6762 (|pool|=97)
  +('vision', ('attn', 11, 7)) -> loss=0.6734 (|pool|=98)
  +('vision', ('attn', 7, 10)) -> loss=0.6706 (|pool|=99)
  +('vision', ('attn', 14, 13)) -> loss=0.6679 (|pool|=100)
  +('vision', ('attn', 20, 10)) -> loss=0.6653 (|pool|=101)
  +('vision', ('attn', 6, 5)) -> loss=0.6628 (|pool|=102)
  +('text', ('attn', 5, 4)) -> loss=0.6604 (|pool|=103)
  +('vision', ('attn', 10, 9)) -> loss=0.6580 (|pool|=104)
  +('text', ('attn', 2, 0)) -> loss=0.6557 (|pool|=105)
  +('vision', ('attn', 9, 8)) -> loss=0.6535 (|pool|=106)
  +('vision', ('attn', 16, 12)) -> loss=0.6512 (|pool|=107)
  +('vision', ('attn', 15, 2)) -> loss=0.6490 (|pool|=108)
  +('vision', ('attn', 13, 3)) -> loss=0.6470 (|pool|=109)
  +('vision', ('attn', 4, 9)) -> loss=0.6449 (|pool|=110)
  +('vision', ('attn', 12, 14)) -> loss=0.6429 (|pool|=111)
  +('vision', ('attn', 8, 3)) -> loss=0.6410 (|pool|=112)
  +('vision', ('attn', 10, 10)) -> loss=0.6391 (|pool|=113)
  +('vision', ('attn', 14, 15)) -> loss=0.6372 (|pool|=114)
  +('text', ('attn', 6, 10)) -> loss=0.6353 (|pool|=115)
  +('vision', ('attn', 11, 13)) -> loss=0.6335 (|pool|=116)
  +('vision', ('attn', 12, 1)) -> loss=0.6318 (|pool|=117)
  +('vision', ('attn', 19, 7)) -> loss=0.6298 (|pool|=118)
  +('vision', ('attn', 20, 6)) -> loss=0.6280 (|pool|=119)
  +('text', ('attn', 2, 8)) -> loss=0.6263 (|pool|=120)
  +('vision', ('attn', 10, 4)) -> loss=0.6246 (|pool|=121)
  +('text', ('attn', 3, 11)) -> loss=0.6231 (|pool|=122)
  +('text', ('attn', 1, 4)) -> loss=0.6217 (|pool|=123)
  +('vision', ('attn', 7, 12)) -> loss=0.6203 (|pool|=124)
  +('vision', ('attn', 6, 2)) -> loss=0.6190 (|pool|=125)
  +('text', ('attn', 8, 3)) -> loss=0.6177 (|pool|=126)
  +('vision', ('attn', 12, 9)) -> loss=0.6163 (|pool|=127)
  +('text', ('mlp', 1, -1)) -> loss=0.6150 (|pool|=128)
  +('vision', ('attn', 19, 4)) -> loss=0.6133 (|pool|=129)
  +('vision', ('attn', 22, 2)) -> loss=0.6118 (|pool|=130)
  +('vision', ('attn', 13, 11)) -> loss=0.6102 (|pool|=131)
  +('vision', ('attn', 14, 4)) -> loss=0.6088 (|pool|=132)
  +('vision', ('attn', 7, 7)) -> loss=0.6075 (|pool|=133)
  +('vision', ('attn', 11, 0)) -> loss=0.6060 (|pool|=134)
  +('vision', ('attn', 0, 6)) -> loss=0.6045 (|pool|=135)
  +('text', ('attn', 9, 8)) -> loss=0.6032 (|pool|=136)
  +('text', ('attn', 6, 8)) -> loss=0.6020 (|pool|=137)
  +('vision', ('attn', 5, 6)) -> loss=0.6008 (|pool|=138)
  +('vision', ('attn', 8, 8)) -> loss=0.5996 (|pool|=139)
  +('vision', ('attn', 3, 3)) -> loss=0.5984 (|pool|=140)
  +('vision', ('attn', 5, 10)) -> loss=0.5973 (|pool|=141)
  +('vision', ('attn', 8, 12)) -> loss=0.5962 (|pool|=142)
  +('vision', ('attn', 7, 15)) -> loss=0.5951 (|pool|=143)
  +('vision', ('attn', 5, 11)) -> loss=0.5940 (|pool|=144)
  +('text', ('attn', 4, 2)) -> loss=0.5929 (|pool|=145)
  +('vision', ('attn', 10, 1)) -> loss=0.5918 (|pool|=146)
  +('text', ('attn', 0, 8)) -> loss=0.5908 (|pool|=147)
  +('vision', ('attn', 19, 12)) -> loss=0.5898 (|pool|=148)
  +('vision', ('attn', 5, 9)) -> loss=0.5889 (|pool|=149)
  +('vision', ('attn', 10, 0)) -> loss=0.5879 (|pool|=150)
  +('vision', ('attn', 15, 1)) -> loss=0.5869 (|pool|=151)
  +('vision', ('attn', 11, 2)) -> loss=0.5859 (|pool|=152)
  +('vision', ('attn', 3, 7)) -> loss=0.5850 (|pool|=153)
  +('vision', ('attn', 5, 2)) -> loss=0.5842 (|pool|=154)
  +('vision', ('attn', 15, 4)) -> loss=0.5833 (|pool|=155)
  +('vision', ('attn', 6, 6)) -> loss=0.5825 (|pool|=156)
  +('vision', ('attn', 16, 2)) -> loss=0.5816 (|pool|=157)
  +('vision', ('attn', 8, 15)) -> loss=0.5808 (|pool|=158)
  +('vision', ('attn', 9, 5)) -> loss=0.5800 (|pool|=159)
  +('vision', ('attn', 7, 14)) -> loss=0.5791 (|pool|=160)
  +('vision', ('attn', 12, 11)) -> loss=0.5784 (|pool|=161)
  +('vision', ('attn', 2, 9)) -> loss=0.5776 (|pool|=162)
  +('vision', ('attn', 4, 1)) -> loss=0.5769 (|pool|=163)
  +('vision', ('attn', 2, 0)) -> loss=0.5761 (|pool|=164)
  +('vision', ('attn', 20, 2)) -> loss=0.5754 (|pool|=165)
  +('text', ('attn', 5, 10)) -> loss=0.5747 (|pool|=166)
  +('vision', ('attn', 9, 12)) -> loss=0.5740 (|pool|=167)
  +('vision', ('attn', 12, 4)) -> loss=0.5732 (|pool|=168)
  +('vision', ('attn', 7, 3)) -> loss=0.5726 (|pool|=169)
  +('vision', ('attn', 6, 1)) -> loss=0.5719 (|pool|=170)
  +('vision', ('attn', 4, 10)) -> loss=0.5713 (|pool|=171)
  +('vision', ('attn', 0, 7)) -> loss=0.5707 (|pool|=172)
  +('text', ('attn', 2, 1)) -> loss=0.5701 (|pool|=173)
  +('text', ('attn', 8, 8)) -> loss=0.5696 (|pool|=174)
  +('text', ('attn', 7, 11)) -> loss=0.5691 (|pool|=175)
  +('vision', ('attn', 23, 1)) -> loss=0.5685 (|pool|=176)
  +('vision', ('attn', 17, 7)) -> loss=0.5677 (|pool|=177)
  +('text', ('attn', 4, 8)) -> loss=0.5671 (|pool|=178)
  +('vision', ('attn', 10, 11)) -> loss=0.5664 (|pool|=179)
  +('vision', ('attn', 22, 0)) -> loss=0.5657 (|pool|=180)
  +('text', ('attn', 0, 5)) -> loss=0.5650 (|pool|=181)
  +('vision', ('attn', 23, 6)) -> loss=0.5635 (|pool|=182)
  +('text', ('attn', 11, 4)) -> loss=0.5628 (|pool|=183)
  +('vision', ('attn', 16, 3)) -> loss=0.5622 (|pool|=184)
  +('vision', ('attn', 9, 13)) -> loss=0.5616 (|pool|=185)
  +('vision', ('attn', 7, 2)) -> loss=0.5610 (|pool|=186)
  +('vision', ('attn', 13, 13)) -> loss=0.5604 (|pool|=187)
  +('vision', ('attn', 7, 1)) -> loss=0.5598 (|pool|=188)
  +('text', ('attn', 8, 10)) -> loss=0.5593 (|pool|=189)
  +('text', ('attn', 6, 4)) -> loss=0.5588 (|pool|=190)
  +('vision', ('attn', 2, 13)) -> loss=0.5583 (|pool|=191)
  +('vision', ('attn', 13, 9)) -> loss=0.5579 (|pool|=192)
  +('vision', ('attn', 0, 1)) -> loss=0.5573 (|pool|=193)
  +('vision', ('attn', 2, 15)) -> loss=0.5569 (|pool|=194)
  +('text', ('attn', 5, 0)) -> loss=0.5565 (|pool|=195)
  +('vision', ('attn', 2, 5)) -> loss=0.5561 (|pool|=196)
  +('vision', ('attn', 0, 0)) -> loss=0.5557 (|pool|=197)
  +('vision', ('attn', 0, 3)) -> loss=0.5553 (|pool|=198)
  +('vision', ('attn', 12, 10)) -> loss=0.5549 (|pool|=199)
  +('text', ('attn', 4, 4)) -> loss=0.5545 (|pool|=200)
[ViT-L-14/MNIST] full=51.60  pool(200)=77.90  best prefix(188)=78.20
[ViT-L-14] wrote greedy_pool_{eval,trace,pool}
[ViT-H-14/MNIST] 10 classes, calibration 10 pairs, 1000 images total
  seed pair ('vision', ('attn', 31, 9)) + ('text', ('attn', 22, 15))  loss=1.3020
  +('vision', ('attn', 30, 2)) -> loss=1.1629 (|pool|=3)
  +('text', ('attn', 18, 6)) -> loss=1.0484 (|pool|=4)
  +('text', ('attn', 21, 6)) -> loss=0.9846 (|pool|=5)
  +('vision', ('attn', 16, 9)) -> loss=0.9545 (|pool|=6)
  +('text', ('attn', 19, 14)) -> loss=0.9231 (|pool|=7)
  +('vision', ('attn', 30, 8)) -> loss=0.9051 (|pool|=8)
  +('text', ('attn', 0, 15)) -> loss=0.8888 (|pool|=9)
  +('text', ('mlp', 14, -1)) -> loss=0.8757 (|pool|=10)
  +('text', ('attn', 21, 12)) -> loss=0.8591 (|pool|=11)
  +('vision', ('mlp', 18, -1)) -> loss=0.8418 (|pool|=12)
  +('text', ('attn', 16, 7)) -> loss=0.8278 (|pool|=13)
  +('vision', ('attn', 31, 11)) -> loss=0.8178 (|pool|=14)
  +('text', ('attn', 20, 11)) -> loss=0.8078 (|pool|=15)
  +('vision', ('attn', 11, 1)) -> loss=0.7980 (|pool|=16)
  +('vision', ('attn', 29, 9)) -> loss=0.7884 (|pool|=17)
  +('vision', ('attn', 28, 3)) -> loss=0.7796 (|pool|=18)
  +('vision', ('attn', 27, 13)) -> loss=0.7716 (|pool|=19)
  +('vision', ('attn', 17, 7)) -> loss=0.7640 (|pool|=20)
  +('vision', ('attn', 27, 6)) -> loss=0.7565 (|pool|=21)
  +('vision', ('attn', 28, 10)) -> loss=0.7491 (|pool|=22)
  +('vision', ('attn', 29, 1)) -> loss=0.7423 (|pool|=23)
  +('vision', ('attn', 14, 5)) -> loss=0.7354 (|pool|=24)
  +('vision', ('attn', 27, 8)) -> loss=0.7288 (|pool|=25)
  +('vision', ('attn', 23, 14)) -> loss=0.7219 (|pool|=26)
  +('vision', ('attn', 17, 9)) -> loss=0.7148 (|pool|=27)
  +('text', ('attn', 21, 8)) -> loss=0.7081 (|pool|=28)
  +('vision', ('attn', 26, 7)) -> loss=0.7013 (|pool|=29)
  +('vision', ('mlp', 11, -1)) -> loss=0.6948 (|pool|=30)
  +('text', ('attn', 23, 12)) -> loss=0.6876 (|pool|=31)
  +('vision', ('attn', 30, 5)) -> loss=0.6802 (|pool|=32)
  +('vision', ('attn', 28, 15)) -> loss=0.6732 (|pool|=33)
  +('vision', ('attn', 31, 3)) -> loss=0.6674 (|pool|=34)
  +('vision', ('mlp', 12, -1)) -> loss=0.6616 (|pool|=35)
  +('text', ('attn', 7, 4)) -> loss=0.6549 (|pool|=36)
  +('text', ('attn', 16, 0)) -> loss=0.6478 (|pool|=37)
  +('vision', ('attn', 29, 14)) -> loss=0.6401 (|pool|=38)
  +('vision', ('attn', 30, 12)) -> loss=0.6329 (|pool|=39)
  +('text', ('attn', 16, 10)) -> loss=0.6264 (|pool|=40)
  +('text', ('attn', 16, 8)) -> loss=0.6204 (|pool|=41)
  +('text', ('attn', 23, 6)) -> loss=0.6142 (|pool|=42)
  +('vision', ('attn', 30, 3)) -> loss=0.6081 (|pool|=43)
  +('vision', ('attn', 24, 3)) -> loss=0.6026 (|pool|=44)
  +('vision', ('attn', 18, 12)) -> loss=0.5973 (|pool|=45)
  +('text', ('attn', 0, 8)) -> loss=0.5922 (|pool|=46)
  +('text', ('attn', 8, 4)) -> loss=0.5854 (|pool|=47)
  +('text', ('attn', 15, 10)) -> loss=0.5791 (|pool|=48)
  +('text', ('attn', 2, 5)) -> loss=0.5731 (|pool|=49)
  +('vision', ('attn', 31, 1)) -> loss=0.5678 (|pool|=50)
  +('vision', ('attn', 18, 2)) -> loss=0.5628 (|pool|=51)
  +('vision', ('attn', 29, 12)) -> loss=0.5582 (|pool|=52)
  +('vision', ('attn', 29, 6)) -> loss=0.5531 (|pool|=53)
  +('text', ('attn', 23, 10)) -> loss=0.5484 (|pool|=54)
  +('vision', ('mlp', 13, -1)) -> loss=0.5431 (|pool|=55)
  +('vision', ('attn', 29, 11)) -> loss=0.5379 (|pool|=56)
  +('text', ('mlp', 5, -1)) -> loss=0.5311 (|pool|=57)
  +('vision', ('attn', 21, 5)) -> loss=0.5249 (|pool|=58)
  +('vision', ('attn', 29, 0)) -> loss=0.5193 (|pool|=59)
  +('vision', ('attn', 20, 5)) -> loss=0.5142 (|pool|=60)
  +('text', ('attn', 18, 4)) -> loss=0.5097 (|pool|=61)
  +('vision', ('attn', 25, 10)) -> loss=0.5052 (|pool|=62)
  +('vision', ('attn', 31, 14)) -> loss=0.5007 (|pool|=63)
  +('text', ('attn', 0, 3)) -> loss=0.4960 (|pool|=64)
  +('text', ('attn', 20, 12)) -> loss=0.4913 (|pool|=65)
  +('vision', ('attn', 18, 14)) -> loss=0.4866 (|pool|=66)
  +('vision', ('attn', 18, 7)) -> loss=0.4819 (|pool|=67)
  +('vision', ('attn', 13, 13)) -> loss=0.4776 (|pool|=68)
  +('text', ('attn', 3, 13)) -> loss=0.4730 (|pool|=69)
  +('text', ('attn', 23, 2)) -> loss=0.4687 (|pool|=70)
  +('vision', ('attn', 27, 12)) -> loss=0.4645 (|pool|=71)
  +('vision', ('attn', 17, 12)) -> loss=0.4603 (|pool|=72)
  +('vision', ('attn', 12, 14)) -> loss=0.4561 (|pool|=73)
  +('text', ('attn', 22, 2)) -> loss=0.4522 (|pool|=74)
  +('vision', ('attn', 26, 4)) -> loss=0.4484 (|pool|=75)
  +('text', ('attn', 2, 6)) -> loss=0.4446 (|pool|=76)
  +('vision', ('attn', 19, 12)) -> loss=0.4404 (|pool|=77)
  +('vision', ('attn', 24, 14)) -> loss=0.4364 (|pool|=78)
  +('vision', ('attn', 28, 2)) -> loss=0.4325 (|pool|=79)
  +('text', ('mlp', 6, -1)) -> loss=0.4288 (|pool|=80)
  +('vision', ('attn', 28, 6)) -> loss=0.4243 (|pool|=81)
  +('vision', ('attn', 24, 10)) -> loss=0.4206 (|pool|=82)
  +('vision', ('attn', 24, 1)) -> loss=0.4168 (|pool|=83)
  +('vision', ('attn', 12, 0)) -> loss=0.4129 (|pool|=84)
  +('vision', ('attn', 23, 2)) -> loss=0.4093 (|pool|=85)
  +('vision', ('attn', 28, 7)) -> loss=0.4059 (|pool|=86)
  +('text', ('attn', 17, 10)) -> loss=0.4025 (|pool|=87)
  +('vision', ('attn', 30, 0)) -> loss=0.3991 (|pool|=88)
  +('text', ('attn', 22, 5)) -> loss=0.3958 (|pool|=89)
  +('text', ('attn', 8, 14)) -> loss=0.3928 (|pool|=90)
  +('text', ('attn', 19, 1)) -> loss=0.3899 (|pool|=91)
  +('vision', ('mlp', 1, -1)) -> loss=0.3870 (|pool|=92)
  +('text', ('attn', 17, 1)) -> loss=0.3840 (|pool|=93)
  +('vision', ('attn', 23, 4)) -> loss=0.3812 (|pool|=94)
  +('vision', ('attn', 27, 0)) -> loss=0.3784 (|pool|=95)
  +('vision', ('attn', 17, 13)) -> loss=0.3752 (|pool|=96)
  +('vision', ('attn', 28, 13)) -> loss=0.3725 (|pool|=97)
  +('vision', ('attn', 25, 2)) -> loss=0.3699 (|pool|=98)
  +('vision', ('attn', 6, 0)) -> loss=0.3673 (|pool|=99)
  +('vision', ('attn', 16, 3)) -> loss=0.3648 (|pool|=100)
  +('vision', ('attn', 14, 2)) -> loss=0.3623 (|pool|=101)
  +('vision', ('attn', 11, 11)) -> loss=0.3598 (|pool|=102)
  +('vision', ('attn', 30, 6)) -> loss=0.3573 (|pool|=103)
  +('vision', ('attn', 14, 0)) -> loss=0.3548 (|pool|=104)
  +('vision', ('attn', 17, 4)) -> loss=0.3523 (|pool|=105)
  +('vision', ('attn', 25, 15)) -> loss=0.3499 (|pool|=106)
  +('vision', ('attn', 24, 15)) -> loss=0.3476 (|pool|=107)
  +('text', ('attn', 16, 14)) -> loss=0.3451 (|pool|=108)
  +('text', ('mlp', 7, -1)) -> loss=0.3416 (|pool|=109)
  +('vision', ('attn', 28, 12)) -> loss=0.3392 (|pool|=110)
  +('vision', ('attn', 21, 3)) -> loss=0.3368 (|pool|=111)
  +('text', ('attn', 23, 5)) -> loss=0.3344 (|pool|=112)
  +('vision', ('mlp', 29, -1)) -> loss=0.3315 (|pool|=113)
  +('text', ('attn', 21, 9)) -> loss=0.3274 (|pool|=114)
  +('text', ('attn', 8, 3)) -> loss=0.3244 (|pool|=115)
  +('text', ('attn', 10, 6)) -> loss=0.3212 (|pool|=116)
  +('text', ('attn', 14, 13)) -> loss=0.3184 (|pool|=117)
  +('text', ('attn', 23, 7)) -> loss=0.3157 (|pool|=118)
  +('text', ('attn', 22, 12)) -> loss=0.3132 (|pool|=119)
  +('vision', ('attn', 12, 6)) -> loss=0.3109 (|pool|=120)
  +('text', ('attn', 18, 1)) -> loss=0.3086 (|pool|=121)
  +('vision', ('attn', 18, 8)) -> loss=0.3063 (|pool|=122)
  +('vision', ('attn', 23, 10)) -> loss=0.3042 (|pool|=123)
  +('vision', ('attn', 31, 15)) -> loss=0.3019 (|pool|=124)
  +('vision', ('attn', 22, 5)) -> loss=0.2997 (|pool|=125)
  +('vision', ('attn', 28, 5)) -> loss=0.2975 (|pool|=126)
  +('vision', ('attn', 29, 13)) -> loss=0.2952 (|pool|=127)
  +('text', ('attn', 3, 2)) -> loss=0.2930 (|pool|=128)
  +('vision', ('attn', 20, 9)) -> loss=0.2908 (|pool|=129)
  +('vision', ('attn', 31, 8)) -> loss=0.2887 (|pool|=130)
  +('vision', ('attn', 20, 3)) -> loss=0.2868 (|pool|=131)
  +('text', ('attn', 22, 3)) -> loss=0.2849 (|pool|=132)
  +('vision', ('attn', 27, 9)) -> loss=0.2830 (|pool|=133)
  +('vision', ('attn', 11, 3)) -> loss=0.2812 (|pool|=134)
  +('vision', ('attn', 23, 9)) -> loss=0.2794 (|pool|=135)
  +('vision', ('attn', 17, 10)) -> loss=0.2777 (|pool|=136)
  +('vision', ('attn', 13, 0)) -> loss=0.2760 (|pool|=137)
  +('vision', ('attn', 9, 0)) -> loss=0.2742 (|pool|=138)
  +('vision', ('attn', 9, 6)) -> loss=0.2726 (|pool|=139)
  +('vision', ('attn', 29, 2)) -> loss=0.2709 (|pool|=140)
  +('text', ('attn', 23, 15)) -> loss=0.2689 (|pool|=141)
  +('text', ('attn', 4, 9)) -> loss=0.2669 (|pool|=142)
  +('text', ('mlp', 9, -1)) -> loss=0.2645 (|pool|=143)
  +('vision', ('mlp', 19, -1)) -> loss=0.2615 (|pool|=144)
  +('vision', ('mlp', 25, -1)) -> loss=0.2589 (|pool|=145)
  +('text', ('attn', 22, 9)) -> loss=0.2565 (|pool|=146)
  +('text', ('attn', 22, 8)) -> loss=0.2539 (|pool|=147)
  +('vision', ('attn', 27, 5)) -> loss=0.2513 (|pool|=148)
  +('vision', ('attn', 28, 14)) -> loss=0.2490 (|pool|=149)
  +('vision', ('attn', 22, 1)) -> loss=0.2468 (|pool|=150)
  +('vision', ('attn', 17, 11)) -> loss=0.2444 (|pool|=151)
  +('text', ('attn', 6, 7)) -> loss=0.2424 (|pool|=152)
  +('text', ('attn', 9, 4)) -> loss=0.2406 (|pool|=153)
  +('vision', ('attn', 16, 6)) -> loss=0.2388 (|pool|=154)
  +('vision', ('attn', 14, 3)) -> loss=0.2369 (|pool|=155)
  +('text', ('attn', 17, 11)) -> loss=0.2353 (|pool|=156)
  +('vision', ('attn', 27, 15)) -> loss=0.2338 (|pool|=157)
  +('vision', ('attn', 13, 2)) -> loss=0.2322 (|pool|=158)
  +('vision', ('attn', 30, 10)) -> loss=0.2307 (|pool|=159)
  +('text', ('attn', 20, 9)) -> loss=0.2291 (|pool|=160)
  +('text', ('attn', 11, 1)) -> loss=0.2276 (|pool|=161)
  +('text', ('attn', 16, 5)) -> loss=0.2260 (|pool|=162)
  +('text', ('attn', 19, 9)) -> loss=0.2245 (|pool|=163)
  +('vision', ('attn', 29, 5)) -> loss=0.2229 (|pool|=164)
  +('text', ('attn', 21, 1)) -> loss=0.2215 (|pool|=165)
  +('vision', ('attn', 19, 3)) -> loss=0.2202 (|pool|=166)
  +('vision', ('attn', 19, 7)) -> loss=0.2189 (|pool|=167)
  +('vision', ('attn', 20, 8)) -> loss=0.2176 (|pool|=168)
  +('vision', ('attn', 29, 8)) -> loss=0.2163 (|pool|=169)
  +('vision', ('attn', 14, 6)) -> loss=0.2149 (|pool|=170)
  +('text', ('attn', 10, 0)) -> loss=0.2137 (|pool|=171)
  +('vision', ('mlp', 14, -1)) -> loss=0.2123 (|pool|=172)
  +('text', ('attn', 19, 8)) -> loss=0.2109 (|pool|=173)
  +('vision', ('attn', 26, 12)) -> loss=0.2096 (|pool|=174)
  +('text', ('attn', 2, 13)) -> loss=0.2081 (|pool|=175)
  +('text', ('attn', 18, 5)) -> loss=0.2066 (|pool|=176)
  +('vision', ('attn', 21, 0)) -> loss=0.2052 (|pool|=177)
  +('vision', ('attn', 10, 6)) -> loss=0.2039 (|pool|=178)
  +('vision', ('attn', 11, 8)) -> loss=0.2028 (|pool|=179)
  +('vision', ('attn', 9, 14)) -> loss=0.2016 (|pool|=180)
  +('text', ('attn', 17, 0)) -> loss=0.2004 (|pool|=181)
  +('text', ('attn', 1, 9)) -> loss=0.1993 (|pool|=182)
  +('vision', ('attn', 23, 11)) -> loss=0.1983 (|pool|=183)
  +('vision', ('attn', 19, 6)) -> loss=0.1972 (|pool|=184)
  +('text', ('attn', 0, 5)) -> loss=0.1962 (|pool|=185)
  +('text', ('attn', 15, 9)) -> loss=0.1952 (|pool|=186)
  +('vision', ('attn', 20, 6)) -> loss=0.1942 (|pool|=187)
  +('vision', ('attn', 24, 13)) -> loss=0.1932 (|pool|=188)
  +('text', ('attn', 14, 15)) -> loss=0.1922 (|pool|=189)
  +('text', ('attn', 23, 8)) -> loss=0.1912 (|pool|=190)
  +('text', ('attn', 21, 5)) -> loss=0.1903 (|pool|=191)
  +('vision', ('attn', 27, 3)) -> loss=0.1893 (|pool|=192)
  +('vision', ('attn', 21, 9)) -> loss=0.1883 (|pool|=193)
  +('text', ('attn', 14, 4)) -> loss=0.1875 (|pool|=194)
  +('vision', ('attn', 29, 4)) -> loss=0.1866 (|pool|=195)
  +('text', ('attn', 12, 7)) -> loss=0.1857 (|pool|=196)
  +('vision', ('attn', 11, 2)) -> loss=0.1848 (|pool|=197)
  +('text', ('attn', 14, 7)) -> loss=0.1839 (|pool|=198)
  +('text', ('attn', 21, 7)) -> loss=0.1830 (|pool|=199)
  +('vision', ('attn', 17, 15)) -> loss=0.1821 (|pool|=200)
[ViT-H-14/MNIST] full=63.10  pool(200)=83.50  best prefix(187)=83.80
[ViT-H-14/MNIST] 10 classes, calibration 10 pairs, 1000 images total
  seed pair ('vision', ('attn', 31, 9)) + ('text', ('attn', 22, 15))  loss=1.1476
  +('text', ('attn', 18, 6)) -> loss=0.9786 (|pool|=3)
  +('vision', ('attn', 30, 2)) -> loss=0.8185 (|pool|=4)
  +('text', ('attn', 21, 6)) -> loss=0.7342 (|pool|=5)
  +('vision', ('mlp', 26, -1)) -> loss=0.7097 (|pool|=6)
  +('text', ('attn', 21, 12)) -> loss=0.6920 (|pool|=7)
  +('vision', ('attn', 16, 9)) -> loss=0.6730 (|pool|=8)
  +('vision', ('attn', 30, 8)) -> loss=0.6579 (|pool|=9)
  +('text', ('attn', 17, 8)) -> loss=0.6418 (|pool|=10)
  +('vision', ('attn', 27, 8)) -> loss=0.6292 (|pool|=11)
  +('text', ('attn', 16, 14)) -> loss=0.6177 (|pool|=12)
  +('vision', ('mlp', 15, -1)) -> loss=0.6068 (|pool|=13)
  +('vision', ('attn', 26, 7)) -> loss=0.5966 (|pool|=14)
  +('text', ('attn', 20, 11)) -> loss=0.5868 (|pool|=15)
  +('text', ('attn', 23, 12)) -> loss=0.5779 (|pool|=16)
  +('vision', ('attn', 31, 14)) -> loss=0.5680 (|pool|=17)
  +('text', ('attn', 20, 12)) -> loss=0.5558 (|pool|=18)
  +('vision', ('attn', 27, 6)) -> loss=0.5464 (|pool|=19)
  +('vision', ('attn', 29, 8)) -> loss=0.5381 (|pool|=20)
  +('vision', ('attn', 30, 14)) -> loss=0.5306 (|pool|=21)
  +('vision', ('attn', 29, 11)) -> loss=0.5236 (|pool|=22)
  +('text', ('attn', 16, 0)) -> loss=0.5168 (|pool|=23)
  +('text', ('attn', 2, 5)) -> loss=0.5095 (|pool|=24)
  +('text', ('attn', 16, 7)) -> loss=0.5027 (|pool|=25)
  +('vision', ('attn', 28, 5)) -> loss=0.4959 (|pool|=26)
  +('vision', ('attn', 30, 11)) -> loss=0.4893 (|pool|=27)
  +('vision', ('attn', 28, 3)) -> loss=0.4834 (|pool|=28)
  +('vision', ('attn', 25, 3)) -> loss=0.4775 (|pool|=29)
  +('text', ('attn', 19, 14)) -> loss=0.4710 (|pool|=30)
  +('text', ('attn', 20, 3)) -> loss=0.4644 (|pool|=31)
  +('vision', ('attn', 24, 3)) -> loss=0.4578 (|pool|=32)
  +('text', ('attn', 18, 10)) -> loss=0.4517 (|pool|=33)
  +('vision', ('attn', 30, 3)) -> loss=0.4453 (|pool|=34)
  +('vision', ('attn', 31, 6)) -> loss=0.4391 (|pool|=35)
  +('text', ('attn', 18, 7)) -> loss=0.4329 (|pool|=36)
  +('text', ('attn', 21, 15)) -> loss=0.4270 (|pool|=37)
  +('vision', ('attn', 30, 6)) -> loss=0.4218 (|pool|=38)
  +('text', ('attn', 0, 3)) -> loss=0.4169 (|pool|=39)
  +('vision', ('attn', 30, 12)) -> loss=0.4120 (|pool|=40)
  +('vision', ('attn', 13, 10)) -> loss=0.4073 (|pool|=41)
  +('vision', ('attn', 17, 2)) -> loss=0.4027 (|pool|=42)
  +('text', ('attn', 23, 6)) -> loss=0.3984 (|pool|=43)
  +('vision', ('attn', 10, 13)) -> loss=0.3940 (|pool|=44)
  +('text', ('attn', 23, 5)) -> loss=0.3896 (|pool|=45)
  +('vision', ('mlp', 14, -1)) -> loss=0.3854 (|pool|=46)
  +('text', ('attn', 3, 13)) -> loss=0.3812 (|pool|=47)
  +('vision', ('attn', 29, 12)) -> loss=0.3767 (|pool|=48)
  +('vision', ('attn', 8, 13)) -> loss=0.3725 (|pool|=49)
  +('vision', ('attn', 20, 12)) -> loss=0.3687 (|pool|=50)
  +('vision', ('attn', 18, 12)) -> loss=0.3650 (|pool|=51)
  +('vision', ('attn', 29, 14)) -> loss=0.3614 (|pool|=52)
  +('text', ('attn', 20, 1)) -> loss=0.3577 (|pool|=53)
  +('vision', ('attn', 29, 7)) -> loss=0.3537 (|pool|=54)
  +('text', ('attn', 0, 15)) -> loss=0.3489 (|pool|=55)
  +('text', ('attn', 23, 2)) -> loss=0.3446 (|pool|=56)
  +('vision', ('attn', 29, 9)) -> loss=0.3403 (|pool|=57)
  +('vision', ('attn', 27, 14)) -> loss=0.3361 (|pool|=58)
  +('vision', ('attn', 24, 2)) -> loss=0.3319 (|pool|=59)
  +('vision', ('attn', 30, 5)) -> loss=0.3282 (|pool|=60)
  +('vision', ('attn', 28, 2)) -> loss=0.3245 (|pool|=61)
  +('text', ('attn', 0, 8)) -> loss=0.3207 (|pool|=62)
  +('text', ('attn', 18, 13)) -> loss=0.3171 (|pool|=63)
  +('vision', ('attn', 25, 2)) -> loss=0.3137 (|pool|=64)
  +('vision', ('attn', 16, 4)) -> loss=0.3106 (|pool|=65)
  +('vision', ('attn', 29, 2)) -> loss=0.3075 (|pool|=66)
  +('vision', ('attn', 24, 8)) -> loss=0.3044 (|pool|=67)
  +('vision', ('attn', 22, 4)) -> loss=0.3013 (|pool|=68)
  +('text', ('attn', 3, 2)) -> loss=0.2982 (|pool|=69)
  +('vision', ('attn', 26, 13)) -> loss=0.2952 (|pool|=70)
  +('text', ('attn', 23, 0)) -> loss=0.2922 (|pool|=71)
  +('vision', ('attn', 29, 13)) -> loss=0.2891 (|pool|=72)
  +('text', ('attn', 19, 7)) -> loss=0.2864 (|pool|=73)
  +('text', ('attn', 11, 4)) -> loss=0.2831 (|pool|=74)
  +('text', ('attn', 21, 13)) -> loss=0.2778 (|pool|=75)
  +('text', ('attn', 21, 7)) -> loss=0.2738 (|pool|=76)
  +('vision', ('attn', 31, 11)) -> loss=0.2696 (|pool|=77)
  +('vision', ('attn', 28, 8)) -> loss=0.2658 (|pool|=78)
  +('text', ('mlp', 7, -1)) -> loss=0.2615 (|pool|=79)
  +('text', ('mlp', 19, -1)) -> loss=0.2569 (|pool|=80)
  +('text', ('attn', 23, 13)) -> loss=0.2500 (|pool|=81)
  +('vision', ('attn', 31, 2)) -> loss=0.2441 (|pool|=82)
  +('vision', ('attn', 29, 5)) -> loss=0.2397 (|pool|=83)
  +('text', ('attn', 2, 13)) -> loss=0.2357 (|pool|=84)
  +('vision', ('attn', 16, 2)) -> loss=0.2314 (|pool|=85)
  +('vision', ('attn', 24, 11)) -> loss=0.2279 (|pool|=86)
  +('vision', ('attn', 21, 12)) -> loss=0.2244 (|pool|=87)
  +('vision', ('attn', 17, 9)) -> loss=0.2212 (|pool|=88)
  +('vision', ('attn', 29, 6)) -> loss=0.2179 (|pool|=89)
  +('vision', ('attn', 12, 14)) -> loss=0.2148 (|pool|=90)
  +('vision', ('mlp', 10, -1)) -> loss=0.2120 (|pool|=91)
  +('vision', ('attn', 29, 1)) -> loss=0.2090 (|pool|=92)
  +('vision', ('attn', 18, 13)) -> loss=0.2063 (|pool|=93)
  +('vision', ('attn', 9, 7)) -> loss=0.2037 (|pool|=94)
  +('vision', ('attn', 24, 6)) -> loss=0.2010 (|pool|=95)
  +('vision', ('attn', 9, 15)) -> loss=0.1986 (|pool|=96)
  +('vision', ('attn', 27, 12)) -> loss=0.1961 (|pool|=97)
  +('vision', ('attn', 20, 9)) -> loss=0.1937 (|pool|=98)
  +('vision', ('attn', 31, 1)) -> loss=0.1912 (|pool|=99)
  +('vision', ('attn', 25, 10)) -> loss=0.1888 (|pool|=100)
  +('text', ('attn', 22, 4)) -> loss=0.1867 (|pool|=101)
  +('vision', ('attn', 14, 6)) -> loss=0.1846 (|pool|=102)
  +('text', ('attn', 21, 8)) -> loss=0.1826 (|pool|=103)
  +('vision', ('attn', 28, 15)) -> loss=0.1804 (|pool|=104)
  +('vision', ('attn', 10, 1)) -> loss=0.1780 (|pool|=105)
  +('vision', ('attn', 31, 3)) -> loss=0.1758 (|pool|=106)
  +('vision', ('attn', 28, 7)) -> loss=0.1737 (|pool|=107)
  +('vision', ('attn', 10, 5)) -> loss=0.1716 (|pool|=108)
  +('vision', ('attn', 11, 8)) -> loss=0.1695 (|pool|=109)
  +('vision', ('attn', 18, 0)) -> loss=0.1677 (|pool|=110)
  +('vision', ('attn', 26, 2)) -> loss=0.1659 (|pool|=111)
  +('text', ('attn', 3, 12)) -> loss=0.1641 (|pool|=112)
  +('text', ('attn', 23, 7)) -> loss=0.1624 (|pool|=113)
  +('vision', ('attn', 13, 9)) -> loss=0.1607 (|pool|=114)
  +('text', ('attn', 17, 10)) -> loss=0.1591 (|pool|=115)
  +('vision', ('attn', 19, 6)) -> loss=0.1575 (|pool|=116)
  +('vision', ('attn', 26, 3)) -> loss=0.1559 (|pool|=117)
  +('vision', ('attn', 23, 3)) -> loss=0.1543 (|pool|=118)
  +('text', ('mlp', 16, -1)) -> loss=0.1526 (|pool|=119)
  +('text', ('attn', 20, 4)) -> loss=0.1487 (|pool|=120)
  +('vision', ('attn', 17, 7)) -> loss=0.1465 (|pool|=121)
  +('vision', ('attn', 23, 13)) -> loss=0.1446 (|pool|=122)
  +('vision', ('attn', 23, 5)) -> loss=0.1428 (|pool|=123)
  +('text', ('attn', 17, 1)) -> loss=0.1406 (|pool|=124)
  +('vision', ('attn', 31, 0)) -> loss=0.1386 (|pool|=125)
  +('text', ('attn', 23, 15)) -> loss=0.1363 (|pool|=126)
  +('vision', ('attn', 16, 3)) -> loss=0.1342 (|pool|=127)
  +('vision', ('attn', 16, 6)) -> loss=0.1324 (|pool|=128)
  +('vision', ('attn', 30, 15)) -> loss=0.1306 (|pool|=129)
  +('vision', ('attn', 17, 4)) -> loss=0.1288 (|pool|=130)
  +('text', ('attn', 21, 4)) -> loss=0.1273 (|pool|=131)
  +('vision', ('attn', 28, 6)) -> loss=0.1260 (|pool|=132)
  +('vision', ('attn', 11, 1)) -> loss=0.1247 (|pool|=133)
  +('vision', ('attn', 18, 7)) -> loss=0.1235 (|pool|=134)
  +('text', ('attn', 18, 9)) -> loss=0.1223 (|pool|=135)
  +('vision', ('attn', 26, 10)) -> loss=0.1211 (|pool|=136)
  +('vision', ('attn', 26, 5)) -> loss=0.1200 (|pool|=137)
  +('vision', ('attn', 10, 6)) -> loss=0.1188 (|pool|=138)
  +('text', ('attn', 9, 6)) -> loss=0.1178 (|pool|=139)
  +('vision', ('attn', 25, 14)) -> loss=0.1167 (|pool|=140)
  +('vision', ('attn', 30, 0)) -> loss=0.1156 (|pool|=141)
  +('text', ('attn', 17, 7)) -> loss=0.1145 (|pool|=142)
  +('vision', ('attn', 23, 6)) -> loss=0.1135 (|pool|=143)
  +('vision', ('attn', 15, 12)) -> loss=0.1124 (|pool|=144)
  +('vision', ('attn', 13, 13)) -> loss=0.1114 (|pool|=145)
  +('text', ('attn', 11, 1)) -> loss=0.1104 (|pool|=146)
  +('vision', ('attn', 9, 6)) -> loss=0.1094 (|pool|=147)
  +('vision', ('attn', 23, 8)) -> loss=0.1085 (|pool|=148)
  +('text', ('attn', 15, 10)) -> loss=0.1075 (|pool|=149)
  +('text', ('attn', 8, 14)) -> loss=0.1062 (|pool|=150)
  +('vision', ('attn', 25, 11)) -> loss=0.1051 (|pool|=151)
  +('text', ('attn', 10, 0)) -> loss=0.1041 (|pool|=152)
  +('vision', ('attn', 27, 5)) -> loss=0.1031 (|pool|=153)
  +('text', ('attn', 11, 2)) -> loss=0.1021 (|pool|=154)
  +('vision', ('attn', 30, 13)) -> loss=0.1011 (|pool|=155)
  +('vision', ('attn', 20, 5)) -> loss=0.1001 (|pool|=156)
  +('text', ('attn', 16, 11)) -> loss=0.0993 (|pool|=157)
  +('vision', ('attn', 12, 12)) -> loss=0.0984 (|pool|=158)
  +('vision', ('attn', 23, 10)) -> loss=0.0977 (|pool|=159)
  +('text', ('attn', 20, 0)) -> loss=0.0969 (|pool|=160)
  +('vision', ('attn', 8, 10)) -> loss=0.0961 (|pool|=161)
  +('vision', ('attn', 18, 1)) -> loss=0.0953 (|pool|=162)
  +('text', ('attn', 22, 2)) -> loss=0.0946 (|pool|=163)
  +('text', ('attn', 22, 5)) -> loss=0.0938 (|pool|=164)
  +('vision', ('attn', 21, 11)) -> loss=0.0931 (|pool|=165)
  +('vision', ('mlp', 8, -1)) -> loss=0.0924 (|pool|=166)
  +('vision', ('attn', 19, 10)) -> loss=0.0917 (|pool|=167)
  +('vision', ('attn', 10, 3)) -> loss=0.0909 (|pool|=168)
  +('vision', ('attn', 24, 10)) -> loss=0.0902 (|pool|=169)
  +('vision', ('attn', 12, 9)) -> loss=0.0895 (|pool|=170)
  +('text', ('attn', 19, 1)) -> loss=0.0888 (|pool|=171)
  +('vision', ('attn', 12, 11)) -> loss=0.0882 (|pool|=172)
  +('vision', ('attn', 13, 7)) -> loss=0.0875 (|pool|=173)
  +('vision', ('attn', 6, 13)) -> loss=0.0869 (|pool|=174)
  +('vision', ('attn', 11, 2)) -> loss=0.0862 (|pool|=175)
  +('vision', ('attn', 19, 14)) -> loss=0.0856 (|pool|=176)
  +('vision', ('attn', 26, 15)) -> loss=0.0850 (|pool|=177)
  +('vision', ('attn', 23, 4)) -> loss=0.0844 (|pool|=178)
  +('vision', ('attn', 11, 15)) -> loss=0.0838 (|pool|=179)
  +('vision', ('attn', 17, 14)) -> loss=0.0832 (|pool|=180)
  +('vision', ('attn', 23, 15)) -> loss=0.0826 (|pool|=181)
  +('text', ('attn', 6, 7)) -> loss=0.0821 (|pool|=182)
  +('text', ('attn', 0, 9)) -> loss=0.0815 (|pool|=183)
  +('text', ('attn', 6, 14)) -> loss=0.0808 (|pool|=184)
  +('vision', ('attn', 27, 10)) -> loss=0.0803 (|pool|=185)
  +('text', ('attn', 9, 7)) -> loss=0.0797 (|pool|=186)
  +('vision', ('attn', 18, 15)) -> loss=0.0792 (|pool|=187)
  +('text', ('attn', 22, 14)) -> loss=0.0786 (|pool|=188)
  +('vision', ('attn', 18, 2)) -> loss=0.0781 (|pool|=189)
  +('text', ('attn', 9, 0)) -> loss=0.0776 (|pool|=190)
  +('vision', ('attn', 14, 0)) -> loss=0.0771 (|pool|=191)
  +('vision', ('attn', 15, 4)) -> loss=0.0766 (|pool|=192)
  +('vision', ('attn', 19, 9)) -> loss=0.0761 (|pool|=193)
  +('vision', ('attn', 5, 6)) -> loss=0.0756 (|pool|=194)
  +('vision', ('attn', 23, 2)) -> loss=0.0752 (|pool|=195)
  +('vision', ('attn', 14, 15)) -> loss=0.0747 (|pool|=196)
  +('text', ('attn', 1, 9)) -> loss=0.0743 (|pool|=197)
  +('vision', ('attn', 8, 7)) -> loss=0.0738 (|pool|=198)
  +('text', ('attn', 19, 0)) -> loss=0.0734 (|pool|=199)
  +('text', ('attn', 17, 11)) -> loss=0.0730 (|pool|=200)
[ViT-H-14/MNIST] full=63.10  pool(200)=80.90  best prefix(192)=81.00
[ViT-H-14/MNIST] 10 classes, calibration 10 pairs, 1000 images total
  seed pair ('vision', ('attn', 31, 9)) + ('text', ('attn', 22, 15))  loss=1.6010
  +('vision', ('attn', 30, 2)) -> loss=1.4241 (|pool|=3)
  +('text', ('attn', 21, 6)) -> loss=1.3078 (|pool|=4)
  +('text', ('attn', 18, 6)) -> loss=1.2339 (|pool|=5)
  +('text', ('attn', 17, 1)) -> loss=1.1937 (|pool|=6)
  +('vision', ('mlp', 32, -1)) -> loss=1.1590 (|pool|=7)
  +('text', ('mlp', 16, -1)) -> loss=1.1420 (|pool|=8)
  +('text', ('attn', 19, 14)) -> loss=1.1164 (|pool|=9)
  +('vision', ('mlp', 30, -1)) -> loss=1.0879 (|pool|=10)
  +('text', ('mlp', 5, -1)) -> loss=1.0613 (|pool|=11)
  +('text', ('attn', 2, 13)) -> loss=1.0423 (|pool|=12)
  +('text', ('attn', 16, 7)) -> loss=1.0276 (|pool|=13)
  +('vision', ('attn', 29, 11)) -> loss=1.0116 (|pool|=14)
  +('text', ('attn', 20, 11)) -> loss=0.9989 (|pool|=15)
  +('vision', ('attn', 29, 12)) -> loss=0.9862 (|pool|=16)
  +('vision', ('attn', 18, 14)) -> loss=0.9753 (|pool|=17)
  +('text', ('attn', 23, 12)) -> loss=0.9641 (|pool|=18)
  +('vision', ('attn', 16, 9)) -> loss=0.9493 (|pool|=19)
  +('text', ('attn', 21, 12)) -> loss=0.9376 (|pool|=20)
  +('vision', ('mlp', 9, -1)) -> loss=0.9267 (|pool|=21)
  +('vision', ('attn', 22, 7)) -> loss=0.9158 (|pool|=22)
  +('vision', ('attn', 10, 12)) -> loss=0.9056 (|pool|=23)
  +('vision', ('attn', 21, 5)) -> loss=0.8955 (|pool|=24)
  +('vision', ('attn', 25, 15)) -> loss=0.8860 (|pool|=25)
  +('vision', ('attn', 22, 1)) -> loss=0.8767 (|pool|=26)
  +('text', ('attn', 2, 5)) -> loss=0.8679 (|pool|=27)
  +('vision', ('mlp', 14, -1)) -> loss=0.8586 (|pool|=28)
  +('text', ('attn', 0, 0)) -> loss=0.8484 (|pool|=29)
  +('vision', ('mlp', 15, -1)) -> loss=0.8383 (|pool|=30)
  +('vision', ('attn', 16, 2)) -> loss=0.8285 (|pool|=31)
  +('text', ('mlp', 18, -1)) -> loss=0.8170 (|pool|=32)
  +('text', ('attn', 23, 13)) -> loss=0.8030 (|pool|=33)
  +('text', ('attn', 21, 13)) -> loss=0.7924 (|pool|=34)
  +('text', ('mlp', 9, -1)) -> loss=0.7819 (|pool|=35)
  +('vision', ('attn', 7, 2)) -> loss=0.7709 (|pool|=36)
  +('vision', ('attn', 20, 14)) -> loss=0.7616 (|pool|=37)
  +('text', ('attn', 16, 8)) -> loss=0.7529 (|pool|=38)
  +('vision', ('attn', 22, 5)) -> loss=0.7446 (|pool|=39)
  +('vision', ('attn', 27, 10)) -> loss=0.7369 (|pool|=40)
  +('text', ('attn', 0, 3)) -> loss=0.7297 (|pool|=41)
  +('vision', ('attn', 12, 11)) -> loss=0.7223 (|pool|=42)
  +('vision', ('attn', 19, 14)) -> loss=0.7151 (|pool|=43)
  +('vision', ('attn', 18, 7)) -> loss=0.7078 (|pool|=44)
  +('text', ('attn', 18, 7)) -> loss=0.7009 (|pool|=45)
  +('vision', ('attn', 14, 8)) -> loss=0.6942 (|pool|=46)
  +('vision', ('attn', 24, 8)) -> loss=0.6877 (|pool|=47)
  +('vision', ('attn', 28, 10)) -> loss=0.6813 (|pool|=48)
  +('vision', ('attn', 21, 0)) -> loss=0.6755 (|pool|=49)
  +('vision', ('attn', 26, 7)) -> loss=0.6697 (|pool|=50)
  +('text', ('attn', 0, 9)) -> loss=0.6638 (|pool|=51)
  +('text', ('attn', 0, 12)) -> loss=0.6573 (|pool|=52)
  +('vision', ('attn', 27, 12)) -> loss=0.6516 (|pool|=53)
  +('vision', ('attn', 26, 13)) -> loss=0.6460 (|pool|=54)
  +('vision', ('attn', 27, 6)) -> loss=0.6403 (|pool|=55)
  +('text', ('attn', 19, 9)) -> loss=0.6344 (|pool|=56)
  +('vision', ('attn', 21, 12)) -> loss=0.6289 (|pool|=57)
  +('text', ('attn', 22, 8)) -> loss=0.6238 (|pool|=58)
  +('vision', ('attn', 27, 5)) -> loss=0.6189 (|pool|=59)
  +('text', ('attn', 8, 14)) -> loss=0.6141 (|pool|=60)
  +('text', ('attn', 23, 11)) -> loss=0.6095 (|pool|=61)
  +('vision', ('attn', 13, 14)) -> loss=0.6049 (|pool|=62)
  +('vision', ('mlp', 11, -1)) -> loss=0.6002 (|pool|=63)
  +('vision', ('attn', 11, 8)) -> loss=0.5951 (|pool|=64)
  +('text', ('attn', 4, 9)) -> loss=0.5904 (|pool|=65)
  +('text', ('attn', 7, 5)) -> loss=0.5847 (|pool|=66)
  +('vision', ('attn', 22, 4)) -> loss=0.5798 (|pool|=67)
  +('vision', ('attn', 17, 15)) -> loss=0.5753 (|pool|=68)
  +('vision', ('attn', 17, 9)) -> loss=0.5709 (|pool|=69)
  +('vision', ('attn', 20, 5)) -> loss=0.5661 (|pool|=70)
  +('vision', ('attn', 25, 6)) -> loss=0.5619 (|pool|=71)
  +('vision', ('attn', 9, 3)) -> loss=0.5578 (|pool|=72)
  +('vision', ('mlp', 1, -1)) -> loss=0.5536 (|pool|=73)
  +('vision', ('attn', 17, 12)) -> loss=0.5496 (|pool|=74)
  +('vision', ('attn', 28, 6)) -> loss=0.5458 (|pool|=75)
  +('vision', ('attn', 21, 10)) -> loss=0.5420 (|pool|=76)
  +('vision', ('attn', 29, 15)) -> loss=0.5378 (|pool|=77)
  +('vision', ('attn', 23, 11)) -> loss=0.5337 (|pool|=78)
  +('vision', ('attn', 11, 15)) -> loss=0.5300 (|pool|=79)
  +('vision', ('attn', 24, 2)) -> loss=0.5261 (|pool|=80)
  +('text', ('attn', 23, 1)) -> loss=0.5226 (|pool|=81)
  +('text', ('attn', 11, 4)) -> loss=0.5187 (|pool|=82)
  +('text', ('attn', 6, 14)) -> loss=0.5132 (|pool|=83)
  +('text', ('attn', 20, 8)) -> loss=0.5090 (|pool|=84)
  +('vision', ('attn', 22, 9)) -> loss=0.5051 (|pool|=85)
  +('vision', ('attn', 17, 7)) -> loss=0.5015 (|pool|=86)
  +('text', ('attn', 3, 12)) -> loss=0.4977 (|pool|=87)
  +('vision', ('attn', 21, 8)) -> loss=0.4942 (|pool|=88)
  +('text', ('attn', 10, 0)) -> loss=0.4908 (|pool|=89)
  +('vision', ('attn', 18, 1)) -> loss=0.4875 (|pool|=90)
  +('vision', ('attn', 3, 13)) -> loss=0.4843 (|pool|=91)
  +('vision', ('attn', 13, 3)) -> loss=0.4812 (|pool|=92)
  +('vision', ('attn', 14, 2)) -> loss=0.4782 (|pool|=93)
  +('vision', ('attn', 31, 12)) -> loss=0.4751 (|pool|=94)
  +('text', ('attn', 22, 10)) -> loss=0.4719 (|pool|=95)
  +('text', ('attn', 16, 0)) -> loss=0.4687 (|pool|=96)
  +('vision', ('attn', 19, 4)) -> loss=0.4657 (|pool|=97)
  +('text', ('attn', 22, 4)) -> loss=0.4629 (|pool|=98)
  +('vision', ('attn', 25, 0)) -> loss=0.4597 (|pool|=99)
  +('vision', ('attn', 14, 6)) -> loss=0.4570 (|pool|=100)
  +('vision', ('attn', 21, 3)) -> loss=0.4544 (|pool|=101)
  +('vision', ('attn', 16, 13)) -> loss=0.4519 (|pool|=102)
  +('vision', ('attn', 13, 1)) -> loss=0.4494 (|pool|=103)
  +('vision', ('attn', 13, 13)) -> loss=0.4469 (|pool|=104)
  +('vision', ('attn', 10, 2)) -> loss=0.4445 (|pool|=105)
  +('vision', ('attn', 12, 0)) -> loss=0.4421 (|pool|=106)
  +('text', ('attn', 0, 8)) -> loss=0.4396 (|pool|=107)
  +('vision', ('attn', 31, 4)) -> loss=0.4367 (|pool|=108)
  +('vision', ('attn', 23, 14)) -> loss=0.4330 (|pool|=109)
  +('text', ('mlp', 8, -1)) -> loss=0.4296 (|pool|=110)
  +('vision', ('mlp', 27, -1)) -> loss=0.4231 (|pool|=111)
  +('vision', ('attn', 31, 13)) -> loss=0.4191 (|pool|=112)
  +('vision', ('attn', 12, 13)) -> loss=0.4157 (|pool|=113)
  +('text', ('attn', 11, 10)) -> loss=0.4125 (|pool|=114)
  +('vision', ('attn', 22, 8)) -> loss=0.4098 (|pool|=115)
  +('text', ('attn', 3, 2)) -> loss=0.4072 (|pool|=116)
  +('text', ('attn', 0, 5)) -> loss=0.4046 (|pool|=117)
  +('vision', ('attn', 21, 9)) -> loss=0.4019 (|pool|=118)
  +('text', ('attn', 19, 6)) -> loss=0.3995 (|pool|=119)
  +('vision', ('attn', 27, 7)) -> loss=0.3969 (|pool|=120)
  +('vision', ('attn', 8, 1)) -> loss=0.3945 (|pool|=121)
  +('text', ('attn', 4, 5)) -> loss=0.3920 (|pool|=122)
  +('vision', ('attn', 25, 8)) -> loss=0.3898 (|pool|=123)
  +('vision', ('attn', 14, 11)) -> loss=0.3873 (|pool|=124)
  +('vision', ('mlp', 19, -1)) -> loss=0.3851 (|pool|=125)
  +('vision', ('attn', 28, 2)) -> loss=0.3824 (|pool|=126)
  +('text', ('attn', 0, 14)) -> loss=0.3801 (|pool|=127)
  +('vision', ('attn', 15, 13)) -> loss=0.3779 (|pool|=128)
  +('vision', ('attn', 12, 5)) -> loss=0.3759 (|pool|=129)
  +('vision', ('attn', 22, 2)) -> loss=0.3739 (|pool|=130)
  +('text', ('attn', 8, 6)) -> loss=0.3719 (|pool|=131)
  +('text', ('attn', 7, 1)) -> loss=0.3699 (|pool|=132)
  +('vision', ('attn', 23, 9)) -> loss=0.3680 (|pool|=133)
  +('vision', ('attn', 15, 6)) -> loss=0.3661 (|pool|=134)
  +('vision', ('attn', 9, 15)) -> loss=0.3643 (|pool|=135)
  +('text', ('attn', 21, 11)) -> loss=0.3625 (|pool|=136)
  +('vision', ('attn', 17, 11)) -> loss=0.3607 (|pool|=137)
  +('vision', ('attn', 29, 1)) -> loss=0.3588 (|pool|=138)
  +('vision', ('attn', 12, 15)) -> loss=0.3570 (|pool|=139)
  +('text', ('attn', 8, 13)) -> loss=0.3553 (|pool|=140)
  +('vision', ('attn', 26, 3)) -> loss=0.3536 (|pool|=141)
  +('vision', ('attn', 23, 10)) -> loss=0.3520 (|pool|=142)
  +('vision', ('attn', 14, 3)) -> loss=0.3504 (|pool|=143)
  +('vision', ('attn', 7, 13)) -> loss=0.3488 (|pool|=144)
  +('vision', ('attn', 9, 9)) -> loss=0.3473 (|pool|=145)
  +('vision', ('attn', 19, 12)) -> loss=0.3457 (|pool|=146)
  +('text', ('attn', 19, 5)) -> loss=0.3443 (|pool|=147)
  +('text', ('attn', 2, 6)) -> loss=0.3428 (|pool|=148)
  +('text', ('attn', 18, 1)) -> loss=0.3409 (|pool|=149)
  +('vision', ('attn', 16, 15)) -> loss=0.3393 (|pool|=150)
  +('vision', ('attn', 25, 7)) -> loss=0.3377 (|pool|=151)
  +('vision', ('attn', 25, 12)) -> loss=0.3362 (|pool|=152)
  +('vision', ('attn', 30, 3)) -> loss=0.3348 (|pool|=153)
  +('text', ('attn', 23, 6)) -> loss=0.3333 (|pool|=154)
  +('vision', ('attn', 24, 12)) -> loss=0.3318 (|pool|=155)
  +('text', ('attn', 18, 5)) -> loss=0.3304 (|pool|=156)
  +('vision', ('attn', 17, 14)) -> loss=0.3291 (|pool|=157)
  +('vision', ('attn', 25, 4)) -> loss=0.3278 (|pool|=158)
  +('text', ('attn', 8, 3)) -> loss=0.3265 (|pool|=159)
  +('text', ('attn', 16, 6)) -> loss=0.3252 (|pool|=160)
  +('vision', ('attn', 11, 10)) -> loss=0.3240 (|pool|=161)
  +('vision', ('attn', 12, 1)) -> loss=0.3226 (|pool|=162)
  +('text', ('attn', 23, 10)) -> loss=0.3214 (|pool|=163)
  +('vision', ('attn', 23, 2)) -> loss=0.3201 (|pool|=164)
  +('text', ('attn', 0, 4)) -> loss=0.3188 (|pool|=165)
  +('vision', ('attn', 7, 6)) -> loss=0.3176 (|pool|=166)
  +('text', ('attn', 5, 1)) -> loss=0.3164 (|pool|=167)
  +('vision', ('attn', 9, 14)) -> loss=0.3152 (|pool|=168)
  +('vision', ('attn', 26, 14)) -> loss=0.3140 (|pool|=169)
  +('vision', ('attn', 26, 9)) -> loss=0.3127 (|pool|=170)
  +('vision', ('attn', 20, 10)) -> loss=0.3116 (|pool|=171)
  +('vision', ('attn', 8, 7)) -> loss=0.3104 (|pool|=172)
  +('text', ('attn', 9, 7)) -> loss=0.3093 (|pool|=173)
  +('vision', ('attn', 9, 13)) -> loss=0.3082 (|pool|=174)
  +('vision', ('attn', 10, 3)) -> loss=0.3070 (|pool|=175)
  +('vision', ('attn', 21, 1)) -> loss=0.3059 (|pool|=176)
  +('vision', ('attn', 7, 9)) -> loss=0.3049 (|pool|=177)
  +('vision', ('attn', 16, 0)) -> loss=0.3038 (|pool|=178)
  +('vision', ('attn', 4, 1)) -> loss=0.3028 (|pool|=179)
  +('text', ('attn', 19, 7)) -> loss=0.3018 (|pool|=180)
  +('text', ('attn', 20, 3)) -> loss=0.3003 (|pool|=181)
  +('vision', ('attn', 31, 0)) -> loss=0.2988 (|pool|=182)
  +('vision', ('attn', 27, 0)) -> loss=0.2970 (|pool|=183)
  +('vision', ('attn', 22, 14)) -> loss=0.2958 (|pool|=184)
  +('text', ('attn', 16, 10)) -> loss=0.2946 (|pool|=185)
  +('vision', ('attn', 3, 10)) -> loss=0.2935 (|pool|=186)
  +('vision', ('attn', 4, 8)) -> loss=0.2925 (|pool|=187)
  +('text', ('attn', 18, 10)) -> loss=0.2914 (|pool|=188)
  +('vision', ('attn', 30, 8)) -> loss=0.2902 (|pool|=189)
  +('text', ('attn', 21, 8)) -> loss=0.2888 (|pool|=190)
  +('vision', ('attn', 22, 10)) -> loss=0.2873 (|pool|=191)
  +('vision', ('attn', 23, 13)) -> loss=0.2861 (|pool|=192)
  +('vision', ('attn', 15, 4)) -> loss=0.2849 (|pool|=193)
  +('text', ('attn', 21, 15)) -> loss=0.2839 (|pool|=194)
  +('text', ('attn', 5, 5)) -> loss=0.2829 (|pool|=195)
  +('vision', ('attn', 22, 3)) -> loss=0.2819 (|pool|=196)
  +('text', ('attn', 23, 7)) -> loss=0.2810 (|pool|=197)
  +('vision', ('attn', 13, 9)) -> loss=0.2800 (|pool|=198)
  +('vision', ('attn', 26, 10)) -> loss=0.2791 (|pool|=199)
  +('text', ('attn', 23, 2)) -> loss=0.2780 (|pool|=200)
[ViT-H-14/MNIST] full=63.10  pool(200)=79.80  best prefix(177)=81.80
[ViT-H-14] wrote greedy_pool_{eval,trace,pool}
ALLDONE
