Using local files
Model parameters: 151,277,313
Context length: 77
Number of text layers: 12
Decomposing 10 texts from 'MNISTp_classnames' (10 classes x 1 of 1 sentences/class).

Concatenating chunk files into final .npy arrays...
Final single-file arrays created:
  output_dir/activations_and_datasets_idxs_69/MNISTp_classnames_attn_text_ViT-B-32_seed_69.npy  shape (10, 12, 8, 512)
  output_dir/activations_and_datasets_idxs_69/MNISTp_classnames_mlp_text_ViT-B-32_seed_69.npy  shape (10, 13, 512)
  output_dir/activations_and_datasets_idxs_69/MNISTp_classnames_labels_text_ViT-B-32_seed_69.npy  shape (10,)
Chunk files removed. Done.
Using local files
Model parameters: 149,620,737
Context length: 77
Number of text layers: 12
Decomposing 10 texts from 'MNISTp_classnames' (10 classes x 1 of 1 sentences/class).

Concatenating chunk files into final .npy arrays...
Final single-file arrays created:
  output_dir/activations_and_datasets_idxs_69/MNISTp_classnames_attn_text_ViT-B-16_seed_69.npy  shape (10, 12, 8, 512)
  output_dir/activations_and_datasets_idxs_69/MNISTp_classnames_mlp_text_ViT-B-16_seed_69.npy  shape (10, 13, 512)
  output_dir/activations_and_datasets_idxs_69/MNISTp_classnames_labels_text_ViT-B-16_seed_69.npy  shape (10,)
Chunk files removed. Done.
Using local files
Model parameters: 427,616,513
Context length: 77
Number of text layers: 12
Decomposing 10 texts from 'MNISTp_classnames' (10 classes x 1 of 1 sentences/class).

Concatenating chunk files into final .npy arrays...
Final single-file arrays created:
  output_dir/activations_and_datasets_idxs_69/MNISTp_classnames_attn_text_ViT-L-14_seed_69.npy  shape (10, 12, 12, 768)
  output_dir/activations_and_datasets_idxs_69/MNISTp_classnames_mlp_text_ViT-L-14_seed_69.npy  shape (10, 13, 768)
  output_dir/activations_and_datasets_idxs_69/MNISTp_classnames_labels_text_ViT-L-14_seed_69.npy  shape (10,)
Chunk files removed. Done.
Using local files
Model parameters: 986,109,441
Context length: 77
Number of text layers: 24
Decomposing 10 texts from 'MNISTp_classnames' (10 classes x 1 of 1 sentences/class).

Concatenating chunk files into final .npy arrays...
Final single-file arrays created:
  output_dir/activations_and_datasets_idxs_69/MNISTp_classnames_attn_text_ViT-H-14_seed_69.npy  shape (10, 24, 16, 1024)
  output_dir/activations_and_datasets_idxs_69/MNISTp_classnames_mlp_text_ViT-H-14_seed_69.npy  shape (10, 25, 1024)
  output_dir/activations_and_datasets_idxs_69/MNISTp_classnames_labels_text_ViT-H-14_seed_69.npy  shape (10,)
Chunk files removed. Done.
[ViT-B-32/MNISTp] 10 classes, calibration 10 pairs, 1000 images total
  seed pair ('vision', ('attn', 11, 6)) + ('text', ('attn', 10, 3))  loss=1.0630
  +('vision', ('mlp', 12, -1)) -> loss=1.0053 (|pool|=3)
  +('vision', ('attn', 10, 8)) -> loss=0.9920 (|pool|=4)
  +('text', ('mlp', 6, -1)) -> loss=0.9803 (|pool|=5)
  +('vision', ('mlp', 0, -1)) -> loss=0.9704 (|pool|=6)
  +('vision', ('attn', 10, 11)) -> loss=0.9615 (|pool|=7)
  +('vision', ('attn', 7, 2)) -> loss=0.9530 (|pool|=8)
  +('vision', ('attn', 11, 5)) -> loss=0.9455 (|pool|=9)
  +('text', ('mlp', 7, -1)) -> loss=0.9375 (|pool|=10)
  +('vision', ('attn', 11, 2)) -> loss=0.9301 (|pool|=11)
  +('vision', ('attn', 8, 2)) -> loss=0.9233 (|pool|=12)
  +('vision', ('attn', 8, 8)) -> loss=0.9171 (|pool|=13)
  +('vision', ('attn', 7, 3)) -> loss=0.9110 (|pool|=14)
  +('text', ('attn', 10, 7)) -> loss=0.9055 (|pool|=15)
  +('vision', ('attn', 8, 10)) -> loss=0.9000 (|pool|=16)
  +('text', ('attn', 11, 3)) -> loss=0.8948 (|pool|=17)
  +('vision', ('attn', 5, 5)) -> loss=0.8900 (|pool|=18)
  +('vision', ('attn', 6, 3)) -> loss=0.8863 (|pool|=19)
  +('vision', ('attn', 4, 2)) -> loss=0.8825 (|pool|=20)
  +('vision', ('attn', 6, 4)) -> loss=0.8790 (|pool|=21)
  +('text', ('attn', 11, 1)) -> loss=0.8757 (|pool|=22)
  +('vision', ('attn', 7, 1)) -> loss=0.8726 (|pool|=23)
  +('vision', ('attn', 10, 1)) -> loss=0.8698 (|pool|=24)
  +('vision', ('attn', 8, 3)) -> loss=0.8670 (|pool|=25)
  +('vision', ('attn', 7, 9)) -> loss=0.8642 (|pool|=26)
  +('vision', ('attn', 7, 11)) -> loss=0.8617 (|pool|=27)
  +('vision', ('attn', 8, 6)) -> loss=0.8592 (|pool|=28)
  +('text', ('attn', 2, 5)) -> loss=0.8569 (|pool|=29)
  +('text', ('attn', 9, 3)) -> loss=0.8547 (|pool|=30)
  +('vision', ('attn', 10, 7)) -> loss=0.8529 (|pool|=31)
  +('vision', ('attn', 6, 8)) -> loss=0.8507 (|pool|=32)
  +('text', ('attn', 11, 2)) -> loss=0.8490 (|pool|=33)
  +('text', ('attn', 5, 5)) -> loss=0.8473 (|pool|=34)
  +('vision', ('attn', 5, 0)) -> loss=0.8456 (|pool|=35)
  +('text', ('attn', 11, 5)) -> loss=0.8439 (|pool|=36)
  +('vision', ('attn', 10, 6)) -> loss=0.8418 (|pool|=37)
  +('vision', ('attn', 9, 10)) -> loss=0.8399 (|pool|=38)
  +('vision', ('attn', 8, 0)) -> loss=0.8378 (|pool|=39)
  +('vision', ('attn', 9, 1)) -> loss=0.8357 (|pool|=40)
  +('vision', ('attn', 6, 6)) -> loss=0.8341 (|pool|=41)
  +('vision', ('attn', 2, 0)) -> loss=0.8325 (|pool|=42)
  +('text', ('attn', 10, 6)) -> loss=0.8311 (|pool|=43)
  +('vision', ('attn', 8, 5)) -> loss=0.8295 (|pool|=44)
  +('text', ('attn', 10, 2)) -> loss=0.8280 (|pool|=45)
  +('vision', ('attn', 7, 0)) -> loss=0.8266 (|pool|=46)
  +('text', ('attn', 6, 7)) -> loss=0.8253 (|pool|=47)
  +('vision', ('attn', 5, 11)) -> loss=0.8243 (|pool|=48)
  +('vision', ('attn', 6, 2)) -> loss=0.8234 (|pool|=49)
  +('vision', ('attn', 8, 1)) -> loss=0.8224 (|pool|=50)
  +('text', ('attn', 9, 2)) -> loss=0.8215 (|pool|=51)
  +('text', ('attn', 3, 3)) -> loss=0.8206 (|pool|=52)
  +('vision', ('attn', 7, 7)) -> loss=0.8197 (|pool|=53)
  +('text', ('attn', 11, 4)) -> loss=0.8189 (|pool|=54)
  +('vision', ('attn', 3, 9)) -> loss=0.8181 (|pool|=55)
  +('text', ('attn', 0, 1)) -> loss=0.8173 (|pool|=56)
  +('text', ('mlp', 2, -1)) -> loss=0.8166 (|pool|=57)
  +('text', ('attn', 7, 1)) -> loss=0.8159 (|pool|=58)
  +('text', ('attn', 4, 4)) -> loss=0.8152 (|pool|=59)
  +('text', ('attn', 2, 4)) -> loss=0.8145 (|pool|=60)
  +('text', ('attn', 9, 4)) -> loss=0.8138 (|pool|=61)
  +('vision', ('attn', 2, 8)) -> loss=0.8131 (|pool|=62)
  +('text', ('attn', 0, 6)) -> loss=0.8125 (|pool|=63)
  +('vision', ('attn', 4, 10)) -> loss=0.8119 (|pool|=64)
  +('text', ('attn', 4, 2)) -> loss=0.8113 (|pool|=65)
  +('vision', ('attn', 3, 1)) -> loss=0.8108 (|pool|=66)
  +('text', ('attn', 3, 7)) -> loss=0.8103 (|pool|=67)
  +('text', ('attn', 10, 4)) -> loss=0.8098 (|pool|=68)
  +('text', ('attn', 8, 7)) -> loss=0.8094 (|pool|=69)
  +('text', ('attn', 8, 0)) -> loss=0.8090 (|pool|=70)
  +('vision', ('attn', 5, 7)) -> loss=0.8086 (|pool|=71)
  +('vision', ('attn', 1, 0)) -> loss=0.8082 (|pool|=72)
  +('text', ('attn', 10, 5)) -> loss=0.8078 (|pool|=73)
  +('vision', ('attn', 4, 4)) -> loss=0.8074 (|pool|=74)
  +('text', ('attn', 3, 5)) -> loss=0.8070 (|pool|=75)
  +('vision', ('attn', 4, 1)) -> loss=0.8067 (|pool|=76)
  +('text', ('attn', 5, 2)) -> loss=0.8063 (|pool|=77)
  +('vision', ('attn', 0, 8)) -> loss=0.8060 (|pool|=78)
  +('vision', ('attn', 4, 11)) -> loss=0.8057 (|pool|=79)
  +('text', ('attn', 7, 7)) -> loss=0.8054 (|pool|=80)
  +('vision', ('attn', 6, 10)) -> loss=0.8051 (|pool|=81)
  +('text', ('attn', 1, 0)) -> loss=0.8048 (|pool|=82)
  +('vision', ('attn', 9, 4)) -> loss=0.8046 (|pool|=83)
  +('text', ('mlp', 10, -1)) -> loss=0.8043 (|pool|=84)
  +('vision', ('attn', 7, 6)) -> loss=0.8038 (|pool|=85)
  +('vision', ('attn', 9, 0)) -> loss=0.8033 (|pool|=86)
  +('text', ('attn', 3, 4)) -> loss=0.8031 (|pool|=87)
  +('vision', ('attn', 7, 5)) -> loss=0.8029 (|pool|=88)
  +('vision', ('attn', 10, 0)) -> loss=0.8025 (|pool|=89)
  +('vision', ('attn', 4, 6)) -> loss=0.8020 (|pool|=90)
  +('text', ('attn', 4, 1)) -> loss=0.8017 (|pool|=91)
  +('vision', ('attn', 9, 11)) -> loss=0.8013 (|pool|=92)
  +('text', ('mlp', 3, -1)) -> loss=0.8010 (|pool|=93)
  +('text', ('attn', 0, 5)) -> loss=0.8007 (|pool|=94)
  +('text', ('attn', 0, 7)) -> loss=0.8006 (|pool|=95)
  +('text', ('attn', 3, 0)) -> loss=0.8004 (|pool|=96)
  +('text', ('attn', 8, 5)) -> loss=0.8002 (|pool|=97)
  +('text', ('attn', 4, 3)) -> loss=0.8000 (|pool|=98)
  +('vision', ('attn', 4, 8)) -> loss=0.7998 (|pool|=99)
  +('vision', ('attn', 0, 5)) -> loss=0.7997 (|pool|=100)
  +('text', ('attn', 4, 6)) -> loss=0.7995 (|pool|=101)
  +('vision', ('mlp', 3, -1)) -> loss=0.7994 (|pool|=102)
  +('vision', ('attn', 0, 7)) -> loss=0.7993 (|pool|=103)
  +('text', ('attn', 5, 4)) -> loss=0.7992 (|pool|=104)
  +('vision', ('attn', 0, 4)) -> loss=0.7991 (|pool|=105)
  +('text', ('attn', 9, 7)) -> loss=0.7990 (|pool|=106)
  +('text', ('attn', 5, 0)) -> loss=0.7989 (|pool|=107)
  +('text', ('attn', 0, 0)) -> loss=0.7988 (|pool|=108)
  +('text', ('attn', 9, 6)) -> loss=0.7988 (|pool|=109)
  +('text', ('attn', 1, 3)) -> loss=0.7987 (|pool|=110)
  +('text', ('attn', 1, 6)) -> loss=0.7986 (|pool|=111)
  +('text', ('attn', 7, 3)) -> loss=0.7986 (|pool|=112)
  +('text', ('attn', 6, 6)) -> loss=0.7985 (|pool|=113)
  +('text', ('attn', 6, 2)) -> loss=0.7985 (|pool|=114)
  +('text', ('attn', 6, 5)) -> loss=0.7984 (|pool|=115)
  +('text', ('attn', 7, 4)) -> loss=0.7984 (|pool|=116)
  +('text', ('attn', 2, 0)) -> loss=0.7984 (|pool|=117)
  +('text', ('attn', 8, 1)) -> loss=0.7984 (|pool|=118)
  +('vision', ('attn', 2, 5)) -> loss=0.7983 (|pool|=119)
  +('text', ('attn', 5, 1)) -> loss=0.7983 (|pool|=120)
  +('text', ('attn', 11, 0)) -> loss=0.7982 (|pool|=121)
  +('vision', ('attn', 9, 5)) -> loss=0.7980 (|pool|=122)
  +('text', ('attn', 2, 2)) -> loss=0.7979 (|pool|=123)
  +('vision', ('attn', 9, 9)) -> loss=0.7979 (|pool|=124)
  +('vision', ('attn', 0, 10)) -> loss=0.7979 (|pool|=125)
  +('text', ('attn', 1, 2)) -> loss=0.7979 (|pool|=126)
[ViT-B-32/MNISTp] full=69.10  pool(126)=66.90  best prefix(87)=71.00
[ViT-B-32/MNISTp] 10 classes, calibration 10 pairs, 1000 images total
  seed pair ('vision', ('attn', 11, 6)) + ('text', ('attn', 10, 3))  loss=0.9226
  +('vision', ('mlp', 12, -1)) -> loss=0.8847 (|pool|=3)
  +('vision', ('attn', 10, 8)) -> loss=0.8577 (|pool|=4)
  +('vision', ('mlp', 8, -1)) -> loss=0.8382 (|pool|=5)
  +('vision', ('attn', 10, 10)) -> loss=0.8217 (|pool|=6)
  +('text', ('mlp', 7, -1)) -> loss=0.8064 (|pool|=7)
  +('vision', ('attn', 10, 1)) -> loss=0.7927 (|pool|=8)
  +('text', ('attn', 11, 5)) -> loss=0.7827 (|pool|=9)
  +('vision', ('attn', 9, 1)) -> loss=0.7705 (|pool|=10)
  +('vision', ('attn', 11, 2)) -> loss=0.7596 (|pool|=11)
  +('vision', ('attn', 10, 11)) -> loss=0.7536 (|pool|=12)
  +('vision', ('attn', 10, 3)) -> loss=0.7479 (|pool|=13)
  +('vision', ('attn', 9, 10)) -> loss=0.7418 (|pool|=14)
  +('text', ('attn', 5, 1)) -> loss=0.7355 (|pool|=15)
  +('vision', ('attn', 8, 6)) -> loss=0.7301 (|pool|=16)
  +('text', ('attn', 10, 7)) -> loss=0.7260 (|pool|=17)
  +('vision', ('attn', 9, 8)) -> loss=0.7225 (|pool|=18)
  +('text', ('attn', 11, 1)) -> loss=0.7190 (|pool|=19)
  +('text', ('attn', 2, 5)) -> loss=0.7158 (|pool|=20)
  +('vision', ('attn', 7, 3)) -> loss=0.7127 (|pool|=21)
  +('vision', ('attn', 6, 9)) -> loss=0.7097 (|pool|=22)
  +('vision', ('attn', 8, 7)) -> loss=0.7069 (|pool|=23)
  +('vision', ('attn', 8, 5)) -> loss=0.7041 (|pool|=24)
  +('vision', ('attn', 8, 0)) -> loss=0.7001 (|pool|=25)
  +('vision', ('mlp', 3, -1)) -> loss=0.6980 (|pool|=26)
  +('vision', ('attn', 7, 0)) -> loss=0.6960 (|pool|=27)
  +('vision', ('attn', 7, 1)) -> loss=0.6942 (|pool|=28)
  +('vision', ('attn', 2, 0)) -> loss=0.6924 (|pool|=29)
  +('text', ('attn', 7, 1)) -> loss=0.6906 (|pool|=30)
  +('vision', ('attn', 7, 7)) -> loss=0.6891 (|pool|=31)
  +('text', ('attn', 4, 4)) -> loss=0.6876 (|pool|=32)
  +('vision', ('attn', 0, 10)) -> loss=0.6863 (|pool|=33)
  +('vision', ('attn', 6, 3)) -> loss=0.6850 (|pool|=34)
  +('text', ('attn', 11, 2)) -> loss=0.6838 (|pool|=35)
  +('text', ('attn', 4, 1)) -> loss=0.6826 (|pool|=36)
  +('vision', ('attn', 8, 11)) -> loss=0.6814 (|pool|=37)
  +('vision', ('attn', 8, 9)) -> loss=0.6803 (|pool|=38)
  +('vision', ('attn', 11, 1)) -> loss=0.6792 (|pool|=39)
  +('vision', ('attn', 6, 11)) -> loss=0.6781 (|pool|=40)
  +('vision', ('attn', 5, 11)) -> loss=0.6770 (|pool|=41)
  +('text', ('attn', 7, 4)) -> loss=0.6760 (|pool|=42)
  +('text', ('attn', 5, 5)) -> loss=0.6751 (|pool|=43)
  +('vision', ('attn', 5, 8)) -> loss=0.6740 (|pool|=44)
  +('text', ('attn', 6, 6)) -> loss=0.6732 (|pool|=45)
  +('vision', ('attn', 9, 3)) -> loss=0.6724 (|pool|=46)
  +('vision', ('attn', 5, 5)) -> loss=0.6713 (|pool|=47)
  +('vision', ('mlp', 5, -1)) -> loss=0.6705 (|pool|=48)
  +('text', ('attn', 9, 4)) -> loss=0.6698 (|pool|=49)
  +('vision', ('attn', 3, 1)) -> loss=0.6691 (|pool|=50)
  +('vision', ('attn', 7, 11)) -> loss=0.6684 (|pool|=51)
  +('text', ('attn', 3, 3)) -> loss=0.6676 (|pool|=52)
  +('text', ('attn', 9, 3)) -> loss=0.6670 (|pool|=53)
  +('text', ('attn', 10, 4)) -> loss=0.6664 (|pool|=54)
  +('vision', ('attn', 0, 7)) -> loss=0.6658 (|pool|=55)
  +('text', ('attn', 4, 7)) -> loss=0.6653 (|pool|=56)
  +('text', ('attn', 0, 6)) -> loss=0.6647 (|pool|=57)
  +('vision', ('attn', 7, 8)) -> loss=0.6642 (|pool|=58)
  +('text', ('attn', 3, 1)) -> loss=0.6637 (|pool|=59)
  +('vision', ('attn', 6, 6)) -> loss=0.6633 (|pool|=60)
  +('text', ('attn', 6, 0)) -> loss=0.6627 (|pool|=61)
  +('vision', ('attn', 6, 7)) -> loss=0.6622 (|pool|=62)
  +('text', ('attn', 10, 2)) -> loss=0.6617 (|pool|=63)
  +('vision', ('attn', 8, 1)) -> loss=0.6612 (|pool|=64)
  +('vision', ('attn', 9, 0)) -> loss=0.6607 (|pool|=65)
  +('text', ('attn', 6, 7)) -> loss=0.6602 (|pool|=66)
  +('text', ('attn', 3, 5)) -> loss=0.6598 (|pool|=67)
  +('vision', ('attn', 4, 10)) -> loss=0.6594 (|pool|=68)
  +('text', ('attn', 7, 3)) -> loss=0.6591 (|pool|=69)
  +('text', ('attn', 2, 3)) -> loss=0.6588 (|pool|=70)
  +('text', ('attn', 3, 6)) -> loss=0.6585 (|pool|=71)
  +('text', ('attn', 3, 2)) -> loss=0.6582 (|pool|=72)
  +('text', ('attn', 3, 4)) -> loss=0.6579 (|pool|=73)
  +('vision', ('attn', 4, 4)) -> loss=0.6576 (|pool|=74)
  +('text', ('attn', 4, 6)) -> loss=0.6574 (|pool|=75)
  +('text', ('attn', 0, 7)) -> loss=0.6571 (|pool|=76)
  +('text', ('attn', 8, 3)) -> loss=0.6569 (|pool|=77)
  +('vision', ('attn', 10, 5)) -> loss=0.6566 (|pool|=78)
  +('vision', ('mlp', 2, -1)) -> loss=0.6563 (|pool|=79)
  +('text', ('attn', 8, 0)) -> loss=0.6560 (|pool|=80)
  +('text', ('attn', 2, 2)) -> loss=0.6558 (|pool|=81)
  +('text', ('mlp', 2, -1)) -> loss=0.6556 (|pool|=82)
  +('vision', ('attn', 6, 2)) -> loss=0.6554 (|pool|=83)
  +('text', ('attn', 11, 7)) -> loss=0.6552 (|pool|=84)
  +('vision', ('attn', 0, 3)) -> loss=0.6550 (|pool|=85)
  +('vision', ('attn', 0, 2)) -> loss=0.6549 (|pool|=86)
  +('text', ('attn', 10, 5)) -> loss=0.6547 (|pool|=87)
  +('vision', ('attn', 3, 8)) -> loss=0.6546 (|pool|=88)
  +('text', ('attn', 1, 3)) -> loss=0.6544 (|pool|=89)
  +('text', ('attn', 0, 1)) -> loss=0.6543 (|pool|=90)
  +('vision', ('attn', 3, 10)) -> loss=0.6541 (|pool|=91)
  +('text', ('attn', 0, 0)) -> loss=0.6540 (|pool|=92)
  +('text', ('attn', 0, 2)) -> loss=0.6539 (|pool|=93)
  +('text', ('attn', 4, 2)) -> loss=0.6538 (|pool|=94)
  +('vision', ('attn', 0, 6)) -> loss=0.6538 (|pool|=95)
  +('text', ('attn', 0, 3)) -> loss=0.6537 (|pool|=96)
  +('text', ('attn', 0, 5)) -> loss=0.6536 (|pool|=97)
  +('text', ('attn', 8, 5)) -> loss=0.6536 (|pool|=98)
  +('text', ('attn', 7, 2)) -> loss=0.6536 (|pool|=99)
  +('text', ('mlp', 10, -1)) -> loss=0.6535 (|pool|=100)
  +('vision', ('attn', 5, 1)) -> loss=0.6535 (|pool|=101)
  +('vision', ('attn', 4, 9)) -> loss=0.6534 (|pool|=102)
  +('text', ('attn', 2, 7)) -> loss=0.6534 (|pool|=103)
  +('text', ('attn', 2, 6)) -> loss=0.6534 (|pool|=104)
[ViT-B-32/MNISTp] full=69.10  pool(104)=70.70  best prefix(39)=71.10
[ViT-B-32/MNISTp] 10 classes, calibration 10 pairs, 1000 images total
  seed pair ('vision', ('attn', 11, 6)) + ('text', ('attn', 10, 3))  loss=1.4541
  +('vision', ('mlp', 12, -1)) -> loss=1.3702 (|pool|=3)
  +('vision', ('mlp', 7, -1)) -> loss=1.3521 (|pool|=4)
  +('vision', ('attn', 11, 3)) -> loss=1.3369 (|pool|=5)
  +('vision', ('attn', 11, 2)) -> loss=1.3221 (|pool|=6)
  +('text', ('mlp', 11, -1)) -> loss=1.3075 (|pool|=7)
  +('vision', ('attn', 10, 11)) -> loss=1.2979 (|pool|=8)
  +('vision', ('attn', 10, 9)) -> loss=1.2899 (|pool|=9)
  +('vision', ('attn', 9, 1)) -> loss=1.2818 (|pool|=10)
  +('vision', ('attn', 10, 7)) -> loss=1.2737 (|pool|=11)
  +('vision', ('attn', 9, 4)) -> loss=1.2664 (|pool|=12)
  +('vision', ('attn', 10, 5)) -> loss=1.2596 (|pool|=13)
  +('vision', ('attn', 8, 6)) -> loss=1.2537 (|pool|=14)
  +('vision', ('attn', 9, 3)) -> loss=1.2485 (|pool|=15)
  +('vision', ('attn', 10, 10)) -> loss=1.2429 (|pool|=16)
  +('vision', ('attn', 9, 7)) -> loss=1.2377 (|pool|=17)
  +('vision', ('attn', 8, 5)) -> loss=1.2324 (|pool|=18)
  +('text', ('attn', 10, 7)) -> loss=1.2270 (|pool|=19)
  +('vision', ('attn', 9, 0)) -> loss=1.2217 (|pool|=20)
  +('vision', ('attn', 10, 4)) -> loss=1.2158 (|pool|=21)
  +('vision', ('attn', 6, 3)) -> loss=1.2109 (|pool|=22)
  +('vision', ('attn', 5, 10)) -> loss=1.2069 (|pool|=23)
  +('vision', ('attn', 5, 9)) -> loss=1.2032 (|pool|=24)
  +('vision', ('attn', 8, 8)) -> loss=1.1998 (|pool|=25)
  +('vision', ('attn', 7, 2)) -> loss=1.1965 (|pool|=26)
  +('vision', ('attn', 6, 6)) -> loss=1.1933 (|pool|=27)
  +('vision', ('attn', 6, 2)) -> loss=1.1904 (|pool|=28)
  +('vision', ('attn', 9, 8)) -> loss=1.1877 (|pool|=29)
  +('text', ('attn', 9, 2)) -> loss=1.1851 (|pool|=30)
  +('vision', ('attn', 1, 6)) -> loss=1.1828 (|pool|=31)
  +('vision', ('attn', 8, 9)) -> loss=1.1806 (|pool|=32)
  +('text', ('mlp', 6, -1)) -> loss=1.1783 (|pool|=33)
  +('vision', ('attn', 10, 8)) -> loss=1.1761 (|pool|=34)
  +('vision', ('attn', 2, 7)) -> loss=1.1729 (|pool|=35)
  +('vision', ('attn', 2, 0)) -> loss=1.1707 (|pool|=36)
  +('vision', ('mlp', 5, -1)) -> loss=1.1689 (|pool|=37)
  +('vision', ('attn', 3, 9)) -> loss=1.1672 (|pool|=38)
  +('vision', ('attn', 7, 11)) -> loss=1.1655 (|pool|=39)
  +('vision', ('attn', 6, 9)) -> loss=1.1639 (|pool|=40)
  +('text', ('attn', 3, 1)) -> loss=1.1626 (|pool|=41)
  +('vision', ('attn', 8, 10)) -> loss=1.1613 (|pool|=42)
  +('text', ('attn', 4, 1)) -> loss=1.1601 (|pool|=43)
  +('text', ('attn', 11, 3)) -> loss=1.1587 (|pool|=44)
  +('text', ('mlp', 3, -1)) -> loss=1.1577 (|pool|=45)
  +('text', ('attn', 5, 4)) -> loss=1.1567 (|pool|=46)
  +('vision', ('attn', 1, 7)) -> loss=1.1557 (|pool|=47)
  +('text', ('attn', 2, 2)) -> loss=1.1549 (|pool|=48)
  +('vision', ('attn', 4, 0)) -> loss=1.1540 (|pool|=49)
  +('vision', ('attn', 5, 2)) -> loss=1.1532 (|pool|=50)
  +('vision', ('attn', 0, 4)) -> loss=1.1524 (|pool|=51)
  +('text', ('attn', 1, 2)) -> loss=1.1515 (|pool|=52)
  +('vision', ('attn', 4, 10)) -> loss=1.1507 (|pool|=53)
  +('vision', ('attn', 1, 10)) -> loss=1.1500 (|pool|=54)
  +('vision', ('attn', 0, 5)) -> loss=1.1493 (|pool|=55)
  +('text', ('attn', 0, 0)) -> loss=1.1486 (|pool|=56)
  +('text', ('attn', 8, 0)) -> loss=1.1479 (|pool|=57)
  +('text', ('attn', 4, 4)) -> loss=1.1473 (|pool|=58)
  +('vision', ('mlp', 3, -1)) -> loss=1.1467 (|pool|=59)
  +('vision', ('attn', 0, 8)) -> loss=1.1460 (|pool|=60)
  +('vision', ('attn', 7, 7)) -> loss=1.1454 (|pool|=61)
  +('vision', ('attn', 5, 11)) -> loss=1.1449 (|pool|=62)
  +('vision', ('attn', 0, 7)) -> loss=1.1444 (|pool|=63)
  +('vision', ('attn', 1, 3)) -> loss=1.1439 (|pool|=64)
  +('text', ('mlp', 2, -1)) -> loss=1.1435 (|pool|=65)
  +('text', ('attn', 8, 6)) -> loss=1.1431 (|pool|=66)
  +('text', ('attn', 1, 1)) -> loss=1.1426 (|pool|=67)
  +('vision', ('attn', 0, 11)) -> loss=1.1422 (|pool|=68)
  +('text', ('attn', 8, 4)) -> loss=1.1418 (|pool|=69)
  +('text', ('mlp', 0, -1)) -> loss=1.1415 (|pool|=70)
  +('vision', ('attn', 4, 1)) -> loss=1.1411 (|pool|=71)
  +('text', ('attn', 0, 6)) -> loss=1.1408 (|pool|=72)
  +('vision', ('attn', 8, 11)) -> loss=1.1404 (|pool|=73)
  +('text', ('attn', 2, 5)) -> loss=1.1400 (|pool|=74)
  +('vision', ('mlp', 10, -1)) -> loss=1.1396 (|pool|=75)
  +('text', ('attn', 11, 1)) -> loss=1.1385 (|pool|=76)
  +('vision', ('attn', 1, 11)) -> loss=1.1378 (|pool|=77)
  +('text', ('attn', 10, 4)) -> loss=1.1374 (|pool|=78)
  +('vision', ('attn', 8, 1)) -> loss=1.1369 (|pool|=79)
  +('vision', ('attn', 3, 1)) -> loss=1.1364 (|pool|=80)
  +('text', ('attn', 3, 4)) -> loss=1.1359 (|pool|=81)
  +('vision', ('attn', 9, 11)) -> loss=1.1356 (|pool|=82)
  +('text', ('attn', 7, 3)) -> loss=1.1352 (|pool|=83)
  +('text', ('attn', 0, 2)) -> loss=1.1349 (|pool|=84)
  +('text', ('attn', 0, 4)) -> loss=1.1346 (|pool|=85)
  +('text', ('attn', 0, 5)) -> loss=1.1344 (|pool|=86)
  +('vision', ('attn', 0, 9)) -> loss=1.1341 (|pool|=87)
  +('vision', ('attn', 0, 1)) -> loss=1.1339 (|pool|=88)
  +('text', ('attn', 10, 1)) -> loss=1.1338 (|pool|=89)
  +('text', ('attn', 1, 3)) -> loss=1.1336 (|pool|=90)
  +('text', ('attn', 7, 7)) -> loss=1.1335 (|pool|=91)
  +('text', ('attn', 0, 3)) -> loss=1.1334 (|pool|=92)
  +('text', ('attn', 1, 0)) -> loss=1.1333 (|pool|=93)
  +('vision', ('mlp', 2, -1)) -> loss=1.1331 (|pool|=94)
  +('vision', ('attn', 5, 3)) -> loss=1.1330 (|pool|=95)
  +('text', ('attn', 4, 2)) -> loss=1.1329 (|pool|=96)
  +('text', ('attn', 2, 6)) -> loss=1.1328 (|pool|=97)
  +('text', ('attn', 2, 7)) -> loss=1.1328 (|pool|=98)
  +('vision', ('attn', 0, 6)) -> loss=1.1327 (|pool|=99)
  +('text', ('attn', 10, 6)) -> loss=1.1327 (|pool|=100)
  +('vision', ('attn', 3, 4)) -> loss=1.1327 (|pool|=101)
  +('text', ('attn', 9, 1)) -> loss=1.1327 (|pool|=102)
  +('vision', ('attn', 0, 10)) -> loss=1.1327 (|pool|=103)
[ViT-B-32/MNISTp] full=69.10  pool(103)=71.00  best prefix(82)=71.10
[ViT-B-32] wrote greedy_pool_{eval,trace,pool}
[ViT-B-16/MNISTp] 10 classes, calibration 10 pairs, 1000 images total
  seed pair ('vision', ('attn', 11, 9)) + ('text', ('attn', 11, 6))  loss=1.4348
  +('vision', ('mlp', 12, -1)) -> loss=1.2868 (|pool|=3)
  +('vision', ('attn', 11, 11)) -> loss=1.2565 (|pool|=4)
  +('vision', ('mlp', 9, -1)) -> loss=1.2131 (|pool|=5)
  +('text', ('attn', 10, 5)) -> loss=1.1799 (|pool|=6)
  +('vision', ('attn', 10, 11)) -> loss=1.1702 (|pool|=7)
  +('text', ('attn', 11, 1)) -> loss=1.1576 (|pool|=8)
  +('vision', ('attn', 11, 2)) -> loss=1.1428 (|pool|=9)
  +('vision', ('attn', 4, 2)) -> loss=1.1341 (|pool|=10)
  +('vision', ('attn', 6, 6)) -> loss=1.1266 (|pool|=11)
  +('vision', ('attn', 5, 6)) -> loss=1.1191 (|pool|=12)
  +('text', ('mlp', 6, -1)) -> loss=1.1118 (|pool|=13)
  +('text', ('attn', 10, 1)) -> loss=1.1047 (|pool|=14)
  +('vision', ('attn', 10, 9)) -> loss=1.0984 (|pool|=15)
  +('vision', ('attn', 10, 6)) -> loss=1.0927 (|pool|=16)
  +('text', ('attn', 10, 4)) -> loss=1.0871 (|pool|=17)
  +('vision', ('mlp', 5, -1)) -> loss=1.0819 (|pool|=18)
  +('text', ('mlp', 8, -1)) -> loss=1.0767 (|pool|=19)
  +('vision', ('attn', 7, 5)) -> loss=1.0713 (|pool|=20)
  +('text', ('mlp', 7, -1)) -> loss=1.0664 (|pool|=21)
  +('vision', ('attn', 9, 0)) -> loss=1.0621 (|pool|=22)
  +('vision', ('attn', 6, 8)) -> loss=1.0581 (|pool|=23)
  +('text', ('attn', 8, 3)) -> loss=1.0542 (|pool|=24)
  +('vision', ('attn', 4, 8)) -> loss=1.0503 (|pool|=25)
  +('vision', ('mlp', 2, -1)) -> loss=1.0466 (|pool|=26)
  +('text', ('attn', 11, 3)) -> loss=1.0431 (|pool|=27)
  +('text', ('attn', 7, 1)) -> loss=1.0395 (|pool|=28)
  +('vision', ('attn', 10, 7)) -> loss=1.0361 (|pool|=29)
  +('vision', ('attn', 7, 2)) -> loss=1.0326 (|pool|=30)
  +('vision', ('attn', 4, 11)) -> loss=1.0294 (|pool|=31)
  +('vision', ('attn', 4, 4)) -> loss=1.0265 (|pool|=32)
  +('text', ('attn', 2, 1)) -> loss=1.0238 (|pool|=33)
  +('vision', ('mlp', 8, -1)) -> loss=1.0216 (|pool|=34)
  +('text', ('mlp', 9, -1)) -> loss=1.0187 (|pool|=35)
  +('text', ('attn', 8, 4)) -> loss=1.0163 (|pool|=36)
  +('text', ('attn', 4, 2)) -> loss=1.0140 (|pool|=37)
  +('text', ('attn', 10, 6)) -> loss=1.0119 (|pool|=38)
  +('vision', ('attn', 8, 0)) -> loss=1.0100 (|pool|=39)
  +('vision', ('attn', 8, 5)) -> loss=1.0081 (|pool|=40)
  +('text', ('attn', 11, 5)) -> loss=1.0063 (|pool|=41)
  +('vision', ('attn', 7, 10)) -> loss=1.0046 (|pool|=42)
  +('vision', ('attn', 2, 11)) -> loss=1.0028 (|pool|=43)
  +('vision', ('attn', 6, 1)) -> loss=1.0012 (|pool|=44)
  +('vision', ('mlp', 0, -1)) -> loss=0.9995 (|pool|=45)
  +('vision', ('mlp', 4, -1)) -> loss=0.9966 (|pool|=46)
  +('vision', ('attn', 7, 1)) -> loss=0.9946 (|pool|=47)
  +('text', ('attn', 9, 7)) -> loss=0.9928 (|pool|=48)
  +('vision', ('attn', 5, 3)) -> loss=0.9911 (|pool|=49)
  +('text', ('attn', 2, 2)) -> loss=0.9894 (|pool|=50)
  +('vision', ('attn', 3, 8)) -> loss=0.9879 (|pool|=51)
  +('vision', ('attn', 2, 7)) -> loss=0.9864 (|pool|=52)
  +('vision', ('attn', 6, 2)) -> loss=0.9850 (|pool|=53)
  +('vision', ('attn', 8, 10)) -> loss=0.9835 (|pool|=54)
  +('vision', ('attn', 9, 10)) -> loss=0.9821 (|pool|=55)
  +('vision', ('attn', 3, 2)) -> loss=0.9807 (|pool|=56)
  +('text', ('attn', 8, 6)) -> loss=0.9794 (|pool|=57)
  +('vision', ('attn', 4, 7)) -> loss=0.9782 (|pool|=58)
  +('vision', ('attn', 4, 9)) -> loss=0.9769 (|pool|=59)
  +('vision', ('attn', 5, 7)) -> loss=0.9757 (|pool|=60)
  +('text', ('attn', 7, 5)) -> loss=0.9745 (|pool|=61)
  +('vision', ('attn', 3, 10)) -> loss=0.9735 (|pool|=62)
  +('text', ('attn', 11, 7)) -> loss=0.9725 (|pool|=63)
  +('text', ('attn', 11, 4)) -> loss=0.9715 (|pool|=64)
  +('text', ('attn', 9, 1)) -> loss=0.9706 (|pool|=65)
  +('text', ('attn', 7, 4)) -> loss=0.9696 (|pool|=66)
  +('text', ('attn', 6, 3)) -> loss=0.9688 (|pool|=67)
  +('vision', ('attn', 1, 9)) -> loss=0.9679 (|pool|=68)
  +('vision', ('attn', 1, 10)) -> loss=0.9671 (|pool|=69)
  +('vision', ('attn', 3, 3)) -> loss=0.9663 (|pool|=70)
  +('text', ('attn', 6, 4)) -> loss=0.9655 (|pool|=71)
  +('vision', ('attn', 2, 1)) -> loss=0.9647 (|pool|=72)
  +('text', ('attn', 4, 0)) -> loss=0.9640 (|pool|=73)
  +('vision', ('attn', 7, 7)) -> loss=0.9633 (|pool|=74)
  +('vision', ('attn', 3, 7)) -> loss=0.9627 (|pool|=75)
  +('vision', ('attn', 1, 8)) -> loss=0.9622 (|pool|=76)
  +('text', ('attn', 9, 0)) -> loss=0.9617 (|pool|=77)
  +('vision', ('attn', 5, 4)) -> loss=0.9612 (|pool|=78)
  +('vision', ('attn', 2, 10)) -> loss=0.9609 (|pool|=79)
  +('text', ('attn', 5, 1)) -> loss=0.9605 (|pool|=80)
  +('text', ('attn', 2, 5)) -> loss=0.9601 (|pool|=81)
  +('vision', ('attn', 3, 1)) -> loss=0.9598 (|pool|=82)
  +('text', ('attn', 3, 4)) -> loss=0.9595 (|pool|=83)
  +('text', ('attn', 9, 2)) -> loss=0.9592 (|pool|=84)
  +('text', ('attn', 0, 3)) -> loss=0.9589 (|pool|=85)
  +('text', ('attn', 0, 4)) -> loss=0.9586 (|pool|=86)
  +('vision', ('attn', 6, 9)) -> loss=0.9583 (|pool|=87)
  +('vision', ('attn', 0, 4)) -> loss=0.9580 (|pool|=88)
  +('vision', ('attn', 5, 10)) -> loss=0.9577 (|pool|=89)
  +('text', ('mlp', 5, -1)) -> loss=0.9573 (|pool|=90)
  +('text', ('attn', 0, 5)) -> loss=0.9571 (|pool|=91)
  +('text', ('attn', 2, 6)) -> loss=0.9568 (|pool|=92)
  +('text', ('attn', 4, 6)) -> loss=0.9565 (|pool|=93)
  +('vision', ('attn', 6, 4)) -> loss=0.9563 (|pool|=94)
  +('vision', ('attn', 10, 2)) -> loss=0.9559 (|pool|=95)
  +('text', ('attn', 0, 1)) -> loss=0.9556 (|pool|=96)
  +('text', ('attn', 6, 5)) -> loss=0.9555 (|pool|=97)
  +('vision', ('attn', 0, 3)) -> loss=0.9553 (|pool|=98)
  +('text', ('attn', 1, 6)) -> loss=0.9551 (|pool|=99)
  +('text', ('attn', 11, 2)) -> loss=0.9550 (|pool|=100)
  +('vision', ('attn', 5, 0)) -> loss=0.9548 (|pool|=101)
  +('text', ('attn', 0, 0)) -> loss=0.9547 (|pool|=102)
  +('text', ('attn', 8, 1)) -> loss=0.9545 (|pool|=103)
  +('vision', ('attn', 0, 5)) -> loss=0.9544 (|pool|=104)
  +('vision', ('attn', 0, 7)) -> loss=0.9543 (|pool|=105)
  +('vision', ('attn', 8, 2)) -> loss=0.9541 (|pool|=106)
  +('text', ('attn', 3, 5)) -> loss=0.9540 (|pool|=107)
  +('text', ('attn', 1, 2)) -> loss=0.9539 (|pool|=108)
  +('text', ('attn', 3, 6)) -> loss=0.9538 (|pool|=109)
  +('text', ('attn', 5, 0)) -> loss=0.9538 (|pool|=110)
  +('text', ('attn', 6, 6)) -> loss=0.9537 (|pool|=111)
  +('text', ('attn', 2, 3)) -> loss=0.9536 (|pool|=112)
  +('text', ('attn', 0, 7)) -> loss=0.9536 (|pool|=113)
  +('text', ('mlp', 0, -1)) -> loss=0.9536 (|pool|=114)
  +('vision', ('attn', 5, 1)) -> loss=0.9536 (|pool|=115)
  +('text', ('attn', 10, 3)) -> loss=0.9535 (|pool|=116)
[ViT-B-16/MNISTp] full=65.10  pool(116)=74.60  best prefix(15)=78.10
[ViT-B-16/MNISTp] 10 classes, calibration 10 pairs, 1000 images total
  seed pair ('vision', ('attn', 11, 9)) + ('text', ('attn', 11, 6))  loss=0.9237
  +('vision', ('mlp', 12, -1)) -> loss=0.8299 (|pool|=3)
  +('vision', ('mlp', 5, -1)) -> loss=0.8161 (|pool|=4)
  +('text', ('attn', 10, 5)) -> loss=0.8046 (|pool|=5)
  +('vision', ('mlp', 9, -1)) -> loss=0.7835 (|pool|=6)
  +('vision', ('attn', 11, 6)) -> loss=0.7735 (|pool|=7)
  +('vision', ('mlp', 2, -1)) -> loss=0.7652 (|pool|=8)
  +('vision', ('mlp', 3, -1)) -> loss=0.7582 (|pool|=9)
  +('vision', ('attn', 7, 3)) -> loss=0.7517 (|pool|=10)
  +('vision', ('attn', 10, 11)) -> loss=0.7456 (|pool|=11)
  +('text', ('mlp', 7, -1)) -> loss=0.7402 (|pool|=12)
  +('vision', ('attn', 8, 9)) -> loss=0.7354 (|pool|=13)
  +('vision', ('mlp', 4, -1)) -> loss=0.7307 (|pool|=14)
  +('vision', ('attn', 11, 1)) -> loss=0.7256 (|pool|=15)
  +('text', ('attn', 11, 1)) -> loss=0.7125 (|pool|=16)
  +('vision', ('attn', 11, 2)) -> loss=0.7014 (|pool|=17)
  +('text', ('attn', 5, 3)) -> loss=0.6956 (|pool|=18)
  +('vision', ('attn', 10, 6)) -> loss=0.6908 (|pool|=19)
  +('text', ('attn', 11, 4)) -> loss=0.6865 (|pool|=20)
  +('vision', ('attn', 5, 10)) -> loss=0.6822 (|pool|=21)
  +('vision', ('attn', 8, 0)) -> loss=0.6782 (|pool|=22)
  +('vision', ('attn', 11, 10)) -> loss=0.6744 (|pool|=23)
  +('text', ('attn', 10, 4)) -> loss=0.6702 (|pool|=24)
  +('text', ('attn', 5, 6)) -> loss=0.6670 (|pool|=25)
  +('text', ('attn', 10, 6)) -> loss=0.6640 (|pool|=26)
  +('vision', ('attn', 4, 8)) -> loss=0.6609 (|pool|=27)
  +('text', ('attn', 9, 7)) -> loss=0.6579 (|pool|=28)
  +('text', ('attn', 4, 2)) -> loss=0.6550 (|pool|=29)
  +('vision', ('attn', 5, 9)) -> loss=0.6524 (|pool|=30)
  +('vision', ('attn', 3, 2)) -> loss=0.6498 (|pool|=31)
  +('vision', ('attn', 10, 4)) -> loss=0.6472 (|pool|=32)
  +('text', ('attn', 8, 4)) -> loss=0.6449 (|pool|=33)
  +('vision', ('attn', 8, 11)) -> loss=0.6425 (|pool|=34)
  +('vision', ('attn', 4, 10)) -> loss=0.6402 (|pool|=35)
  +('vision', ('attn', 5, 6)) -> loss=0.6381 (|pool|=36)
  +('text', ('attn', 6, 7)) -> loss=0.6360 (|pool|=37)
  +('vision', ('attn', 7, 5)) -> loss=0.6339 (|pool|=38)
  +('text', ('mlp', 3, -1)) -> loss=0.6319 (|pool|=39)
  +('vision', ('attn', 7, 1)) -> loss=0.6304 (|pool|=40)
  +('vision', ('attn', 5, 3)) -> loss=0.6289 (|pool|=41)
  +('vision', ('attn', 6, 5)) -> loss=0.6274 (|pool|=42)
  +('text', ('attn', 2, 0)) -> loss=0.6259 (|pool|=43)
  +('vision', ('attn', 5, 1)) -> loss=0.6245 (|pool|=44)
  +('text', ('mlp', 6, -1)) -> loss=0.6232 (|pool|=45)
  +('vision', ('attn', 7, 11)) -> loss=0.6218 (|pool|=46)
  +('text', ('attn', 7, 2)) -> loss=0.6206 (|pool|=47)
  +('text', ('attn', 4, 7)) -> loss=0.6195 (|pool|=48)
  +('text', ('attn', 2, 2)) -> loss=0.6184 (|pool|=49)
  +('vision', ('attn', 7, 9)) -> loss=0.6173 (|pool|=50)
  +('vision', ('attn', 5, 2)) -> loss=0.6163 (|pool|=51)
  +('vision', ('attn', 4, 2)) -> loss=0.6154 (|pool|=52)
  +('vision', ('attn', 3, 11)) -> loss=0.6145 (|pool|=53)
  +('vision', ('attn', 7, 2)) -> loss=0.6136 (|pool|=54)
  +('text', ('attn', 4, 0)) -> loss=0.6126 (|pool|=55)
  +('text', ('attn', 8, 6)) -> loss=0.6118 (|pool|=56)
  +('vision', ('attn', 6, 8)) -> loss=0.6110 (|pool|=57)
  +('text', ('attn', 4, 1)) -> loss=0.6102 (|pool|=58)
  +('vision', ('attn', 3, 1)) -> loss=0.6095 (|pool|=59)
  +('vision', ('attn', 2, 9)) -> loss=0.6087 (|pool|=60)
  +('vision', ('attn', 10, 9)) -> loss=0.6079 (|pool|=61)
  +('vision', ('attn', 6, 0)) -> loss=0.6072 (|pool|=62)
  +('text', ('attn', 10, 2)) -> loss=0.6065 (|pool|=63)
  +('vision', ('attn', 3, 9)) -> loss=0.6058 (|pool|=64)
  +('text', ('attn', 1, 1)) -> loss=0.6051 (|pool|=65)
  +('vision', ('attn', 0, 10)) -> loss=0.6044 (|pool|=66)
  +('text', ('attn', 4, 4)) -> loss=0.6037 (|pool|=67)
  +('text', ('attn', 8, 1)) -> loss=0.6030 (|pool|=68)
  +('text', ('attn', 6, 3)) -> loss=0.6024 (|pool|=69)
  +('text', ('attn', 7, 4)) -> loss=0.6018 (|pool|=70)
  +('vision', ('attn', 3, 10)) -> loss=0.6013 (|pool|=71)
  +('text', ('mlp', 2, -1)) -> loss=0.6007 (|pool|=72)
  +('text', ('attn', 1, 5)) -> loss=0.6003 (|pool|=73)
  +('vision', ('attn', 2, 11)) -> loss=0.5998 (|pool|=74)
  +('text', ('attn', 7, 0)) -> loss=0.5994 (|pool|=75)
  +('vision', ('attn', 7, 0)) -> loss=0.5990 (|pool|=76)
  +('text', ('attn', 0, 3)) -> loss=0.5986 (|pool|=77)
  +('vision', ('attn', 0, 4)) -> loss=0.5982 (|pool|=78)
  +('text', ('attn', 3, 3)) -> loss=0.5979 (|pool|=79)
  +('text', ('attn', 5, 4)) -> loss=0.5976 (|pool|=80)
  +('text', ('attn', 2, 6)) -> loss=0.5972 (|pool|=81)
  +('text', ('attn', 10, 0)) -> loss=0.5969 (|pool|=82)
  +('text', ('mlp', 0, -1)) -> loss=0.5966 (|pool|=83)
  +('vision', ('attn', 1, 10)) -> loss=0.5964 (|pool|=84)
  +('vision', ('attn', 0, 3)) -> loss=0.5961 (|pool|=85)
  +('vision', ('attn', 3, 5)) -> loss=0.5959 (|pool|=86)
  +('text', ('attn', 9, 6)) -> loss=0.5956 (|pool|=87)
  +('vision', ('attn', 0, 1)) -> loss=0.5953 (|pool|=88)
  +('vision', ('attn', 0, 9)) -> loss=0.5951 (|pool|=89)
  +('text', ('attn', 3, 4)) -> loss=0.5949 (|pool|=90)
  +('text', ('attn', 3, 6)) -> loss=0.5947 (|pool|=91)
  +('text', ('attn', 9, 0)) -> loss=0.5945 (|pool|=92)
  +('text', ('attn', 0, 1)) -> loss=0.5944 (|pool|=93)
  +('vision', ('attn', 0, 11)) -> loss=0.5942 (|pool|=94)
  +('vision', ('attn', 1, 7)) -> loss=0.5941 (|pool|=95)
  +('text', ('attn', 0, 6)) -> loss=0.5940 (|pool|=96)
  +('text', ('attn', 2, 1)) -> loss=0.5939 (|pool|=97)
  +('vision', ('attn', 1, 5)) -> loss=0.5938 (|pool|=98)
  +('vision', ('attn', 0, 6)) -> loss=0.5937 (|pool|=99)
  +('text', ('attn', 0, 2)) -> loss=0.5936 (|pool|=100)
  +('text', ('attn', 1, 6)) -> loss=0.5935 (|pool|=101)
  +('text', ('attn', 0, 4)) -> loss=0.5935 (|pool|=102)
  +('text', ('attn', 2, 3)) -> loss=0.5934 (|pool|=103)
  +('text', ('attn', 6, 2)) -> loss=0.5933 (|pool|=104)
  +('text', ('attn', 2, 5)) -> loss=0.5933 (|pool|=105)
  +('vision', ('attn', 3, 3)) -> loss=0.5933 (|pool|=106)
  +('text', ('attn', 0, 0)) -> loss=0.5932 (|pool|=107)
  +('vision', ('attn', 0, 7)) -> loss=0.5932 (|pool|=108)
  +('vision', ('attn', 2, 0)) -> loss=0.5931 (|pool|=109)
  +('text', ('attn', 3, 5)) -> loss=0.5931 (|pool|=110)
  +('vision', ('attn', 7, 10)) -> loss=0.5931 (|pool|=111)
  +('text', ('attn', 11, 3)) -> loss=0.5930 (|pool|=112)
  +('text', ('attn', 9, 2)) -> loss=0.5930 (|pool|=113)
  +('text', ('attn', 1, 4)) -> loss=0.5929 (|pool|=114)
  +('text', ('attn', 3, 1)) -> loss=0.5929 (|pool|=115)
[ViT-B-16/MNISTp] full=65.10  pool(115)=76.20  best prefix(61)=77.20
[ViT-B-16/MNISTp] 10 classes, calibration 10 pairs, 1000 images total
  seed pair ('vision', ('attn', 11, 9)) + ('text', ('attn', 11, 6))  loss=1.5216
  +('vision', ('attn', 11, 7)) -> loss=1.4836 (|pool|=3)
  +('vision', ('attn', 9, 5)) -> loss=1.4581 (|pool|=4)
  +('vision', ('attn', 11, 1)) -> loss=1.4352 (|pool|=5)
  +('vision', ('attn', 6, 11)) -> loss=1.4191 (|pool|=6)
  +('vision', ('attn', 6, 2)) -> loss=1.4050 (|pool|=7)
  +('vision', ('attn', 10, 11)) -> loss=1.3925 (|pool|=8)
  +('vision', ('attn', 5, 6)) -> loss=1.3823 (|pool|=9)
  +('vision', ('mlp', 0, -1)) -> loss=1.3722 (|pool|=10)
  +('vision', ('attn', 10, 4)) -> loss=1.3631 (|pool|=11)
  +('vision', ('attn', 10, 7)) -> loss=1.3540 (|pool|=12)
  +('vision', ('attn', 7, 5)) -> loss=1.3454 (|pool|=13)
  +('vision', ('attn', 10, 10)) -> loss=1.3368 (|pool|=14)
  +('text', ('mlp', 11, -1)) -> loss=1.3297 (|pool|=15)
  +('text', ('attn', 10, 7)) -> loss=1.3234 (|pool|=16)
  +('vision', ('attn', 9, 10)) -> loss=1.3162 (|pool|=17)
  +('vision', ('attn', 10, 2)) -> loss=1.3115 (|pool|=18)
  +('vision', ('attn', 5, 3)) -> loss=1.3068 (|pool|=19)
  +('vision', ('attn', 6, 1)) -> loss=1.3025 (|pool|=20)
  +('vision', ('attn', 7, 10)) -> loss=1.2986 (|pool|=21)
  +('vision', ('attn', 8, 11)) -> loss=1.2948 (|pool|=22)
  +('vision', ('attn', 7, 9)) -> loss=1.2913 (|pool|=23)
  +('vision', ('attn', 5, 2)) -> loss=1.2879 (|pool|=24)
  +('vision', ('attn', 8, 5)) -> loss=1.2843 (|pool|=25)
  +('text', ('attn', 10, 2)) -> loss=1.2814 (|pool|=26)
  +('vision', ('attn', 3, 0)) -> loss=1.2787 (|pool|=27)
  +('text', ('mlp', 7, -1)) -> loss=1.2762 (|pool|=28)
  +('vision', ('attn', 10, 9)) -> loss=1.2736 (|pool|=29)
  +('text', ('mlp', 10, -1)) -> loss=1.2711 (|pool|=30)
  +('vision', ('attn', 10, 0)) -> loss=1.2688 (|pool|=31)
  +('vision', ('attn', 8, 3)) -> loss=1.2665 (|pool|=32)
  +('vision', ('attn', 3, 4)) -> loss=1.2643 (|pool|=33)
  +('vision', ('attn', 2, 1)) -> loss=1.2623 (|pool|=34)
  +('vision', ('mlp', 1, -1)) -> loss=1.2603 (|pool|=35)
  +('vision', ('attn', 5, 1)) -> loss=1.2584 (|pool|=36)
  +('text', ('attn', 4, 2)) -> loss=1.2567 (|pool|=37)
  +('vision', ('attn', 9, 2)) -> loss=1.2550 (|pool|=38)
  +('text', ('mlp', 6, -1)) -> loss=1.2534 (|pool|=39)
  +('vision', ('attn', 5, 0)) -> loss=1.2518 (|pool|=40)
  +('vision', ('attn', 3, 2)) -> loss=1.2501 (|pool|=41)
  +('vision', ('attn', 10, 8)) -> loss=1.2487 (|pool|=42)
  +('text', ('attn', 3, 7)) -> loss=1.2471 (|pool|=43)
  +('text', ('mlp', 3, -1)) -> loss=1.2457 (|pool|=44)
  +('vision', ('attn', 2, 11)) -> loss=1.2443 (|pool|=45)
  +('text', ('attn', 4, 4)) -> loss=1.2430 (|pool|=46)
  +('vision', ('attn', 5, 4)) -> loss=1.2418 (|pool|=47)
  +('text', ('attn', 4, 0)) -> loss=1.2406 (|pool|=48)
  +('text', ('attn', 4, 1)) -> loss=1.2395 (|pool|=49)
  +('text', ('attn', 7, 5)) -> loss=1.2385 (|pool|=50)
  +('vision', ('attn', 3, 11)) -> loss=1.2375 (|pool|=51)
  +('vision', ('attn', 7, 3)) -> loss=1.2364 (|pool|=52)
  +('vision', ('mlp', 2, -1)) -> loss=1.2350 (|pool|=53)
  +('text', ('attn', 10, 0)) -> loss=1.2341 (|pool|=54)
  +('vision', ('attn', 11, 2)) -> loss=1.2327 (|pool|=55)
  +('vision', ('mlp', 12, -1)) -> loss=1.2114 (|pool|=56)
  +('text', ('attn', 11, 1)) -> loss=1.1880 (|pool|=57)
  +('vision', ('attn', 11, 3)) -> loss=1.1823 (|pool|=58)
  +('text', ('attn', 9, 7)) -> loss=1.1788 (|pool|=59)
  +('text', ('mlp', 9, -1)) -> loss=1.1756 (|pool|=60)
  +('text', ('attn', 11, 3)) -> loss=1.1726 (|pool|=61)
  +('vision', ('attn', 7, 1)) -> loss=1.1699 (|pool|=62)
  +('vision', ('attn', 4, 11)) -> loss=1.1672 (|pool|=63)
  +('text', ('attn', 2, 0)) -> loss=1.1647 (|pool|=64)
  +('vision', ('attn', 1, 10)) -> loss=1.1625 (|pool|=65)
  +('text', ('attn', 11, 4)) -> loss=1.1607 (|pool|=66)
  +('vision', ('attn', 7, 6)) -> loss=1.1590 (|pool|=67)
  +('vision', ('attn', 4, 5)) -> loss=1.1575 (|pool|=68)
  +('text', ('attn', 2, 3)) -> loss=1.1563 (|pool|=69)
  +('text', ('attn', 4, 7)) -> loss=1.1551 (|pool|=70)
  +('vision', ('attn', 5, 7)) -> loss=1.1542 (|pool|=71)
  +('vision', ('attn', 4, 4)) -> loss=1.1530 (|pool|=72)
  +('text', ('attn', 10, 1)) -> loss=1.1517 (|pool|=73)
  +('vision', ('attn', 6, 3)) -> loss=1.1505 (|pool|=74)
  +('text', ('attn', 7, 1)) -> loss=1.1495 (|pool|=75)
  +('text', ('attn', 4, 5)) -> loss=1.1486 (|pool|=76)
  +('text', ('attn', 8, 4)) -> loss=1.1478 (|pool|=77)
  +('vision', ('attn', 10, 6)) -> loss=1.1468 (|pool|=78)
  +('vision', ('attn', 1, 9)) -> loss=1.1459 (|pool|=79)
  +('text', ('attn', 3, 3)) -> loss=1.1452 (|pool|=80)
  +('text', ('mlp', 0, -1)) -> loss=1.1445 (|pool|=81)
  +('text', ('attn', 1, 5)) -> loss=1.1439 (|pool|=82)
  +('vision', ('attn', 2, 3)) -> loss=1.1432 (|pool|=83)
  +('text', ('attn', 2, 6)) -> loss=1.1426 (|pool|=84)
  +('vision', ('attn', 1, 8)) -> loss=1.1421 (|pool|=85)
  +('text', ('attn', 7, 7)) -> loss=1.1416 (|pool|=86)
  +('text', ('attn', 0, 0)) -> loss=1.1412 (|pool|=87)
  +('text', ('attn', 2, 7)) -> loss=1.1408 (|pool|=88)
  +('text', ('attn', 3, 0)) -> loss=1.1404 (|pool|=89)
  +('vision', ('attn', 3, 6)) -> loss=1.1400 (|pool|=90)
  +('vision', ('attn', 8, 6)) -> loss=1.1396 (|pool|=91)
  +('text', ('attn', 5, 6)) -> loss=1.1392 (|pool|=92)
  +('vision', ('attn', 1, 6)) -> loss=1.1389 (|pool|=93)
  +('vision', ('attn', 2, 0)) -> loss=1.1386 (|pool|=94)
  +('text', ('attn', 1, 6)) -> loss=1.1383 (|pool|=95)
  +('text', ('attn', 3, 1)) -> loss=1.1380 (|pool|=96)
  +('text', ('attn', 1, 1)) -> loss=1.1377 (|pool|=97)
  +('text', ('attn', 3, 5)) -> loss=1.1375 (|pool|=98)
  +('text', ('attn', 9, 1)) -> loss=1.1373 (|pool|=99)
  +('text', ('attn', 0, 1)) -> loss=1.1371 (|pool|=100)
  +('text', ('attn', 9, 4)) -> loss=1.1369 (|pool|=101)
  +('text', ('attn', 1, 7)) -> loss=1.1368 (|pool|=102)
  +('vision', ('attn', 1, 11)) -> loss=1.1366 (|pool|=103)
  +('text', ('attn', 5, 5)) -> loss=1.1365 (|pool|=104)
  +('text', ('attn', 6, 0)) -> loss=1.1363 (|pool|=105)
  +('vision', ('attn', 5, 11)) -> loss=1.1362 (|pool|=106)
  +('vision', ('attn', 4, 8)) -> loss=1.1361 (|pool|=107)
  +('text', ('attn', 0, 5)) -> loss=1.1360 (|pool|=108)
  +('vision', ('attn', 8, 2)) -> loss=1.1359 (|pool|=109)
  +('text', ('attn', 6, 7)) -> loss=1.1358 (|pool|=110)
  +('text', ('attn', 11, 5)) -> loss=1.1357 (|pool|=111)
  +('text', ('attn', 9, 3)) -> loss=1.1356 (|pool|=112)
  +('text', ('attn', 7, 6)) -> loss=1.1356 (|pool|=113)
  +('text', ('attn', 5, 4)) -> loss=1.1355 (|pool|=114)
  +('text', ('attn', 2, 4)) -> loss=1.1355 (|pool|=115)
  +('vision', ('attn', 5, 9)) -> loss=1.1355 (|pool|=116)
  +('text', ('attn', 2, 2)) -> loss=1.1355 (|pool|=117)
  +('text', ('attn', 0, 2)) -> loss=1.1355 (|pool|=118)
[ViT-B-16/MNISTp] full=65.10  pool(118)=71.80  best prefix(54)=75.10
[ViT-B-16] wrote greedy_pool_{eval,trace,pool}
[ViT-L-14/MNISTp] 10 classes, calibration 10 pairs, 1000 images total
  seed pair ('vision', ('attn', 23, 10)) + ('text', ('attn', 9, 5))  loss=1.4449
  +('text', ('attn', 11, 5)) -> loss=1.2510 (|pool|=3)
  +('vision', ('attn', 20, 12)) -> loss=1.1696 (|pool|=4)
  +('text', ('attn', 11, 10)) -> loss=1.1430 (|pool|=5)
  +('vision', ('mlp', 22, -1)) -> loss=1.1113 (|pool|=6)
  +('text', ('attn', 11, 9)) -> loss=1.0895 (|pool|=7)
  +('vision', ('mlp', 19, -1)) -> loss=1.0704 (|pool|=8)
  +('vision', ('attn', 20, 4)) -> loss=1.0361 (|pool|=9)
  +('vision', ('attn', 21, 11)) -> loss=1.0212 (|pool|=10)
  +('vision', ('attn', 20, 9)) -> loss=1.0065 (|pool|=11)
  +('vision', ('attn', 19, 13)) -> loss=0.9935 (|pool|=12)
  +('vision', ('attn', 23, 4)) -> loss=0.9815 (|pool|=13)
  +('vision', ('attn', 15, 8)) -> loss=0.9712 (|pool|=14)
  +('vision', ('attn', 15, 7)) -> loss=0.9622 (|pool|=15)
  +('vision', ('attn', 19, 11)) -> loss=0.9541 (|pool|=16)
  +('text', ('attn', 3, 5)) -> loss=0.9459 (|pool|=17)
  +('vision', ('attn', 13, 0)) -> loss=0.9379 (|pool|=18)
  +('vision', ('attn', 16, 12)) -> loss=0.9314 (|pool|=19)
  +('text', ('attn', 9, 7)) -> loss=0.9254 (|pool|=20)
  +('text', ('mlp', 11, -1)) -> loss=0.9195 (|pool|=21)
  +('text', ('attn', 11, 2)) -> loss=0.9116 (|pool|=22)
  +('vision', ('mlp', 11, -1)) -> loss=0.9036 (|pool|=23)
  +('vision', ('attn', 8, 9)) -> loss=0.8958 (|pool|=24)
  +('vision', ('attn', 19, 1)) -> loss=0.8886 (|pool|=25)
  +('vision', ('attn', 23, 1)) -> loss=0.8821 (|pool|=26)
  +('vision', ('attn', 17, 5)) -> loss=0.8754 (|pool|=27)
  +('vision', ('attn', 18, 3)) -> loss=0.8693 (|pool|=28)
  +('vision', ('attn', 20, 15)) -> loss=0.8625 (|pool|=29)
  +('vision', ('attn', 19, 4)) -> loss=0.8567 (|pool|=30)
  +('vision', ('attn', 22, 12)) -> loss=0.8517 (|pool|=31)
  +('vision', ('attn', 20, 5)) -> loss=0.8467 (|pool|=32)
  +('vision', ('attn', 22, 3)) -> loss=0.8408 (|pool|=33)
  +('vision', ('attn', 8, 4)) -> loss=0.8358 (|pool|=34)
  +('text', ('attn', 5, 1)) -> loss=0.8312 (|pool|=35)
  +('text', ('attn', 8, 6)) -> loss=0.8268 (|pool|=36)
  +('vision', ('attn', 14, 7)) -> loss=0.8226 (|pool|=37)
  +('vision', ('attn', 20, 2)) -> loss=0.8186 (|pool|=38)
  +('text', ('attn', 7, 6)) -> loss=0.8147 (|pool|=39)
  +('vision', ('attn', 15, 4)) -> loss=0.8109 (|pool|=40)
  +('vision', ('attn', 7, 1)) -> loss=0.8069 (|pool|=41)
  +('vision', ('attn', 14, 15)) -> loss=0.8030 (|pool|=42)
  +('vision', ('attn', 22, 11)) -> loss=0.7992 (|pool|=43)
  +('vision', ('attn', 19, 12)) -> loss=0.7953 (|pool|=44)
  +('vision', ('attn', 20, 14)) -> loss=0.7914 (|pool|=45)
  +('vision', ('attn', 15, 14)) -> loss=0.7879 (|pool|=46)
  +('text', ('attn', 6, 0)) -> loss=0.7844 (|pool|=47)
  +('vision', ('attn', 20, 8)) -> loss=0.7813 (|pool|=48)
  +('vision', ('attn', 17, 4)) -> loss=0.7782 (|pool|=49)
  +('vision', ('attn', 16, 5)) -> loss=0.7752 (|pool|=50)
  +('vision', ('attn', 22, 15)) -> loss=0.7709 (|pool|=51)
  +('text', ('mlp', 7, -1)) -> loss=0.7667 (|pool|=52)
  +('vision', ('attn', 17, 12)) -> loss=0.7630 (|pool|=53)
  +('text', ('attn', 3, 2)) -> loss=0.7596 (|pool|=54)
  +('vision', ('attn', 20, 6)) -> loss=0.7567 (|pool|=55)
  +('vision', ('attn', 13, 11)) -> loss=0.7537 (|pool|=56)
  +('vision', ('attn', 23, 9)) -> loss=0.7508 (|pool|=57)
  +('vision', ('attn', 16, 11)) -> loss=0.7479 (|pool|=58)
  +('vision', ('attn', 17, 3)) -> loss=0.7444 (|pool|=59)
  +('vision', ('attn', 14, 0)) -> loss=0.7417 (|pool|=60)
  +('vision', ('attn', 20, 1)) -> loss=0.7390 (|pool|=61)
  +('vision', ('attn', 11, 1)) -> loss=0.7364 (|pool|=62)
  +('vision', ('attn', 23, 13)) -> loss=0.7330 (|pool|=63)
  +('vision', ('attn', 16, 0)) -> loss=0.7299 (|pool|=64)
  +('vision', ('attn', 21, 3)) -> loss=0.7251 (|pool|=65)
  +('vision', ('attn', 18, 7)) -> loss=0.7214 (|pool|=66)
  +('vision', ('attn', 12, 12)) -> loss=0.7186 (|pool|=67)
  +('text', ('attn', 4, 11)) -> loss=0.7160 (|pool|=68)
  +('vision', ('attn', 10, 1)) -> loss=0.7137 (|pool|=69)
  +('vision', ('attn', 10, 3)) -> loss=0.7117 (|pool|=70)
  +('vision', ('attn', 20, 11)) -> loss=0.7093 (|pool|=71)
  +('vision', ('attn', 14, 3)) -> loss=0.7061 (|pool|=72)
  +('vision', ('attn', 7, 4)) -> loss=0.7039 (|pool|=73)
  +('vision', ('mlp', 3, -1)) -> loss=0.7020 (|pool|=74)
  +('vision', ('attn', 9, 4)) -> loss=0.6993 (|pool|=75)
  +('vision', ('attn', 19, 15)) -> loss=0.6974 (|pool|=76)
  +('vision', ('attn', 14, 8)) -> loss=0.6954 (|pool|=77)
  +('vision', ('attn', 22, 6)) -> loss=0.6932 (|pool|=78)
  +('vision', ('attn', 11, 6)) -> loss=0.6914 (|pool|=79)
  +('vision', ('attn', 12, 5)) -> loss=0.6897 (|pool|=80)
  +('text', ('attn', 5, 9)) -> loss=0.6882 (|pool|=81)
  +('vision', ('attn', 14, 5)) -> loss=0.6866 (|pool|=82)
  +('vision', ('attn', 15, 10)) -> loss=0.6851 (|pool|=83)
  +('text', ('attn', 8, 0)) -> loss=0.6836 (|pool|=84)
  +('text', ('attn', 10, 4)) -> loss=0.6821 (|pool|=85)
  +('text', ('attn', 6, 9)) -> loss=0.6807 (|pool|=86)
  +('text', ('attn', 10, 2)) -> loss=0.6793 (|pool|=87)
  +('text', ('attn', 10, 10)) -> loss=0.6778 (|pool|=88)
  +('text', ('attn', 11, 1)) -> loss=0.6764 (|pool|=89)
  +('vision', ('attn', 21, 12)) -> loss=0.6748 (|pool|=90)
  +('vision', ('attn', 19, 9)) -> loss=0.6723 (|pool|=91)
  +('vision', ('attn', 8, 2)) -> loss=0.6705 (|pool|=92)
  +('vision', ('attn', 17, 1)) -> loss=0.6685 (|pool|=93)
  +('vision', ('attn', 19, 5)) -> loss=0.6668 (|pool|=94)
  +('vision', ('attn', 19, 7)) -> loss=0.6648 (|pool|=95)
  +('text', ('attn', 3, 1)) -> loss=0.6632 (|pool|=96)
  +('vision', ('attn', 17, 2)) -> loss=0.6615 (|pool|=97)
  +('text', ('attn', 5, 7)) -> loss=0.6600 (|pool|=98)
  +('vision', ('attn', 9, 15)) -> loss=0.6585 (|pool|=99)
  +('vision', ('attn', 23, 5)) -> loss=0.6561 (|pool|=100)
  +('vision', ('mlp', 2, -1)) -> loss=0.6542 (|pool|=101)
  +('text', ('attn', 11, 3)) -> loss=0.6524 (|pool|=102)
  +('vision', ('attn', 23, 11)) -> loss=0.6455 (|pool|=103)
  +('vision', ('attn', 22, 8)) -> loss=0.6327 (|pool|=104)
  +('vision', ('attn', 21, 6)) -> loss=0.6295 (|pool|=105)
  +('vision', ('attn', 14, 14)) -> loss=0.6268 (|pool|=106)
  +('vision', ('attn', 16, 13)) -> loss=0.6242 (|pool|=107)
  +('vision', ('attn', 13, 3)) -> loss=0.6221 (|pool|=108)
  +('vision', ('attn', 11, 11)) -> loss=0.6201 (|pool|=109)
  +('vision', ('attn', 23, 7)) -> loss=0.6182 (|pool|=110)
  +('vision', ('attn', 19, 14)) -> loss=0.6163 (|pool|=111)
  +('vision', ('attn', 11, 13)) -> loss=0.6145 (|pool|=112)
  +('text', ('attn', 4, 4)) -> loss=0.6128 (|pool|=113)
  +('vision', ('attn', 13, 5)) -> loss=0.6111 (|pool|=114)
  +('vision', ('attn', 19, 6)) -> loss=0.6095 (|pool|=115)
  +('vision', ('attn', 20, 0)) -> loss=0.6081 (|pool|=116)
  +('vision', ('attn', 15, 13)) -> loss=0.6065 (|pool|=117)
  +('vision', ('attn', 8, 8)) -> loss=0.6050 (|pool|=118)
  +('vision', ('attn', 6, 10)) -> loss=0.6035 (|pool|=119)
  +('vision', ('attn', 16, 14)) -> loss=0.6022 (|pool|=120)
  +('vision', ('attn', 13, 2)) -> loss=0.6008 (|pool|=121)
  +('vision', ('attn', 17, 8)) -> loss=0.5996 (|pool|=122)
  +('vision', ('attn', 15, 0)) -> loss=0.5983 (|pool|=123)
  +('text', ('mlp', 1, -1)) -> loss=0.5971 (|pool|=124)
  +('text', ('attn', 9, 6)) -> loss=0.5960 (|pool|=125)
  +('vision', ('attn', 14, 11)) -> loss=0.5947 (|pool|=126)
  +('vision', ('attn', 17, 15)) -> loss=0.5932 (|pool|=127)
  +('text', ('attn', 10, 7)) -> loss=0.5918 (|pool|=128)
  +('vision', ('attn', 22, 9)) -> loss=0.5905 (|pool|=129)
  +('vision', ('attn', 17, 11)) -> loss=0.5889 (|pool|=130)
  +('vision', ('attn', 5, 4)) -> loss=0.5876 (|pool|=131)
  +('text', ('mlp', 0, -1)) -> loss=0.5865 (|pool|=132)
  +('vision', ('attn', 11, 8)) -> loss=0.5854 (|pool|=133)
  +('vision', ('attn', 15, 1)) -> loss=0.5842 (|pool|=134)
  +('vision', ('attn', 7, 8)) -> loss=0.5830 (|pool|=135)
  +('text', ('attn', 4, 1)) -> loss=0.5819 (|pool|=136)
  +('vision', ('attn', 8, 5)) -> loss=0.5809 (|pool|=137)
  +('vision', ('attn', 10, 4)) -> loss=0.5799 (|pool|=138)
  +('vision', ('attn', 17, 6)) -> loss=0.5789 (|pool|=139)
  +('vision', ('mlp', 17, -1)) -> loss=0.5776 (|pool|=140)
  +('vision', ('attn', 7, 5)) -> loss=0.5727 (|pool|=141)
  +('vision', ('attn', 18, 11)) -> loss=0.5692 (|pool|=142)
  +('vision', ('attn', 17, 13)) -> loss=0.5667 (|pool|=143)
  +('vision', ('attn', 6, 3)) -> loss=0.5644 (|pool|=144)
  +('vision', ('attn', 7, 14)) -> loss=0.5624 (|pool|=145)
  +('vision', ('attn', 9, 9)) -> loss=0.5606 (|pool|=146)
  +('vision', ('attn', 23, 6)) -> loss=0.5588 (|pool|=147)
  +('vision', ('attn', 8, 11)) -> loss=0.5577 (|pool|=148)
  +('vision', ('attn', 18, 8)) -> loss=0.5566 (|pool|=149)
  +('vision', ('attn', 12, 2)) -> loss=0.5555 (|pool|=150)
  +('vision', ('attn', 5, 11)) -> loss=0.5544 (|pool|=151)
  +('vision', ('attn', 5, 9)) -> loss=0.5534 (|pool|=152)
  +('vision', ('attn', 7, 10)) -> loss=0.5525 (|pool|=153)
  +('vision', ('attn', 11, 10)) -> loss=0.5515 (|pool|=154)
  +('vision', ('attn', 6, 6)) -> loss=0.5506 (|pool|=155)
  +('text', ('attn', 10, 0)) -> loss=0.5497 (|pool|=156)
  +('vision', ('attn', 14, 4)) -> loss=0.5488 (|pool|=157)
  +('text', ('attn', 5, 10)) -> loss=0.5479 (|pool|=158)
  +('vision', ('attn', 5, 12)) -> loss=0.5471 (|pool|=159)
  +('text', ('attn', 8, 10)) -> loss=0.5463 (|pool|=160)
  +('text', ('attn', 8, 1)) -> loss=0.5455 (|pool|=161)
  +('text', ('attn', 8, 2)) -> loss=0.5447 (|pool|=162)
  +('text', ('attn', 0, 3)) -> loss=0.5439 (|pool|=163)
  +('text', ('attn', 9, 4)) -> loss=0.5432 (|pool|=164)
  +('vision', ('attn', 10, 7)) -> loss=0.5424 (|pool|=165)
  +('vision', ('attn', 8, 1)) -> loss=0.5416 (|pool|=166)
  +('vision', ('attn', 4, 12)) -> loss=0.5408 (|pool|=167)
  +('text', ('attn', 4, 6)) -> loss=0.5400 (|pool|=168)
  +('text', ('attn', 2, 7)) -> loss=0.5393 (|pool|=169)
  +('vision', ('attn', 12, 4)) -> loss=0.5385 (|pool|=170)
  +('vision', ('attn', 6, 2)) -> loss=0.5377 (|pool|=171)
  +('vision', ('attn', 8, 7)) -> loss=0.5370 (|pool|=172)
  +('vision', ('attn', 4, 1)) -> loss=0.5363 (|pool|=173)
  +('vision', ('attn', 7, 11)) -> loss=0.5357 (|pool|=174)
  +('vision', ('attn', 11, 2)) -> loss=0.5351 (|pool|=175)
  +('vision', ('attn', 5, 10)) -> loss=0.5345 (|pool|=176)
  +('text', ('attn', 0, 4)) -> loss=0.5339 (|pool|=177)
  +('text', ('attn', 10, 1)) -> loss=0.5333 (|pool|=178)
  +('vision', ('attn', 4, 9)) -> loss=0.5327 (|pool|=179)
  +('text', ('attn', 3, 4)) -> loss=0.5321 (|pool|=180)
  +('vision', ('attn', 6, 1)) -> loss=0.5316 (|pool|=181)
  +('text', ('attn', 2, 6)) -> loss=0.5310 (|pool|=182)
  +('vision', ('attn', 5, 8)) -> loss=0.5305 (|pool|=183)
  +('vision', ('attn', 5, 0)) -> loss=0.5299 (|pool|=184)
  +('text', ('attn', 11, 0)) -> loss=0.5294 (|pool|=185)
  +('text', ('attn', 7, 10)) -> loss=0.5288 (|pool|=186)
  +('vision', ('attn', 10, 9)) -> loss=0.5283 (|pool|=187)
  +('vision', ('attn', 7, 3)) -> loss=0.5278 (|pool|=188)
  +('vision', ('attn', 13, 12)) -> loss=0.5272 (|pool|=189)
  +('vision', ('attn', 9, 10)) -> loss=0.5267 (|pool|=190)
  +('text', ('attn', 2, 0)) -> loss=0.5261 (|pool|=191)
  +('text', ('attn', 4, 5)) -> loss=0.5256 (|pool|=192)
  +('vision', ('attn', 3, 1)) -> loss=0.5251 (|pool|=193)
  +('vision', ('attn', 6, 14)) -> loss=0.5246 (|pool|=194)
  +('vision', ('attn', 0, 11)) -> loss=0.5242 (|pool|=195)
  +('vision', ('attn', 7, 12)) -> loss=0.5237 (|pool|=196)
  +('text', ('attn', 9, 2)) -> loss=0.5233 (|pool|=197)
  +('text', ('attn', 3, 7)) -> loss=0.5228 (|pool|=198)
  +('text', ('attn', 0, 8)) -> loss=0.5224 (|pool|=199)
  +('vision', ('attn', 7, 15)) -> loss=0.5220 (|pool|=200)
[ViT-L-14/MNISTp] full=52.50  pool(200)=77.80  best prefix(199)=77.90
[ViT-L-14/MNISTp] 10 classes, calibration 10 pairs, 1000 images total
  seed pair ('vision', ('attn', 23, 10)) + ('text', ('attn', 9, 5))  loss=1.4191
  +('text', ('attn', 11, 5)) -> loss=1.2322 (|pool|=3)
  +('vision', ('attn', 22, 8)) -> loss=1.2032 (|pool|=4)
  +('vision', ('attn', 20, 12)) -> loss=1.1525 (|pool|=5)
  +('vision', ('mlp', 20, -1)) -> loss=1.1237 (|pool|=6)
  +('vision', ('attn', 23, 4)) -> loss=1.0971 (|pool|=7)
  +('text', ('attn', 11, 10)) -> loss=1.0721 (|pool|=8)
  +('vision', ('attn', 20, 9)) -> loss=1.0472 (|pool|=9)
  +('vision', ('attn', 19, 11)) -> loss=1.0266 (|pool|=10)
  +('text', ('attn', 11, 9)) -> loss=1.0073 (|pool|=11)
  +('vision', ('attn', 23, 11)) -> loss=0.9901 (|pool|=12)
  +('text', ('attn', 11, 3)) -> loss=0.9614 (|pool|=13)
  +('text', ('attn', 11, 2)) -> loss=0.9381 (|pool|=14)
  +('vision', ('attn', 20, 5)) -> loss=0.9229 (|pool|=15)
  +('vision', ('attn', 23, 15)) -> loss=0.9111 (|pool|=16)
  +('vision', ('attn', 15, 8)) -> loss=0.9006 (|pool|=17)
  +('vision', ('attn', 23, 14)) -> loss=0.8902 (|pool|=18)
  +('vision', ('attn', 21, 11)) -> loss=0.8801 (|pool|=19)
  +('vision', ('attn', 21, 12)) -> loss=0.8715 (|pool|=20)
  +('vision', ('attn', 14, 15)) -> loss=0.8639 (|pool|=21)
  +('vision', ('attn', 7, 5)) -> loss=0.8568 (|pool|=22)
  +('vision', ('attn', 13, 0)) -> loss=0.8503 (|pool|=23)
  +('vision', ('attn', 17, 3)) -> loss=0.8433 (|pool|=24)
  +('vision', ('attn', 12, 6)) -> loss=0.8370 (|pool|=25)
  +('vision', ('attn', 21, 13)) -> loss=0.8311 (|pool|=26)
  +('vision', ('attn', 18, 15)) -> loss=0.8242 (|pool|=27)
  +('vision', ('attn', 18, 3)) -> loss=0.8194 (|pool|=28)
  +('vision', ('attn', 20, 1)) -> loss=0.8149 (|pool|=29)
  +('vision', ('attn', 17, 5)) -> loss=0.8102 (|pool|=30)
  +('vision', ('attn', 21, 3)) -> loss=0.8049 (|pool|=31)
  +('vision', ('mlp', 10, -1)) -> loss=0.7994 (|pool|=32)
  +('vision', ('attn', 23, 1)) -> loss=0.7931 (|pool|=33)
  +('vision', ('mlp', 14, -1)) -> loss=0.7864 (|pool|=34)
  +('text', ('attn', 3, 5)) -> loss=0.7820 (|pool|=35)
  +('vision', ('attn', 17, 4)) -> loss=0.7775 (|pool|=36)
  +('vision', ('attn', 16, 4)) -> loss=0.7730 (|pool|=37)
  +('text', ('attn', 9, 7)) -> loss=0.7689 (|pool|=38)
  +('vision', ('attn', 16, 12)) -> loss=0.7650 (|pool|=39)
  +('vision', ('attn', 15, 7)) -> loss=0.7612 (|pool|=40)
  +('vision', ('attn', 21, 8)) -> loss=0.7572 (|pool|=41)
  +('vision', ('attn', 22, 9)) -> loss=0.7533 (|pool|=42)
  +('vision', ('attn', 16, 14)) -> loss=0.7492 (|pool|=43)
  +('vision', ('attn', 17, 11)) -> loss=0.7453 (|pool|=44)
  +('text', ('mlp', 7, -1)) -> loss=0.7413 (|pool|=45)
  +('vision', ('attn', 15, 4)) -> loss=0.7376 (|pool|=46)
  +('vision', ('attn', 18, 11)) -> loss=0.7340 (|pool|=47)
  +('text', ('mlp', 4, -1)) -> loss=0.7305 (|pool|=48)
  +('vision', ('attn', 20, 8)) -> loss=0.7266 (|pool|=49)
  +('vision', ('mlp', 7, -1)) -> loss=0.7221 (|pool|=50)
  +('text', ('attn', 9, 0)) -> loss=0.7187 (|pool|=51)
  +('vision', ('attn', 17, 1)) -> loss=0.7155 (|pool|=52)
  +('vision', ('attn', 15, 3)) -> loss=0.7112 (|pool|=53)
  +('vision', ('attn', 14, 3)) -> loss=0.7076 (|pool|=54)
  +('vision', ('attn', 19, 4)) -> loss=0.7043 (|pool|=55)
  +('text', ('attn', 6, 6)) -> loss=0.7015 (|pool|=56)
  +('text', ('attn', 7, 1)) -> loss=0.6987 (|pool|=57)
  +('text', ('mlp', 1, -1)) -> loss=0.6960 (|pool|=58)
  +('vision', ('attn', 19, 0)) -> loss=0.6933 (|pool|=59)
  +('vision', ('attn', 18, 7)) -> loss=0.6902 (|pool|=60)
  +('vision', ('attn', 21, 1)) -> loss=0.6876 (|pool|=61)
  +('vision', ('attn', 14, 7)) -> loss=0.6838 (|pool|=62)
  +('vision', ('attn', 10, 0)) -> loss=0.6808 (|pool|=63)
  +('vision', ('attn', 15, 10)) -> loss=0.6778 (|pool|=64)
  +('vision', ('attn', 5, 13)) -> loss=0.6749 (|pool|=65)
  +('vision', ('attn', 17, 8)) -> loss=0.6723 (|pool|=66)
  +('vision', ('attn', 12, 13)) -> loss=0.6694 (|pool|=67)
  +('text', ('attn', 4, 7)) -> loss=0.6669 (|pool|=68)
  +('vision', ('attn', 8, 11)) -> loss=0.6644 (|pool|=69)
  +('vision', ('attn', 15, 1)) -> loss=0.6622 (|pool|=70)
  +('vision', ('attn', 4, 0)) -> loss=0.6600 (|pool|=71)
  +('text', ('attn', 6, 2)) -> loss=0.6579 (|pool|=72)
  +('vision', ('attn', 4, 2)) -> loss=0.6559 (|pool|=73)
  +('vision', ('attn', 13, 12)) -> loss=0.6537 (|pool|=74)
  +('vision', ('attn', 14, 0)) -> loss=0.6517 (|pool|=75)
  +('text', ('attn', 11, 8)) -> loss=0.6497 (|pool|=76)
  +('vision', ('attn', 11, 1)) -> loss=0.6477 (|pool|=77)
  +('vision', ('attn', 17, 2)) -> loss=0.6454 (|pool|=78)
  +('vision', ('attn', 14, 13)) -> loss=0.6435 (|pool|=79)
  +('vision', ('attn', 11, 2)) -> loss=0.6416 (|pool|=80)
  +('vision', ('attn', 19, 12)) -> loss=0.6397 (|pool|=81)
  +('vision', ('attn', 17, 12)) -> loss=0.6380 (|pool|=82)
  +('vision', ('attn', 21, 10)) -> loss=0.6362 (|pool|=83)
  +('vision', ('attn', 12, 2)) -> loss=0.6343 (|pool|=84)
  +('text', ('attn', 4, 4)) -> loss=0.6325 (|pool|=85)
  +('text', ('attn', 10, 5)) -> loss=0.6308 (|pool|=86)
  +('vision', ('attn', 8, 12)) -> loss=0.6291 (|pool|=87)
  +('text', ('attn', 10, 7)) -> loss=0.6275 (|pool|=88)
  +('vision', ('attn', 14, 5)) -> loss=0.6259 (|pool|=89)
  +('vision', ('attn', 20, 7)) -> loss=0.6242 (|pool|=90)
  +('vision', ('attn', 14, 4)) -> loss=0.6227 (|pool|=91)
  +('text', ('attn', 5, 11)) -> loss=0.6214 (|pool|=92)
  +('vision', ('attn', 12, 10)) -> loss=0.6200 (|pool|=93)
  +('text', ('attn', 6, 5)) -> loss=0.6187 (|pool|=94)
  +('vision', ('attn', 6, 5)) -> loss=0.6175 (|pool|=95)
  +('vision', ('attn', 23, 3)) -> loss=0.6163 (|pool|=96)
  +('vision', ('attn', 22, 1)) -> loss=0.6145 (|pool|=97)
  +('vision', ('attn', 18, 6)) -> loss=0.6130 (|pool|=98)
  +('vision', ('attn', 15, 0)) -> loss=0.6115 (|pool|=99)
  +('vision', ('attn', 10, 5)) -> loss=0.6102 (|pool|=100)
  +('text', ('attn', 8, 2)) -> loss=0.6085 (|pool|=101)
  +('text', ('attn', 10, 4)) -> loss=0.6072 (|pool|=102)
  +('vision', ('attn', 19, 1)) -> loss=0.6060 (|pool|=103)
  +('vision', ('attn', 13, 3)) -> loss=0.6048 (|pool|=104)
  +('vision', ('attn', 10, 10)) -> loss=0.6037 (|pool|=105)
  +('vision', ('attn', 22, 10)) -> loss=0.6026 (|pool|=106)
  +('text', ('attn', 5, 1)) -> loss=0.6012 (|pool|=107)
  +('vision', ('attn', 19, 10)) -> loss=0.5999 (|pool|=108)
  +('vision', ('attn', 20, 4)) -> loss=0.5958 (|pool|=109)
  +('vision', ('attn', 22, 6)) -> loss=0.5935 (|pool|=110)
  +('vision', ('attn', 8, 2)) -> loss=0.5915 (|pool|=111)
  +('vision', ('attn', 22, 4)) -> loss=0.5899 (|pool|=112)
  +('vision', ('attn', 11, 14)) -> loss=0.5887 (|pool|=113)
  +('vision', ('attn', 9, 11)) -> loss=0.5874 (|pool|=114)
  +('vision', ('attn', 14, 8)) -> loss=0.5862 (|pool|=115)
  +('text', ('attn', 11, 7)) -> loss=0.5851 (|pool|=116)
  +('vision', ('attn', 7, 10)) -> loss=0.5840 (|pool|=117)
  +('vision', ('attn', 4, 14)) -> loss=0.5831 (|pool|=118)
  +('vision', ('attn', 6, 1)) -> loss=0.5820 (|pool|=119)
  +('vision', ('attn', 19, 14)) -> loss=0.5809 (|pool|=120)
  +('text', ('attn', 5, 10)) -> loss=0.5800 (|pool|=121)
  +('vision', ('attn', 8, 8)) -> loss=0.5790 (|pool|=122)
  +('vision', ('attn', 18, 1)) -> loss=0.5780 (|pool|=123)
  +('vision', ('attn', 23, 7)) -> loss=0.5767 (|pool|=124)
  +('vision', ('attn', 13, 11)) -> loss=0.5755 (|pool|=125)
  +('vision', ('attn', 16, 10)) -> loss=0.5739 (|pool|=126)
  +('vision', ('attn', 9, 4)) -> loss=0.5725 (|pool|=127)
  +('vision', ('attn', 12, 4)) -> loss=0.5713 (|pool|=128)
  +('vision', ('attn', 11, 8)) -> loss=0.5703 (|pool|=129)
  +('text', ('attn', 3, 9)) -> loss=0.5693 (|pool|=130)
  +('text', ('attn', 11, 0)) -> loss=0.5683 (|pool|=131)
  +('vision', ('attn', 14, 2)) -> loss=0.5674 (|pool|=132)
  +('text', ('attn', 5, 9)) -> loss=0.5666 (|pool|=133)
  +('vision', ('attn', 6, 9)) -> loss=0.5658 (|pool|=134)
  +('text', ('attn', 4, 11)) -> loss=0.5649 (|pool|=135)
  +('text', ('attn', 6, 0)) -> loss=0.5640 (|pool|=136)
  +('vision', ('attn', 15, 12)) -> loss=0.5630 (|pool|=137)
  +('text', ('attn', 2, 2)) -> loss=0.5622 (|pool|=138)
  +('vision', ('attn', 7, 9)) -> loss=0.5614 (|pool|=139)
  +('vision', ('attn', 17, 7)) -> loss=0.5606 (|pool|=140)
  +('vision', ('attn', 20, 13)) -> loss=0.5593 (|pool|=141)
  +('vision', ('attn', 15, 15)) -> loss=0.5583 (|pool|=142)
  +('vision', ('attn', 3, 7)) -> loss=0.5573 (|pool|=143)
  +('text', ('attn', 9, 2)) -> loss=0.5565 (|pool|=144)
  +('text', ('attn', 7, 3)) -> loss=0.5557 (|pool|=145)
  +('vision', ('attn', 13, 9)) -> loss=0.5550 (|pool|=146)
  +('text', ('attn', 8, 10)) -> loss=0.5543 (|pool|=147)
  +('vision', ('attn', 9, 8)) -> loss=0.5537 (|pool|=148)
  +('text', ('attn', 8, 11)) -> loss=0.5530 (|pool|=149)
  +('vision', ('attn', 16, 13)) -> loss=0.5523 (|pool|=150)
  +('vision', ('attn', 9, 15)) -> loss=0.5516 (|pool|=151)
  +('text', ('attn', 2, 1)) -> loss=0.5510 (|pool|=152)
  +('text', ('attn', 0, 10)) -> loss=0.5504 (|pool|=153)
  +('vision', ('attn', 8, 14)) -> loss=0.5498 (|pool|=154)
  +('vision', ('attn', 3, 6)) -> loss=0.5492 (|pool|=155)
  +('vision', ('attn', 4, 11)) -> loss=0.5486 (|pool|=156)
  +('vision', ('attn', 8, 7)) -> loss=0.5481 (|pool|=157)
  +('text', ('attn', 3, 7)) -> loss=0.5475 (|pool|=158)
  +('vision', ('attn', 5, 7)) -> loss=0.5470 (|pool|=159)
  +('text', ('attn', 11, 4)) -> loss=0.5464 (|pool|=160)
  +('vision', ('attn', 18, 8)) -> loss=0.5459 (|pool|=161)
  +('vision', ('attn', 12, 15)) -> loss=0.5455 (|pool|=162)
  +('text', ('attn', 2, 11)) -> loss=0.5450 (|pool|=163)
  +('vision', ('attn', 5, 11)) -> loss=0.5445 (|pool|=164)
  +('text', ('attn', 10, 6)) -> loss=0.5441 (|pool|=165)
  +('text', ('attn', 6, 8)) -> loss=0.5436 (|pool|=166)
  +('text', ('attn', 3, 4)) -> loss=0.5431 (|pool|=167)
  +('text', ('attn', 0, 7)) -> loss=0.5426 (|pool|=168)
  +('vision', ('attn', 7, 11)) -> loss=0.5422 (|pool|=169)
  +('text', ('attn', 0, 4)) -> loss=0.5417 (|pool|=170)
  +('text', ('attn', 6, 9)) -> loss=0.5413 (|pool|=171)
  +('vision', ('attn', 6, 11)) -> loss=0.5409 (|pool|=172)
  +('vision', ('attn', 7, 15)) -> loss=0.5405 (|pool|=173)
  +('vision', ('attn', 19, 3)) -> loss=0.5399 (|pool|=174)
  +('vision', ('attn', 11, 7)) -> loss=0.5394 (|pool|=175)
  +('vision', ('attn', 13, 2)) -> loss=0.5389 (|pool|=176)
  +('vision', ('attn', 0, 13)) -> loss=0.5385 (|pool|=177)
  +('vision', ('attn', 5, 1)) -> loss=0.5381 (|pool|=178)
  +('vision', ('attn', 4, 13)) -> loss=0.5377 (|pool|=179)
  +('text', ('attn', 0, 5)) -> loss=0.5374 (|pool|=180)
  +('text', ('attn', 6, 11)) -> loss=0.5370 (|pool|=181)
  +('text', ('attn', 3, 3)) -> loss=0.5367 (|pool|=182)
  +('vision', ('attn', 9, 1)) -> loss=0.5363 (|pool|=183)
  +('vision', ('attn', 4, 9)) -> loss=0.5360 (|pool|=184)
  +('vision', ('attn', 20, 10)) -> loss=0.5356 (|pool|=185)
  +('vision', ('attn', 10, 3)) -> loss=0.5350 (|pool|=186)
  +('vision', ('attn', 7, 13)) -> loss=0.5346 (|pool|=187)
  +('vision', ('attn', 13, 6)) -> loss=0.5343 (|pool|=188)
  +('text', ('attn', 2, 0)) -> loss=0.5339 (|pool|=189)
  +('text', ('attn', 8, 3)) -> loss=0.5336 (|pool|=190)
  +('text', ('attn', 9, 11)) -> loss=0.5332 (|pool|=191)
  +('vision', ('attn', 5, 10)) -> loss=0.5329 (|pool|=192)
  +('vision', ('attn', 6, 2)) -> loss=0.5326 (|pool|=193)
  +('vision', ('attn', 5, 6)) -> loss=0.5322 (|pool|=194)
  +('text', ('attn', 7, 5)) -> loss=0.5319 (|pool|=195)
  +('vision', ('attn', 0, 4)) -> loss=0.5316 (|pool|=196)
  +('text', ('attn', 0, 8)) -> loss=0.5313 (|pool|=197)
  +('vision', ('attn', 2, 0)) -> loss=0.5310 (|pool|=198)
  +('vision', ('attn', 8, 15)) -> loss=0.5308 (|pool|=199)
  +('text', ('attn', 7, 0)) -> loss=0.5305 (|pool|=200)
[ViT-L-14/MNISTp] full=52.50  pool(200)=83.70  best prefix(157)=84.30
[ViT-L-14/MNISTp] 10 classes, calibration 10 pairs, 1000 images total
  seed pair ('vision', ('attn', 23, 10)) + ('text', ('attn', 9, 5))  loss=1.7165
  +('text', ('attn', 11, 5)) -> loss=1.6059 (|pool|=3)
  +('vision', ('attn', 21, 14)) -> loss=1.5870 (|pool|=4)
  +('vision', ('attn', 20, 12)) -> loss=1.5678 (|pool|=5)
  +('vision', ('mlp', 21, -1)) -> loss=1.5150 (|pool|=6)
  +('vision', ('attn', 20, 4)) -> loss=1.4886 (|pool|=7)
  +('vision', ('attn', 23, 4)) -> loss=1.4701 (|pool|=8)
  +('text', ('attn', 11, 9)) -> loss=1.4503 (|pool|=9)
  +('vision', ('attn', 15, 7)) -> loss=1.4381 (|pool|=10)
  +('vision', ('attn', 20, 11)) -> loss=1.4256 (|pool|=11)
  +('vision', ('mlp', 14, -1)) -> loss=1.4148 (|pool|=12)
  +('vision', ('attn', 20, 15)) -> loss=1.4046 (|pool|=13)
  +('vision', ('attn', 17, 5)) -> loss=1.3935 (|pool|=14)
  +('vision', ('attn', 20, 1)) -> loss=1.3834 (|pool|=15)
  +('vision', ('attn', 20, 8)) -> loss=1.3732 (|pool|=16)
  +('text', ('attn', 11, 2)) -> loss=1.3628 (|pool|=17)
  +('vision', ('attn', 15, 8)) -> loss=1.3539 (|pool|=18)
  +('vision', ('attn', 18, 5)) -> loss=1.3458 (|pool|=19)
  +('vision', ('attn', 19, 5)) -> loss=1.3381 (|pool|=20)
  +('vision', ('mlp', 5, -1)) -> loss=1.3308 (|pool|=21)
  +('vision', ('attn', 18, 15)) -> loss=1.3236 (|pool|=22)
  +('text', ('attn', 3, 2)) -> loss=1.3166 (|pool|=23)
  +('vision', ('attn', 20, 9)) -> loss=1.3108 (|pool|=24)
  +('vision', ('attn', 23, 3)) -> loss=1.3038 (|pool|=25)
  +('vision', ('attn', 21, 12)) -> loss=1.2984 (|pool|=26)
  +('vision', ('attn', 16, 4)) -> loss=1.2931 (|pool|=27)
  +('vision', ('attn', 15, 4)) -> loss=1.2880 (|pool|=28)
  +('text', ('attn', 7, 1)) -> loss=1.2830 (|pool|=29)
  +('vision', ('attn', 20, 7)) -> loss=1.2783 (|pool|=30)
  +('text', ('attn', 9, 7)) -> loss=1.2737 (|pool|=31)
  +('vision', ('attn', 22, 0)) -> loss=1.2692 (|pool|=32)
  +('vision', ('attn', 21, 9)) -> loss=1.2642 (|pool|=33)
  +('text', ('attn', 11, 10)) -> loss=1.2599 (|pool|=34)
  +('vision', ('mlp', 10, -1)) -> loss=1.2544 (|pool|=35)
  +('vision', ('attn', 19, 11)) -> loss=1.2477 (|pool|=36)
  +('text', ('attn', 3, 5)) -> loss=1.2427 (|pool|=37)
  +('vision', ('attn', 14, 4)) -> loss=1.2382 (|pool|=38)
  +('vision', ('attn', 17, 4)) -> loss=1.2337 (|pool|=39)
  +('vision', ('attn', 17, 1)) -> loss=1.2294 (|pool|=40)
  +('vision', ('attn', 16, 11)) -> loss=1.2246 (|pool|=41)
  +('vision', ('attn', 16, 12)) -> loss=1.2200 (|pool|=42)
  +('vision', ('attn', 23, 7)) -> loss=1.2153 (|pool|=43)
  +('vision', ('attn', 21, 11)) -> loss=1.2098 (|pool|=44)
  +('vision', ('attn', 13, 11)) -> loss=1.2050 (|pool|=45)
  +('vision', ('attn', 19, 13)) -> loss=1.2008 (|pool|=46)
  +('vision', ('attn', 18, 6)) -> loss=1.1963 (|pool|=47)
  +('vision', ('attn', 20, 0)) -> loss=1.1925 (|pool|=48)
  +('text', ('attn', 11, 3)) -> loss=1.1883 (|pool|=49)
  +('vision', ('attn', 13, 13)) -> loss=1.1844 (|pool|=50)
  +('vision', ('mlp', 4, -1)) -> loss=1.1808 (|pool|=51)
  +('vision', ('attn', 8, 4)) -> loss=1.1767 (|pool|=52)
  +('vision', ('attn', 23, 11)) -> loss=1.1732 (|pool|=53)
  +('vision', ('attn', 19, 9)) -> loss=1.1663 (|pool|=54)
  +('vision', ('attn', 15, 15)) -> loss=1.1616 (|pool|=55)
  +('vision', ('attn', 17, 3)) -> loss=1.1580 (|pool|=56)
  +('vision', ('attn', 8, 3)) -> loss=1.1544 (|pool|=57)
  +('vision', ('attn', 12, 9)) -> loss=1.1511 (|pool|=58)
  +('vision', ('attn', 10, 10)) -> loss=1.1479 (|pool|=59)
  +('text', ('attn', 6, 6)) -> loss=1.1448 (|pool|=60)
  +('vision', ('attn', 14, 1)) -> loss=1.1419 (|pool|=61)
  +('vision', ('attn', 7, 5)) -> loss=1.1391 (|pool|=62)
  +('vision', ('attn', 9, 2)) -> loss=1.1361 (|pool|=63)
  +('text', ('attn', 11, 1)) -> loss=1.1332 (|pool|=64)
  +('vision', ('attn', 15, 10)) -> loss=1.1303 (|pool|=65)
  +('text', ('attn', 6, 5)) -> loss=1.1275 (|pool|=66)
  +('vision', ('attn', 16, 2)) -> loss=1.1247 (|pool|=67)
  +('vision', ('attn', 11, 0)) -> loss=1.1222 (|pool|=68)
  +('vision', ('attn', 21, 8)) -> loss=1.1196 (|pool|=69)
  +('text', ('mlp', 4, -1)) -> loss=1.1168 (|pool|=70)
  +('vision', ('attn', 17, 2)) -> loss=1.1142 (|pool|=71)
  +('vision', ('attn', 19, 7)) -> loss=1.1117 (|pool|=72)
  +('vision', ('attn', 13, 3)) -> loss=1.1092 (|pool|=73)
  +('vision', ('attn', 11, 14)) -> loss=1.1068 (|pool|=74)
  +('vision', ('attn', 14, 15)) -> loss=1.1043 (|pool|=75)
  +('vision', ('attn', 17, 6)) -> loss=1.1020 (|pool|=76)
  +('text', ('attn', 9, 0)) -> loss=1.0997 (|pool|=77)
  +('vision', ('attn', 13, 0)) -> loss=1.0973 (|pool|=78)
  +('vision', ('attn', 9, 5)) -> loss=1.0947 (|pool|=79)
  +('vision', ('attn', 12, 6)) -> loss=1.0921 (|pool|=80)
  +('text', ('attn', 10, 7)) -> loss=1.0898 (|pool|=81)
  +('vision', ('attn', 10, 0)) -> loss=1.0877 (|pool|=82)
  +('vision', ('attn', 22, 7)) -> loss=1.0853 (|pool|=83)
  +('vision', ('attn', 16, 13)) -> loss=1.0828 (|pool|=84)
  +('vision', ('attn', 10, 3)) -> loss=1.0805 (|pool|=85)
  +('vision', ('attn', 3, 1)) -> loss=1.0784 (|pool|=86)
  +('vision', ('attn', 11, 10)) -> loss=1.0763 (|pool|=87)
  +('vision', ('attn', 12, 12)) -> loss=1.0743 (|pool|=88)
  +('vision', ('attn', 17, 11)) -> loss=1.0722 (|pool|=89)
  +('vision', ('attn', 14, 8)) -> loss=1.0701 (|pool|=90)
  +('text', ('attn', 1, 2)) -> loss=1.0681 (|pool|=91)
  +('vision', ('attn', 9, 11)) -> loss=1.0663 (|pool|=92)
  +('vision', ('attn', 15, 0)) -> loss=1.0643 (|pool|=93)
  +('text', ('attn', 2, 0)) -> loss=1.0626 (|pool|=94)
  +('vision', ('attn', 15, 5)) -> loss=1.0609 (|pool|=95)
  +('text', ('attn', 2, 2)) -> loss=1.0593 (|pool|=96)
  +('vision', ('attn', 23, 8)) -> loss=1.0577 (|pool|=97)
  +('vision', ('attn', 7, 15)) -> loss=1.0558 (|pool|=98)
  +('vision', ('attn', 5, 6)) -> loss=1.0542 (|pool|=99)
  +('vision', ('attn', 18, 4)) -> loss=1.0526 (|pool|=100)
  +('vision', ('attn', 18, 7)) -> loss=1.0508 (|pool|=101)
  +('vision', ('attn', 6, 5)) -> loss=1.0491 (|pool|=102)
  +('text', ('attn', 11, 0)) -> loss=1.0474 (|pool|=103)
  +('vision', ('attn', 6, 2)) -> loss=1.0458 (|pool|=104)
  +('vision', ('attn', 9, 8)) -> loss=1.0442 (|pool|=105)
  +('vision', ('attn', 6, 7)) -> loss=1.0427 (|pool|=106)
  +('vision', ('attn', 4, 9)) -> loss=1.0412 (|pool|=107)
  +('text', ('mlp', 0, -1)) -> loss=1.0397 (|pool|=108)
  +('vision', ('attn', 12, 1)) -> loss=1.0384 (|pool|=109)
  +('text', ('attn', 10, 10)) -> loss=1.0370 (|pool|=110)
  +('vision', ('attn', 10, 12)) -> loss=1.0358 (|pool|=111)
  +('vision', ('attn', 9, 4)) -> loss=1.0345 (|pool|=112)
  +('vision', ('attn', 21, 13)) -> loss=1.0333 (|pool|=113)
  +('vision', ('attn', 12, 13)) -> loss=1.0319 (|pool|=114)
  +('text', ('attn', 0, 10)) -> loss=1.0307 (|pool|=115)
  +('text', ('attn', 2, 6)) -> loss=1.0296 (|pool|=116)
  +('text', ('attn', 0, 11)) -> loss=1.0284 (|pool|=117)
  +('text', ('attn', 11, 11)) -> loss=1.0274 (|pool|=118)
  +('text', ('attn', 3, 9)) -> loss=1.0263 (|pool|=119)
  +('text', ('attn', 9, 6)) -> loss=1.0253 (|pool|=120)
  +('vision', ('attn', 9, 1)) -> loss=1.0241 (|pool|=121)
  +('vision', ('attn', 13, 1)) -> loss=1.0229 (|pool|=122)
  +('vision', ('attn', 16, 10)) -> loss=1.0216 (|pool|=123)
  +('vision', ('attn', 14, 3)) -> loss=1.0200 (|pool|=124)
  +('vision', ('attn', 15, 14)) -> loss=1.0187 (|pool|=125)
  +('vision', ('attn', 12, 11)) -> loss=1.0174 (|pool|=126)
  +('vision', ('attn', 17, 8)) -> loss=1.0162 (|pool|=127)
  +('vision', ('attn', 6, 15)) -> loss=1.0149 (|pool|=128)
  +('vision', ('attn', 6, 1)) -> loss=1.0137 (|pool|=129)
  +('vision', ('attn', 13, 9)) -> loss=1.0125 (|pool|=130)
  +('text', ('attn', 5, 10)) -> loss=1.0114 (|pool|=131)
  +('vision', ('attn', 17, 0)) -> loss=1.0103 (|pool|=132)
  +('vision', ('attn', 5, 11)) -> loss=1.0092 (|pool|=133)
  +('vision', ('attn', 16, 3)) -> loss=1.0081 (|pool|=134)
  +('vision', ('attn', 7, 12)) -> loss=1.0071 (|pool|=135)
  +('text', ('attn', 10, 1)) -> loss=1.0062 (|pool|=136)
  +('text', ('attn', 2, 7)) -> loss=1.0053 (|pool|=137)
  +('text', ('attn', 7, 3)) -> loss=1.0045 (|pool|=138)
  +('vision', ('attn', 22, 10)) -> loss=1.0036 (|pool|=139)
  +('vision', ('attn', 10, 11)) -> loss=1.0026 (|pool|=140)
  +('vision', ('attn', 14, 5)) -> loss=1.0013 (|pool|=141)
  +('vision', ('attn', 4, 10)) -> loss=1.0004 (|pool|=142)
  +('vision', ('attn', 4, 12)) -> loss=0.9993 (|pool|=143)
  +('vision', ('mlp', 6, -1)) -> loss=0.9983 (|pool|=144)
  +('text', ('attn', 4, 6)) -> loss=0.9974 (|pool|=145)
  +('text', ('attn', 11, 6)) -> loss=0.9965 (|pool|=146)
  +('vision', ('attn', 8, 7)) -> loss=0.9956 (|pool|=147)
  +('vision', ('attn', 7, 8)) -> loss=0.9948 (|pool|=148)
  +('text', ('attn', 8, 0)) -> loss=0.9941 (|pool|=149)
  +('vision', ('attn', 10, 14)) -> loss=0.9933 (|pool|=150)
  +('text', ('attn', 8, 10)) -> loss=0.9925 (|pool|=151)
  +('text', ('attn', 10, 2)) -> loss=0.9918 (|pool|=152)
  +('text', ('mlp', 1, -1)) -> loss=0.9911 (|pool|=153)
  +('text', ('attn', 4, 0)) -> loss=0.9904 (|pool|=154)
  +('text', ('attn', 10, 0)) -> loss=0.9898 (|pool|=155)
  +('text', ('attn', 0, 8)) -> loss=0.9891 (|pool|=156)
  +('vision', ('attn', 2, 12)) -> loss=0.9884 (|pool|=157)
  +('text', ('attn', 5, 2)) -> loss=0.9878 (|pool|=158)
  +('vision', ('attn', 2, 9)) -> loss=0.9871 (|pool|=159)
  +('vision', ('attn', 14, 12)) -> loss=0.9865 (|pool|=160)
  +('vision', ('attn', 7, 9)) -> loss=0.9858 (|pool|=161)
  +('vision', ('attn', 11, 7)) -> loss=0.9852 (|pool|=162)
  +('vision', ('attn', 7, 1)) -> loss=0.9844 (|pool|=163)
  +('vision', ('attn', 15, 1)) -> loss=0.9837 (|pool|=164)
  +('vision', ('attn', 11, 11)) -> loss=0.9829 (|pool|=165)
  +('vision', ('attn', 12, 4)) -> loss=0.9821 (|pool|=166)
  +('text', ('attn', 4, 2)) -> loss=0.9815 (|pool|=167)
  +('vision', ('attn', 4, 13)) -> loss=0.9809 (|pool|=168)
  +('text', ('attn', 5, 3)) -> loss=0.9803 (|pool|=169)
  +('vision', ('attn', 8, 6)) -> loss=0.9798 (|pool|=170)
  +('vision', ('attn', 2, 13)) -> loss=0.9792 (|pool|=171)
  +('vision', ('attn', 9, 13)) -> loss=0.9787 (|pool|=172)
  +('vision', ('attn', 1, 3)) -> loss=0.9780 (|pool|=173)
  +('text', ('attn', 4, 11)) -> loss=0.9774 (|pool|=174)
  +('text', ('attn', 7, 10)) -> loss=0.9769 (|pool|=175)
  +('vision', ('attn', 13, 6)) -> loss=0.9764 (|pool|=176)
  +('vision', ('attn', 5, 4)) -> loss=0.9757 (|pool|=177)
  +('vision', ('attn', 21, 6)) -> loss=0.9749 (|pool|=178)
  +('vision', ('attn', 2, 4)) -> loss=0.9744 (|pool|=179)
  +('text', ('attn', 9, 8)) -> loss=0.9739 (|pool|=180)
  +('vision', ('attn', 2, 3)) -> loss=0.9735 (|pool|=181)
  +('text', ('attn', 11, 7)) -> loss=0.9730 (|pool|=182)
  +('vision', ('attn', 2, 0)) -> loss=0.9725 (|pool|=183)
  +('text', ('attn', 1, 11)) -> loss=0.9720 (|pool|=184)
  +('vision', ('attn', 3, 7)) -> loss=0.9716 (|pool|=185)
  +('text', ('attn', 8, 1)) -> loss=0.9711 (|pool|=186)
  +('vision', ('attn', 2, 11)) -> loss=0.9707 (|pool|=187)
  +('text', ('attn', 0, 4)) -> loss=0.9703 (|pool|=188)
  +('text', ('attn', 10, 9)) -> loss=0.9699 (|pool|=189)
  +('text', ('attn', 0, 1)) -> loss=0.9695 (|pool|=190)
  +('text', ('attn', 6, 7)) -> loss=0.9692 (|pool|=191)
  +('vision', ('attn', 21, 7)) -> loss=0.9688 (|pool|=192)
  +('vision', ('attn', 8, 10)) -> loss=0.9683 (|pool|=193)
  +('vision', ('attn', 19, 1)) -> loss=0.9678 (|pool|=194)
  +('vision', ('attn', 22, 4)) -> loss=0.9669 (|pool|=195)
  +('text', ('attn', 5, 0)) -> loss=0.9664 (|pool|=196)
  +('vision', ('attn', 2, 15)) -> loss=0.9660 (|pool|=197)
  +('text', ('attn', 3, 1)) -> loss=0.9656 (|pool|=198)
  +('vision', ('attn', 2, 6)) -> loss=0.9652 (|pool|=199)
  +('vision', ('attn', 2, 5)) -> loss=0.9648 (|pool|=200)
[ViT-L-14/MNISTp] full=52.50  pool(200)=80.80  best prefix(155)=81.60
[ViT-L-14] wrote greedy_pool_{eval,trace,pool}
[ViT-H-14/MNISTp] 10 classes, calibration 10 pairs, 1000 images total
  seed pair ('vision', ('attn', 31, 9)) + ('text', ('attn', 22, 15))  loss=1.2273
  +('vision', ('attn', 30, 2)) -> loss=1.0711 (|pool|=3)
  +('text', ('attn', 18, 6)) -> loss=0.9792 (|pool|=4)
  +('vision', ('attn', 16, 9)) -> loss=0.9413 (|pool|=5)
  +('vision', ('attn', 31, 11)) -> loss=0.9106 (|pool|=6)
  +('text', ('attn', 23, 12)) -> loss=0.8829 (|pool|=7)
  +('vision', ('attn', 30, 8)) -> loss=0.8585 (|pool|=8)
  +('text', ('attn', 21, 6)) -> loss=0.8379 (|pool|=9)
  +('vision', ('mlp', 15, -1)) -> loss=0.8203 (|pool|=10)
  +('vision', ('attn', 30, 5)) -> loss=0.8030 (|pool|=11)
  +('vision', ('attn', 17, 7)) -> loss=0.7865 (|pool|=12)
  +('text', ('attn', 21, 12)) -> loss=0.7710 (|pool|=13)
  +('text', ('mlp', 22, -1)) -> loss=0.7490 (|pool|=14)
  +('vision', ('attn', 31, 14)) -> loss=0.7338 (|pool|=15)
  +('text', ('attn', 23, 4)) -> loss=0.7206 (|pool|=16)
  +('vision', ('attn', 29, 12)) -> loss=0.7081 (|pool|=17)
  +('vision', ('attn', 31, 3)) -> loss=0.6962 (|pool|=18)
  +('vision', ('mlp', 25, -1)) -> loss=0.6839 (|pool|=19)
  +('vision', ('attn', 27, 0)) -> loss=0.6719 (|pool|=20)
  +('text', ('attn', 23, 1)) -> loss=0.6608 (|pool|=21)
  +('vision', ('attn', 27, 8)) -> loss=0.6495 (|pool|=22)
  +('vision', ('attn', 26, 0)) -> loss=0.6386 (|pool|=23)
  +('vision', ('attn', 29, 9)) -> loss=0.6285 (|pool|=24)
  +('vision', ('attn', 18, 2)) -> loss=0.6187 (|pool|=25)
  +('vision', ('attn', 28, 9)) -> loss=0.6091 (|pool|=26)
  +('vision', ('attn', 29, 7)) -> loss=0.5991 (|pool|=27)
  +('vision', ('attn', 29, 11)) -> loss=0.5901 (|pool|=28)
  +('text', ('mlp', 20, -1)) -> loss=0.5810 (|pool|=29)
  +('vision', ('attn', 28, 3)) -> loss=0.5730 (|pool|=30)
  +('text', ('attn', 20, 11)) -> loss=0.5649 (|pool|=31)
  +('vision', ('attn', 29, 2)) -> loss=0.5569 (|pool|=32)
  +('vision', ('attn', 16, 8)) -> loss=0.5497 (|pool|=33)
  +('vision', ('attn', 29, 6)) -> loss=0.5425 (|pool|=34)
  +('text', ('mlp', 13, -1)) -> loss=0.5357 (|pool|=35)
  +('vision', ('attn', 17, 9)) -> loss=0.5295 (|pool|=36)
  +('vision', ('attn', 25, 6)) -> loss=0.5231 (|pool|=37)
  +('vision', ('attn', 26, 9)) -> loss=0.5172 (|pool|=38)
  +('text', ('mlp', 12, -1)) -> loss=0.5110 (|pool|=39)
  +('vision', ('attn', 30, 3)) -> loss=0.5052 (|pool|=40)
  +('vision', ('mlp', 12, -1)) -> loss=0.4986 (|pool|=41)
  +('vision', ('attn', 18, 4)) -> loss=0.4925 (|pool|=42)
  +('text', ('attn', 16, 0)) -> loss=0.4871 (|pool|=43)
  +('vision', ('attn', 27, 6)) -> loss=0.4815 (|pool|=44)
  +('vision', ('attn', 26, 4)) -> loss=0.4761 (|pool|=45)
  +('vision', ('attn', 27, 13)) -> loss=0.4707 (|pool|=46)
  +('vision', ('attn', 21, 9)) -> loss=0.4654 (|pool|=47)
  +('vision', ('attn', 26, 15)) -> loss=0.4603 (|pool|=48)
  +('text', ('mlp', 18, -1)) -> loss=0.4555 (|pool|=49)
  +('vision', ('attn', 14, 8)) -> loss=0.4508 (|pool|=50)
  +('vision', ('attn', 19, 2)) -> loss=0.4463 (|pool|=51)
  +('vision', ('attn', 19, 7)) -> loss=0.4417 (|pool|=52)
  +('vision', ('attn', 31, 0)) -> loss=0.4374 (|pool|=53)
  +('vision', ('attn', 24, 2)) -> loss=0.4330 (|pool|=54)
  +('vision', ('attn', 23, 2)) -> loss=0.4288 (|pool|=55)
  +('vision', ('attn', 24, 3)) -> loss=0.4247 (|pool|=56)
  +('text', ('attn', 21, 10)) -> loss=0.4208 (|pool|=57)
  +('text', ('attn', 17, 11)) -> loss=0.4169 (|pool|=58)
  +('vision', ('attn', 30, 14)) -> loss=0.4130 (|pool|=59)
  +('vision', ('attn', 14, 2)) -> loss=0.4091 (|pool|=60)
  +('vision', ('attn', 30, 12)) -> loss=0.4055 (|pool|=61)
  +('vision', ('attn', 17, 13)) -> loss=0.4022 (|pool|=62)
  +('vision', ('attn', 21, 3)) -> loss=0.3984 (|pool|=63)
  +('vision', ('attn', 25, 2)) -> loss=0.3952 (|pool|=64)
  +('text', ('attn', 21, 13)) -> loss=0.3919 (|pool|=65)
  +('vision', ('attn', 14, 0)) -> loss=0.3887 (|pool|=66)
  +('vision', ('attn', 23, 13)) -> loss=0.3855 (|pool|=67)
  +('text', ('attn', 22, 4)) -> loss=0.3824 (|pool|=68)
  +('vision', ('attn', 24, 0)) -> loss=0.3794 (|pool|=69)
  +('vision', ('attn', 31, 1)) -> loss=0.3764 (|pool|=70)
  +('vision', ('attn', 22, 7)) -> loss=0.3736 (|pool|=71)
  +('text', ('mlp', 9, -1)) -> loss=0.3708 (|pool|=72)
  +('text', ('attn', 19, 2)) -> loss=0.3680 (|pool|=73)
  +('vision', ('attn', 31, 10)) -> loss=0.3651 (|pool|=74)
  +('vision', ('attn', 27, 10)) -> loss=0.3619 (|pool|=75)
  +('vision', ('attn', 11, 1)) -> loss=0.3590 (|pool|=76)
  +('vision', ('attn', 23, 15)) -> loss=0.3564 (|pool|=77)
  +('vision', ('mlp', 14, -1)) -> loss=0.3537 (|pool|=78)
  +('vision', ('attn', 30, 10)) -> loss=0.3506 (|pool|=79)
  +('vision', ('attn', 15, 6)) -> loss=0.3482 (|pool|=80)
  +('vision', ('attn', 24, 1)) -> loss=0.3458 (|pool|=81)
  +('vision', ('attn', 24, 15)) -> loss=0.3436 (|pool|=82)
  +('vision', ('attn', 10, 6)) -> loss=0.3414 (|pool|=83)
  +('vision', ('attn', 11, 6)) -> loss=0.3392 (|pool|=84)
  +('vision', ('attn', 9, 3)) -> loss=0.3370 (|pool|=85)
  +('vision', ('mlp', 11, -1)) -> loss=0.3345 (|pool|=86)
  +('vision', ('attn', 28, 7)) -> loss=0.3322 (|pool|=87)
  +('vision', ('attn', 29, 14)) -> loss=0.3302 (|pool|=88)
  +('vision', ('attn', 22, 13)) -> loss=0.3282 (|pool|=89)
  +('vision', ('attn', 12, 9)) -> loss=0.3263 (|pool|=90)
  +('vision', ('attn', 22, 9)) -> loss=0.3241 (|pool|=91)
  +('text', ('attn', 23, 9)) -> loss=0.3221 (|pool|=92)
  +('vision', ('attn', 23, 10)) -> loss=0.3203 (|pool|=93)
  +('vision', ('attn', 18, 0)) -> loss=0.3184 (|pool|=94)
  +('vision', ('attn', 12, 13)) -> loss=0.3163 (|pool|=95)
  +('vision', ('attn', 25, 13)) -> loss=0.3144 (|pool|=96)
  +('vision', ('attn', 17, 4)) -> loss=0.3127 (|pool|=97)
  +('vision', ('attn', 18, 12)) -> loss=0.3110 (|pool|=98)
  +('vision', ('attn', 28, 14)) -> loss=0.3093 (|pool|=99)
  +('vision', ('attn', 20, 6)) -> loss=0.3078 (|pool|=100)
  +('vision', ('attn', 30, 0)) -> loss=0.3062 (|pool|=101)
  +('vision', ('attn', 28, 6)) -> loss=0.3046 (|pool|=102)
  +('vision', ('attn', 24, 13)) -> loss=0.3031 (|pool|=103)
  +('vision', ('attn', 22, 5)) -> loss=0.3017 (|pool|=104)
  +('vision', ('attn', 13, 3)) -> loss=0.3003 (|pool|=105)
  +('text', ('attn', 2, 5)) -> loss=0.2989 (|pool|=106)
  +('vision', ('attn', 6, 0)) -> loss=0.2975 (|pool|=107)
  +('vision', ('attn', 14, 5)) -> loss=0.2961 (|pool|=108)
  +('vision', ('attn', 13, 13)) -> loss=0.2947 (|pool|=109)
  +('text', ('attn', 13, 12)) -> loss=0.2933 (|pool|=110)
  +('vision', ('attn', 23, 11)) -> loss=0.2920 (|pool|=111)
  +('vision', ('attn', 27, 15)) -> loss=0.2907 (|pool|=112)
  +('vision', ('attn', 30, 11)) -> loss=0.2894 (|pool|=113)
  +('vision', ('attn', 18, 7)) -> loss=0.2881 (|pool|=114)
  +('vision', ('attn', 25, 4)) -> loss=0.2867 (|pool|=115)
  +('vision', ('attn', 21, 0)) -> loss=0.2854 (|pool|=116)
  +('vision', ('attn', 7, 2)) -> loss=0.2841 (|pool|=117)
  +('vision', ('attn', 11, 0)) -> loss=0.2827 (|pool|=118)
  +('vision', ('attn', 29, 1)) -> loss=0.2813 (|pool|=119)
  +('vision', ('attn', 29, 8)) -> loss=0.2801 (|pool|=120)
  +('vision', ('attn', 25, 12)) -> loss=0.2789 (|pool|=121)
  +('text', ('attn', 15, 10)) -> loss=0.2777 (|pool|=122)
  +('vision', ('attn', 11, 3)) -> loss=0.2765 (|pool|=123)
  +('vision', ('attn', 20, 12)) -> loss=0.2753 (|pool|=124)
  +('vision', ('attn', 26, 7)) -> loss=0.2741 (|pool|=125)
  +('vision', ('attn', 24, 10)) -> loss=0.2729 (|pool|=126)
  +('vision', ('attn', 20, 3)) -> loss=0.2718 (|pool|=127)
  +('text', ('mlp', 17, -1)) -> loss=0.2707 (|pool|=128)
  +('vision', ('attn', 30, 6)) -> loss=0.2695 (|pool|=129)
  +('vision', ('attn', 18, 13)) -> loss=0.2683 (|pool|=130)
  +('vision', ('attn', 10, 13)) -> loss=0.2672 (|pool|=131)
  +('vision', ('attn', 14, 7)) -> loss=0.2660 (|pool|=132)
  +('vision', ('attn', 28, 12)) -> loss=0.2649 (|pool|=133)
  +('vision', ('attn', 31, 15)) -> loss=0.2637 (|pool|=134)
  +('vision', ('attn', 15, 14)) -> loss=0.2626 (|pool|=135)
  +('vision', ('attn', 9, 9)) -> loss=0.2616 (|pool|=136)
  +('vision', ('attn', 22, 10)) -> loss=0.2606 (|pool|=137)
  +('vision', ('attn', 23, 6)) -> loss=0.2595 (|pool|=138)
  +('vision', ('attn', 28, 2)) -> loss=0.2584 (|pool|=139)
  +('vision', ('attn', 15, 13)) -> loss=0.2574 (|pool|=140)
  +('vision', ('attn', 27, 11)) -> loss=0.2564 (|pool|=141)
  +('text', ('attn', 3, 4)) -> loss=0.2555 (|pool|=142)
  +('text', ('attn', 16, 8)) -> loss=0.2546 (|pool|=143)
  +('vision', ('attn', 12, 0)) -> loss=0.2536 (|pool|=144)
  +('vision', ('attn', 12, 10)) -> loss=0.2528 (|pool|=145)
  +('vision', ('attn', 5, 0)) -> loss=0.2519 (|pool|=146)
  +('text', ('attn', 2, 13)) -> loss=0.2510 (|pool|=147)
  +('vision', ('attn', 11, 5)) -> loss=0.2501 (|pool|=148)
  +('vision', ('attn', 9, 14)) -> loss=0.2492 (|pool|=149)
  +('text', ('attn', 9, 6)) -> loss=0.2484 (|pool|=150)
  +('text', ('attn', 23, 15)) -> loss=0.2475 (|pool|=151)
  +('vision', ('attn', 14, 11)) -> loss=0.2467 (|pool|=152)
  +('vision', ('attn', 9, 7)) -> loss=0.2456 (|pool|=153)
  +('vision', ('attn', 14, 13)) -> loss=0.2448 (|pool|=154)
  +('vision', ('attn', 20, 0)) -> loss=0.2440 (|pool|=155)
  +('vision', ('attn', 29, 10)) -> loss=0.2430 (|pool|=156)
  +('vision', ('attn', 29, 5)) -> loss=0.2421 (|pool|=157)
  +('vision', ('attn', 21, 2)) -> loss=0.2413 (|pool|=158)
  +('vision', ('attn', 19, 8)) -> loss=0.2406 (|pool|=159)
  +('vision', ('attn', 19, 13)) -> loss=0.2398 (|pool|=160)
  +('vision', ('mlp', 16, -1)) -> loss=0.2390 (|pool|=161)
  +('vision', ('attn', 24, 8)) -> loss=0.2382 (|pool|=162)
  +('vision', ('attn', 28, 1)) -> loss=0.2373 (|pool|=163)
  +('text', ('attn', 4, 15)) -> loss=0.2365 (|pool|=164)
  +('text', ('mlp', 14, -1)) -> loss=0.2356 (|pool|=165)
  +('text', ('attn', 22, 11)) -> loss=0.2348 (|pool|=166)
  +('vision', ('attn', 22, 11)) -> loss=0.2341 (|pool|=167)
  +('vision', ('attn', 8, 10)) -> loss=0.2334 (|pool|=168)
  +('vision', ('attn', 8, 0)) -> loss=0.2327 (|pool|=169)
  +('vision', ('attn', 7, 5)) -> loss=0.2321 (|pool|=170)
  +('vision', ('attn', 25, 3)) -> loss=0.2314 (|pool|=171)
  +('vision', ('attn', 12, 6)) -> loss=0.2307 (|pool|=172)
  +('vision', ('attn', 26, 12)) -> loss=0.2299 (|pool|=173)
  +('vision', ('attn', 6, 6)) -> loss=0.2292 (|pool|=174)
  +('text', ('mlp', 11, -1)) -> loss=0.2285 (|pool|=175)
  +('text', ('attn', 15, 6)) -> loss=0.2277 (|pool|=176)
  +('vision', ('mlp', 5, -1)) -> loss=0.2271 (|pool|=177)
  +('vision', ('attn', 11, 11)) -> loss=0.2265 (|pool|=178)
  +('vision', ('attn', 19, 14)) -> loss=0.2258 (|pool|=179)
  +('vision', ('attn', 15, 10)) -> loss=0.2252 (|pool|=180)
  +('text', ('attn', 0, 3)) -> loss=0.2246 (|pool|=181)
  +('vision', ('attn', 5, 6)) -> loss=0.2241 (|pool|=182)
  +('vision', ('attn', 5, 8)) -> loss=0.2235 (|pool|=183)
  +('text', ('attn', 0, 11)) -> loss=0.2230 (|pool|=184)
  +('text', ('attn', 13, 15)) -> loss=0.2224 (|pool|=185)
  +('vision', ('attn', 28, 11)) -> loss=0.2219 (|pool|=186)
  +('vision', ('attn', 16, 0)) -> loss=0.2213 (|pool|=187)
  +('text', ('attn', 2, 8)) -> loss=0.2208 (|pool|=188)
  +('vision', ('attn', 5, 2)) -> loss=0.2203 (|pool|=189)
  +('text', ('attn', 10, 10)) -> loss=0.2198 (|pool|=190)
  +('text', ('attn', 14, 7)) -> loss=0.2192 (|pool|=191)
  +('text', ('attn', 6, 0)) -> loss=0.2187 (|pool|=192)
  +('vision', ('attn', 25, 5)) -> loss=0.2183 (|pool|=193)
  +('vision', ('attn', 10, 3)) -> loss=0.2178 (|pool|=194)
  +('text', ('attn', 23, 2)) -> loss=0.2173 (|pool|=195)
  +('vision', ('attn', 25, 14)) -> loss=0.2168 (|pool|=196)
  +('vision', ('attn', 18, 9)) -> loss=0.2164 (|pool|=197)
  +('text', ('attn', 6, 6)) -> loss=0.2159 (|pool|=198)
  +('vision', ('attn', 12, 7)) -> loss=0.2155 (|pool|=199)
  +('vision', ('attn', 26, 13)) -> loss=0.2150 (|pool|=200)
[ViT-H-14/MNISTp] full=71.80  pool(200)=86.50  best prefix(175)=87.50
[ViT-H-14/MNISTp] 10 classes, calibration 10 pairs, 1000 images total
  seed pair ('vision', ('attn', 31, 9)) + ('text', ('attn', 22, 15))  loss=1.0707
  +('vision', ('attn', 30, 2)) -> loss=0.8647 (|pool|=3)
  +('text', ('attn', 18, 6)) -> loss=0.7552 (|pool|=4)
  +('vision', ('attn', 16, 9)) -> loss=0.7079 (|pool|=5)
  +('vision', ('mlp', 31, -1)) -> loss=0.6763 (|pool|=6)
  +('vision', ('attn', 29, 7)) -> loss=0.6513 (|pool|=7)
  +('text', ('attn', 21, 6)) -> loss=0.6289 (|pool|=8)
  +('vision', ('attn', 31, 11)) -> loss=0.6156 (|pool|=9)
  +('text', ('attn', 23, 12)) -> loss=0.5806 (|pool|=10)
  +('vision', ('attn', 30, 5)) -> loss=0.5548 (|pool|=11)
  +('vision', ('attn', 31, 14)) -> loss=0.5342 (|pool|=12)
  +('text', ('attn', 21, 12)) -> loss=0.5053 (|pool|=13)
  +('vision', ('attn', 30, 8)) -> loss=0.4916 (|pool|=14)
  +('vision', ('mlp', 15, -1)) -> loss=0.4796 (|pool|=15)
  +('vision', ('attn', 26, 0)) -> loss=0.4680 (|pool|=16)
  +('text', ('attn', 23, 1)) -> loss=0.4573 (|pool|=17)
  +('vision', ('attn', 30, 3)) -> loss=0.4470 (|pool|=18)
  +('vision', ('attn', 30, 7)) -> loss=0.4361 (|pool|=19)
  +('text', ('attn', 23, 4)) -> loss=0.4261 (|pool|=20)
  +('vision', ('attn', 27, 8)) -> loss=0.4168 (|pool|=21)
  +('vision', ('mlp', 0, -1)) -> loss=0.4075 (|pool|=22)
  +('vision', ('attn', 17, 13)) -> loss=0.3989 (|pool|=23)
  +('vision', ('attn', 28, 2)) -> loss=0.3910 (|pool|=24)
  +('text', ('attn', 20, 11)) -> loss=0.3837 (|pool|=25)
  +('vision', ('attn', 29, 12)) -> loss=0.3769 (|pool|=26)
  +('vision', ('attn', 24, 8)) -> loss=0.3700 (|pool|=27)
  +('vision', ('mlp', 25, -1)) -> loss=0.3626 (|pool|=28)
  +('text', ('mlp', 23, -1)) -> loss=0.3525 (|pool|=29)
  +('vision', ('attn', 10, 1)) -> loss=0.3449 (|pool|=30)
  +('vision', ('attn', 17, 9)) -> loss=0.3387 (|pool|=31)
  +('vision', ('attn', 28, 6)) -> loss=0.3331 (|pool|=32)
  +('vision', ('attn', 29, 9)) -> loss=0.3280 (|pool|=33)
  +('vision', ('attn', 10, 13)) -> loss=0.3229 (|pool|=34)
  +('vision', ('attn', 31, 3)) -> loss=0.3178 (|pool|=35)
  +('vision', ('attn', 28, 12)) -> loss=0.3130 (|pool|=36)
  +('text', ('mlp', 18, -1)) -> loss=0.3082 (|pool|=37)
  +('vision', ('attn', 28, 5)) -> loss=0.3040 (|pool|=38)
  +('vision', ('attn', 20, 6)) -> loss=0.2999 (|pool|=39)
  +('vision', ('attn', 24, 0)) -> loss=0.2961 (|pool|=40)
  +('vision', ('attn', 15, 2)) -> loss=0.2924 (|pool|=41)
  +('vision', ('attn', 15, 14)) -> loss=0.2887 (|pool|=42)
  +('vision', ('attn', 31, 1)) -> loss=0.2851 (|pool|=43)
  +('vision', ('attn', 30, 14)) -> loss=0.2813 (|pool|=44)
  +('text', ('mlp', 8, -1)) -> loss=0.2773 (|pool|=45)
  +('vision', ('attn', 14, 2)) -> loss=0.2738 (|pool|=46)
  +('vision', ('attn', 19, 14)) -> loss=0.2703 (|pool|=47)
  +('vision', ('attn', 29, 11)) -> loss=0.2668 (|pool|=48)
  +('vision', ('attn', 26, 13)) -> loss=0.2634 (|pool|=49)
  +('vision', ('attn', 27, 6)) -> loss=0.2600 (|pool|=50)
  +('text', ('attn', 21, 10)) -> loss=0.2568 (|pool|=51)
  +('vision', ('attn', 29, 8)) -> loss=0.2540 (|pool|=52)
  +('vision', ('attn', 25, 3)) -> loss=0.2511 (|pool|=53)
  +('vision', ('attn', 29, 14)) -> loss=0.2486 (|pool|=54)
  +('text', ('attn', 23, 9)) -> loss=0.2460 (|pool|=55)
  +('vision', ('attn', 21, 12)) -> loss=0.2435 (|pool|=56)
  +('vision', ('attn', 19, 7)) -> loss=0.2408 (|pool|=57)
  +('text', ('mlp', 12, -1)) -> loss=0.2383 (|pool|=58)
  +('vision', ('attn', 31, 6)) -> loss=0.2355 (|pool|=59)
  +('text', ('mlp', 11, -1)) -> loss=0.2328 (|pool|=60)
  +('vision', ('mlp', 16, -1)) -> loss=0.2304 (|pool|=61)
  +('text', ('attn', 16, 0)) -> loss=0.2279 (|pool|=62)
  +('vision', ('attn', 24, 1)) -> loss=0.2249 (|pool|=63)
  +('vision', ('attn', 16, 2)) -> loss=0.2220 (|pool|=64)
  +('text', ('attn', 3, 4)) -> loss=0.2196 (|pool|=65)
  +('vision', ('attn', 21, 8)) -> loss=0.2172 (|pool|=66)
  +('vision', ('attn', 8, 13)) -> loss=0.2149 (|pool|=67)
  +('text', ('mlp', 14, -1)) -> loss=0.2129 (|pool|=68)
  +('vision', ('attn', 10, 4)) -> loss=0.2107 (|pool|=69)
  +('vision', ('attn', 14, 8)) -> loss=0.2086 (|pool|=70)
  +('vision', ('attn', 28, 3)) -> loss=0.2064 (|pool|=71)
  +('vision', ('attn', 28, 10)) -> loss=0.2043 (|pool|=72)
  +('text', ('attn', 17, 11)) -> loss=0.2023 (|pool|=73)
  +('vision', ('attn', 9, 2)) -> loss=0.2004 (|pool|=74)
  +('vision', ('attn', 29, 2)) -> loss=0.1986 (|pool|=75)
  +('vision', ('attn', 15, 6)) -> loss=0.1967 (|pool|=76)
  +('text', ('attn', 21, 13)) -> loss=0.1948 (|pool|=77)
  +('vision', ('attn', 25, 10)) -> loss=0.1930 (|pool|=78)
  +('vision', ('attn', 29, 13)) -> loss=0.1912 (|pool|=79)
  +('vision', ('attn', 21, 3)) -> loss=0.1895 (|pool|=80)
  +('vision', ('attn', 23, 2)) -> loss=0.1878 (|pool|=81)
  +('vision', ('attn', 25, 2)) -> loss=0.1861 (|pool|=82)
  +('vision', ('attn', 30, 6)) -> loss=0.1844 (|pool|=83)
  +('vision', ('attn', 27, 5)) -> loss=0.1828 (|pool|=84)
  +('vision', ('attn', 27, 10)) -> loss=0.1812 (|pool|=85)
  +('vision', ('attn', 24, 6)) -> loss=0.1796 (|pool|=86)
  +('vision', ('attn', 23, 3)) -> loss=0.1780 (|pool|=87)
  +('vision', ('attn', 14, 13)) -> loss=0.1766 (|pool|=88)
  +('vision', ('attn', 26, 15)) -> loss=0.1751 (|pool|=89)
  +('text', ('attn', 22, 11)) -> loss=0.1737 (|pool|=90)
  +('vision', ('attn', 8, 11)) -> loss=0.1723 (|pool|=91)
  +('vision', ('attn', 13, 9)) -> loss=0.1709 (|pool|=92)
  +('vision', ('attn', 18, 2)) -> loss=0.1695 (|pool|=93)
  +('text', ('attn', 19, 2)) -> loss=0.1682 (|pool|=94)
  +('vision', ('attn', 24, 11)) -> loss=0.1669 (|pool|=95)
  +('text', ('mlp', 3, -1)) -> loss=0.1656 (|pool|=96)
  +('vision', ('attn', 18, 7)) -> loss=0.1643 (|pool|=97)
  +('vision', ('attn', 13, 13)) -> loss=0.1630 (|pool|=98)
  +('vision', ('attn', 30, 0)) -> loss=0.1618 (|pool|=99)
  +('vision', ('attn', 26, 4)) -> loss=0.1605 (|pool|=100)
  +('vision', ('attn', 17, 2)) -> loss=0.1592 (|pool|=101)
  +('vision', ('attn', 22, 15)) -> loss=0.1578 (|pool|=102)
  +('vision', ('attn', 22, 14)) -> loss=0.1563 (|pool|=103)
  +('text', ('attn', 4, 15)) -> loss=0.1551 (|pool|=104)
  +('text', ('attn', 11, 4)) -> loss=0.1538 (|pool|=105)
  +('vision', ('attn', 31, 8)) -> loss=0.1526 (|pool|=106)
  +('vision', ('mlp', 14, -1)) -> loss=0.1513 (|pool|=107)
  +('vision', ('mlp', 10, -1)) -> loss=0.1499 (|pool|=108)
  +('text', ('attn', 3, 13)) -> loss=0.1487 (|pool|=109)
  +('vision', ('attn', 9, 3)) -> loss=0.1476 (|pool|=110)
  +('vision', ('attn', 28, 8)) -> loss=0.1464 (|pool|=111)
  +('vision', ('attn', 9, 15)) -> loss=0.1454 (|pool|=112)
  +('vision', ('attn', 17, 4)) -> loss=0.1442 (|pool|=113)
  +('vision', ('attn', 21, 11)) -> loss=0.1432 (|pool|=114)
  +('vision', ('attn', 18, 3)) -> loss=0.1421 (|pool|=115)
  +('text', ('attn', 16, 7)) -> loss=0.1411 (|pool|=116)
  +('text', ('attn', 18, 7)) -> loss=0.1401 (|pool|=117)
  +('vision', ('attn', 21, 5)) -> loss=0.1391 (|pool|=118)
  +('vision', ('attn', 25, 6)) -> loss=0.1381 (|pool|=119)
  +('text', ('attn', 23, 13)) -> loss=0.1372 (|pool|=120)
  +('vision', ('attn', 15, 10)) -> loss=0.1363 (|pool|=121)
  +('vision', ('attn', 26, 3)) -> loss=0.1354 (|pool|=122)
  +('vision', ('attn', 23, 4)) -> loss=0.1346 (|pool|=123)
  +('vision', ('attn', 18, 0)) -> loss=0.1337 (|pool|=124)
  +('vision', ('attn', 18, 4)) -> loss=0.1323 (|pool|=125)
  +('vision', ('attn', 18, 12)) -> loss=0.1314 (|pool|=126)
  +('vision', ('attn', 28, 13)) -> loss=0.1306 (|pool|=127)
  +('vision', ('attn', 20, 13)) -> loss=0.1298 (|pool|=128)
  +('vision', ('attn', 17, 14)) -> loss=0.1290 (|pool|=129)
  +('vision', ('attn', 26, 7)) -> loss=0.1281 (|pool|=130)
  +('vision', ('attn', 23, 13)) -> loss=0.1273 (|pool|=131)
  +('vision', ('attn', 14, 6)) -> loss=0.1265 (|pool|=132)
  +('vision', ('attn', 27, 12)) -> loss=0.1257 (|pool|=133)
  +('vision', ('attn', 15, 0)) -> loss=0.1250 (|pool|=134)
  +('vision', ('attn', 20, 15)) -> loss=0.1243 (|pool|=135)
  +('vision', ('attn', 30, 12)) -> loss=0.1236 (|pool|=136)
  +('vision', ('attn', 30, 15)) -> loss=0.1228 (|pool|=137)
  +('vision', ('attn', 11, 5)) -> loss=0.1219 (|pool|=138)
  +('text', ('attn', 6, 9)) -> loss=0.1213 (|pool|=139)
  +('vision', ('attn', 23, 15)) -> loss=0.1206 (|pool|=140)
  +('text', ('attn', 22, 0)) -> loss=0.1199 (|pool|=141)
  +('vision', ('attn', 7, 10)) -> loss=0.1193 (|pool|=142)
  +('vision', ('attn', 24, 15)) -> loss=0.1186 (|pool|=143)
  +('text', ('attn', 6, 0)) -> loss=0.1180 (|pool|=144)
  +('vision', ('attn', 26, 8)) -> loss=0.1174 (|pool|=145)
  +('text', ('attn', 15, 5)) -> loss=0.1168 (|pool|=146)
  +('text', ('attn', 2, 13)) -> loss=0.1162 (|pool|=147)
  +('vision', ('attn', 2, 0)) -> loss=0.1157 (|pool|=148)
  +('vision', ('attn', 20, 3)) -> loss=0.1151 (|pool|=149)
  +('vision', ('attn', 9, 7)) -> loss=0.1145 (|pool|=150)
  +('vision', ('attn', 25, 11)) -> loss=0.1139 (|pool|=151)
  +('vision', ('attn', 21, 0)) -> loss=0.1133 (|pool|=152)
  +('vision', ('attn', 24, 14)) -> loss=0.1127 (|pool|=153)
  +('text', ('attn', 14, 3)) -> loss=0.1122 (|pool|=154)
  +('vision', ('attn', 12, 13)) -> loss=0.1116 (|pool|=155)
  +('vision', ('mlp', 2, -1)) -> loss=0.1111 (|pool|=156)
  +('vision', ('attn', 17, 11)) -> loss=0.1105 (|pool|=157)
  +('text', ('attn', 23, 10)) -> loss=0.1100 (|pool|=158)
  +('vision', ('attn', 23, 9)) -> loss=0.1095 (|pool|=159)
  +('vision', ('attn', 19, 13)) -> loss=0.1090 (|pool|=160)
  +('vision', ('attn', 20, 12)) -> loss=0.1085 (|pool|=161)
  +('vision', ('attn', 28, 11)) -> loss=0.1080 (|pool|=162)
  +('vision', ('attn', 12, 12)) -> loss=0.1076 (|pool|=163)
  +('vision', ('attn', 25, 4)) -> loss=0.1071 (|pool|=164)
  +('vision', ('attn', 23, 6)) -> loss=0.1064 (|pool|=165)
  +('text', ('mlp', 17, -1)) -> loss=0.1060 (|pool|=166)
  +('vision', ('attn', 19, 2)) -> loss=0.1055 (|pool|=167)
  +('vision', ('attn', 27, 3)) -> loss=0.1049 (|pool|=168)
  +('vision', ('attn', 27, 15)) -> loss=0.1044 (|pool|=169)
  +('vision', ('attn', 19, 10)) -> loss=0.1039 (|pool|=170)
  +('vision', ('attn', 10, 6)) -> loss=0.1035 (|pool|=171)
  +('vision', ('attn', 10, 3)) -> loss=0.1030 (|pool|=172)
  +('vision', ('attn', 7, 0)) -> loss=0.1026 (|pool|=173)
  +('vision', ('attn', 8, 7)) -> loss=0.1022 (|pool|=174)
  +('text', ('attn', 23, 15)) -> loss=0.1019 (|pool|=175)
  +('vision', ('attn', 16, 11)) -> loss=0.1015 (|pool|=176)
  +('vision', ('attn', 21, 2)) -> loss=0.1011 (|pool|=177)
  +('text', ('attn', 17, 2)) -> loss=0.1007 (|pool|=178)
  +('vision', ('attn', 24, 9)) -> loss=0.1003 (|pool|=179)
  +('vision', ('mlp', 12, -1)) -> loss=0.0998 (|pool|=180)
  +('vision', ('attn', 25, 9)) -> loss=0.0988 (|pool|=181)
  +('vision', ('attn', 24, 2)) -> loss=0.0982 (|pool|=182)
  +('vision', ('attn', 9, 9)) -> loss=0.0978 (|pool|=183)
  +('vision', ('attn', 21, 13)) -> loss=0.0974 (|pool|=184)
  +('text', ('attn', 22, 4)) -> loss=0.0970 (|pool|=185)
  +('vision', ('attn', 15, 7)) -> loss=0.0967 (|pool|=186)
  +('vision', ('attn', 21, 15)) -> loss=0.0963 (|pool|=187)
  +('vision', ('attn', 10, 5)) -> loss=0.0959 (|pool|=188)
  +('vision', ('attn', 22, 2)) -> loss=0.0956 (|pool|=189)
  +('vision', ('attn', 20, 11)) -> loss=0.0952 (|pool|=190)
  +('vision', ('attn', 6, 6)) -> loss=0.0949 (|pool|=191)
  +('text', ('attn', 19, 0)) -> loss=0.0946 (|pool|=192)
  +('text', ('attn', 13, 12)) -> loss=0.0943 (|pool|=193)
  +('vision', ('attn', 12, 8)) -> loss=0.0940 (|pool|=194)
  +('vision', ('attn', 22, 10)) -> loss=0.0937 (|pool|=195)
  +('vision', ('attn', 22, 6)) -> loss=0.0933 (|pool|=196)
  +('vision', ('attn', 10, 0)) -> loss=0.0930 (|pool|=197)
  +('vision', ('attn', 14, 14)) -> loss=0.0927 (|pool|=198)
  +('vision', ('attn', 10, 12)) -> loss=0.0923 (|pool|=199)
  +('vision', ('attn', 8, 0)) -> loss=0.0920 (|pool|=200)
[ViT-H-14/MNISTp] full=71.80  pool(200)=85.10  best prefix(151)=85.60
[ViT-H-14/MNISTp] 10 classes, calibration 10 pairs, 1000 images total
  seed pair ('vision', ('attn', 31, 9)) + ('text', ('attn', 22, 15))  loss=1.5795
  +('vision', ('attn', 30, 2)) -> loss=1.3258 (|pool|=3)
  +('text', ('attn', 18, 6)) -> loss=1.2571 (|pool|=4)
  +('text', ('attn', 21, 6)) -> loss=1.2359 (|pool|=5)
  +('vision', ('mlp', 27, -1)) -> loss=1.2149 (|pool|=6)
  +('vision', ('mlp', 32, -1)) -> loss=1.1678 (|pool|=7)
  +('vision', ('mlp', 25, -1)) -> loss=1.1403 (|pool|=8)
  +('vision', ('attn', 16, 9)) -> loss=1.1211 (|pool|=9)
  +('vision', ('attn', 29, 7)) -> loss=1.1044 (|pool|=10)
  +('text', ('attn', 21, 12)) -> loss=1.0890 (|pool|=11)
  +('vision', ('attn', 29, 12)) -> loss=1.0716 (|pool|=12)
  +('text', ('mlp', 18, -1)) -> loss=1.0577 (|pool|=13)
  +('vision', ('attn', 31, 11)) -> loss=1.0434 (|pool|=14)
  +('text', ('attn', 16, 0)) -> loss=1.0281 (|pool|=15)
  +('vision', ('attn', 18, 14)) -> loss=1.0138 (|pool|=16)
  +('vision', ('attn', 30, 8)) -> loss=0.9975 (|pool|=17)
  +('text', ('attn', 23, 4)) -> loss=0.9845 (|pool|=18)
  +('vision', ('attn', 29, 9)) -> loss=0.9722 (|pool|=19)
  +('text', ('attn', 20, 11)) -> loss=0.9604 (|pool|=20)
  +('vision', ('attn', 26, 0)) -> loss=0.9494 (|pool|=21)
  +('text', ('attn', 23, 12)) -> loss=0.9379 (|pool|=22)
  +('text', ('mlp', 20, -1)) -> loss=0.9280 (|pool|=23)
  +('vision', ('attn', 31, 2)) -> loss=0.9184 (|pool|=24)
  +('vision', ('attn', 30, 3)) -> loss=0.9100 (|pool|=25)
  +('vision', ('attn', 17, 7)) -> loss=0.9022 (|pool|=26)
  +('vision', ('attn', 10, 12)) -> loss=0.8915 (|pool|=27)
  +('vision', ('attn', 16, 2)) -> loss=0.8839 (|pool|=28)
  +('vision', ('attn', 29, 11)) -> loss=0.8769 (|pool|=29)
  +('vision', ('attn', 14, 2)) -> loss=0.8699 (|pool|=30)
  +('vision', ('attn', 27, 8)) -> loss=0.8634 (|pool|=31)
  +('vision', ('attn', 10, 5)) -> loss=0.8569 (|pool|=32)
  +('vision', ('attn', 25, 6)) -> loss=0.8506 (|pool|=33)
  +('vision', ('attn', 27, 6)) -> loss=0.8447 (|pool|=34)
  +('text', ('attn', 23, 1)) -> loss=0.8380 (|pool|=35)
  +('vision', ('attn', 26, 4)) -> loss=0.8315 (|pool|=36)
  +('vision', ('attn', 25, 15)) -> loss=0.8257 (|pool|=37)
  +('vision', ('attn', 23, 11)) -> loss=0.8199 (|pool|=38)
  +('vision', ('attn', 27, 12)) -> loss=0.8144 (|pool|=39)
  +('vision', ('mlp', 15, -1)) -> loss=0.8087 (|pool|=40)
  +('vision', ('attn', 31, 15)) -> loss=0.8029 (|pool|=41)
  +('vision', ('attn', 31, 10)) -> loss=0.7960 (|pool|=42)
  +('vision', ('attn', 21, 8)) -> loss=0.7897 (|pool|=43)
  +('vision', ('mlp', 9, -1)) -> loss=0.7840 (|pool|=44)
  +('vision', ('attn', 10, 11)) -> loss=0.7783 (|pool|=45)
  +('vision', ('attn', 17, 9)) -> loss=0.7729 (|pool|=46)
  +('text', ('attn', 17, 11)) -> loss=0.7680 (|pool|=47)
  +('vision', ('attn', 22, 7)) -> loss=0.7632 (|pool|=48)
  +('vision', ('attn', 18, 0)) -> loss=0.7583 (|pool|=49)
  +('vision', ('attn', 16, 10)) -> loss=0.7533 (|pool|=50)
  +('vision', ('attn', 22, 5)) -> loss=0.7486 (|pool|=51)
  +('text', ('attn', 16, 7)) -> loss=0.7442 (|pool|=52)
  +('vision', ('attn', 24, 2)) -> loss=0.7400 (|pool|=53)
  +('vision', ('attn', 27, 0)) -> loss=0.7358 (|pool|=54)
  +('vision', ('attn', 10, 4)) -> loss=0.7317 (|pool|=55)
  +('vision', ('attn', 10, 3)) -> loss=0.7277 (|pool|=56)
  +('vision', ('attn', 7, 2)) -> loss=0.7237 (|pool|=57)
  +('vision', ('attn', 26, 13)) -> loss=0.7198 (|pool|=58)
  +('vision', ('attn', 24, 8)) -> loss=0.7159 (|pool|=59)
  +('text', ('mlp', 9, -1)) -> loss=0.7119 (|pool|=60)
  +('text', ('attn', 19, 2)) -> loss=0.7081 (|pool|=61)
  +('vision', ('attn', 17, 12)) -> loss=0.7044 (|pool|=62)
  +('vision', ('attn', 20, 7)) -> loss=0.7008 (|pool|=63)
  +('vision', ('attn', 10, 2)) -> loss=0.6972 (|pool|=64)
  +('vision', ('attn', 18, 10)) -> loss=0.6936 (|pool|=65)
  +('vision', ('attn', 11, 0)) -> loss=0.6901 (|pool|=66)
  +('vision', ('attn', 21, 9)) -> loss=0.6863 (|pool|=67)
  +('vision', ('attn', 30, 14)) -> loss=0.6828 (|pool|=68)
  +('vision', ('attn', 23, 2)) -> loss=0.6794 (|pool|=69)
  +('vision', ('attn', 24, 6)) -> loss=0.6759 (|pool|=70)
  +('vision', ('attn', 24, 1)) -> loss=0.6726 (|pool|=71)
  +('vision', ('attn', 19, 2)) -> loss=0.6693 (|pool|=72)
  +('text', ('mlp', 12, -1)) -> loss=0.6661 (|pool|=73)
  +('vision', ('attn', 25, 7)) -> loss=0.6629 (|pool|=74)
  +('vision', ('attn', 26, 9)) -> loss=0.6598 (|pool|=75)
  +('vision', ('attn', 9, 14)) -> loss=0.6568 (|pool|=76)
  +('text', ('attn', 15, 11)) -> loss=0.6538 (|pool|=77)
  +('vision', ('attn', 23, 9)) -> loss=0.6509 (|pool|=78)
  +('vision', ('attn', 19, 14)) -> loss=0.6479 (|pool|=79)
  +('text', ('attn', 18, 7)) -> loss=0.6451 (|pool|=80)
  +('vision', ('attn', 26, 7)) -> loss=0.6423 (|pool|=81)
  +('vision', ('attn', 11, 6)) -> loss=0.6396 (|pool|=82)
  +('vision', ('attn', 21, 11)) -> loss=0.6369 (|pool|=83)
  +('text', ('attn', 3, 4)) -> loss=0.6343 (|pool|=84)
  +('vision', ('attn', 23, 13)) -> loss=0.6317 (|pool|=85)
  +('vision', ('attn', 21, 0)) -> loss=0.6292 (|pool|=86)
  +('vision', ('attn', 8, 1)) -> loss=0.6267 (|pool|=87)
  +('text', ('attn', 21, 5)) -> loss=0.6242 (|pool|=88)
  +('vision', ('attn', 18, 4)) -> loss=0.6217 (|pool|=89)
  +('vision', ('attn', 23, 12)) -> loss=0.6190 (|pool|=90)
  +('vision', ('attn', 3, 13)) -> loss=0.6162 (|pool|=91)
  +('vision', ('attn', 21, 12)) -> loss=0.6139 (|pool|=92)
  +('vision', ('attn', 14, 3)) -> loss=0.6114 (|pool|=93)
  +('vision', ('attn', 21, 1)) -> loss=0.6089 (|pool|=94)
  +('vision', ('attn', 26, 5)) -> loss=0.6066 (|pool|=95)
  +('vision', ('attn', 6, 6)) -> loss=0.6044 (|pool|=96)
  +('vision', ('attn', 29, 14)) -> loss=0.6022 (|pool|=97)
  +('vision', ('attn', 19, 7)) -> loss=0.5999 (|pool|=98)
  +('vision', ('attn', 11, 8)) -> loss=0.5976 (|pool|=99)
  +('vision', ('attn', 14, 11)) -> loss=0.5953 (|pool|=100)
  +('text', ('attn', 21, 10)) -> loss=0.5931 (|pool|=101)
  +('vision', ('attn', 21, 13)) -> loss=0.5910 (|pool|=102)
  +('vision', ('attn', 11, 1)) -> loss=0.5889 (|pool|=103)
  +('vision', ('attn', 17, 14)) -> loss=0.5866 (|pool|=104)
  +('vision', ('attn', 24, 13)) -> loss=0.5846 (|pool|=105)
  +('text', ('attn', 4, 15)) -> loss=0.5827 (|pool|=106)
  +('text', ('attn', 11, 4)) -> loss=0.5806 (|pool|=107)
  +('text', ('attn', 14, 7)) -> loss=0.5785 (|pool|=108)
  +('vision', ('attn', 13, 14)) -> loss=0.5767 (|pool|=109)
  +('vision', ('attn', 30, 12)) -> loss=0.5747 (|pool|=110)
  +('vision', ('attn', 22, 0)) -> loss=0.5728 (|pool|=111)
  +('vision', ('attn', 27, 15)) -> loss=0.5709 (|pool|=112)
  +('vision', ('mlp', 10, -1)) -> loss=0.5691 (|pool|=113)
  +('vision', ('attn', 21, 10)) -> loss=0.5669 (|pool|=114)
  +('vision', ('attn', 31, 0)) -> loss=0.5650 (|pool|=115)
  +('text', ('attn', 7, 5)) -> loss=0.5629 (|pool|=116)
  +('vision', ('attn', 14, 8)) -> loss=0.5611 (|pool|=117)
  +('text', ('mlp', 13, -1)) -> loss=0.5589 (|pool|=118)
  +('text', ('attn', 22, 6)) -> loss=0.5570 (|pool|=119)
  +('text', ('attn', 12, 5)) -> loss=0.5553 (|pool|=120)
  +('vision', ('attn', 12, 6)) -> loss=0.5536 (|pool|=121)
  +('text', ('attn', 20, 2)) -> loss=0.5519 (|pool|=122)
  +('vision', ('attn', 15, 14)) -> loss=0.5502 (|pool|=123)
  +('vision', ('attn', 23, 15)) -> loss=0.5485 (|pool|=124)
  +('vision', ('attn', 18, 3)) -> loss=0.5469 (|pool|=125)
  +('vision', ('attn', 7, 13)) -> loss=0.5454 (|pool|=126)
  +('vision', ('attn', 9, 3)) -> loss=0.5439 (|pool|=127)
  +('vision', ('attn', 15, 11)) -> loss=0.5424 (|pool|=128)
  +('vision', ('attn', 9, 5)) -> loss=0.5409 (|pool|=129)
  +('vision', ('attn', 20, 15)) -> loss=0.5394 (|pool|=130)
  +('text', ('attn', 23, 9)) -> loss=0.5380 (|pool|=131)
  +('text', ('attn', 6, 3)) -> loss=0.5364 (|pool|=132)
  +('vision', ('attn', 27, 13)) -> loss=0.5350 (|pool|=133)
  +('text', ('attn', 22, 10)) -> loss=0.5336 (|pool|=134)
  +('vision', ('attn', 24, 14)) -> loss=0.5322 (|pool|=135)
  +('vision', ('attn', 6, 12)) -> loss=0.5309 (|pool|=136)
  +('vision', ('attn', 9, 9)) -> loss=0.5296 (|pool|=137)
  +('vision', ('attn', 19, 0)) -> loss=0.5281 (|pool|=138)
  +('text', ('mlp', 17, -1)) -> loss=0.5267 (|pool|=139)
  +('vision', ('attn', 22, 4)) -> loss=0.5249 (|pool|=140)
  +('vision', ('attn', 9, 15)) -> loss=0.5233 (|pool|=141)
  +('vision', ('attn', 26, 14)) -> loss=0.5216 (|pool|=142)
  +('vision', ('attn', 16, 8)) -> loss=0.5198 (|pool|=143)
  +('vision', ('attn', 20, 3)) -> loss=0.5183 (|pool|=144)
  +('vision', ('attn', 13, 3)) -> loss=0.5170 (|pool|=145)
  +('vision', ('attn', 22, 10)) -> loss=0.5157 (|pool|=146)
  +('vision', ('attn', 11, 9)) -> loss=0.5143 (|pool|=147)
  +('text', ('attn', 13, 12)) -> loss=0.5130 (|pool|=148)
  +('text', ('attn', 15, 6)) -> loss=0.5117 (|pool|=149)
  +('vision', ('attn', 13, 11)) -> loss=0.5105 (|pool|=150)
  +('vision', ('attn', 8, 4)) -> loss=0.5093 (|pool|=151)
  +('text', ('attn', 23, 15)) -> loss=0.5081 (|pool|=152)
  +('vision', ('attn', 29, 15)) -> loss=0.5069 (|pool|=153)
  +('vision', ('attn', 20, 12)) -> loss=0.5055 (|pool|=154)
  +('vision', ('attn', 12, 1)) -> loss=0.5042 (|pool|=155)
  +('vision', ('attn', 15, 0)) -> loss=0.5030 (|pool|=156)
  +('vision', ('attn', 14, 14)) -> loss=0.5019 (|pool|=157)
  +('vision', ('attn', 28, 4)) -> loss=0.5006 (|pool|=158)
  +('vision', ('attn', 22, 3)) -> loss=0.4993 (|pool|=159)
  +('vision', ('attn', 12, 12)) -> loss=0.4981 (|pool|=160)
  +('vision', ('attn', 16, 13)) -> loss=0.4970 (|pool|=161)
  +('vision', ('attn', 16, 1)) -> loss=0.4959 (|pool|=162)
  +('vision', ('attn', 13, 0)) -> loss=0.4948 (|pool|=163)
  +('vision', ('attn', 25, 1)) -> loss=0.4938 (|pool|=164)
  +('vision', ('attn', 20, 2)) -> loss=0.4927 (|pool|=165)
  +('vision', ('attn', 20, 6)) -> loss=0.4917 (|pool|=166)
  +('vision', ('attn', 19, 4)) -> loss=0.4907 (|pool|=167)
  +('vision', ('attn', 12, 0)) -> loss=0.4898 (|pool|=168)
  +('vision', ('attn', 7, 9)) -> loss=0.4888 (|pool|=169)
  +('text', ('attn', 20, 3)) -> loss=0.4878 (|pool|=170)
  +('vision', ('attn', 16, 5)) -> loss=0.4868 (|pool|=171)
  +('vision', ('attn', 25, 14)) -> loss=0.4858 (|pool|=172)
  +('vision', ('attn', 19, 12)) -> loss=0.4849 (|pool|=173)
  +('vision', ('attn', 7, 4)) -> loss=0.4839 (|pool|=174)
  +('vision', ('attn', 6, 15)) -> loss=0.4829 (|pool|=175)
  +('text', ('attn', 0, 9)) -> loss=0.4820 (|pool|=176)
  +('vision', ('attn', 11, 11)) -> loss=0.4811 (|pool|=177)
  +('text', ('attn', 9, 15)) -> loss=0.4802 (|pool|=178)
  +('text', ('attn', 16, 8)) -> loss=0.4793 (|pool|=179)
  +('text', ('attn', 6, 9)) -> loss=0.4784 (|pool|=180)
  +('vision', ('attn', 14, 15)) -> loss=0.4776 (|pool|=181)
  +('vision', ('mlp', 2, -1)) -> loss=0.4766 (|pool|=182)
  +('vision', ('attn', 28, 0)) -> loss=0.4757 (|pool|=183)
  +('text', ('attn', 5, 1)) -> loss=0.4749 (|pool|=184)
  +('text', ('attn', 12, 13)) -> loss=0.4741 (|pool|=185)
  +('text', ('attn', 11, 3)) -> loss=0.4733 (|pool|=186)
  +('vision', ('attn', 8, 6)) -> loss=0.4724 (|pool|=187)
  +('text', ('attn', 2, 13)) -> loss=0.4717 (|pool|=188)
  +('vision', ('attn', 30, 6)) -> loss=0.4708 (|pool|=189)
  +('text', ('attn', 14, 3)) -> loss=0.4700 (|pool|=190)
  +('vision', ('attn', 18, 7)) -> loss=0.4692 (|pool|=191)
  +('vision', ('attn', 11, 2)) -> loss=0.4683 (|pool|=192)
  +('vision', ('attn', 14, 13)) -> loss=0.4675 (|pool|=193)
  +('vision', ('attn', 8, 2)) -> loss=0.4667 (|pool|=194)
  +('vision', ('attn', 7, 11)) -> loss=0.4660 (|pool|=195)
  +('text', ('attn', 21, 15)) -> loss=0.4652 (|pool|=196)
  +('vision', ('attn', 21, 7)) -> loss=0.4645 (|pool|=197)
  +('vision', ('attn', 10, 10)) -> loss=0.4637 (|pool|=198)
  +('vision', ('attn', 7, 7)) -> loss=0.4629 (|pool|=199)
  +('vision', ('attn', 9, 7)) -> loss=0.4622 (|pool|=200)
[ViT-H-14/MNISTp] full=71.80  pool(200)=87.30  best prefix(118)=88.20
[ViT-H-14] wrote greedy_pool_{eval,trace,pool}
ALLDONE
