Number of layers: 34
  [image_set] pool = imagenet (5000 images)

Layer [0], Head: 0

Layer [0], Head: 1

Layer [0], Head: 2

Layer [0], Head: 3

Layer [0], Head: 4

Layer [0], Head: 5

Layer [0], Head: 6

Layer [0], Head: 7

Layer [0], Head: 8

Layer [0], Head: 9

Layer [0], Head: 10

Layer [0], Head: 11

Layer [0], Head: 12

Layer [0], Head: 13

Layer [0], Head: 14

Layer [0], Head: 15

Layer [0], Head: 16

Layer [0], Head: 17

Layer [0], Head: 18

Layer [0], Head: 19

Layer [0], Head: 20

Layer [0], Head: 21

Layer [0], Head: 22

Layer [0], Head: 23

Layer [0], Head: 24

Layer [0], Head: 25

Layer [0], Head: 26

Layer [0], Head: 27

Layer [0], Head: 28

Layer [0], Head: 29

Layer [0], Head: 30

Layer [0], Head: 31

Layer [1], Head: 0

Layer [1], Head: 1

Layer [1], Head: 2

Layer [1], Head: 3

Layer [1], Head: 4

Layer [1], Head: 5

Layer [1], Head: 6

Layer [1], Head: 7

Layer [1], Head: 8

Layer [1], Head: 9

Layer [1], Head: 10

Layer [1], Head: 11

Layer [1], Head: 12

Layer [1], Head: 13

Layer [1], Head: 14

Layer [1], Head: 15

Layer [1], Head: 16

Layer [1], Head: 17

Layer [1], Head: 18

Layer [1], Head: 19

Layer [1], Head: 20

Layer [1], Head: 21

Layer [1], Head: 22

Layer [1], Head: 23

Layer [1], Head: 24

Layer [1], Head: 25

Layer [1], Head: 26

Layer [1], Head: 27

Layer [1], Head: 28

Layer [1], Head: 29

Layer [1], Head: 30

Layer [1], Head: 31

Layer [2], Head: 0

Layer [2], Head: 1

Layer [2], Head: 2

Layer [2], Head: 3

Layer [2], Head: 4

Layer [2], Head: 5

Layer [2], Head: 6

Layer [2], Head: 7

Layer [2], Head: 8

Layer [2], Head: 9

Layer [2], Head: 10

Layer [2], Head: 11

Layer [2], Head: 12

Layer [2], Head: 13

Layer [2], Head: 14

Layer [2], Head: 15

Layer [2], Head: 16

Layer [2], Head: 17

Layer [2], Head: 18

Layer [2], Head: 19

Layer [2], Head: 20

Layer [2], Head: 21

Layer [2], Head: 22

Layer [2], Head: 23

Layer [2], Head: 24

Layer [2], Head: 25

Layer [2], Head: 26

Layer [2], Head: 27

Layer [2], Head: 28

Layer [2], Head: 29

Layer [2], Head: 30

Layer [2], Head: 31

Layer [3], Head: 0

Layer [3], Head: 1

Layer [3], Head: 2

Layer [3], Head: 3

Layer [3], Head: 4

Layer [3], Head: 5

Layer [3], Head: 6

Layer [3], Head: 7

Layer [3], Head: 8

Layer [3], Head: 9

Layer [3], Head: 10

Layer [3], Head: 11

Layer [3], Head: 12

Layer [3], Head: 13

Layer [3], Head: 14

Layer [3], Head: 15

Layer [3], Head: 16

Layer [3], Head: 17

Layer [3], Head: 18

Layer [3], Head: 19

Layer [3], Head: 20

Layer [3], Head: 21

Layer [3], Head: 22

Layer [3], Head: 23

Layer [3], Head: 24

Layer [3], Head: 25

Layer [3], Head: 26

Layer [3], Head: 27

Layer [3], Head: 28

Layer [3], Head: 29

Layer [3], Head: 30

Layer [3], Head: 31

Layer [4], Head: 0

Layer [4], Head: 1

Layer [4], Head: 2

Layer [4], Head: 3

Layer [4], Head: 4

Layer [4], Head: 5

Layer [4], Head: 6

Layer [4], Head: 7

Layer [4], Head: 8

Layer [4], Head: 9

Layer [4], Head: 10

Layer [4], Head: 11

Layer [4], Head: 12

Layer [4], Head: 13

Layer [4], Head: 14

Layer [4], Head: 15

Layer [4], Head: 16

Layer [4], Head: 17

Layer [4], Head: 18

Layer [4], Head: 19

Layer [4], Head: 20

Layer [4], Head: 21

Layer [4], Head: 22

Layer [4], Head: 23

Layer [4], Head: 24

Layer [4], Head: 25

Layer [4], Head: 26

Layer [4], Head: 27

Layer [4], Head: 28

Layer [4], Head: 29

Layer [4], Head: 30

Layer [4], Head: 31

Layer [5], Head: 0

Layer [5], Head: 1

Layer [5], Head: 2

Layer [5], Head: 3

Layer [5], Head: 4

Layer [5], Head: 5

Layer [5], Head: 6

Layer [5], Head: 7

Layer [5], Head: 8

Layer [5], Head: 9

Layer [5], Head: 10

Layer [5], Head: 11

Layer [5], Head: 12

Layer [5], Head: 13

Layer [5], Head: 14

Layer [5], Head: 15

Layer [5], Head: 16

Layer [5], Head: 17

Layer [5], Head: 18

Layer [5], Head: 19

Layer [5], Head: 20

Layer [5], Head: 21

Layer [5], Head: 22

Layer [5], Head: 23

Layer [5], Head: 24

Layer [5], Head: 25

Layer [5], Head: 26

Layer [5], Head: 27

Layer [5], Head: 28

Layer [5], Head: 29

Layer [5], Head: 30

Layer [5], Head: 31

Layer [6], Head: 0

Layer [6], Head: 1

Layer [6], Head: 2

Layer [6], Head: 3

Layer [6], Head: 4

Layer [6], Head: 5

Layer [6], Head: 6

Layer [6], Head: 7

Layer [6], Head: 8

Layer [6], Head: 9

Layer [6], Head: 10

Layer [6], Head: 11

Layer [6], Head: 12

Layer [6], Head: 13

Layer [6], Head: 14

Layer [6], Head: 15

Layer [6], Head: 16

Layer [6], Head: 17

Layer [6], Head: 18

Layer [6], Head: 19

Layer [6], Head: 20

Layer [6], Head: 21

Layer [6], Head: 22

Layer [6], Head: 23

Layer [6], Head: 24

Layer [6], Head: 25

Layer [6], Head: 26

Layer [6], Head: 27

Layer [6], Head: 28

Layer [6], Head: 29

Layer [6], Head: 30

Layer [6], Head: 31

Layer [7], Head: 0

Layer [7], Head: 1

Layer [7], Head: 2

Layer [7], Head: 3

Layer [7], Head: 4

Layer [7], Head: 5

Layer [7], Head: 6

Layer [7], Head: 7

Layer [7], Head: 8

Layer [7], Head: 9

Layer [7], Head: 10

Layer [7], Head: 11

Layer [7], Head: 12

Layer [7], Head: 13

Layer [7], Head: 14

Layer [7], Head: 15

Layer [7], Head: 16

Layer [7], Head: 17

Layer [7], Head: 18

Layer [7], Head: 19

Layer [7], Head: 20

Layer [7], Head: 21

Layer [7], Head: 22

Layer [7], Head: 23

Layer [7], Head: 24

Layer [7], Head: 25

Layer [7], Head: 26

Layer [7], Head: 27

Layer [7], Head: 28

Layer [7], Head: 29

Layer [7], Head: 30

Layer [7], Head: 31

Layer [8], Head: 0

Layer [8], Head: 1

Layer [8], Head: 2

Layer [8], Head: 3

Layer [8], Head: 4

Layer [8], Head: 5

Layer [8], Head: 6

Layer [8], Head: 7

Layer [8], Head: 8

Layer [8], Head: 9

Layer [8], Head: 10

Layer [8], Head: 11

Layer [8], Head: 12

Layer [8], Head: 13

Layer [8], Head: 14

Layer [8], Head: 15

Layer [8], Head: 16

Layer [8], Head: 17

Layer [8], Head: 18

Layer [8], Head: 19

Layer [8], Head: 20

Layer [8], Head: 21

Layer [8], Head: 22

Layer [8], Head: 23

Layer [8], Head: 24

Layer [8], Head: 25

Layer [8], Head: 26

Layer [8], Head: 27

Layer [8], Head: 28

Layer [8], Head: 29

Layer [8], Head: 30

Layer [8], Head: 31

Layer [9], Head: 0

Layer [9], Head: 1

Layer [9], Head: 2

Layer [9], Head: 3

Layer [9], Head: 4

Layer [9], Head: 5

Layer [9], Head: 6

Layer [9], Head: 7

Layer [9], Head: 8

Layer [9], Head: 9

Layer [9], Head: 10

Layer [9], Head: 11

Layer [9], Head: 12

Layer [9], Head: 13

Layer [9], Head: 14

Layer [9], Head: 15

Layer [9], Head: 16

Layer [9], Head: 17

Layer [9], Head: 18

Layer [9], Head: 19

Layer [9], Head: 20

Layer [9], Head: 21

Layer [9], Head: 22

Layer [9], Head: 23

Layer [9], Head: 24

Layer [9], Head: 25

Layer [9], Head: 26

Layer [9], Head: 27

Layer [9], Head: 28

Layer [9], Head: 29

Layer [9], Head: 30

Layer [9], Head: 31

Layer [10], Head: 0

Layer [10], Head: 1

Layer [10], Head: 2

Layer [10], Head: 3

Layer [10], Head: 4

Layer [10], Head: 5

Layer [10], Head: 6

Layer [10], Head: 7

Layer [10], Head: 8

Layer [10], Head: 9

Layer [10], Head: 10

Layer [10], Head: 11

Layer [10], Head: 12

Layer [10], Head: 13

Layer [10], Head: 14

Layer [10], Head: 15

Layer [10], Head: 16

Layer [10], Head: 17

Layer [10], Head: 18

Layer [10], Head: 19

Layer [10], Head: 20

Layer [10], Head: 21

Layer [10], Head: 22

Layer [10], Head: 23

Layer [10], Head: 24

Layer [10], Head: 25

Layer [10], Head: 26

Layer [10], Head: 27

Layer [10], Head: 28

Layer [10], Head: 29

Layer [10], Head: 30

Layer [10], Head: 31

Layer [11], Head: 0

Layer [11], Head: 1

Layer [11], Head: 2

Layer [11], Head: 3

Layer [11], Head: 4

Layer [11], Head: 5

Layer [11], Head: 6

Layer [11], Head: 7

Layer [11], Head: 8

Layer [11], Head: 9

Layer [11], Head: 10

Layer [11], Head: 11

Layer [11], Head: 12

Layer [11], Head: 13

Layer [11], Head: 14

Layer [11], Head: 15

Layer [11], Head: 16

Layer [11], Head: 17

Layer [11], Head: 18

Layer [11], Head: 19

Layer [11], Head: 20

Layer [11], Head: 21

Layer [11], Head: 22

Layer [11], Head: 23

Layer [11], Head: 24

Layer [11], Head: 25

Layer [11], Head: 26

Layer [11], Head: 27

Layer [11], Head: 28

Layer [11], Head: 29

Layer [11], Head: 30

Layer [11], Head: 31

Layer [12], Head: 0

Layer [12], Head: 1

Layer [12], Head: 2

Layer [12], Head: 3

Layer [12], Head: 4

Layer [12], Head: 5

Layer [12], Head: 6

Layer [12], Head: 7

Layer [12], Head: 8

Layer [12], Head: 9

Layer [12], Head: 10

Layer [12], Head: 11

Layer [12], Head: 12

Layer [12], Head: 13

Layer [12], Head: 14

Layer [12], Head: 15

Layer [12], Head: 16

Layer [12], Head: 17

Layer [12], Head: 18

Layer [12], Head: 19

Layer [12], Head: 20

Layer [12], Head: 21

Layer [12], Head: 22

Layer [12], Head: 23

Layer [12], Head: 24

Layer [12], Head: 25

Layer [12], Head: 26

Layer [12], Head: 27

Layer [12], Head: 28

Layer [12], Head: 29

Layer [12], Head: 30

Layer [12], Head: 31

Layer [13], Head: 0

Layer [13], Head: 1

Layer [13], Head: 2

Layer [13], Head: 3

Layer [13], Head: 4

Layer [13], Head: 5

Layer [13], Head: 6

Layer [13], Head: 7

Layer [13], Head: 8

Layer [13], Head: 9

Layer [13], Head: 10

Layer [13], Head: 11

Layer [13], Head: 12

Layer [13], Head: 13

Layer [13], Head: 14

Layer [13], Head: 15

Layer [13], Head: 16

Layer [13], Head: 17

Layer [13], Head: 18

Layer [13], Head: 19

Layer [13], Head: 20

Layer [13], Head: 21

Layer [13], Head: 22

Layer [13], Head: 23

Layer [13], Head: 24

Layer [13], Head: 25

Layer [13], Head: 26

Layer [13], Head: 27

Layer [13], Head: 28

Layer [13], Head: 29

Layer [13], Head: 30

Layer [13], Head: 31

Layer [14], Head: 0

Layer [14], Head: 1

Layer [14], Head: 2

Layer [14], Head: 3

Layer [14], Head: 4

Layer [14], Head: 5

Layer [14], Head: 6

Layer [14], Head: 7

Layer [14], Head: 8

Layer [14], Head: 9

Layer [14], Head: 10

Layer [14], Head: 11

Layer [14], Head: 12

Layer [14], Head: 13

Layer [14], Head: 14

Layer [14], Head: 15

Layer [14], Head: 16

Layer [14], Head: 17

Layer [14], Head: 18

Layer [14], Head: 19

Layer [14], Head: 20

Layer [14], Head: 21

Layer [14], Head: 22

Layer [14], Head: 23

Layer [14], Head: 24

Layer [14], Head: 25

Layer [14], Head: 26

Layer [14], Head: 27

Layer [14], Head: 28

Layer [14], Head: 29

Layer [14], Head: 30

Layer [14], Head: 31

Layer [15], Head: 0

Layer [15], Head: 1

Layer [15], Head: 2

Layer [15], Head: 3

Layer [15], Head: 4

Layer [15], Head: 5

Layer [15], Head: 6

Layer [15], Head: 7

Layer [15], Head: 8

Layer [15], Head: 9

Layer [15], Head: 10

Layer [15], Head: 11

Layer [15], Head: 12

Layer [15], Head: 13

Layer [15], Head: 14

Layer [15], Head: 15

Layer [15], Head: 16

Layer [15], Head: 17

Layer [15], Head: 18

Layer [15], Head: 19

Layer [15], Head: 20

Layer [15], Head: 21

Layer [15], Head: 22

Layer [15], Head: 23

Layer [15], Head: 24

Layer [15], Head: 25

Layer [15], Head: 26

Layer [15], Head: 27

Layer [15], Head: 28

Layer [15], Head: 29

Layer [15], Head: 30

Layer [15], Head: 31

Layer [16], Head: 0

Layer [16], Head: 1

Layer [16], Head: 2

Layer [16], Head: 3

Layer [16], Head: 4

Layer [16], Head: 5

Layer [16], Head: 6

Layer [16], Head: 7

Layer [16], Head: 8

Layer [16], Head: 9

Layer [16], Head: 10

Layer [16], Head: 11

Layer [16], Head: 12

Layer [16], Head: 13

Layer [16], Head: 14

Layer [16], Head: 15

Layer [16], Head: 16

Layer [16], Head: 17

Layer [16], Head: 18

Layer [16], Head: 19

Layer [16], Head: 20

Layer [16], Head: 21

Layer [16], Head: 22

Layer [16], Head: 23

Layer [16], Head: 24

Layer [16], Head: 25

Layer [16], Head: 26

Layer [16], Head: 27

Layer [16], Head: 28

Layer [16], Head: 29

Layer [16], Head: 30

Layer [16], Head: 31

Layer [17], Head: 0

Layer [17], Head: 1

Layer [17], Head: 2

Layer [17], Head: 3

Layer [17], Head: 4

Layer [17], Head: 5

Layer [17], Head: 6

Layer [17], Head: 7

Layer [17], Head: 8

Layer [17], Head: 9

Layer [17], Head: 10

Layer [17], Head: 11

Layer [17], Head: 12

Layer [17], Head: 13

Layer [17], Head: 14

Layer [17], Head: 15

Layer [17], Head: 16

Layer [17], Head: 17

Layer [17], Head: 18

Layer [17], Head: 19

Layer [17], Head: 20

Layer [17], Head: 21

Layer [17], Head: 22

Layer [17], Head: 23

Layer [17], Head: 24

Layer [17], Head: 25

Layer [17], Head: 26

Layer [17], Head: 27

Layer [17], Head: 28

Layer [17], Head: 29

Layer [17], Head: 30

Layer [17], Head: 31

Layer [18], Head: 0

Layer [18], Head: 1

Layer [18], Head: 2

Layer [18], Head: 3

Layer [18], Head: 4

Layer [18], Head: 5

Layer [18], Head: 6

Layer [18], Head: 7

Layer [18], Head: 8

Layer [18], Head: 9

Layer [18], Head: 10

Layer [18], Head: 11

Layer [18], Head: 12

Layer [18], Head: 13

Layer [18], Head: 14

Layer [18], Head: 15

Layer [18], Head: 16

Layer [18], Head: 17

Layer [18], Head: 18

Layer [18], Head: 19

Layer [18], Head: 20

Layer [18], Head: 21

Layer [18], Head: 22

Layer [18], Head: 23

Layer [18], Head: 24

Layer [18], Head: 25

Layer [18], Head: 26

Layer [18], Head: 27

Layer [18], Head: 28

Layer [18], Head: 29

Layer [18], Head: 30

Layer [18], Head: 31

Layer [19], Head: 0

Layer [19], Head: 1

Layer [19], Head: 2

Layer [19], Head: 3

Layer [19], Head: 4

Layer [19], Head: 5

Layer [19], Head: 6

Layer [19], Head: 7

Layer [19], Head: 8

Layer [19], Head: 9

Layer [19], Head: 10

Layer [19], Head: 11

Layer [19], Head: 12

Layer [19], Head: 13

Layer [19], Head: 14

Layer [19], Head: 15

Layer [19], Head: 16

Layer [19], Head: 17

Layer [19], Head: 18

Layer [19], Head: 19

Layer [19], Head: 20

Layer [19], Head: 21

Layer [19], Head: 22

Layer [19], Head: 23

Layer [19], Head: 24

Layer [19], Head: 25

Layer [19], Head: 26

Layer [19], Head: 27

Layer [19], Head: 28

Layer [19], Head: 29

Layer [19], Head: 30

Layer [19], Head: 31

Layer [20], Head: 0

Layer [20], Head: 1

Layer [20], Head: 2

Layer [20], Head: 3

Layer [20], Head: 4

Layer [20], Head: 5

Layer [20], Head: 6

Layer [20], Head: 7

Layer [20], Head: 8

Layer [20], Head: 9

Layer [20], Head: 10

Layer [20], Head: 11

Layer [20], Head: 12

Layer [20], Head: 13

Layer [20], Head: 14

Layer [20], Head: 15

Layer [20], Head: 16

Layer [20], Head: 17

Layer [20], Head: 18

Layer [20], Head: 19

Layer [20], Head: 20

Layer [20], Head: 21

Layer [20], Head: 22

Layer [20], Head: 23

Layer [20], Head: 24

Layer [20], Head: 25

Layer [20], Head: 26

Layer [20], Head: 27

Layer [20], Head: 28

Layer [20], Head: 29

Layer [20], Head: 30

Layer [20], Head: 31

Layer [21], Head: 0

Layer [21], Head: 1

Layer [21], Head: 2

Layer [21], Head: 3

Layer [21], Head: 4

Layer [21], Head: 5

Layer [21], Head: 6

Layer [21], Head: 7

Layer [21], Head: 8

Layer [21], Head: 9

Layer [21], Head: 10

Layer [21], Head: 11

Layer [21], Head: 12

Layer [21], Head: 13

Layer [21], Head: 14

Layer [21], Head: 15

Layer [21], Head: 16

Layer [21], Head: 17

Layer [21], Head: 18

Layer [21], Head: 19

Layer [21], Head: 20

Layer [21], Head: 21

Layer [21], Head: 22

Layer [21], Head: 23

Layer [21], Head: 24

Layer [21], Head: 25

Layer [21], Head: 26

Layer [21], Head: 27

Layer [21], Head: 28

Layer [21], Head: 29

Layer [21], Head: 30

Layer [21], Head: 31

Layer [22], Head: 0

Layer [22], Head: 1

Layer [22], Head: 2

Layer [22], Head: 3

Layer [22], Head: 4

Layer [22], Head: 5

Layer [22], Head: 6

Layer [22], Head: 7

Layer [22], Head: 8

Layer [22], Head: 9

Layer [22], Head: 10

Layer [22], Head: 11

Layer [22], Head: 12

Layer [22], Head: 13

Layer [22], Head: 14

Layer [22], Head: 15

Layer [22], Head: 16

Layer [22], Head: 17

Layer [22], Head: 18

Layer [22], Head: 19

Layer [22], Head: 20

Layer [22], Head: 21

Layer [22], Head: 22

Layer [22], Head: 23

Layer [22], Head: 24

Layer [22], Head: 25

Layer [22], Head: 26

Layer [22], Head: 27

Layer [22], Head: 28

Layer [22], Head: 29

Layer [22], Head: 30

Layer [22], Head: 31

Layer [23], Head: 0

Layer [23], Head: 1

Layer [23], Head: 2

Layer [23], Head: 3

Layer [23], Head: 4

Layer [23], Head: 5

Layer [23], Head: 6

Layer [23], Head: 7

Layer [23], Head: 8

Layer [23], Head: 9

Layer [23], Head: 10

Layer [23], Head: 11

Layer [23], Head: 12

Layer [23], Head: 13

Layer [23], Head: 14

Layer [23], Head: 15

Layer [23], Head: 16

Layer [23], Head: 17

Layer [23], Head: 18

Layer [23], Head: 19

Layer [23], Head: 20

Layer [23], Head: 21

Layer [23], Head: 22

Layer [23], Head: 23

Layer [23], Head: 24

Layer [23], Head: 25

Layer [23], Head: 26

Layer [23], Head: 27

Layer [23], Head: 28

Layer [23], Head: 29

Layer [23], Head: 30

Layer [23], Head: 31

Layer [24], Head: 0

Layer [24], Head: 1

Layer [24], Head: 2

Layer [24], Head: 3

Layer [24], Head: 4

Layer [24], Head: 5

Layer [24], Head: 6

Layer [24], Head: 7

Layer [24], Head: 8

Layer [24], Head: 9

Layer [24], Head: 10

Layer [24], Head: 11

Layer [24], Head: 12

Layer [24], Head: 13

Layer [24], Head: 14

Layer [24], Head: 15

Layer [24], Head: 16

Layer [24], Head: 17

Layer [24], Head: 18

Layer [24], Head: 19

Layer [24], Head: 20

Layer [24], Head: 21

Layer [24], Head: 22

Layer [24], Head: 23

Layer [24], Head: 24

Layer [24], Head: 25

Layer [24], Head: 26

Layer [24], Head: 27

Layer [24], Head: 28

Layer [24], Head: 29

Layer [24], Head: 30

Layer [24], Head: 31

Layer [25], Head: 0

Layer [25], Head: 1

Layer [25], Head: 2

Layer [25], Head: 3

Layer [25], Head: 4

Layer [25], Head: 5

Layer [25], Head: 6

Layer [25], Head: 7

Layer [25], Head: 8

Layer [25], Head: 9

Layer [25], Head: 10

Layer [25], Head: 11

Layer [25], Head: 12

Layer [25], Head: 13

Layer [25], Head: 14

Layer [25], Head: 15

Layer [25], Head: 16

Layer [25], Head: 17

Layer [25], Head: 18

Layer [25], Head: 19

Layer [25], Head: 20

Layer [25], Head: 21

Layer [25], Head: 22

Layer [25], Head: 23

Layer [25], Head: 24

Layer [25], Head: 25

Layer [25], Head: 26

Layer [25], Head: 27

Layer [25], Head: 28

Layer [25], Head: 29

Layer [25], Head: 30

Layer [25], Head: 31

Layer [26], Head: 0

Layer [26], Head: 1

Layer [26], Head: 2

Layer [26], Head: 3

Layer [26], Head: 4

Layer [26], Head: 5

Layer [26], Head: 6

Layer [26], Head: 7

Layer [26], Head: 8

Layer [26], Head: 9

Layer [26], Head: 10

Layer [26], Head: 11

Layer [26], Head: 12

Layer [26], Head: 13

Layer [26], Head: 14

Layer [26], Head: 15

Layer [26], Head: 16

Layer [26], Head: 17

Layer [26], Head: 18

Layer [26], Head: 19

Layer [26], Head: 20

Layer [26], Head: 21

Layer [26], Head: 22

Layer [26], Head: 23

Layer [26], Head: 24

Layer [26], Head: 25

Layer [26], Head: 26

Layer [26], Head: 27

Layer [26], Head: 28

Layer [26], Head: 29

Layer [26], Head: 30

Layer [26], Head: 31

Layer [27], Head: 0

Layer [27], Head: 1

Layer [27], Head: 2

Layer [27], Head: 3

Layer [27], Head: 4

Layer [27], Head: 5

Layer [27], Head: 6

Layer [27], Head: 7

Layer [27], Head: 8

Layer [27], Head: 9

Layer [27], Head: 10

Layer [27], Head: 11

Layer [27], Head: 12

Layer [27], Head: 13

Layer [27], Head: 14

Layer [27], Head: 15

Layer [27], Head: 16

Layer [27], Head: 17

Layer [27], Head: 18

Layer [27], Head: 19

Layer [27], Head: 20

Layer [27], Head: 21

Layer [27], Head: 22

Layer [27], Head: 23

Layer [27], Head: 24

Layer [27], Head: 25

Layer [27], Head: 26

Layer [27], Head: 27

Layer [27], Head: 28

Layer [27], Head: 29

Layer [27], Head: 30

Layer [27], Head: 31

Layer [28], Head: 0

Layer [28], Head: 1

Layer [28], Head: 2

Layer [28], Head: 3

Layer [28], Head: 4

Layer [28], Head: 5

Layer [28], Head: 6

Layer [28], Head: 7

Layer [28], Head: 8

Layer [28], Head: 9

Layer [28], Head: 10

Layer [28], Head: 11

Layer [28], Head: 12

Layer [28], Head: 13

Layer [28], Head: 14

Layer [28], Head: 15

Layer [28], Head: 16

Layer [28], Head: 17

Layer [28], Head: 18

Layer [28], Head: 19

Layer [28], Head: 20

Layer [28], Head: 21

Layer [28], Head: 22

Layer [28], Head: 23

Layer [28], Head: 24

Layer [28], Head: 25

Layer [28], Head: 26

Layer [28], Head: 27

Layer [28], Head: 28

Layer [28], Head: 29

Layer [28], Head: 30

Layer [28], Head: 31

Layer [29], Head: 0

Layer [29], Head: 1

Layer [29], Head: 2

Layer [29], Head: 3

Layer [29], Head: 4

Layer [29], Head: 5

Layer [29], Head: 6

Layer [29], Head: 7

Layer [29], Head: 8

Layer [29], Head: 9

Layer [29], Head: 10

Layer [29], Head: 11

Layer [29], Head: 12

Layer [29], Head: 13

Layer [29], Head: 14

Layer [29], Head: 15

Layer [29], Head: 16

Layer [29], Head: 17

Layer [29], Head: 18

Layer [29], Head: 19

Layer [29], Head: 20

Layer [29], Head: 21

Layer [29], Head: 22

Layer [29], Head: 23

Layer [29], Head: 24

Layer [29], Head: 25

Layer [29], Head: 26

Layer [29], Head: 27

Layer [29], Head: 28

Layer [29], Head: 29

Layer [29], Head: 30

Layer [29], Head: 31

Layer [30], Head: 0

Layer [30], Head: 1

Layer [30], Head: 2

Layer [30], Head: 3

Layer [30], Head: 4

Layer [30], Head: 5

Layer [30], Head: 6

Layer [30], Head: 7

Layer [30], Head: 8

Layer [30], Head: 9

Layer [30], Head: 10

Layer [30], Head: 11

Layer [30], Head: 12

Layer [30], Head: 13

Layer [30], Head: 14

Layer [30], Head: 15

Layer [30], Head: 16

Layer [30], Head: 17

Layer [30], Head: 18

Layer [30], Head: 19

Layer [30], Head: 20

Layer [30], Head: 21

Layer [30], Head: 22

Layer [30], Head: 23

Layer [30], Head: 24

Layer [30], Head: 25

Layer [30], Head: 26

Layer [30], Head: 27

Layer [30], Head: 28

Layer [30], Head: 29

Layer [30], Head: 30

Layer [30], Head: 31

Layer [31], Head: 0

Layer [31], Head: 1

Layer [31], Head: 2

Layer [31], Head: 3

Layer [31], Head: 4

Layer [31], Head: 5

Layer [31], Head: 6

Layer [31], Head: 7

Layer [31], Head: 8

Layer [31], Head: 9

Layer [31], Head: 10

Layer [31], Head: 11

Layer [31], Head: 12

Layer [31], Head: 13

Layer [31], Head: 14

Layer [31], Head: 15

Layer [31], Head: 16

Layer [31], Head: 17

Layer [31], Head: 18

Layer [31], Head: 19

Layer [31], Head: 20

Layer [31], Head: 21

Layer [31], Head: 22

Layer [31], Head: 23

Layer [31], Head: 24

Layer [31], Head: 25

Layer [31], Head: 26

Layer [31], Head: 27

Layer [31], Head: 28

Layer [31], Head: 29

Layer [31], Head: 30

Layer [31], Head: 31

Layer [32], Head: 0

Layer [32], Head: 1

Layer [32], Head: 2

Layer [32], Head: 3

Layer [32], Head: 4

Layer [32], Head: 5

Layer [32], Head: 6

Layer [32], Head: 7

Layer [32], Head: 8

Layer [32], Head: 9

Layer [32], Head: 10

Layer [32], Head: 11

Layer [32], Head: 12

Layer [32], Head: 13

Layer [32], Head: 14

Layer [32], Head: 15

Layer [32], Head: 16

Layer [32], Head: 17

Layer [32], Head: 18

Layer [32], Head: 19

Layer [32], Head: 20

Layer [32], Head: 21

Layer [32], Head: 22

Layer [32], Head: 23

Layer [32], Head: 24

Layer [32], Head: 25

Layer [32], Head: 26

Layer [32], Head: 27

Layer [32], Head: 28

Layer [32], Head: 29

Layer [32], Head: 30

Layer [32], Head: 31

Layer [33], Head: 0

Layer [33], Head: 1

Layer [33], Head: 2

Layer [33], Head: 3

Layer [33], Head: 4

Layer [33], Head: 5

Layer [33], Head: 6

Layer [33], Head: 7

Layer [33], Head: 8

Layer [33], Head: 9

Layer [33], Head: 10

Layer [33], Head: 11

Layer [33], Head: 12

Layer [33], Head: 13

Layer [33], Head: 14

Layer [33], Head: 15

Layer [33], Head: 16

Layer [33], Head: 17

Layer [33], Head: 18

Layer [33], Head: 19

Layer [33], Head: 20

Layer [33], Head: 21

Layer [33], Head: 22

Layer [33], Head: 23

Layer [33], Head: 24

Layer [33], Head: 25

Layer [33], Head: 26

Layer [33], Head: 27

Layer [33], Head: 28

Layer [33], Head: 29

Layer [33], Head: 30

Layer [33], Head: 31

Layer [0], Head: -1

Layer [-1], Head: -1
Accuracy (image->label / label->image) -- model(full): 50.70/81.00  PC: 50.40/78.00  text_self: 45.25/33.00  text_ref: 49.80/37.00  image_self: 49.40/70.00  image_ref: 49.05/76.00
Number of layers: 34
  [image_set] pool = imagenet (5000 images)

Layer [0], Head: 0

Layer [0], Head: 1

Layer [0], Head: 2

Layer [0], Head: 3

Layer [0], Head: 4

Layer [0], Head: 5

Layer [0], Head: 6

Layer [0], Head: 7

Layer [0], Head: 8

Layer [0], Head: 9

Layer [0], Head: 10

Layer [0], Head: 11

Layer [0], Head: 12

Layer [0], Head: 13

Layer [0], Head: 14

Layer [0], Head: 15

Layer [0], Head: 16

Layer [0], Head: 17

Layer [0], Head: 18

Layer [0], Head: 19

Layer [0], Head: 20

Layer [0], Head: 21

Layer [0], Head: 22

Layer [0], Head: 23

Layer [0], Head: 24

Layer [0], Head: 25

Layer [0], Head: 26

Layer [0], Head: 27

Layer [0], Head: 28

Layer [0], Head: 29

Layer [0], Head: 30

Layer [0], Head: 31

Layer [1], Head: 0

Layer [1], Head: 1

Layer [1], Head: 2

Layer [1], Head: 3

Layer [1], Head: 4

Layer [1], Head: 5

Layer [1], Head: 6

Layer [1], Head: 7

Layer [1], Head: 8

Layer [1], Head: 9

Layer [1], Head: 10

Layer [1], Head: 11

Layer [1], Head: 12

Layer [1], Head: 13

Layer [1], Head: 14

Layer [1], Head: 15

Layer [1], Head: 16

Layer [1], Head: 17

Layer [1], Head: 18

Layer [1], Head: 19

Layer [1], Head: 20

Layer [1], Head: 21

Layer [1], Head: 22

Layer [1], Head: 23

Layer [1], Head: 24

Layer [1], Head: 25

Layer [1], Head: 26

Layer [1], Head: 27

Layer [1], Head: 28

Layer [1], Head: 29

Layer [1], Head: 30

Layer [1], Head: 31

Layer [2], Head: 0

Layer [2], Head: 1

Layer [2], Head: 2

Layer [2], Head: 3

Layer [2], Head: 4

Layer [2], Head: 5

Layer [2], Head: 6

Layer [2], Head: 7

Layer [2], Head: 8

Layer [2], Head: 9

Layer [2], Head: 10

Layer [2], Head: 11

Layer [2], Head: 12

Layer [2], Head: 13

Layer [2], Head: 14

Layer [2], Head: 15

Layer [2], Head: 16

Layer [2], Head: 17

Layer [2], Head: 18

Layer [2], Head: 19

Layer [2], Head: 20

Layer [2], Head: 21

Layer [2], Head: 22

Layer [2], Head: 23

Layer [2], Head: 24

Layer [2], Head: 25

Layer [2], Head: 26

Layer [2], Head: 27

Layer [2], Head: 28

Layer [2], Head: 29

Layer [2], Head: 30

Layer [2], Head: 31

Layer [3], Head: 0

Layer [3], Head: 1

Layer [3], Head: 2

Layer [3], Head: 3

Layer [3], Head: 4

Layer [3], Head: 5

Layer [3], Head: 6

Layer [3], Head: 7

Layer [3], Head: 8

Layer [3], Head: 9

Layer [3], Head: 10

Layer [3], Head: 11

Layer [3], Head: 12

Layer [3], Head: 13

Layer [3], Head: 14

Layer [3], Head: 15

Layer [3], Head: 16

Layer [3], Head: 17

Layer [3], Head: 18

Layer [3], Head: 19

Layer [3], Head: 20

Layer [3], Head: 21

Layer [3], Head: 22

Layer [3], Head: 23

Layer [3], Head: 24

Layer [3], Head: 25

Layer [3], Head: 26

Layer [3], Head: 27

Layer [3], Head: 28

Layer [3], Head: 29

Layer [3], Head: 30

Layer [3], Head: 31

Layer [4], Head: 0

Layer [4], Head: 1

Layer [4], Head: 2

Layer [4], Head: 3

Layer [4], Head: 4

Layer [4], Head: 5

Layer [4], Head: 6

Layer [4], Head: 7

Layer [4], Head: 8

Layer [4], Head: 9

Layer [4], Head: 10

Layer [4], Head: 11

Layer [4], Head: 12

Layer [4], Head: 13

Layer [4], Head: 14

Layer [4], Head: 15

Layer [4], Head: 16

Layer [4], Head: 17

Layer [4], Head: 18

Layer [4], Head: 19

Layer [4], Head: 20

Layer [4], Head: 21

Layer [4], Head: 22

Layer [4], Head: 23

Layer [4], Head: 24

Layer [4], Head: 25

Layer [4], Head: 26

Layer [4], Head: 27

Layer [4], Head: 28

Layer [4], Head: 29

Layer [4], Head: 30

Layer [4], Head: 31

Layer [5], Head: 0

Layer [5], Head: 1

Layer [5], Head: 2

Layer [5], Head: 3

Layer [5], Head: 4

Layer [5], Head: 5

Layer [5], Head: 6

Layer [5], Head: 7

Layer [5], Head: 8

Layer [5], Head: 9

Layer [5], Head: 10

Layer [5], Head: 11

Layer [5], Head: 12

Layer [5], Head: 13

Layer [5], Head: 14

Layer [5], Head: 15

Layer [5], Head: 16

Layer [5], Head: 17

Layer [5], Head: 18

Layer [5], Head: 19

Layer [5], Head: 20

Layer [5], Head: 21

Layer [5], Head: 22

Layer [5], Head: 23

Layer [5], Head: 24

Layer [5], Head: 25

Layer [5], Head: 26

Layer [5], Head: 27

Layer [5], Head: 28

Layer [5], Head: 29

Layer [5], Head: 30

Layer [5], Head: 31

Layer [6], Head: 0

Layer [6], Head: 1

Layer [6], Head: 2

Layer [6], Head: 3

Layer [6], Head: 4

Layer [6], Head: 5

Layer [6], Head: 6

Layer [6], Head: 7

Layer [6], Head: 8

Layer [6], Head: 9

Layer [6], Head: 10

Layer [6], Head: 11

Layer [6], Head: 12

Layer [6], Head: 13

Layer [6], Head: 14

Layer [6], Head: 15

Layer [6], Head: 16

Layer [6], Head: 17

Layer [6], Head: 18

Layer [6], Head: 19

Layer [6], Head: 20

Layer [6], Head: 21

Layer [6], Head: 22

Layer [6], Head: 23

Layer [6], Head: 24

Layer [6], Head: 25

Layer [6], Head: 26

Layer [6], Head: 27

Layer [6], Head: 28

Layer [6], Head: 29

Layer [6], Head: 30

Layer [6], Head: 31

Layer [7], Head: 0

Layer [7], Head: 1

Layer [7], Head: 2

Layer [7], Head: 3

Layer [7], Head: 4

Layer [7], Head: 5

Layer [7], Head: 6

Layer [7], Head: 7

Layer [7], Head: 8

Layer [7], Head: 9

Layer [7], Head: 10

Layer [7], Head: 11

Layer [7], Head: 12

Layer [7], Head: 13

Layer [7], Head: 14

Layer [7], Head: 15

Layer [7], Head: 16

Layer [7], Head: 17

Layer [7], Head: 18

Layer [7], Head: 19

Layer [7], Head: 20

Layer [7], Head: 21

Layer [7], Head: 22

Layer [7], Head: 23

Layer [7], Head: 24

Layer [7], Head: 25

Layer [7], Head: 26

Layer [7], Head: 27

Layer [7], Head: 28

Layer [7], Head: 29

Layer [7], Head: 30

Layer [7], Head: 31

Layer [8], Head: 0

Layer [8], Head: 1

Layer [8], Head: 2

Layer [8], Head: 3

Layer [8], Head: 4

Layer [8], Head: 5

Layer [8], Head: 6

Layer [8], Head: 7

Layer [8], Head: 8

Layer [8], Head: 9

Layer [8], Head: 10

Layer [8], Head: 11

Layer [8], Head: 12

Layer [8], Head: 13

Layer [8], Head: 14

Layer [8], Head: 15

Layer [8], Head: 16

Layer [8], Head: 17

Layer [8], Head: 18

Layer [8], Head: 19

Layer [8], Head: 20

Layer [8], Head: 21

Layer [8], Head: 22

Layer [8], Head: 23

Layer [8], Head: 24

Layer [8], Head: 25

Layer [8], Head: 26

Layer [8], Head: 27

Layer [8], Head: 28

Layer [8], Head: 29

Layer [8], Head: 30

Layer [8], Head: 31

Layer [9], Head: 0

Layer [9], Head: 1

Layer [9], Head: 2

Layer [9], Head: 3

Layer [9], Head: 4

Layer [9], Head: 5

Layer [9], Head: 6

Layer [9], Head: 7

Layer [9], Head: 8

Layer [9], Head: 9

Layer [9], Head: 10

Layer [9], Head: 11

Layer [9], Head: 12

Layer [9], Head: 13

Layer [9], Head: 14

Layer [9], Head: 15

Layer [9], Head: 16

Layer [9], Head: 17

Layer [9], Head: 18

Layer [9], Head: 19

Layer [9], Head: 20

Layer [9], Head: 21

Layer [9], Head: 22

Layer [9], Head: 23

Layer [9], Head: 24

Layer [9], Head: 25

Layer [9], Head: 26

Layer [9], Head: 27

Layer [9], Head: 28

Layer [9], Head: 29

Layer [9], Head: 30

Layer [9], Head: 31

Layer [10], Head: 0

Layer [10], Head: 1

Layer [10], Head: 2

Layer [10], Head: 3

Layer [10], Head: 4

Layer [10], Head: 5

Layer [10], Head: 6

Layer [10], Head: 7

Layer [10], Head: 8

Layer [10], Head: 9

Layer [10], Head: 10

Layer [10], Head: 11

Layer [10], Head: 12

Layer [10], Head: 13

Layer [10], Head: 14

Layer [10], Head: 15

Layer [10], Head: 16

Layer [10], Head: 17

Layer [10], Head: 18

Layer [10], Head: 19

Layer [10], Head: 20

Layer [10], Head: 21

Layer [10], Head: 22

Layer [10], Head: 23

Layer [10], Head: 24

Layer [10], Head: 25

Layer [10], Head: 26

Layer [10], Head: 27

Layer [10], Head: 28

Layer [10], Head: 29

Layer [10], Head: 30

Layer [10], Head: 31

Layer [11], Head: 0

Layer [11], Head: 1

Layer [11], Head: 2

Layer [11], Head: 3

Layer [11], Head: 4

Layer [11], Head: 5

Layer [11], Head: 6

Layer [11], Head: 7

Layer [11], Head: 8

Layer [11], Head: 9

Layer [11], Head: 10

Layer [11], Head: 11

Layer [11], Head: 12

Layer [11], Head: 13

Layer [11], Head: 14

Layer [11], Head: 15

Layer [11], Head: 16

Layer [11], Head: 17

Layer [11], Head: 18

Layer [11], Head: 19

Layer [11], Head: 20

Layer [11], Head: 21

Layer [11], Head: 22

Layer [11], Head: 23

Layer [11], Head: 24

Layer [11], Head: 25

Layer [11], Head: 26

Layer [11], Head: 27

Layer [11], Head: 28

Layer [11], Head: 29

Layer [11], Head: 30

Layer [11], Head: 31

Layer [12], Head: 0

Layer [12], Head: 1

Layer [12], Head: 2

Layer [12], Head: 3

Layer [12], Head: 4

Layer [12], Head: 5

Layer [12], Head: 6

Layer [12], Head: 7

Layer [12], Head: 8

Layer [12], Head: 9

Layer [12], Head: 10

Layer [12], Head: 11

Layer [12], Head: 12

Layer [12], Head: 13

Layer [12], Head: 14

Layer [12], Head: 15

Layer [12], Head: 16

Layer [12], Head: 17

Layer [12], Head: 18

Layer [12], Head: 19

Layer [12], Head: 20

Layer [12], Head: 21

Layer [12], Head: 22

Layer [12], Head: 23

Layer [12], Head: 24

Layer [12], Head: 25

Layer [12], Head: 26

Layer [12], Head: 27

Layer [12], Head: 28

Layer [12], Head: 29

Layer [12], Head: 30

Layer [12], Head: 31

Layer [13], Head: 0

Layer [13], Head: 1

Layer [13], Head: 2

Layer [13], Head: 3

Layer [13], Head: 4

Layer [13], Head: 5

Layer [13], Head: 6

Layer [13], Head: 7

Layer [13], Head: 8

Layer [13], Head: 9

Layer [13], Head: 10

Layer [13], Head: 11

Layer [13], Head: 12

Layer [13], Head: 13

Layer [13], Head: 14

Layer [13], Head: 15

Layer [13], Head: 16

Layer [13], Head: 17

Layer [13], Head: 18

Layer [13], Head: 19

Layer [13], Head: 20

Layer [13], Head: 21

Layer [13], Head: 22

Layer [13], Head: 23

Layer [13], Head: 24

Layer [13], Head: 25

Layer [13], Head: 26

Layer [13], Head: 27

Layer [13], Head: 28

Layer [13], Head: 29

Layer [13], Head: 30

Layer [13], Head: 31

Layer [14], Head: 0

Layer [14], Head: 1

Layer [14], Head: 2

Layer [14], Head: 3

Layer [14], Head: 4

Layer [14], Head: 5

Layer [14], Head: 6

Layer [14], Head: 7

Layer [14], Head: 8

Layer [14], Head: 9

Layer [14], Head: 10

Layer [14], Head: 11

Layer [14], Head: 12

Layer [14], Head: 13

Layer [14], Head: 14

Layer [14], Head: 15

Layer [14], Head: 16

Layer [14], Head: 17

Layer [14], Head: 18

Layer [14], Head: 19

Layer [14], Head: 20

Layer [14], Head: 21

Layer [14], Head: 22

Layer [14], Head: 23

Layer [14], Head: 24

Layer [14], Head: 25

Layer [14], Head: 26

Layer [14], Head: 27

Layer [14], Head: 28

Layer [14], Head: 29

Layer [14], Head: 30

Layer [14], Head: 31

Layer [15], Head: 0

Layer [15], Head: 1

Layer [15], Head: 2

Layer [15], Head: 3

Layer [15], Head: 4

Layer [15], Head: 5

Layer [15], Head: 6

Layer [15], Head: 7

Layer [15], Head: 8

Layer [15], Head: 9

Layer [15], Head: 10

Layer [15], Head: 11

Layer [15], Head: 12

Layer [15], Head: 13

Layer [15], Head: 14

Layer [15], Head: 15

Layer [15], Head: 16

Layer [15], Head: 17

Layer [15], Head: 18

Layer [15], Head: 19

Layer [15], Head: 20

Layer [15], Head: 21

Layer [15], Head: 22

Layer [15], Head: 23

Layer [15], Head: 24

Layer [15], Head: 25

Layer [15], Head: 26

Layer [15], Head: 27

Layer [15], Head: 28

Layer [15], Head: 29

Layer [15], Head: 30

Layer [15], Head: 31

Layer [16], Head: 0

Layer [16], Head: 1

Layer [16], Head: 2

Layer [16], Head: 3

Layer [16], Head: 4

Layer [16], Head: 5

Layer [16], Head: 6

Layer [16], Head: 7

Layer [16], Head: 8

Layer [16], Head: 9

Layer [16], Head: 10

Layer [16], Head: 11

Layer [16], Head: 12

Layer [16], Head: 13

Layer [16], Head: 14

Layer [16], Head: 15

Layer [16], Head: 16

Layer [16], Head: 17

Layer [16], Head: 18

Layer [16], Head: 19

Layer [16], Head: 20

Layer [16], Head: 21

Layer [16], Head: 22

Layer [16], Head: 23

Layer [16], Head: 24

Layer [16], Head: 25

Layer [16], Head: 26

Layer [16], Head: 27

Layer [16], Head: 28

Layer [16], Head: 29

Layer [16], Head: 30

Layer [16], Head: 31

Layer [17], Head: 0

Layer [17], Head: 1

Layer [17], Head: 2

Layer [17], Head: 3

Layer [17], Head: 4

Layer [17], Head: 5

Layer [17], Head: 6

Layer [17], Head: 7

Layer [17], Head: 8

Layer [17], Head: 9

Layer [17], Head: 10

Layer [17], Head: 11

Layer [17], Head: 12

Layer [17], Head: 13

Layer [17], Head: 14

Layer [17], Head: 15

Layer [17], Head: 16

Layer [17], Head: 17

Layer [17], Head: 18

Layer [17], Head: 19

Layer [17], Head: 20

Layer [17], Head: 21

Layer [17], Head: 22

Layer [17], Head: 23

Layer [17], Head: 24

Layer [17], Head: 25

Layer [17], Head: 26

Layer [17], Head: 27

Layer [17], Head: 28

Layer [17], Head: 29

Layer [17], Head: 30

Layer [17], Head: 31

Layer [18], Head: 0

Layer [18], Head: 1

Layer [18], Head: 2

Layer [18], Head: 3

Layer [18], Head: 4

Layer [18], Head: 5

Layer [18], Head: 6

Layer [18], Head: 7

Layer [18], Head: 8

Layer [18], Head: 9

Layer [18], Head: 10

Layer [18], Head: 11

Layer [18], Head: 12

Layer [18], Head: 13

Layer [18], Head: 14

Layer [18], Head: 15

Layer [18], Head: 16

Layer [18], Head: 17

Layer [18], Head: 18

Layer [18], Head: 19

Layer [18], Head: 20

Layer [18], Head: 21

Layer [18], Head: 22

Layer [18], Head: 23

Layer [18], Head: 24

Layer [18], Head: 25

Layer [18], Head: 26

Layer [18], Head: 27

Layer [18], Head: 28

Layer [18], Head: 29

Layer [18], Head: 30

Layer [18], Head: 31

Layer [19], Head: 0

Layer [19], Head: 1

Layer [19], Head: 2

Layer [19], Head: 3

Layer [19], Head: 4

Layer [19], Head: 5

Layer [19], Head: 6

Layer [19], Head: 7

Layer [19], Head: 8

Layer [19], Head: 9

Layer [19], Head: 10

Layer [19], Head: 11

Layer [19], Head: 12

Layer [19], Head: 13

Layer [19], Head: 14

Layer [19], Head: 15

Layer [19], Head: 16

Layer [19], Head: 17

Layer [19], Head: 18

Layer [19], Head: 19

Layer [19], Head: 20

Layer [19], Head: 21

Layer [19], Head: 22

Layer [19], Head: 23

Layer [19], Head: 24

Layer [19], Head: 25

Layer [19], Head: 26

Layer [19], Head: 27

Layer [19], Head: 28

Layer [19], Head: 29

Layer [19], Head: 30

Layer [19], Head: 31

Layer [20], Head: 0

Layer [20], Head: 1

Layer [20], Head: 2

Layer [20], Head: 3

Layer [20], Head: 4

Layer [20], Head: 5

Layer [20], Head: 6

Layer [20], Head: 7

Layer [20], Head: 8

Layer [20], Head: 9

Layer [20], Head: 10

Layer [20], Head: 11

Layer [20], Head: 12

Layer [20], Head: 13

Layer [20], Head: 14

Layer [20], Head: 15

Layer [20], Head: 16

Layer [20], Head: 17

Layer [20], Head: 18

Layer [20], Head: 19

Layer [20], Head: 20

Layer [20], Head: 21

Layer [20], Head: 22

Layer [20], Head: 23

Layer [20], Head: 24

Layer [20], Head: 25

Layer [20], Head: 26

Layer [20], Head: 27

Layer [20], Head: 28

Layer [20], Head: 29

Layer [20], Head: 30

Layer [20], Head: 31

Layer [21], Head: 0

Layer [21], Head: 1

Layer [21], Head: 2

Layer [21], Head: 3

Layer [21], Head: 4

Layer [21], Head: 5

Layer [21], Head: 6

Layer [21], Head: 7

Layer [21], Head: 8

Layer [21], Head: 9

Layer [21], Head: 10

Layer [21], Head: 11

Layer [21], Head: 12

Layer [21], Head: 13

Layer [21], Head: 14

Layer [21], Head: 15

Layer [21], Head: 16

Layer [21], Head: 17

Layer [21], Head: 18

Layer [21], Head: 19

Layer [21], Head: 20

Layer [21], Head: 21

Layer [21], Head: 22

Layer [21], Head: 23

Layer [21], Head: 24

Layer [21], Head: 25

Layer [21], Head: 26

Layer [21], Head: 27

Layer [21], Head: 28

Layer [21], Head: 29

Layer [21], Head: 30

Layer [21], Head: 31

Layer [22], Head: 0

Layer [22], Head: 1

Layer [22], Head: 2

Layer [22], Head: 3

Layer [22], Head: 4

Layer [22], Head: 5

Layer [22], Head: 6

Layer [22], Head: 7

Layer [22], Head: 8

Layer [22], Head: 9

Layer [22], Head: 10

Layer [22], Head: 11

Layer [22], Head: 12

Layer [22], Head: 13

Layer [22], Head: 14

Layer [22], Head: 15

Layer [22], Head: 16

Layer [22], Head: 17

Layer [22], Head: 18

Layer [22], Head: 19

Layer [22], Head: 20

Layer [22], Head: 21

Layer [22], Head: 22

Layer [22], Head: 23

Layer [22], Head: 24

Layer [22], Head: 25

Layer [22], Head: 26

Layer [22], Head: 27

Layer [22], Head: 28

Layer [22], Head: 29

Layer [22], Head: 30

Layer [22], Head: 31

Layer [23], Head: 0

Layer [23], Head: 1

Layer [23], Head: 2

Layer [23], Head: 3

Layer [23], Head: 4

Layer [23], Head: 5

Layer [23], Head: 6

Layer [23], Head: 7

Layer [23], Head: 8

Layer [23], Head: 9

Layer [23], Head: 10

Layer [23], Head: 11

Layer [23], Head: 12

Layer [23], Head: 13

Layer [23], Head: 14

Layer [23], Head: 15

Layer [23], Head: 16

Layer [23], Head: 17

Layer [23], Head: 18

Layer [23], Head: 19

Layer [23], Head: 20

Layer [23], Head: 21

Layer [23], Head: 22

Layer [23], Head: 23

Layer [23], Head: 24

Layer [23], Head: 25

Layer [23], Head: 26

Layer [23], Head: 27

Layer [23], Head: 28

Layer [23], Head: 29

Layer [23], Head: 30

Layer [23], Head: 31

Layer [24], Head: 0

Layer [24], Head: 1

Layer [24], Head: 2

Layer [24], Head: 3

Layer [24], Head: 4

Layer [24], Head: 5

Layer [24], Head: 6

Layer [24], Head: 7

Layer [24], Head: 8

Layer [24], Head: 9

Layer [24], Head: 10

Layer [24], Head: 11

Layer [24], Head: 12

Layer [24], Head: 13

Layer [24], Head: 14

Layer [24], Head: 15

Layer [24], Head: 16

Layer [24], Head: 17

Layer [24], Head: 18

Layer [24], Head: 19

Layer [24], Head: 20

Layer [24], Head: 21

Layer [24], Head: 22

Layer [24], Head: 23

Layer [24], Head: 24

Layer [24], Head: 25

Layer [24], Head: 26

Layer [24], Head: 27

Layer [24], Head: 28

Layer [24], Head: 29

Layer [24], Head: 30

Layer [24], Head: 31

Layer [25], Head: 0

Layer [25], Head: 1

Layer [25], Head: 2

Layer [25], Head: 3

Layer [25], Head: 4

Layer [25], Head: 5

Layer [25], Head: 6

Layer [25], Head: 7

Layer [25], Head: 8

Layer [25], Head: 9

Layer [25], Head: 10

Layer [25], Head: 11

Layer [25], Head: 12

Layer [25], Head: 13

Layer [25], Head: 14

Layer [25], Head: 15

Layer [25], Head: 16

Layer [25], Head: 17

Layer [25], Head: 18

Layer [25], Head: 19

Layer [25], Head: 20

Layer [25], Head: 21

Layer [25], Head: 22

Layer [25], Head: 23

Layer [25], Head: 24

Layer [25], Head: 25

Layer [25], Head: 26

Layer [25], Head: 27

Layer [25], Head: 28

Layer [25], Head: 29

Layer [25], Head: 30

Layer [25], Head: 31

Layer [26], Head: 0

Layer [26], Head: 1

Layer [26], Head: 2

Layer [26], Head: 3

Layer [26], Head: 4

Layer [26], Head: 5

Layer [26], Head: 6

Layer [26], Head: 7

Layer [26], Head: 8

Layer [26], Head: 9

Layer [26], Head: 10

Layer [26], Head: 11

Layer [26], Head: 12

Layer [26], Head: 13

Layer [26], Head: 14

Layer [26], Head: 15

Layer [26], Head: 16

Layer [26], Head: 17

Layer [26], Head: 18

Layer [26], Head: 19

Layer [26], Head: 20

Layer [26], Head: 21

Layer [26], Head: 22

Layer [26], Head: 23

Layer [26], Head: 24

Layer [26], Head: 25

Layer [26], Head: 26

Layer [26], Head: 27

Layer [26], Head: 28

Layer [26], Head: 29

Layer [26], Head: 30

Layer [26], Head: 31

Layer [27], Head: 0

Layer [27], Head: 1

Layer [27], Head: 2

Layer [27], Head: 3

Layer [27], Head: 4

Layer [27], Head: 5

Layer [27], Head: 6

Layer [27], Head: 7

Layer [27], Head: 8

Layer [27], Head: 9

Layer [27], Head: 10

Layer [27], Head: 11

Layer [27], Head: 12

Layer [27], Head: 13

Layer [27], Head: 14

Layer [27], Head: 15

Layer [27], Head: 16

Layer [27], Head: 17

Layer [27], Head: 18

Layer [27], Head: 19

Layer [27], Head: 20

Layer [27], Head: 21

Layer [27], Head: 22

Layer [27], Head: 23

Layer [27], Head: 24

Layer [27], Head: 25

Layer [27], Head: 26

Layer [27], Head: 27

Layer [27], Head: 28

Layer [27], Head: 29

Layer [27], Head: 30

Layer [27], Head: 31

Layer [28], Head: 0

Layer [28], Head: 1

Layer [28], Head: 2

Layer [28], Head: 3

Layer [28], Head: 4

Layer [28], Head: 5

Layer [28], Head: 6

Layer [28], Head: 7

Layer [28], Head: 8

Layer [28], Head: 9

Layer [28], Head: 10

Layer [28], Head: 11

Layer [28], Head: 12

Layer [28], Head: 13

Layer [28], Head: 14

Layer [28], Head: 15

Layer [28], Head: 16

Layer [28], Head: 17

Layer [28], Head: 18

Layer [28], Head: 19

Layer [28], Head: 20

Layer [28], Head: 21

Layer [28], Head: 22

Layer [28], Head: 23

Layer [28], Head: 24

Layer [28], Head: 25

Layer [28], Head: 26

Layer [28], Head: 27

Layer [28], Head: 28

Layer [28], Head: 29

Layer [28], Head: 30

Layer [28], Head: 31

Layer [29], Head: 0

Layer [29], Head: 1

Layer [29], Head: 2

Layer [29], Head: 3

Layer [29], Head: 4

Layer [29], Head: 5

Layer [29], Head: 6

Layer [29], Head: 7

Layer [29], Head: 8

Layer [29], Head: 9

Layer [29], Head: 10

Layer [29], Head: 11

Layer [29], Head: 12

Layer [29], Head: 13

Layer [29], Head: 14

Layer [29], Head: 15

Layer [29], Head: 16

Layer [29], Head: 17

Layer [29], Head: 18

Layer [29], Head: 19

Layer [29], Head: 20

Layer [29], Head: 21

Layer [29], Head: 22

Layer [29], Head: 23

Layer [29], Head: 24

Layer [29], Head: 25

Layer [29], Head: 26

Layer [29], Head: 27

Layer [29], Head: 28

Layer [29], Head: 29

Layer [29], Head: 30

Layer [29], Head: 31

Layer [30], Head: 0

Layer [30], Head: 1

Layer [30], Head: 2

Layer [30], Head: 3

Layer [30], Head: 4

Layer [30], Head: 5

Layer [30], Head: 6

Layer [30], Head: 7

Layer [30], Head: 8

Layer [30], Head: 9

Layer [30], Head: 10

Layer [30], Head: 11

Layer [30], Head: 12

Layer [30], Head: 13

Layer [30], Head: 14

Layer [30], Head: 15

Layer [30], Head: 16

Layer [30], Head: 17

Layer [30], Head: 18

Layer [30], Head: 19

Layer [30], Head: 20

Layer [30], Head: 21

Layer [30], Head: 22

Layer [30], Head: 23

Layer [30], Head: 24

Layer [30], Head: 25

Layer [30], Head: 26

Layer [30], Head: 27

Layer [30], Head: 28

Layer [30], Head: 29

Layer [30], Head: 30

Layer [30], Head: 31

Layer [31], Head: 0

Layer [31], Head: 1

Layer [31], Head: 2

Layer [31], Head: 3

Layer [31], Head: 4

Layer [31], Head: 5

Layer [31], Head: 6

Layer [31], Head: 7

Layer [31], Head: 8

Layer [31], Head: 9

Layer [31], Head: 10

Layer [31], Head: 11

Layer [31], Head: 12

Layer [31], Head: 13

Layer [31], Head: 14

Layer [31], Head: 15

Layer [31], Head: 16

Layer [31], Head: 17

Layer [31], Head: 18

Layer [31], Head: 19

Layer [31], Head: 20

Layer [31], Head: 21

Layer [31], Head: 22

Layer [31], Head: 23

Layer [31], Head: 24

Layer [31], Head: 25

Layer [31], Head: 26

Layer [31], Head: 27

Layer [31], Head: 28

Layer [31], Head: 29

Layer [31], Head: 30

Layer [31], Head: 31

Layer [32], Head: 0

Layer [32], Head: 1

Layer [32], Head: 2

Layer [32], Head: 3

Layer [32], Head: 4

Layer [32], Head: 5

Layer [32], Head: 6

Layer [32], Head: 7

Layer [32], Head: 8

Layer [32], Head: 9

Layer [32], Head: 10

Layer [32], Head: 11

Layer [32], Head: 12

Layer [32], Head: 13

Layer [32], Head: 14

Layer [32], Head: 15

Layer [32], Head: 16

Layer [32], Head: 17

Layer [32], Head: 18

Layer [32], Head: 19

Layer [32], Head: 20

Layer [32], Head: 21

Layer [32], Head: 22

Layer [32], Head: 23

Layer [32], Head: 24

Layer [32], Head: 25

Layer [32], Head: 26

Layer [32], Head: 27

Layer [32], Head: 28

Layer [32], Head: 29

Layer [32], Head: 30

Layer [32], Head: 31

Layer [33], Head: 0

Layer [33], Head: 1

Layer [33], Head: 2

Layer [33], Head: 3

Layer [33], Head: 4

Layer [33], Head: 5

Layer [33], Head: 6

Layer [33], Head: 7

Layer [33], Head: 8

Layer [33], Head: 9

Layer [33], Head: 10

Layer [33], Head: 11

Layer [33], Head: 12

Layer [33], Head: 13

Layer [33], Head: 14

Layer [33], Head: 15

Layer [33], Head: 16

Layer [33], Head: 17

Layer [33], Head: 18

Layer [33], Head: 19

Layer [33], Head: 20

Layer [33], Head: 21

Layer [33], Head: 22

Layer [33], Head: 23

Layer [33], Head: 24

Layer [33], Head: 25

Layer [33], Head: 26

Layer [33], Head: 27

Layer [33], Head: 28

Layer [33], Head: 29

Layer [33], Head: 30

Layer [33], Head: 31

Layer [0], Head: -1

Layer [-1], Head: -1
Accuracy (image->label / label->image) -- model(full): 70.85/100.00  PC: 71.00/50.00  text_self: 71.00/50.00  text_ref: 70.85/100.00  image_self: 70.05/50.00  image_ref: 72.25/50.00
Number of layers: 34
  [image_set] pool = imagenet (5000 images)

Layer [0], Head: 0

Layer [0], Head: 1

Layer [0], Head: 2

Layer [0], Head: 3

Layer [0], Head: 4

Layer [0], Head: 5

Layer [0], Head: 6

Layer [0], Head: 7

Layer [0], Head: 8

Layer [0], Head: 9

Layer [0], Head: 10

Layer [0], Head: 11

Layer [0], Head: 12

Layer [0], Head: 13

Layer [0], Head: 14

Layer [0], Head: 15

Layer [0], Head: 16

Layer [0], Head: 17

Layer [0], Head: 18

Layer [0], Head: 19

Layer [0], Head: 20

Layer [0], Head: 21

Layer [0], Head: 22

Layer [0], Head: 23

Layer [0], Head: 24

Layer [0], Head: 25

Layer [0], Head: 26

Layer [0], Head: 27

Layer [0], Head: 28

Layer [0], Head: 29

Layer [0], Head: 30

Layer [0], Head: 31

Layer [1], Head: 0

Layer [1], Head: 1

Layer [1], Head: 2

Layer [1], Head: 3

Layer [1], Head: 4

Layer [1], Head: 5

Layer [1], Head: 6

Layer [1], Head: 7

Layer [1], Head: 8

Layer [1], Head: 9

Layer [1], Head: 10

Layer [1], Head: 11

Layer [1], Head: 12

Layer [1], Head: 13

Layer [1], Head: 14

Layer [1], Head: 15

Layer [1], Head: 16

Layer [1], Head: 17

Layer [1], Head: 18

Layer [1], Head: 19

Layer [1], Head: 20

Layer [1], Head: 21

Layer [1], Head: 22

Layer [1], Head: 23

Layer [1], Head: 24

Layer [1], Head: 25

Layer [1], Head: 26

Layer [1], Head: 27

Layer [1], Head: 28

Layer [1], Head: 29

Layer [1], Head: 30

Layer [1], Head: 31

Layer [2], Head: 0

Layer [2], Head: 1

Layer [2], Head: 2

Layer [2], Head: 3

Layer [2], Head: 4

Layer [2], Head: 5

Layer [2], Head: 6

Layer [2], Head: 7

Layer [2], Head: 8

Layer [2], Head: 9

Layer [2], Head: 10

Layer [2], Head: 11

Layer [2], Head: 12

Layer [2], Head: 13

Layer [2], Head: 14

Layer [2], Head: 15

Layer [2], Head: 16

Layer [2], Head: 17

Layer [2], Head: 18

Layer [2], Head: 19

Layer [2], Head: 20

Layer [2], Head: 21

Layer [2], Head: 22

Layer [2], Head: 23

Layer [2], Head: 24

Layer [2], Head: 25

Layer [2], Head: 26

Layer [2], Head: 27

Layer [2], Head: 28

Layer [2], Head: 29

Layer [2], Head: 30

Layer [2], Head: 31

Layer [3], Head: 0

Layer [3], Head: 1

Layer [3], Head: 2

Layer [3], Head: 3

Layer [3], Head: 4

Layer [3], Head: 5

Layer [3], Head: 6

Layer [3], Head: 7

Layer [3], Head: 8

Layer [3], Head: 9

Layer [3], Head: 10

Layer [3], Head: 11

Layer [3], Head: 12

Layer [3], Head: 13

Layer [3], Head: 14

Layer [3], Head: 15

Layer [3], Head: 16

Layer [3], Head: 17

Layer [3], Head: 18

Layer [3], Head: 19

Layer [3], Head: 20

Layer [3], Head: 21

Layer [3], Head: 22

Layer [3], Head: 23

Layer [3], Head: 24

Layer [3], Head: 25

Layer [3], Head: 26

Layer [3], Head: 27

Layer [3], Head: 28

Layer [3], Head: 29

Layer [3], Head: 30

Layer [3], Head: 31

Layer [4], Head: 0

Layer [4], Head: 1

Layer [4], Head: 2

Layer [4], Head: 3

Layer [4], Head: 4

Layer [4], Head: 5

Layer [4], Head: 6

Layer [4], Head: 7

Layer [4], Head: 8

Layer [4], Head: 9

Layer [4], Head: 10

Layer [4], Head: 11

Layer [4], Head: 12

Layer [4], Head: 13

Layer [4], Head: 14

Layer [4], Head: 15

Layer [4], Head: 16

Layer [4], Head: 17

Layer [4], Head: 18

Layer [4], Head: 19

Layer [4], Head: 20

Layer [4], Head: 21

Layer [4], Head: 22

Layer [4], Head: 23

Layer [4], Head: 24

Layer [4], Head: 25

Layer [4], Head: 26

Layer [4], Head: 27

Layer [4], Head: 28

Layer [4], Head: 29

Layer [4], Head: 30

Layer [4], Head: 31

Layer [5], Head: 0

Layer [5], Head: 1

Layer [5], Head: 2

Layer [5], Head: 3

Layer [5], Head: 4

Layer [5], Head: 5

Layer [5], Head: 6

Layer [5], Head: 7

Layer [5], Head: 8

Layer [5], Head: 9

Layer [5], Head: 10

Layer [5], Head: 11

Layer [5], Head: 12

Layer [5], Head: 13

Layer [5], Head: 14

Layer [5], Head: 15

Layer [5], Head: 16

Layer [5], Head: 17

Layer [5], Head: 18

Layer [5], Head: 19

Layer [5], Head: 20

Layer [5], Head: 21

Layer [5], Head: 22

Layer [5], Head: 23

Layer [5], Head: 24

Layer [5], Head: 25

Layer [5], Head: 26

Layer [5], Head: 27

Layer [5], Head: 28

Layer [5], Head: 29

Layer [5], Head: 30

Layer [5], Head: 31

Layer [6], Head: 0

Layer [6], Head: 1

Layer [6], Head: 2

Layer [6], Head: 3

Layer [6], Head: 4

Layer [6], Head: 5

Layer [6], Head: 6

Layer [6], Head: 7

Layer [6], Head: 8

Layer [6], Head: 9

Layer [6], Head: 10

Layer [6], Head: 11

Layer [6], Head: 12

Layer [6], Head: 13

Layer [6], Head: 14

Layer [6], Head: 15

Layer [6], Head: 16

Layer [6], Head: 17

Layer [6], Head: 18

Layer [6], Head: 19

Layer [6], Head: 20

Layer [6], Head: 21

Layer [6], Head: 22

Layer [6], Head: 23

Layer [6], Head: 24

Layer [6], Head: 25

Layer [6], Head: 26

Layer [6], Head: 27

Layer [6], Head: 28

Layer [6], Head: 29

Layer [6], Head: 30

Layer [6], Head: 31

Layer [7], Head: 0

Layer [7], Head: 1

Layer [7], Head: 2

Layer [7], Head: 3

Layer [7], Head: 4

Layer [7], Head: 5

Layer [7], Head: 6

Layer [7], Head: 7

Layer [7], Head: 8

Layer [7], Head: 9

Layer [7], Head: 10

Layer [7], Head: 11

Layer [7], Head: 12

Layer [7], Head: 13

Layer [7], Head: 14

Layer [7], Head: 15

Layer [7], Head: 16

Layer [7], Head: 17

Layer [7], Head: 18

Layer [7], Head: 19

Layer [7], Head: 20

Layer [7], Head: 21

Layer [7], Head: 22

Layer [7], Head: 23

Layer [7], Head: 24

Layer [7], Head: 25

Layer [7], Head: 26

Layer [7], Head: 27

Layer [7], Head: 28

Layer [7], Head: 29

Layer [7], Head: 30

Layer [7], Head: 31

Layer [8], Head: 0

Layer [8], Head: 1

Layer [8], Head: 2

Layer [8], Head: 3

Layer [8], Head: 4

Layer [8], Head: 5

Layer [8], Head: 6

Layer [8], Head: 7

Layer [8], Head: 8

Layer [8], Head: 9

Layer [8], Head: 10

Layer [8], Head: 11

Layer [8], Head: 12

Layer [8], Head: 13

Layer [8], Head: 14

Layer [8], Head: 15

Layer [8], Head: 16

Layer [8], Head: 17

Layer [8], Head: 18

Layer [8], Head: 19

Layer [8], Head: 20

Layer [8], Head: 21

Layer [8], Head: 22

Layer [8], Head: 23

Layer [8], Head: 24

Layer [8], Head: 25

Layer [8], Head: 26

Layer [8], Head: 27

Layer [8], Head: 28

Layer [8], Head: 29

Layer [8], Head: 30

Layer [8], Head: 31

Layer [9], Head: 0

Layer [9], Head: 1

Layer [9], Head: 2

Layer [9], Head: 3

Layer [9], Head: 4

Layer [9], Head: 5

Layer [9], Head: 6

Layer [9], Head: 7

Layer [9], Head: 8

Layer [9], Head: 9

Layer [9], Head: 10

Layer [9], Head: 11

Layer [9], Head: 12

Layer [9], Head: 13

Layer [9], Head: 14

Layer [9], Head: 15

Layer [9], Head: 16

Layer [9], Head: 17

Layer [9], Head: 18

Layer [9], Head: 19

Layer [9], Head: 20

Layer [9], Head: 21

Layer [9], Head: 22

Layer [9], Head: 23

Layer [9], Head: 24

Layer [9], Head: 25

Layer [9], Head: 26

Layer [9], Head: 27

Layer [9], Head: 28

Layer [9], Head: 29

Layer [9], Head: 30

Layer [9], Head: 31

Layer [10], Head: 0

Layer [10], Head: 1

Layer [10], Head: 2

Layer [10], Head: 3

Layer [10], Head: 4

Layer [10], Head: 5

Layer [10], Head: 6

Layer [10], Head: 7

Layer [10], Head: 8

Layer [10], Head: 9

Layer [10], Head: 10

Layer [10], Head: 11

Layer [10], Head: 12

Layer [10], Head: 13

Layer [10], Head: 14

Layer [10], Head: 15

Layer [10], Head: 16

Layer [10], Head: 17

Layer [10], Head: 18

Layer [10], Head: 19

Layer [10], Head: 20

Layer [10], Head: 21

Layer [10], Head: 22

Layer [10], Head: 23

Layer [10], Head: 24

Layer [10], Head: 25

Layer [10], Head: 26

Layer [10], Head: 27

Layer [10], Head: 28

Layer [10], Head: 29

Layer [10], Head: 30

Layer [10], Head: 31

Layer [11], Head: 0

Layer [11], Head: 1

Layer [11], Head: 2

Layer [11], Head: 3

Layer [11], Head: 4

Layer [11], Head: 5

Layer [11], Head: 6

Layer [11], Head: 7

Layer [11], Head: 8

Layer [11], Head: 9

Layer [11], Head: 10

Layer [11], Head: 11

Layer [11], Head: 12

Layer [11], Head: 13

Layer [11], Head: 14

Layer [11], Head: 15

Layer [11], Head: 16

Layer [11], Head: 17

Layer [11], Head: 18

Layer [11], Head: 19

Layer [11], Head: 20

Layer [11], Head: 21

Layer [11], Head: 22

Layer [11], Head: 23

Layer [11], Head: 24

Layer [11], Head: 25

Layer [11], Head: 26

Layer [11], Head: 27

Layer [11], Head: 28

Layer [11], Head: 29

Layer [11], Head: 30

Layer [11], Head: 31

Layer [12], Head: 0

Layer [12], Head: 1

Layer [12], Head: 2

Layer [12], Head: 3

Layer [12], Head: 4

Layer [12], Head: 5

Layer [12], Head: 6

Layer [12], Head: 7

Layer [12], Head: 8

Layer [12], Head: 9

Layer [12], Head: 10

Layer [12], Head: 11

Layer [12], Head: 12

Layer [12], Head: 13

Layer [12], Head: 14

Layer [12], Head: 15

Layer [12], Head: 16

Layer [12], Head: 17

Layer [12], Head: 18

Layer [12], Head: 19

Layer [12], Head: 20

Layer [12], Head: 21

Layer [12], Head: 22

Layer [12], Head: 23

Layer [12], Head: 24

Layer [12], Head: 25

Layer [12], Head: 26

Layer [12], Head: 27

Layer [12], Head: 28

Layer [12], Head: 29

Layer [12], Head: 30

Layer [12], Head: 31

Layer [13], Head: 0

Layer [13], Head: 1

Layer [13], Head: 2

Layer [13], Head: 3

Layer [13], Head: 4

Layer [13], Head: 5

Layer [13], Head: 6

Layer [13], Head: 7

Layer [13], Head: 8

Layer [13], Head: 9

Layer [13], Head: 10

Layer [13], Head: 11

Layer [13], Head: 12

Layer [13], Head: 13

Layer [13], Head: 14

Layer [13], Head: 15

Layer [13], Head: 16

Layer [13], Head: 17

Layer [13], Head: 18

Layer [13], Head: 19

Layer [13], Head: 20

Layer [13], Head: 21

Layer [13], Head: 22

Layer [13], Head: 23

Layer [13], Head: 24

Layer [13], Head: 25

Layer [13], Head: 26

Layer [13], Head: 27

Layer [13], Head: 28

Layer [13], Head: 29

Layer [13], Head: 30

Layer [13], Head: 31

Layer [14], Head: 0

Layer [14], Head: 1

Layer [14], Head: 2

Layer [14], Head: 3

Layer [14], Head: 4

Layer [14], Head: 5

Layer [14], Head: 6

Layer [14], Head: 7

Layer [14], Head: 8

Layer [14], Head: 9

Layer [14], Head: 10

Layer [14], Head: 11

Layer [14], Head: 12

Layer [14], Head: 13

Layer [14], Head: 14

Layer [14], Head: 15

Layer [14], Head: 16

Layer [14], Head: 17

Layer [14], Head: 18

Layer [14], Head: 19

Layer [14], Head: 20

Layer [14], Head: 21

Layer [14], Head: 22

Layer [14], Head: 23

Layer [14], Head: 24

Layer [14], Head: 25

Layer [14], Head: 26

Layer [14], Head: 27

Layer [14], Head: 28

Layer [14], Head: 29

Layer [14], Head: 30

Layer [14], Head: 31

Layer [15], Head: 0

Layer [15], Head: 1

Layer [15], Head: 2

Layer [15], Head: 3

Layer [15], Head: 4

Layer [15], Head: 5

Layer [15], Head: 6

Layer [15], Head: 7

Layer [15], Head: 8

Layer [15], Head: 9

Layer [15], Head: 10

Layer [15], Head: 11

Layer [15], Head: 12

Layer [15], Head: 13

Layer [15], Head: 14

Layer [15], Head: 15

Layer [15], Head: 16

Layer [15], Head: 17

Layer [15], Head: 18

Layer [15], Head: 19

Layer [15], Head: 20

Layer [15], Head: 21

Layer [15], Head: 22

Layer [15], Head: 23

Layer [15], Head: 24

Layer [15], Head: 25

Layer [15], Head: 26

Layer [15], Head: 27

Layer [15], Head: 28

Layer [15], Head: 29

Layer [15], Head: 30

Layer [15], Head: 31

Layer [16], Head: 0

Layer [16], Head: 1

Layer [16], Head: 2

Layer [16], Head: 3

Layer [16], Head: 4

Layer [16], Head: 5

Layer [16], Head: 6

Layer [16], Head: 7

Layer [16], Head: 8

Layer [16], Head: 9

Layer [16], Head: 10

Layer [16], Head: 11

Layer [16], Head: 12

Layer [16], Head: 13

Layer [16], Head: 14

Layer [16], Head: 15

Layer [16], Head: 16

Layer [16], Head: 17

Layer [16], Head: 18

Layer [16], Head: 19

Layer [16], Head: 20

Layer [16], Head: 21

Layer [16], Head: 22

Layer [16], Head: 23

Layer [16], Head: 24

Layer [16], Head: 25

Layer [16], Head: 26

Layer [16], Head: 27

Layer [16], Head: 28

Layer [16], Head: 29

Layer [16], Head: 30

Layer [16], Head: 31

Layer [17], Head: 0

Layer [17], Head: 1

Layer [17], Head: 2

Layer [17], Head: 3

Layer [17], Head: 4

Layer [17], Head: 5

Layer [17], Head: 6

Layer [17], Head: 7

Layer [17], Head: 8

Layer [17], Head: 9

Layer [17], Head: 10

Layer [17], Head: 11

Layer [17], Head: 12

Layer [17], Head: 13

Layer [17], Head: 14

Layer [17], Head: 15

Layer [17], Head: 16

Layer [17], Head: 17

Layer [17], Head: 18

Layer [17], Head: 19

Layer [17], Head: 20

Layer [17], Head: 21

Layer [17], Head: 22

Layer [17], Head: 23

Layer [17], Head: 24

Layer [17], Head: 25

Layer [17], Head: 26

Layer [17], Head: 27

Layer [17], Head: 28

Layer [17], Head: 29

Layer [17], Head: 30

Layer [17], Head: 31

Layer [18], Head: 0

Layer [18], Head: 1

Layer [18], Head: 2

Layer [18], Head: 3

Layer [18], Head: 4

Layer [18], Head: 5

Layer [18], Head: 6

Layer [18], Head: 7

Layer [18], Head: 8

Layer [18], Head: 9

Layer [18], Head: 10

Layer [18], Head: 11

Layer [18], Head: 12

Layer [18], Head: 13

Layer [18], Head: 14

Layer [18], Head: 15

Layer [18], Head: 16

Layer [18], Head: 17

Layer [18], Head: 18

Layer [18], Head: 19

Layer [18], Head: 20

Layer [18], Head: 21

Layer [18], Head: 22

Layer [18], Head: 23

Layer [18], Head: 24

Layer [18], Head: 25

Layer [18], Head: 26

Layer [18], Head: 27

Layer [18], Head: 28

Layer [18], Head: 29

Layer [18], Head: 30

Layer [18], Head: 31

Layer [19], Head: 0

Layer [19], Head: 1

Layer [19], Head: 2

Layer [19], Head: 3

Layer [19], Head: 4

Layer [19], Head: 5

Layer [19], Head: 6

Layer [19], Head: 7

Layer [19], Head: 8

Layer [19], Head: 9

Layer [19], Head: 10

Layer [19], Head: 11

Layer [19], Head: 12

Layer [19], Head: 13

Layer [19], Head: 14

Layer [19], Head: 15

Layer [19], Head: 16

Layer [19], Head: 17

Layer [19], Head: 18

Layer [19], Head: 19

Layer [19], Head: 20

Layer [19], Head: 21

Layer [19], Head: 22

Layer [19], Head: 23

Layer [19], Head: 24

Layer [19], Head: 25

Layer [19], Head: 26

Layer [19], Head: 27

Layer [19], Head: 28

Layer [19], Head: 29

Layer [19], Head: 30

Layer [19], Head: 31

Layer [20], Head: 0

Layer [20], Head: 1

Layer [20], Head: 2

Layer [20], Head: 3

Layer [20], Head: 4

Layer [20], Head: 5

Layer [20], Head: 6

Layer [20], Head: 7

Layer [20], Head: 8

Layer [20], Head: 9

Layer [20], Head: 10

Layer [20], Head: 11

Layer [20], Head: 12

Layer [20], Head: 13

Layer [20], Head: 14

Layer [20], Head: 15

Layer [20], Head: 16

Layer [20], Head: 17

Layer [20], Head: 18

Layer [20], Head: 19

Layer [20], Head: 20

Layer [20], Head: 21

Layer [20], Head: 22

Layer [20], Head: 23

Layer [20], Head: 24

Layer [20], Head: 25

Layer [20], Head: 26

Layer [20], Head: 27

Layer [20], Head: 28

Layer [20], Head: 29

Layer [20], Head: 30

Layer [20], Head: 31

Layer [21], Head: 0

Layer [21], Head: 1

Layer [21], Head: 2

Layer [21], Head: 3

Layer [21], Head: 4

Layer [21], Head: 5

Layer [21], Head: 6

Layer [21], Head: 7

Layer [21], Head: 8

Layer [21], Head: 9

Layer [21], Head: 10

Layer [21], Head: 11

Layer [21], Head: 12

Layer [21], Head: 13

Layer [21], Head: 14

Layer [21], Head: 15

Layer [21], Head: 16

Layer [21], Head: 17

Layer [21], Head: 18

Layer [21], Head: 19

Layer [21], Head: 20

Layer [21], Head: 21

Layer [21], Head: 22

Layer [21], Head: 23

Layer [21], Head: 24

Layer [21], Head: 25

Layer [21], Head: 26

Layer [21], Head: 27

Layer [21], Head: 28

Layer [21], Head: 29

Layer [21], Head: 30

Layer [21], Head: 31

Layer [22], Head: 0

Layer [22], Head: 1

Layer [22], Head: 2

Layer [22], Head: 3

Layer [22], Head: 4

Layer [22], Head: 5

Layer [22], Head: 6

Layer [22], Head: 7

Layer [22], Head: 8

Layer [22], Head: 9

Layer [22], Head: 10

Layer [22], Head: 11

Layer [22], Head: 12

Layer [22], Head: 13

Layer [22], Head: 14

Layer [22], Head: 15

Layer [22], Head: 16

Layer [22], Head: 17

Layer [22], Head: 18

Layer [22], Head: 19

Layer [22], Head: 20

Layer [22], Head: 21

Layer [22], Head: 22

Layer [22], Head: 23

Layer [22], Head: 24

Layer [22], Head: 25

Layer [22], Head: 26

Layer [22], Head: 27

Layer [22], Head: 28

Layer [22], Head: 29

Layer [22], Head: 30

Layer [22], Head: 31

Layer [23], Head: 0

Layer [23], Head: 1

Layer [23], Head: 2

Layer [23], Head: 3

Layer [23], Head: 4

Layer [23], Head: 5

Layer [23], Head: 6

Layer [23], Head: 7

Layer [23], Head: 8

Layer [23], Head: 9

Layer [23], Head: 10

Layer [23], Head: 11

Layer [23], Head: 12

Layer [23], Head: 13

Layer [23], Head: 14

Layer [23], Head: 15

Layer [23], Head: 16

Layer [23], Head: 17

Layer [23], Head: 18

Layer [23], Head: 19

Layer [23], Head: 20

Layer [23], Head: 21

Layer [23], Head: 22

Layer [23], Head: 23

Layer [23], Head: 24

Layer [23], Head: 25

Layer [23], Head: 26

Layer [23], Head: 27

Layer [23], Head: 28

Layer [23], Head: 29

Layer [23], Head: 30

Layer [23], Head: 31

Layer [24], Head: 0

Layer [24], Head: 1

Layer [24], Head: 2

Layer [24], Head: 3

Layer [24], Head: 4

Layer [24], Head: 5

Layer [24], Head: 6

Layer [24], Head: 7

Layer [24], Head: 8

Layer [24], Head: 9

Layer [24], Head: 10

Layer [24], Head: 11

Layer [24], Head: 12

Layer [24], Head: 13

Layer [24], Head: 14

Layer [24], Head: 15

Layer [24], Head: 16

Layer [24], Head: 17

Layer [24], Head: 18

Layer [24], Head: 19

Layer [24], Head: 20

Layer [24], Head: 21

Layer [24], Head: 22

Layer [24], Head: 23

Layer [24], Head: 24

Layer [24], Head: 25

Layer [24], Head: 26

Layer [24], Head: 27

Layer [24], Head: 28

Layer [24], Head: 29

Layer [24], Head: 30

Layer [24], Head: 31

Layer [25], Head: 0

Layer [25], Head: 1

Layer [25], Head: 2

Layer [25], Head: 3

Layer [25], Head: 4

Layer [25], Head: 5

Layer [25], Head: 6

Layer [25], Head: 7

Layer [25], Head: 8

Layer [25], Head: 9

Layer [25], Head: 10

Layer [25], Head: 11

Layer [25], Head: 12

Layer [25], Head: 13

Layer [25], Head: 14

Layer [25], Head: 15

Layer [25], Head: 16

Layer [25], Head: 17

Layer [25], Head: 18

Layer [25], Head: 19

Layer [25], Head: 20

Layer [25], Head: 21

Layer [25], Head: 22

Layer [25], Head: 23

Layer [25], Head: 24

Layer [25], Head: 25

Layer [25], Head: 26

Layer [25], Head: 27

Layer [25], Head: 28

Layer [25], Head: 29

Layer [25], Head: 30

Layer [25], Head: 31

Layer [26], Head: 0

Layer [26], Head: 1

Layer [26], Head: 2

Layer [26], Head: 3

Layer [26], Head: 4

Layer [26], Head: 5

Layer [26], Head: 6

Layer [26], Head: 7

Layer [26], Head: 8

Layer [26], Head: 9

Layer [26], Head: 10

Layer [26], Head: 11

Layer [26], Head: 12

Layer [26], Head: 13

Layer [26], Head: 14

Layer [26], Head: 15

Layer [26], Head: 16

Layer [26], Head: 17

Layer [26], Head: 18

Layer [26], Head: 19

Layer [26], Head: 20

Layer [26], Head: 21

Layer [26], Head: 22

Layer [26], Head: 23

Layer [26], Head: 24

Layer [26], Head: 25

Layer [26], Head: 26

Layer [26], Head: 27

Layer [26], Head: 28

Layer [26], Head: 29

Layer [26], Head: 30

Layer [26], Head: 31

Layer [27], Head: 0

Layer [27], Head: 1

Layer [27], Head: 2

Layer [27], Head: 3

Layer [27], Head: 4

Layer [27], Head: 5

Layer [27], Head: 6

Layer [27], Head: 7

Layer [27], Head: 8

Layer [27], Head: 9

Layer [27], Head: 10

Layer [27], Head: 11

Layer [27], Head: 12

Layer [27], Head: 13

Layer [27], Head: 14

Layer [27], Head: 15

Layer [27], Head: 16

Layer [27], Head: 17

Layer [27], Head: 18

Layer [27], Head: 19

Layer [27], Head: 20

Layer [27], Head: 21

Layer [27], Head: 22

Layer [27], Head: 23

Layer [27], Head: 24

Layer [27], Head: 25

Layer [27], Head: 26

Layer [27], Head: 27

Layer [27], Head: 28

Layer [27], Head: 29

Layer [27], Head: 30

Layer [27], Head: 31

Layer [28], Head: 0

Layer [28], Head: 1

Layer [28], Head: 2

Layer [28], Head: 3

Layer [28], Head: 4

Layer [28], Head: 5

Layer [28], Head: 6

Layer [28], Head: 7

Layer [28], Head: 8

Layer [28], Head: 9

Layer [28], Head: 10

Layer [28], Head: 11

Layer [28], Head: 12

Layer [28], Head: 13

Layer [28], Head: 14

Layer [28], Head: 15

Layer [28], Head: 16

Layer [28], Head: 17

Layer [28], Head: 18

Layer [28], Head: 19

Layer [28], Head: 20

Layer [28], Head: 21

Layer [28], Head: 22

Layer [28], Head: 23

Layer [28], Head: 24

Layer [28], Head: 25

Layer [28], Head: 26

Layer [28], Head: 27

Layer [28], Head: 28

Layer [28], Head: 29

Layer [28], Head: 30

Layer [28], Head: 31

Layer [29], Head: 0

Layer [29], Head: 1

Layer [29], Head: 2

Layer [29], Head: 3

Layer [29], Head: 4

Layer [29], Head: 5

Layer [29], Head: 6

Layer [29], Head: 7

Layer [29], Head: 8

Layer [29], Head: 9

Layer [29], Head: 10

Layer [29], Head: 11

Layer [29], Head: 12

Layer [29], Head: 13

Layer [29], Head: 14

Layer [29], Head: 15

Layer [29], Head: 16

Layer [29], Head: 17

Layer [29], Head: 18

Layer [29], Head: 19

Layer [29], Head: 20

Layer [29], Head: 21

Layer [29], Head: 22

Layer [29], Head: 23

Layer [29], Head: 24

Layer [29], Head: 25

Layer [29], Head: 26

Layer [29], Head: 27

Layer [29], Head: 28

Layer [29], Head: 29

Layer [29], Head: 30

Layer [29], Head: 31

Layer [30], Head: 0

Layer [30], Head: 1

Layer [30], Head: 2

Layer [30], Head: 3

Layer [30], Head: 4

Layer [30], Head: 5

Layer [30], Head: 6

Layer [30], Head: 7

Layer [30], Head: 8

Layer [30], Head: 9

Layer [30], Head: 10

Layer [30], Head: 11

Layer [30], Head: 12

Layer [30], Head: 13

Layer [30], Head: 14

Layer [30], Head: 15

Layer [30], Head: 16

Layer [30], Head: 17

Layer [30], Head: 18

Layer [30], Head: 19

Layer [30], Head: 20

Layer [30], Head: 21

Layer [30], Head: 22

Layer [30], Head: 23

Layer [30], Head: 24

Layer [30], Head: 25

Layer [30], Head: 26

Layer [30], Head: 27

Layer [30], Head: 28

Layer [30], Head: 29

Layer [30], Head: 30

Layer [30], Head: 31

Layer [31], Head: 0

Layer [31], Head: 1

Layer [31], Head: 2

Layer [31], Head: 3

Layer [31], Head: 4

Layer [31], Head: 5

Layer [31], Head: 6

Layer [31], Head: 7

Layer [31], Head: 8

Layer [31], Head: 9

Layer [31], Head: 10

Layer [31], Head: 11

Layer [31], Head: 12

Layer [31], Head: 13

Layer [31], Head: 14

Layer [31], Head: 15

Layer [31], Head: 16

Layer [31], Head: 17

Layer [31], Head: 18

Layer [31], Head: 19

Layer [31], Head: 20

Layer [31], Head: 21

Layer [31], Head: 22

Layer [31], Head: 23

Layer [31], Head: 24

Layer [31], Head: 25

Layer [31], Head: 26

Layer [31], Head: 27

Layer [31], Head: 28

Layer [31], Head: 29

Layer [31], Head: 30

Layer [31], Head: 31

Layer [32], Head: 0

Layer [32], Head: 1

Layer [32], Head: 2

Layer [32], Head: 3

Layer [32], Head: 4

Layer [32], Head: 5

Layer [32], Head: 6

Layer [32], Head: 7

Layer [32], Head: 8

Layer [32], Head: 9

Layer [32], Head: 10

Layer [32], Head: 11

Layer [32], Head: 12

Layer [32], Head: 13

Layer [32], Head: 14

Layer [32], Head: 15

Layer [32], Head: 16

Layer [32], Head: 17

Layer [32], Head: 18

Layer [32], Head: 19

Layer [32], Head: 20

Layer [32], Head: 21

Layer [32], Head: 22

Layer [32], Head: 23

Layer [32], Head: 24

Layer [32], Head: 25

Layer [32], Head: 26

Layer [32], Head: 27

Layer [32], Head: 28

Layer [32], Head: 29

Layer [32], Head: 30

Layer [32], Head: 31

Layer [33], Head: 0

Layer [33], Head: 1

Layer [33], Head: 2

Layer [33], Head: 3

Layer [33], Head: 4

Layer [33], Head: 5

Layer [33], Head: 6

Layer [33], Head: 7

Layer [33], Head: 8

Layer [33], Head: 9

Layer [33], Head: 10

Layer [33], Head: 11

Layer [33], Head: 12

Layer [33], Head: 13

Layer [33], Head: 14

Layer [33], Head: 15

Layer [33], Head: 16

Layer [33], Head: 17

Layer [33], Head: 18

Layer [33], Head: 19

Layer [33], Head: 20

Layer [33], Head: 21

Layer [33], Head: 22

Layer [33], Head: 23

Layer [33], Head: 24

Layer [33], Head: 25

Layer [33], Head: 26

Layer [33], Head: 27

Layer [33], Head: 28

Layer [33], Head: 29

Layer [33], Head: 30

Layer [33], Head: 31

Layer [0], Head: -1

Layer [-1], Head: -1
Accuracy (image->label / label->image) -- model(full): 82.92/89.90  PC: 82.62/87.88  text_self: 79.85/58.59  text_ref: 81.98/77.78  image_self: 81.19/92.93  image_ref: 82.48/90.91
Number of layers: 34
  [image_set] pool = imagenet (5000 images)

Layer [0], Head: 0

Layer [0], Head: 1

Layer [0], Head: 2

Layer [0], Head: 3

Layer [0], Head: 4

Layer [0], Head: 5

Layer [0], Head: 6

Layer [0], Head: 7

Layer [0], Head: 8

Layer [0], Head: 9

Layer [0], Head: 10

Layer [0], Head: 11

Layer [0], Head: 12

Layer [0], Head: 13

Layer [0], Head: 14

Layer [0], Head: 15

Layer [0], Head: 16

Layer [0], Head: 17

Layer [0], Head: 18

Layer [0], Head: 19

Layer [0], Head: 20

Layer [0], Head: 21

Layer [0], Head: 22

Layer [0], Head: 23

Layer [0], Head: 24

Layer [0], Head: 25

Layer [0], Head: 26

Layer [0], Head: 27

Layer [0], Head: 28

Layer [0], Head: 29

Layer [0], Head: 30

Layer [0], Head: 31

Layer [1], Head: 0

Layer [1], Head: 1

Layer [1], Head: 2

Layer [1], Head: 3

Layer [1], Head: 4

Layer [1], Head: 5

Layer [1], Head: 6

Layer [1], Head: 7

Layer [1], Head: 8

Layer [1], Head: 9

Layer [1], Head: 10

Layer [1], Head: 11

Layer [1], Head: 12

Layer [1], Head: 13

Layer [1], Head: 14

Layer [1], Head: 15

Layer [1], Head: 16

Layer [1], Head: 17

Layer [1], Head: 18

Layer [1], Head: 19

Layer [1], Head: 20

Layer [1], Head: 21

Layer [1], Head: 22

Layer [1], Head: 23

Layer [1], Head: 24

Layer [1], Head: 25

Layer [1], Head: 26

Layer [1], Head: 27

Layer [1], Head: 28

Layer [1], Head: 29

Layer [1], Head: 30

Layer [1], Head: 31

Layer [2], Head: 0

Layer [2], Head: 1

Layer [2], Head: 2

Layer [2], Head: 3

Layer [2], Head: 4

Layer [2], Head: 5

Layer [2], Head: 6

Layer [2], Head: 7

Layer [2], Head: 8

Layer [2], Head: 9

Layer [2], Head: 10

Layer [2], Head: 11

Layer [2], Head: 12

Layer [2], Head: 13

Layer [2], Head: 14

Layer [2], Head: 15

Layer [2], Head: 16

Layer [2], Head: 17

Layer [2], Head: 18

Layer [2], Head: 19

Layer [2], Head: 20

Layer [2], Head: 21

Layer [2], Head: 22

Layer [2], Head: 23

Layer [2], Head: 24

Layer [2], Head: 25

Layer [2], Head: 26

Layer [2], Head: 27

Layer [2], Head: 28

Layer [2], Head: 29

Layer [2], Head: 30

Layer [2], Head: 31

Layer [3], Head: 0

Layer [3], Head: 1

Layer [3], Head: 2

Layer [3], Head: 3

Layer [3], Head: 4

Layer [3], Head: 5

Layer [3], Head: 6

Layer [3], Head: 7

Layer [3], Head: 8

Layer [3], Head: 9

Layer [3], Head: 10

Layer [3], Head: 11

Layer [3], Head: 12

Layer [3], Head: 13

Layer [3], Head: 14

Layer [3], Head: 15

Layer [3], Head: 16

Layer [3], Head: 17

Layer [3], Head: 18

Layer [3], Head: 19

Layer [3], Head: 20

Layer [3], Head: 21

Layer [3], Head: 22

Layer [3], Head: 23

Layer [3], Head: 24

Layer [3], Head: 25

Layer [3], Head: 26

Layer [3], Head: 27

Layer [3], Head: 28

Layer [3], Head: 29

Layer [3], Head: 30

Layer [3], Head: 31

Layer [4], Head: 0

Layer [4], Head: 1

Layer [4], Head: 2

Layer [4], Head: 3

Layer [4], Head: 4

Layer [4], Head: 5

Layer [4], Head: 6

Layer [4], Head: 7

Layer [4], Head: 8

Layer [4], Head: 9

Layer [4], Head: 10

Layer [4], Head: 11

Layer [4], Head: 12

Layer [4], Head: 13

Layer [4], Head: 14

Layer [4], Head: 15

Layer [4], Head: 16

Layer [4], Head: 17

Layer [4], Head: 18

Layer [4], Head: 19

Layer [4], Head: 20

Layer [4], Head: 21

Layer [4], Head: 22

Layer [4], Head: 23

Layer [4], Head: 24

Layer [4], Head: 25

Layer [4], Head: 26

Layer [4], Head: 27

Layer [4], Head: 28

Layer [4], Head: 29

Layer [4], Head: 30

Layer [4], Head: 31

Layer [5], Head: 0

Layer [5], Head: 1

Layer [5], Head: 2

Layer [5], Head: 3

Layer [5], Head: 4

Layer [5], Head: 5

Layer [5], Head: 6

Layer [5], Head: 7

Layer [5], Head: 8

Layer [5], Head: 9

Layer [5], Head: 10

Layer [5], Head: 11

Layer [5], Head: 12

Layer [5], Head: 13

Layer [5], Head: 14

Layer [5], Head: 15

Layer [5], Head: 16

Layer [5], Head: 17

Layer [5], Head: 18

Layer [5], Head: 19

Layer [5], Head: 20

Layer [5], Head: 21

Layer [5], Head: 22

Layer [5], Head: 23

Layer [5], Head: 24

Layer [5], Head: 25

Layer [5], Head: 26

Layer [5], Head: 27

Layer [5], Head: 28

Layer [5], Head: 29

Layer [5], Head: 30

Layer [5], Head: 31

Layer [6], Head: 0

Layer [6], Head: 1

Layer [6], Head: 2

Layer [6], Head: 3

Layer [6], Head: 4

Layer [6], Head: 5

Layer [6], Head: 6

Layer [6], Head: 7

Layer [6], Head: 8

Layer [6], Head: 9

Layer [6], Head: 10

Layer [6], Head: 11

Layer [6], Head: 12

Layer [6], Head: 13

Layer [6], Head: 14

Layer [6], Head: 15

Layer [6], Head: 16

Layer [6], Head: 17

Layer [6], Head: 18

Layer [6], Head: 19

Layer [6], Head: 20

Layer [6], Head: 21

Layer [6], Head: 22

Layer [6], Head: 23

Layer [6], Head: 24

Layer [6], Head: 25

Layer [6], Head: 26

Layer [6], Head: 27

Layer [6], Head: 28

Layer [6], Head: 29

Layer [6], Head: 30

Layer [6], Head: 31

Layer [7], Head: 0

Layer [7], Head: 1

Layer [7], Head: 2

Layer [7], Head: 3

Layer [7], Head: 4

Layer [7], Head: 5

Layer [7], Head: 6

Layer [7], Head: 7

Layer [7], Head: 8

Layer [7], Head: 9

Layer [7], Head: 10

Layer [7], Head: 11

Layer [7], Head: 12

Layer [7], Head: 13

Layer [7], Head: 14

Layer [7], Head: 15

Layer [7], Head: 16

Layer [7], Head: 17

Layer [7], Head: 18

Layer [7], Head: 19

Layer [7], Head: 20

Layer [7], Head: 21

Layer [7], Head: 22

Layer [7], Head: 23

Layer [7], Head: 24

Layer [7], Head: 25

Layer [7], Head: 26

Layer [7], Head: 27

Layer [7], Head: 28

Layer [7], Head: 29

Layer [7], Head: 30

Layer [7], Head: 31

Layer [8], Head: 0

Layer [8], Head: 1

Layer [8], Head: 2

Layer [8], Head: 3

Layer [8], Head: 4

Layer [8], Head: 5

Layer [8], Head: 6

Layer [8], Head: 7

Layer [8], Head: 8

Layer [8], Head: 9

Layer [8], Head: 10

Layer [8], Head: 11

Layer [8], Head: 12

Layer [8], Head: 13

Layer [8], Head: 14

Layer [8], Head: 15

Layer [8], Head: 16

Layer [8], Head: 17

Layer [8], Head: 18

Layer [8], Head: 19

Layer [8], Head: 20

Layer [8], Head: 21

Layer [8], Head: 22

Layer [8], Head: 23

Layer [8], Head: 24

Layer [8], Head: 25

Layer [8], Head: 26

Layer [8], Head: 27

Layer [8], Head: 28

Layer [8], Head: 29

Layer [8], Head: 30

Layer [8], Head: 31

Layer [9], Head: 0

Layer [9], Head: 1

Layer [9], Head: 2

Layer [9], Head: 3

Layer [9], Head: 4

Layer [9], Head: 5

Layer [9], Head: 6

Layer [9], Head: 7

Layer [9], Head: 8

Layer [9], Head: 9

Layer [9], Head: 10

Layer [9], Head: 11

Layer [9], Head: 12

Layer [9], Head: 13

Layer [9], Head: 14

Layer [9], Head: 15

Layer [9], Head: 16

Layer [9], Head: 17

Layer [9], Head: 18

Layer [9], Head: 19

Layer [9], Head: 20

Layer [9], Head: 21

Layer [9], Head: 22

Layer [9], Head: 23

Layer [9], Head: 24

Layer [9], Head: 25

Layer [9], Head: 26

Layer [9], Head: 27

Layer [9], Head: 28

Layer [9], Head: 29

Layer [9], Head: 30

Layer [9], Head: 31

Layer [10], Head: 0

Layer [10], Head: 1

Layer [10], Head: 2

Layer [10], Head: 3

Layer [10], Head: 4

Layer [10], Head: 5

Layer [10], Head: 6

Layer [10], Head: 7

Layer [10], Head: 8

Layer [10], Head: 9

Layer [10], Head: 10

Layer [10], Head: 11

Layer [10], Head: 12

Layer [10], Head: 13

Layer [10], Head: 14

Layer [10], Head: 15

Layer [10], Head: 16

Layer [10], Head: 17

Layer [10], Head: 18

Layer [10], Head: 19

Layer [10], Head: 20

Layer [10], Head: 21

Layer [10], Head: 22

Layer [10], Head: 23

Layer [10], Head: 24

Layer [10], Head: 25

Layer [10], Head: 26

Layer [10], Head: 27

Layer [10], Head: 28

Layer [10], Head: 29

Layer [10], Head: 30

Layer [10], Head: 31

Layer [11], Head: 0

Layer [11], Head: 1

Layer [11], Head: 2

Layer [11], Head: 3

Layer [11], Head: 4

Layer [11], Head: 5

Layer [11], Head: 6

Layer [11], Head: 7

Layer [11], Head: 8

Layer [11], Head: 9

Layer [11], Head: 10

Layer [11], Head: 11

Layer [11], Head: 12

Layer [11], Head: 13

Layer [11], Head: 14

Layer [11], Head: 15

Layer [11], Head: 16

Layer [11], Head: 17

Layer [11], Head: 18

Layer [11], Head: 19

Layer [11], Head: 20

Layer [11], Head: 21

Layer [11], Head: 22

Layer [11], Head: 23

Layer [11], Head: 24

Layer [11], Head: 25

Layer [11], Head: 26

Layer [11], Head: 27

Layer [11], Head: 28

Layer [11], Head: 29

Layer [11], Head: 30

Layer [11], Head: 31

Layer [12], Head: 0

Layer [12], Head: 1

Layer [12], Head: 2

Layer [12], Head: 3

Layer [12], Head: 4

Layer [12], Head: 5

Layer [12], Head: 6

Layer [12], Head: 7

Layer [12], Head: 8

Layer [12], Head: 9

Layer [12], Head: 10

Layer [12], Head: 11

Layer [12], Head: 12

Layer [12], Head: 13

Layer [12], Head: 14

Layer [12], Head: 15

Layer [12], Head: 16

Layer [12], Head: 17

Layer [12], Head: 18

Layer [12], Head: 19

Layer [12], Head: 20

Layer [12], Head: 21

Layer [12], Head: 22

Layer [12], Head: 23

Layer [12], Head: 24

Layer [12], Head: 25

Layer [12], Head: 26

Layer [12], Head: 27

Layer [12], Head: 28

Layer [12], Head: 29

Layer [12], Head: 30

Layer [12], Head: 31

Layer [13], Head: 0

Layer [13], Head: 1

Layer [13], Head: 2

Layer [13], Head: 3

Layer [13], Head: 4

Layer [13], Head: 5

Layer [13], Head: 6

Layer [13], Head: 7

Layer [13], Head: 8

Layer [13], Head: 9

Layer [13], Head: 10

Layer [13], Head: 11

Layer [13], Head: 12

Layer [13], Head: 13

Layer [13], Head: 14

Layer [13], Head: 15

Layer [13], Head: 16

Layer [13], Head: 17

Layer [13], Head: 18

Layer [13], Head: 19

Layer [13], Head: 20

Layer [13], Head: 21

Layer [13], Head: 22

Layer [13], Head: 23

Layer [13], Head: 24

Layer [13], Head: 25

Layer [13], Head: 26

Layer [13], Head: 27

Layer [13], Head: 28

Layer [13], Head: 29

Layer [13], Head: 30

Layer [13], Head: 31

Layer [14], Head: 0

Layer [14], Head: 1

Layer [14], Head: 2

Layer [14], Head: 3

Layer [14], Head: 4

Layer [14], Head: 5

Layer [14], Head: 6

Layer [14], Head: 7

Layer [14], Head: 8

Layer [14], Head: 9

Layer [14], Head: 10

Layer [14], Head: 11

Layer [14], Head: 12

Layer [14], Head: 13

Layer [14], Head: 14

Layer [14], Head: 15

Layer [14], Head: 16

Layer [14], Head: 17

Layer [14], Head: 18

Layer [14], Head: 19

Layer [14], Head: 20

Layer [14], Head: 21

Layer [14], Head: 22

Layer [14], Head: 23

Layer [14], Head: 24

Layer [14], Head: 25

Layer [14], Head: 26

Layer [14], Head: 27

Layer [14], Head: 28

Layer [14], Head: 29

Layer [14], Head: 30

Layer [14], Head: 31

Layer [15], Head: 0

Layer [15], Head: 1

Layer [15], Head: 2

Layer [15], Head: 3

Layer [15], Head: 4

Layer [15], Head: 5

Layer [15], Head: 6

Layer [15], Head: 7

Layer [15], Head: 8

Layer [15], Head: 9

Layer [15], Head: 10

Layer [15], Head: 11

Layer [15], Head: 12

Layer [15], Head: 13

Layer [15], Head: 14

Layer [15], Head: 15

Layer [15], Head: 16

Layer [15], Head: 17

Layer [15], Head: 18

Layer [15], Head: 19

Layer [15], Head: 20

Layer [15], Head: 21

Layer [15], Head: 22

Layer [15], Head: 23

Layer [15], Head: 24

Layer [15], Head: 25

Layer [15], Head: 26

Layer [15], Head: 27

Layer [15], Head: 28

Layer [15], Head: 29

Layer [15], Head: 30

Layer [15], Head: 31

Layer [16], Head: 0

Layer [16], Head: 1

Layer [16], Head: 2

Layer [16], Head: 3

Layer [16], Head: 4

Layer [16], Head: 5

Layer [16], Head: 6

Layer [16], Head: 7

Layer [16], Head: 8

Layer [16], Head: 9

Layer [16], Head: 10

Layer [16], Head: 11

Layer [16], Head: 12

Layer [16], Head: 13

Layer [16], Head: 14

Layer [16], Head: 15

Layer [16], Head: 16

Layer [16], Head: 17

Layer [16], Head: 18

Layer [16], Head: 19

Layer [16], Head: 20

Layer [16], Head: 21

Layer [16], Head: 22

Layer [16], Head: 23

Layer [16], Head: 24

Layer [16], Head: 25

Layer [16], Head: 26

Layer [16], Head: 27

Layer [16], Head: 28

Layer [16], Head: 29

Layer [16], Head: 30

Layer [16], Head: 31

Layer [17], Head: 0

Layer [17], Head: 1

Layer [17], Head: 2

Layer [17], Head: 3

Layer [17], Head: 4

Layer [17], Head: 5

Layer [17], Head: 6

Layer [17], Head: 7

Layer [17], Head: 8

Layer [17], Head: 9

Layer [17], Head: 10

Layer [17], Head: 11

Layer [17], Head: 12

Layer [17], Head: 13

Layer [17], Head: 14

Layer [17], Head: 15

Layer [17], Head: 16

Layer [17], Head: 17

Layer [17], Head: 18

Layer [17], Head: 19

Layer [17], Head: 20

Layer [17], Head: 21

Layer [17], Head: 22

Layer [17], Head: 23

Layer [17], Head: 24

Layer [17], Head: 25

Layer [17], Head: 26

Layer [17], Head: 27

Layer [17], Head: 28

Layer [17], Head: 29

Layer [17], Head: 30

Layer [17], Head: 31

Layer [18], Head: 0

Layer [18], Head: 1

Layer [18], Head: 2

Layer [18], Head: 3

Layer [18], Head: 4

Layer [18], Head: 5

Layer [18], Head: 6

Layer [18], Head: 7

Layer [18], Head: 8

Layer [18], Head: 9

Layer [18], Head: 10

Layer [18], Head: 11

Layer [18], Head: 12

Layer [18], Head: 13

Layer [18], Head: 14

Layer [18], Head: 15

Layer [18], Head: 16

Layer [18], Head: 17

Layer [18], Head: 18

Layer [18], Head: 19

Layer [18], Head: 20

Layer [18], Head: 21

Layer [18], Head: 22

Layer [18], Head: 23

Layer [18], Head: 24

Layer [18], Head: 25

Layer [18], Head: 26

Layer [18], Head: 27

Layer [18], Head: 28

Layer [18], Head: 29

Layer [18], Head: 30

Layer [18], Head: 31

Layer [19], Head: 0

Layer [19], Head: 1

Layer [19], Head: 2

Layer [19], Head: 3

Layer [19], Head: 4

Layer [19], Head: 5

Layer [19], Head: 6

Layer [19], Head: 7

Layer [19], Head: 8

Layer [19], Head: 9

Layer [19], Head: 10

Layer [19], Head: 11

Layer [19], Head: 12

Layer [19], Head: 13

Layer [19], Head: 14

Layer [19], Head: 15

Layer [19], Head: 16

Layer [19], Head: 17

Layer [19], Head: 18

Layer [19], Head: 19

Layer [19], Head: 20

Layer [19], Head: 21

Layer [19], Head: 22

Layer [19], Head: 23

Layer [19], Head: 24

Layer [19], Head: 25

Layer [19], Head: 26

Layer [19], Head: 27

Layer [19], Head: 28

Layer [19], Head: 29

Layer [19], Head: 30

Layer [19], Head: 31

Layer [20], Head: 0

Layer [20], Head: 1

Layer [20], Head: 2

Layer [20], Head: 3

Layer [20], Head: 4

Layer [20], Head: 5

Layer [20], Head: 6

Layer [20], Head: 7

Layer [20], Head: 8

Layer [20], Head: 9

Layer [20], Head: 10

Layer [20], Head: 11

Layer [20], Head: 12

Layer [20], Head: 13

Layer [20], Head: 14

Layer [20], Head: 15

Layer [20], Head: 16

Layer [20], Head: 17

Layer [20], Head: 18

Layer [20], Head: 19

Layer [20], Head: 20

Layer [20], Head: 21

Layer [20], Head: 22

Layer [20], Head: 23

Layer [20], Head: 24

Layer [20], Head: 25

Layer [20], Head: 26

Layer [20], Head: 27

Layer [20], Head: 28

Layer [20], Head: 29

Layer [20], Head: 30

Layer [20], Head: 31

Layer [21], Head: 0

Layer [21], Head: 1

Layer [21], Head: 2

Layer [21], Head: 3

Layer [21], Head: 4

Layer [21], Head: 5

Layer [21], Head: 6

Layer [21], Head: 7

Layer [21], Head: 8

Layer [21], Head: 9

Layer [21], Head: 10

Layer [21], Head: 11

Layer [21], Head: 12

Layer [21], Head: 13

Layer [21], Head: 14

Layer [21], Head: 15

Layer [21], Head: 16

Layer [21], Head: 17

Layer [21], Head: 18

Layer [21], Head: 19

Layer [21], Head: 20

Layer [21], Head: 21

Layer [21], Head: 22

Layer [21], Head: 23

Layer [21], Head: 24

Layer [21], Head: 25

Layer [21], Head: 26

Layer [21], Head: 27

Layer [21], Head: 28

Layer [21], Head: 29

Layer [21], Head: 30

Layer [21], Head: 31

Layer [22], Head: 0

Layer [22], Head: 1

Layer [22], Head: 2

Layer [22], Head: 3

Layer [22], Head: 4

Layer [22], Head: 5

Layer [22], Head: 6

Layer [22], Head: 7

Layer [22], Head: 8

Layer [22], Head: 9

Layer [22], Head: 10

Layer [22], Head: 11

Layer [22], Head: 12

Layer [22], Head: 13

Layer [22], Head: 14

Layer [22], Head: 15

Layer [22], Head: 16

Layer [22], Head: 17

Layer [22], Head: 18

Layer [22], Head: 19

Layer [22], Head: 20

Layer [22], Head: 21

Layer [22], Head: 22

Layer [22], Head: 23

Layer [22], Head: 24

Layer [22], Head: 25

Layer [22], Head: 26

Layer [22], Head: 27

Layer [22], Head: 28

Layer [22], Head: 29

Layer [22], Head: 30

Layer [22], Head: 31

Layer [23], Head: 0

Layer [23], Head: 1

Layer [23], Head: 2

Layer [23], Head: 3

Layer [23], Head: 4

Layer [23], Head: 5

Layer [23], Head: 6

Layer [23], Head: 7

Layer [23], Head: 8

Layer [23], Head: 9

Layer [23], Head: 10

Layer [23], Head: 11

Layer [23], Head: 12

Layer [23], Head: 13

Layer [23], Head: 14

Layer [23], Head: 15

Layer [23], Head: 16

Layer [23], Head: 17

Layer [23], Head: 18

Layer [23], Head: 19

Layer [23], Head: 20

Layer [23], Head: 21

Layer [23], Head: 22

Layer [23], Head: 23

Layer [23], Head: 24

Layer [23], Head: 25

Layer [23], Head: 26

Layer [23], Head: 27

Layer [23], Head: 28

Layer [23], Head: 29

Layer [23], Head: 30

Layer [23], Head: 31

Layer [24], Head: 0

Layer [24], Head: 1

Layer [24], Head: 2

Layer [24], Head: 3

Layer [24], Head: 4

Layer [24], Head: 5

Layer [24], Head: 6

Layer [24], Head: 7

Layer [24], Head: 8

Layer [24], Head: 9

Layer [24], Head: 10

Layer [24], Head: 11

Layer [24], Head: 12

Layer [24], Head: 13

Layer [24], Head: 14

Layer [24], Head: 15

Layer [24], Head: 16

Layer [24], Head: 17

Layer [24], Head: 18

Layer [24], Head: 19

Layer [24], Head: 20

Layer [24], Head: 21

Layer [24], Head: 22

Layer [24], Head: 23

Layer [24], Head: 24

Layer [24], Head: 25

Layer [24], Head: 26

Layer [24], Head: 27

Layer [24], Head: 28

Layer [24], Head: 29

Layer [24], Head: 30

Layer [24], Head: 31

Layer [25], Head: 0

Layer [25], Head: 1

Layer [25], Head: 2

Layer [25], Head: 3

Layer [25], Head: 4

Layer [25], Head: 5

Layer [25], Head: 6

Layer [25], Head: 7

Layer [25], Head: 8

Layer [25], Head: 9

Layer [25], Head: 10

Layer [25], Head: 11

Layer [25], Head: 12

Layer [25], Head: 13

Layer [25], Head: 14

Layer [25], Head: 15

Layer [25], Head: 16

Layer [25], Head: 17

Layer [25], Head: 18

Layer [25], Head: 19

Layer [25], Head: 20

Layer [25], Head: 21

Layer [25], Head: 22

Layer [25], Head: 23

Layer [25], Head: 24

Layer [25], Head: 25

Layer [25], Head: 26

Layer [25], Head: 27

Layer [25], Head: 28

Layer [25], Head: 29

Layer [25], Head: 30

Layer [25], Head: 31

Layer [26], Head: 0

Layer [26], Head: 1

Layer [26], Head: 2

Layer [26], Head: 3

Layer [26], Head: 4

Layer [26], Head: 5

Layer [26], Head: 6

Layer [26], Head: 7

Layer [26], Head: 8

Layer [26], Head: 9

Layer [26], Head: 10

Layer [26], Head: 11

Layer [26], Head: 12

Layer [26], Head: 13

Layer [26], Head: 14

Layer [26], Head: 15

Layer [26], Head: 16

Layer [26], Head: 17

Layer [26], Head: 18

Layer [26], Head: 19

Layer [26], Head: 20

Layer [26], Head: 21

Layer [26], Head: 22

Layer [26], Head: 23

Layer [26], Head: 24

Layer [26], Head: 25

Layer [26], Head: 26

Layer [26], Head: 27

Layer [26], Head: 28

Layer [26], Head: 29

Layer [26], Head: 30

Layer [26], Head: 31

Layer [27], Head: 0

Layer [27], Head: 1

Layer [27], Head: 2

Layer [27], Head: 3

Layer [27], Head: 4

Layer [27], Head: 5

Layer [27], Head: 6

Layer [27], Head: 7

Layer [27], Head: 8

Layer [27], Head: 9

Layer [27], Head: 10

Layer [27], Head: 11

Layer [27], Head: 12

Layer [27], Head: 13

Layer [27], Head: 14

Layer [27], Head: 15

Layer [27], Head: 16

Layer [27], Head: 17

Layer [27], Head: 18

Layer [27], Head: 19

Layer [27], Head: 20

Layer [27], Head: 21

Layer [27], Head: 22

Layer [27], Head: 23

Layer [27], Head: 24

Layer [27], Head: 25

Layer [27], Head: 26

Layer [27], Head: 27

Layer [27], Head: 28

Layer [27], Head: 29

Layer [27], Head: 30

Layer [27], Head: 31

Layer [28], Head: 0

Layer [28], Head: 1

Layer [28], Head: 2

Layer [28], Head: 3

Layer [28], Head: 4

Layer [28], Head: 5

Layer [28], Head: 6

Layer [28], Head: 7

Layer [28], Head: 8

Layer [28], Head: 9

Layer [28], Head: 10

Layer [28], Head: 11

Layer [28], Head: 12

Layer [28], Head: 13

Layer [28], Head: 14

Layer [28], Head: 15

Layer [28], Head: 16

Layer [28], Head: 17

Layer [28], Head: 18

Layer [28], Head: 19

Layer [28], Head: 20

Layer [28], Head: 21

Layer [28], Head: 22

Layer [28], Head: 23

Layer [28], Head: 24

Layer [28], Head: 25

Layer [28], Head: 26

Layer [28], Head: 27

Layer [28], Head: 28

Layer [28], Head: 29

Layer [28], Head: 30

Layer [28], Head: 31

Layer [29], Head: 0

Layer [29], Head: 1

Layer [29], Head: 2

Layer [29], Head: 3

Layer [29], Head: 4

Layer [29], Head: 5

Layer [29], Head: 6

Layer [29], Head: 7

Layer [29], Head: 8

Layer [29], Head: 9

Layer [29], Head: 10

Layer [29], Head: 11

Layer [29], Head: 12

Layer [29], Head: 13

Layer [29], Head: 14

Layer [29], Head: 15

Layer [29], Head: 16

Layer [29], Head: 17

Layer [29], Head: 18

Layer [29], Head: 19

Layer [29], Head: 20

Layer [29], Head: 21

Layer [29], Head: 22

Layer [29], Head: 23

Layer [29], Head: 24

Layer [29], Head: 25

Layer [29], Head: 26

Layer [29], Head: 27

Layer [29], Head: 28

Layer [29], Head: 29

Layer [29], Head: 30

Layer [29], Head: 31

Layer [30], Head: 0

Layer [30], Head: 1

Layer [30], Head: 2

Layer [30], Head: 3

Layer [30], Head: 4

Layer [30], Head: 5

Layer [30], Head: 6

Layer [30], Head: 7

Layer [30], Head: 8

Layer [30], Head: 9

Layer [30], Head: 10

Layer [30], Head: 11

Layer [30], Head: 12

Layer [30], Head: 13

Layer [30], Head: 14

Layer [30], Head: 15

Layer [30], Head: 16

Layer [30], Head: 17

Layer [30], Head: 18

Layer [30], Head: 19

Layer [30], Head: 20

Layer [30], Head: 21

Layer [30], Head: 22

Layer [30], Head: 23

Layer [30], Head: 24

Layer [30], Head: 25

Layer [30], Head: 26

Layer [30], Head: 27

Layer [30], Head: 28

Layer [30], Head: 29

Layer [30], Head: 30

Layer [30], Head: 31

Layer [31], Head: 0

Layer [31], Head: 1

Layer [31], Head: 2

Layer [31], Head: 3

Layer [31], Head: 4

Layer [31], Head: 5

Layer [31], Head: 6

Layer [31], Head: 7

Layer [31], Head: 8

Layer [31], Head: 9

Layer [31], Head: 10

Layer [31], Head: 11

Layer [31], Head: 12

Layer [31], Head: 13

Layer [31], Head: 14

Layer [31], Head: 15

Layer [31], Head: 16

Layer [31], Head: 17

Layer [31], Head: 18

Layer [31], Head: 19

Layer [31], Head: 20

Layer [31], Head: 21

Layer [31], Head: 22

Layer [31], Head: 23

Layer [31], Head: 24

Layer [31], Head: 25

Layer [31], Head: 26

Layer [31], Head: 27

Layer [31], Head: 28

Layer [31], Head: 29

Layer [31], Head: 30

Layer [31], Head: 31

Layer [32], Head: 0

Layer [32], Head: 1

Layer [32], Head: 2

Layer [32], Head: 3

Layer [32], Head: 4

Layer [32], Head: 5

Layer [32], Head: 6

Layer [32], Head: 7

Layer [32], Head: 8

Layer [32], Head: 9

Layer [32], Head: 10

Layer [32], Head: 11

Layer [32], Head: 12

Layer [32], Head: 13

Layer [32], Head: 14

Layer [32], Head: 15

Layer [32], Head: 16

Layer [32], Head: 17

Layer [32], Head: 18

Layer [32], Head: 19

Layer [32], Head: 20

Layer [32], Head: 21

Layer [32], Head: 22

Layer [32], Head: 23

Layer [32], Head: 24

Layer [32], Head: 25

Layer [32], Head: 26

Layer [32], Head: 27

Layer [32], Head: 28

Layer [32], Head: 29

Layer [32], Head: 30

Layer [32], Head: 31

Layer [33], Head: 0

Layer [33], Head: 1

Layer [33], Head: 2

Layer [33], Head: 3

Layer [33], Head: 4

Layer [33], Head: 5

Layer [33], Head: 6

Layer [33], Head: 7

Layer [33], Head: 8

Layer [33], Head: 9

Layer [33], Head: 10

Layer [33], Head: 11

Layer [33], Head: 12

Layer [33], Head: 13

Layer [33], Head: 14

Layer [33], Head: 15

Layer [33], Head: 16

Layer [33], Head: 17

Layer [33], Head: 18

Layer [33], Head: 19

Layer [33], Head: 20

Layer [33], Head: 21

Layer [33], Head: 22

Layer [33], Head: 23

Layer [33], Head: 24

Layer [33], Head: 25

Layer [33], Head: 26

Layer [33], Head: 27

Layer [33], Head: 28

Layer [33], Head: 29

Layer [33], Head: 30

Layer [33], Head: 31

Layer [0], Head: -1

Layer [-1], Head: -1
Accuracy (image->label / label->image) -- model(full): 55.66/100.00  PC: 55.66/57.14  text_self: 55.66/71.43  text_ref: 53.51/42.86  image_self: 54.89/57.14  image_ref: 55.14/71.43
Number of layers: 34
  [image_set] pool = imagenet (5000 images)

Layer [0], Head: 0

Layer [0], Head: 1

Layer [0], Head: 2

Layer [0], Head: 3

Layer [0], Head: 4

Layer [0], Head: 5

Layer [0], Head: 6

Layer [0], Head: 7

Layer [0], Head: 8

Layer [0], Head: 9

Layer [0], Head: 10

Layer [0], Head: 11

Layer [0], Head: 12

Layer [0], Head: 13

Layer [0], Head: 14

Layer [0], Head: 15

Layer [0], Head: 16

Layer [0], Head: 17

Layer [0], Head: 18

Layer [0], Head: 19

Layer [0], Head: 20

Layer [0], Head: 21

Layer [0], Head: 22

Layer [0], Head: 23

Layer [0], Head: 24

Layer [0], Head: 25

Layer [0], Head: 26

Layer [0], Head: 27

Layer [0], Head: 28

Layer [0], Head: 29

Layer [0], Head: 30

Layer [0], Head: 31

Layer [1], Head: 0

Layer [1], Head: 1

Layer [1], Head: 2

Layer [1], Head: 3

Layer [1], Head: 4

Layer [1], Head: 5

Layer [1], Head: 6

Layer [1], Head: 7

Layer [1], Head: 8

Layer [1], Head: 9

Layer [1], Head: 10

Layer [1], Head: 11

Layer [1], Head: 12

Layer [1], Head: 13

Layer [1], Head: 14

Layer [1], Head: 15

Layer [1], Head: 16

Layer [1], Head: 17

Layer [1], Head: 18

Layer [1], Head: 19

Layer [1], Head: 20

Layer [1], Head: 21

Layer [1], Head: 22

Layer [1], Head: 23

Layer [1], Head: 24

Layer [1], Head: 25

Layer [1], Head: 26

Layer [1], Head: 27

Layer [1], Head: 28

Layer [1], Head: 29

Layer [1], Head: 30

Layer [1], Head: 31

Layer [2], Head: 0

Layer [2], Head: 1

Layer [2], Head: 2

Layer [2], Head: 3

Layer [2], Head: 4

Layer [2], Head: 5

Layer [2], Head: 6

Layer [2], Head: 7

Layer [2], Head: 8

Layer [2], Head: 9

Layer [2], Head: 10

Layer [2], Head: 11

Layer [2], Head: 12

Layer [2], Head: 13

Layer [2], Head: 14

Layer [2], Head: 15

Layer [2], Head: 16

Layer [2], Head: 17

Layer [2], Head: 18

Layer [2], Head: 19

Layer [2], Head: 20

Layer [2], Head: 21

Layer [2], Head: 22

Layer [2], Head: 23

Layer [2], Head: 24

Layer [2], Head: 25

Layer [2], Head: 26

Layer [2], Head: 27

Layer [2], Head: 28

Layer [2], Head: 29

Layer [2], Head: 30

Layer [2], Head: 31

Layer [3], Head: 0

Layer [3], Head: 1

Layer [3], Head: 2

Layer [3], Head: 3

Layer [3], Head: 4

Layer [3], Head: 5

Layer [3], Head: 6

Layer [3], Head: 7

Layer [3], Head: 8

Layer [3], Head: 9

Layer [3], Head: 10

Layer [3], Head: 11

Layer [3], Head: 12

Layer [3], Head: 13

Layer [3], Head: 14

Layer [3], Head: 15

Layer [3], Head: 16

Layer [3], Head: 17

Layer [3], Head: 18

Layer [3], Head: 19

Layer [3], Head: 20

Layer [3], Head: 21

Layer [3], Head: 22

Layer [3], Head: 23

Layer [3], Head: 24

Layer [3], Head: 25

Layer [3], Head: 26

Layer [3], Head: 27

Layer [3], Head: 28

Layer [3], Head: 29

Layer [3], Head: 30

Layer [3], Head: 31

Layer [4], Head: 0

Layer [4], Head: 1

Layer [4], Head: 2

Layer [4], Head: 3

Layer [4], Head: 4

Layer [4], Head: 5

Layer [4], Head: 6

Layer [4], Head: 7

Layer [4], Head: 8

Layer [4], Head: 9

Layer [4], Head: 10

Layer [4], Head: 11

Layer [4], Head: 12

Layer [4], Head: 13

Layer [4], Head: 14

Layer [4], Head: 15

Layer [4], Head: 16

Layer [4], Head: 17

Layer [4], Head: 18

Layer [4], Head: 19

Layer [4], Head: 20

Layer [4], Head: 21

Layer [4], Head: 22

Layer [4], Head: 23

Layer [4], Head: 24

Layer [4], Head: 25

Layer [4], Head: 26

Layer [4], Head: 27

Layer [4], Head: 28

Layer [4], Head: 29

Layer [4], Head: 30

Layer [4], Head: 31

Layer [5], Head: 0

Layer [5], Head: 1

Layer [5], Head: 2

Layer [5], Head: 3

Layer [5], Head: 4

Layer [5], Head: 5

Layer [5], Head: 6

Layer [5], Head: 7

Layer [5], Head: 8

Layer [5], Head: 9

Layer [5], Head: 10

Layer [5], Head: 11

Layer [5], Head: 12

Layer [5], Head: 13

Layer [5], Head: 14

Layer [5], Head: 15

Layer [5], Head: 16

Layer [5], Head: 17

Layer [5], Head: 18

Layer [5], Head: 19

Layer [5], Head: 20

Layer [5], Head: 21

Layer [5], Head: 22

Layer [5], Head: 23

Layer [5], Head: 24

Layer [5], Head: 25

Layer [5], Head: 26

Layer [5], Head: 27

Layer [5], Head: 28

Layer [5], Head: 29

Layer [5], Head: 30

Layer [5], Head: 31

Layer [6], Head: 0

Layer [6], Head: 1

Layer [6], Head: 2

Layer [6], Head: 3

Layer [6], Head: 4

Layer [6], Head: 5

Layer [6], Head: 6

Layer [6], Head: 7

Layer [6], Head: 8

Layer [6], Head: 9

Layer [6], Head: 10

Layer [6], Head: 11

Layer [6], Head: 12

Layer [6], Head: 13

Layer [6], Head: 14

Layer [6], Head: 15

Layer [6], Head: 16

Layer [6], Head: 17

Layer [6], Head: 18

Layer [6], Head: 19

Layer [6], Head: 20

Layer [6], Head: 21

Layer [6], Head: 22

Layer [6], Head: 23

Layer [6], Head: 24

Layer [6], Head: 25

Layer [6], Head: 26

Layer [6], Head: 27

Layer [6], Head: 28

Layer [6], Head: 29

Layer [6], Head: 30

Layer [6], Head: 31

Layer [7], Head: 0

Layer [7], Head: 1

Layer [7], Head: 2

Layer [7], Head: 3

Layer [7], Head: 4

Layer [7], Head: 5

Layer [7], Head: 6

Layer [7], Head: 7

Layer [7], Head: 8

Layer [7], Head: 9

Layer [7], Head: 10

Layer [7], Head: 11

Layer [7], Head: 12

Layer [7], Head: 13

Layer [7], Head: 14

Layer [7], Head: 15

Layer [7], Head: 16

Layer [7], Head: 17

Layer [7], Head: 18

Layer [7], Head: 19

Layer [7], Head: 20

Layer [7], Head: 21

Layer [7], Head: 22

Layer [7], Head: 23

Layer [7], Head: 24

Layer [7], Head: 25

Layer [7], Head: 26

Layer [7], Head: 27

Layer [7], Head: 28

Layer [7], Head: 29

Layer [7], Head: 30

Layer [7], Head: 31

Layer [8], Head: 0

Layer [8], Head: 1

Layer [8], Head: 2

Layer [8], Head: 3

Layer [8], Head: 4

Layer [8], Head: 5

Layer [8], Head: 6

Layer [8], Head: 7

Layer [8], Head: 8

Layer [8], Head: 9

Layer [8], Head: 10

Layer [8], Head: 11

Layer [8], Head: 12

Layer [8], Head: 13

Layer [8], Head: 14

Layer [8], Head: 15

Layer [8], Head: 16

Layer [8], Head: 17

Layer [8], Head: 18

Layer [8], Head: 19

Layer [8], Head: 20

Layer [8], Head: 21

Layer [8], Head: 22

Layer [8], Head: 23

Layer [8], Head: 24

Layer [8], Head: 25

Layer [8], Head: 26

Layer [8], Head: 27

Layer [8], Head: 28

Layer [8], Head: 29

Layer [8], Head: 30

Layer [8], Head: 31

Layer [9], Head: 0

Layer [9], Head: 1

Layer [9], Head: 2

Layer [9], Head: 3

Layer [9], Head: 4

Layer [9], Head: 5

Layer [9], Head: 6

Layer [9], Head: 7

Layer [9], Head: 8

Layer [9], Head: 9

Layer [9], Head: 10

Layer [9], Head: 11

Layer [9], Head: 12

Layer [9], Head: 13

Layer [9], Head: 14

Layer [9], Head: 15

Layer [9], Head: 16

Layer [9], Head: 17

Layer [9], Head: 18

Layer [9], Head: 19

Layer [9], Head: 20

Layer [9], Head: 21

Layer [9], Head: 22

Layer [9], Head: 23

Layer [9], Head: 24

Layer [9], Head: 25

Layer [9], Head: 26

Layer [9], Head: 27

Layer [9], Head: 28

Layer [9], Head: 29

Layer [9], Head: 30

Layer [9], Head: 31

Layer [10], Head: 0

Layer [10], Head: 1

Layer [10], Head: 2

Layer [10], Head: 3

Layer [10], Head: 4

Layer [10], Head: 5

Layer [10], Head: 6

Layer [10], Head: 7

Layer [10], Head: 8

Layer [10], Head: 9

Layer [10], Head: 10

Layer [10], Head: 11

Layer [10], Head: 12

Layer [10], Head: 13

Layer [10], Head: 14

Layer [10], Head: 15

Layer [10], Head: 16

Layer [10], Head: 17

Layer [10], Head: 18

Layer [10], Head: 19

Layer [10], Head: 20

Layer [10], Head: 21

Layer [10], Head: 22

Layer [10], Head: 23

Layer [10], Head: 24

Layer [10], Head: 25

Layer [10], Head: 26

Layer [10], Head: 27

Layer [10], Head: 28

Layer [10], Head: 29

Layer [10], Head: 30

Layer [10], Head: 31

Layer [11], Head: 0

Layer [11], Head: 1

Layer [11], Head: 2

Layer [11], Head: 3

Layer [11], Head: 4

Layer [11], Head: 5

Layer [11], Head: 6

Layer [11], Head: 7

Layer [11], Head: 8

Layer [11], Head: 9

Layer [11], Head: 10

Layer [11], Head: 11

Layer [11], Head: 12

Layer [11], Head: 13

Layer [11], Head: 14

Layer [11], Head: 15

Layer [11], Head: 16

Layer [11], Head: 17

Layer [11], Head: 18

Layer [11], Head: 19

Layer [11], Head: 20

Layer [11], Head: 21

Layer [11], Head: 22

Layer [11], Head: 23

Layer [11], Head: 24

Layer [11], Head: 25

Layer [11], Head: 26

Layer [11], Head: 27

Layer [11], Head: 28

Layer [11], Head: 29

Layer [11], Head: 30

Layer [11], Head: 31

Layer [12], Head: 0

Layer [12], Head: 1

Layer [12], Head: 2

Layer [12], Head: 3

Layer [12], Head: 4

Layer [12], Head: 5

Layer [12], Head: 6

Layer [12], Head: 7

Layer [12], Head: 8

Layer [12], Head: 9

Layer [12], Head: 10

Layer [12], Head: 11

Layer [12], Head: 12

Layer [12], Head: 13

Layer [12], Head: 14

Layer [12], Head: 15

Layer [12], Head: 16

Layer [12], Head: 17

Layer [12], Head: 18

Layer [12], Head: 19

Layer [12], Head: 20

Layer [12], Head: 21

Layer [12], Head: 22

Layer [12], Head: 23

Layer [12], Head: 24

Layer [12], Head: 25

Layer [12], Head: 26

Layer [12], Head: 27

Layer [12], Head: 28

Layer [12], Head: 29

Layer [12], Head: 30

Layer [12], Head: 31

Layer [13], Head: 0

Layer [13], Head: 1

Layer [13], Head: 2

Layer [13], Head: 3

Layer [13], Head: 4

Layer [13], Head: 5

Layer [13], Head: 6

Layer [13], Head: 7

Layer [13], Head: 8

Layer [13], Head: 9

Layer [13], Head: 10

Layer [13], Head: 11

Layer [13], Head: 12

Layer [13], Head: 13

Layer [13], Head: 14

Layer [13], Head: 15

Layer [13], Head: 16

Layer [13], Head: 17

Layer [13], Head: 18

Layer [13], Head: 19

Layer [13], Head: 20

Layer [13], Head: 21

Layer [13], Head: 22

Layer [13], Head: 23

Layer [13], Head: 24

Layer [13], Head: 25

Layer [13], Head: 26

Layer [13], Head: 27

Layer [13], Head: 28

Layer [13], Head: 29

Layer [13], Head: 30

Layer [13], Head: 31

Layer [14], Head: 0

Layer [14], Head: 1

Layer [14], Head: 2

Layer [14], Head: 3

Layer [14], Head: 4

Layer [14], Head: 5

Layer [14], Head: 6

Layer [14], Head: 7

Layer [14], Head: 8

Layer [14], Head: 9

Layer [14], Head: 10

Layer [14], Head: 11

Layer [14], Head: 12

Layer [14], Head: 13

Layer [14], Head: 14

Layer [14], Head: 15

Layer [14], Head: 16

Layer [14], Head: 17

Layer [14], Head: 18

Layer [14], Head: 19

Layer [14], Head: 20

Layer [14], Head: 21

Layer [14], Head: 22

Layer [14], Head: 23

Layer [14], Head: 24

Layer [14], Head: 25

Layer [14], Head: 26

Layer [14], Head: 27

Layer [14], Head: 28

Layer [14], Head: 29

Layer [14], Head: 30

Layer [14], Head: 31

Layer [15], Head: 0

Layer [15], Head: 1

Layer [15], Head: 2

Layer [15], Head: 3

Layer [15], Head: 4

Layer [15], Head: 5

Layer [15], Head: 6

Layer [15], Head: 7

Layer [15], Head: 8

Layer [15], Head: 9

Layer [15], Head: 10

Layer [15], Head: 11

Layer [15], Head: 12

Layer [15], Head: 13

Layer [15], Head: 14

Layer [15], Head: 15

Layer [15], Head: 16

Layer [15], Head: 17

Layer [15], Head: 18

Layer [15], Head: 19

Layer [15], Head: 20

Layer [15], Head: 21

Layer [15], Head: 22

Layer [15], Head: 23

Layer [15], Head: 24

Layer [15], Head: 25

Layer [15], Head: 26

Layer [15], Head: 27

Layer [15], Head: 28

Layer [15], Head: 29

Layer [15], Head: 30

Layer [15], Head: 31

Layer [16], Head: 0

Layer [16], Head: 1

Layer [16], Head: 2

Layer [16], Head: 3

Layer [16], Head: 4

Layer [16], Head: 5

Layer [16], Head: 6

Layer [16], Head: 7

Layer [16], Head: 8

Layer [16], Head: 9

Layer [16], Head: 10

Layer [16], Head: 11

Layer [16], Head: 12

Layer [16], Head: 13

Layer [16], Head: 14

Layer [16], Head: 15

Layer [16], Head: 16

Layer [16], Head: 17

Layer [16], Head: 18

Layer [16], Head: 19

Layer [16], Head: 20

Layer [16], Head: 21

Layer [16], Head: 22

Layer [16], Head: 23

Layer [16], Head: 24

Layer [16], Head: 25

Layer [16], Head: 26

Layer [16], Head: 27

Layer [16], Head: 28

Layer [16], Head: 29

Layer [16], Head: 30

Layer [16], Head: 31

Layer [17], Head: 0

Layer [17], Head: 1

Layer [17], Head: 2

Layer [17], Head: 3

Layer [17], Head: 4

Layer [17], Head: 5

Layer [17], Head: 6

Layer [17], Head: 7

Layer [17], Head: 8

Layer [17], Head: 9

Layer [17], Head: 10

Layer [17], Head: 11

Layer [17], Head: 12

Layer [17], Head: 13

Layer [17], Head: 14

Layer [17], Head: 15

Layer [17], Head: 16

Layer [17], Head: 17

Layer [17], Head: 18

Layer [17], Head: 19

Layer [17], Head: 20

Layer [17], Head: 21

Layer [17], Head: 22

Layer [17], Head: 23

Layer [17], Head: 24

Layer [17], Head: 25

Layer [17], Head: 26

Layer [17], Head: 27

Layer [17], Head: 28

Layer [17], Head: 29

Layer [17], Head: 30

Layer [17], Head: 31

Layer [18], Head: 0

Layer [18], Head: 1

Layer [18], Head: 2

Layer [18], Head: 3

Layer [18], Head: 4

Layer [18], Head: 5

Layer [18], Head: 6

Layer [18], Head: 7

Layer [18], Head: 8

Layer [18], Head: 9

Layer [18], Head: 10

Layer [18], Head: 11

Layer [18], Head: 12

Layer [18], Head: 13

Layer [18], Head: 14

Layer [18], Head: 15

Layer [18], Head: 16

Layer [18], Head: 17

Layer [18], Head: 18

Layer [18], Head: 19

Layer [18], Head: 20

Layer [18], Head: 21

Layer [18], Head: 22

Layer [18], Head: 23

Layer [18], Head: 24

Layer [18], Head: 25

Layer [18], Head: 26

Layer [18], Head: 27

Layer [18], Head: 28

Layer [18], Head: 29

Layer [18], Head: 30

Layer [18], Head: 31

Layer [19], Head: 0

Layer [19], Head: 1

Layer [19], Head: 2

Layer [19], Head: 3

Layer [19], Head: 4

Layer [19], Head: 5

Layer [19], Head: 6

Layer [19], Head: 7

Layer [19], Head: 8

Layer [19], Head: 9

Layer [19], Head: 10

Layer [19], Head: 11

Layer [19], Head: 12

Layer [19], Head: 13

Layer [19], Head: 14

Layer [19], Head: 15

Layer [19], Head: 16

Layer [19], Head: 17

Layer [19], Head: 18

Layer [19], Head: 19

Layer [19], Head: 20

Layer [19], Head: 21

Layer [19], Head: 22

Layer [19], Head: 23

Layer [19], Head: 24

Layer [19], Head: 25

Layer [19], Head: 26

Layer [19], Head: 27

Layer [19], Head: 28

Layer [19], Head: 29

Layer [19], Head: 30

Layer [19], Head: 31

Layer [20], Head: 0

Layer [20], Head: 1

Layer [20], Head: 2

Layer [20], Head: 3

Layer [20], Head: 4

Layer [20], Head: 5

Layer [20], Head: 6

Layer [20], Head: 7

Layer [20], Head: 8

Layer [20], Head: 9

Layer [20], Head: 10

Layer [20], Head: 11

Layer [20], Head: 12

Layer [20], Head: 13

Layer [20], Head: 14

Layer [20], Head: 15

Layer [20], Head: 16

Layer [20], Head: 17

Layer [20], Head: 18

Layer [20], Head: 19

Layer [20], Head: 20

Layer [20], Head: 21

Layer [20], Head: 22

Layer [20], Head: 23

Layer [20], Head: 24

Layer [20], Head: 25

Layer [20], Head: 26

Layer [20], Head: 27

Layer [20], Head: 28

Layer [20], Head: 29

Layer [20], Head: 30

Layer [20], Head: 31

Layer [21], Head: 0

Layer [21], Head: 1

Layer [21], Head: 2

Layer [21], Head: 3

Layer [21], Head: 4

Layer [21], Head: 5

Layer [21], Head: 6

Layer [21], Head: 7

Layer [21], Head: 8

Layer [21], Head: 9

Layer [21], Head: 10

Layer [21], Head: 11

Layer [21], Head: 12

Layer [21], Head: 13

Layer [21], Head: 14

Layer [21], Head: 15

Layer [21], Head: 16

Layer [21], Head: 17

Layer [21], Head: 18

Layer [21], Head: 19

Layer [21], Head: 20

Layer [21], Head: 21

Layer [21], Head: 22

Layer [21], Head: 23

Layer [21], Head: 24

Layer [21], Head: 25

Layer [21], Head: 26

Layer [21], Head: 27

Layer [21], Head: 28

Layer [21], Head: 29

Layer [21], Head: 30

Layer [21], Head: 31

Layer [22], Head: 0

Layer [22], Head: 1

Layer [22], Head: 2

Layer [22], Head: 3

Layer [22], Head: 4

Layer [22], Head: 5

Layer [22], Head: 6

Layer [22], Head: 7

Layer [22], Head: 8

Layer [22], Head: 9

Layer [22], Head: 10

Layer [22], Head: 11

Layer [22], Head: 12

Layer [22], Head: 13

Layer [22], Head: 14

Layer [22], Head: 15

Layer [22], Head: 16

Layer [22], Head: 17

Layer [22], Head: 18

Layer [22], Head: 19

Layer [22], Head: 20

Layer [22], Head: 21

Layer [22], Head: 22

Layer [22], Head: 23

Layer [22], Head: 24

Layer [22], Head: 25

Layer [22], Head: 26

Layer [22], Head: 27

Layer [22], Head: 28

Layer [22], Head: 29

Layer [22], Head: 30

Layer [22], Head: 31

Layer [23], Head: 0

Layer [23], Head: 1

Layer [23], Head: 2

Layer [23], Head: 3

Layer [23], Head: 4

Layer [23], Head: 5

Layer [23], Head: 6

Layer [23], Head: 7

Layer [23], Head: 8

Layer [23], Head: 9

Layer [23], Head: 10

Layer [23], Head: 11

Layer [23], Head: 12

Layer [23], Head: 13

Layer [23], Head: 14

Layer [23], Head: 15

Layer [23], Head: 16

Layer [23], Head: 17

Layer [23], Head: 18

Layer [23], Head: 19

Layer [23], Head: 20

Layer [23], Head: 21

Layer [23], Head: 22

Layer [23], Head: 23

Layer [23], Head: 24

Layer [23], Head: 25

Layer [23], Head: 26

Layer [23], Head: 27

Layer [23], Head: 28

Layer [23], Head: 29

Layer [23], Head: 30

Layer [23], Head: 31

Layer [24], Head: 0

Layer [24], Head: 1

Layer [24], Head: 2

Layer [24], Head: 3

Layer [24], Head: 4

Layer [24], Head: 5

Layer [24], Head: 6

Layer [24], Head: 7

Layer [24], Head: 8

Layer [24], Head: 9

Layer [24], Head: 10

Layer [24], Head: 11

Layer [24], Head: 12

Layer [24], Head: 13

Layer [24], Head: 14

Layer [24], Head: 15

Layer [24], Head: 16

Layer [24], Head: 17

Layer [24], Head: 18

Layer [24], Head: 19

Layer [24], Head: 20

Layer [24], Head: 21

Layer [24], Head: 22

Layer [24], Head: 23

Layer [24], Head: 24

Layer [24], Head: 25

Layer [24], Head: 26

Layer [24], Head: 27

Layer [24], Head: 28

Layer [24], Head: 29

Layer [24], Head: 30

Layer [24], Head: 31

Layer [25], Head: 0

Layer [25], Head: 1

Layer [25], Head: 2

Layer [25], Head: 3

Layer [25], Head: 4

Layer [25], Head: 5

Layer [25], Head: 6

Layer [25], Head: 7

Layer [25], Head: 8

Layer [25], Head: 9

Layer [25], Head: 10

Layer [25], Head: 11

Layer [25], Head: 12

Layer [25], Head: 13

Layer [25], Head: 14

Layer [25], Head: 15

Layer [25], Head: 16

Layer [25], Head: 17

Layer [25], Head: 18

Layer [25], Head: 19

Layer [25], Head: 20

Layer [25], Head: 21

Layer [25], Head: 22

Layer [25], Head: 23

Layer [25], Head: 24

Layer [25], Head: 25

Layer [25], Head: 26

Layer [25], Head: 27

Layer [25], Head: 28

Layer [25], Head: 29

Layer [25], Head: 30

Layer [25], Head: 31

Layer [26], Head: 0

Layer [26], Head: 1

Layer [26], Head: 2

Layer [26], Head: 3

Layer [26], Head: 4

Layer [26], Head: 5

Layer [26], Head: 6

Layer [26], Head: 7

Layer [26], Head: 8

Layer [26], Head: 9

Layer [26], Head: 10

Layer [26], Head: 11

Layer [26], Head: 12

Layer [26], Head: 13

Layer [26], Head: 14

Layer [26], Head: 15

Layer [26], Head: 16

Layer [26], Head: 17

Layer [26], Head: 18

Layer [26], Head: 19

Layer [26], Head: 20

Layer [26], Head: 21

Layer [26], Head: 22

Layer [26], Head: 23

Layer [26], Head: 24

Layer [26], Head: 25

Layer [26], Head: 26

Layer [26], Head: 27

Layer [26], Head: 28

Layer [26], Head: 29

Layer [26], Head: 30

Layer [26], Head: 31

Layer [27], Head: 0

Layer [27], Head: 1

Layer [27], Head: 2

Layer [27], Head: 3

Layer [27], Head: 4

Layer [27], Head: 5

Layer [27], Head: 6

Layer [27], Head: 7

Layer [27], Head: 8

Layer [27], Head: 9

Layer [27], Head: 10

Layer [27], Head: 11

Layer [27], Head: 12

Layer [27], Head: 13

Layer [27], Head: 14

Layer [27], Head: 15

Layer [27], Head: 16

Layer [27], Head: 17

Layer [27], Head: 18

Layer [27], Head: 19

Layer [27], Head: 20

Layer [27], Head: 21

Layer [27], Head: 22

Layer [27], Head: 23

Layer [27], Head: 24

Layer [27], Head: 25

Layer [27], Head: 26

Layer [27], Head: 27

Layer [27], Head: 28

Layer [27], Head: 29

Layer [27], Head: 30

Layer [27], Head: 31

Layer [28], Head: 0

Layer [28], Head: 1

Layer [28], Head: 2

Layer [28], Head: 3

Layer [28], Head: 4

Layer [28], Head: 5

Layer [28], Head: 6

Layer [28], Head: 7

Layer [28], Head: 8

Layer [28], Head: 9

Layer [28], Head: 10

Layer [28], Head: 11

Layer [28], Head: 12

Layer [28], Head: 13

Layer [28], Head: 14

Layer [28], Head: 15

Layer [28], Head: 16

Layer [28], Head: 17

Layer [28], Head: 18

Layer [28], Head: 19

Layer [28], Head: 20

Layer [28], Head: 21

Layer [28], Head: 22

Layer [28], Head: 23

Layer [28], Head: 24

Layer [28], Head: 25

Layer [28], Head: 26

Layer [28], Head: 27

Layer [28], Head: 28

Layer [28], Head: 29

Layer [28], Head: 30

Layer [28], Head: 31

Layer [29], Head: 0

Layer [29], Head: 1

Layer [29], Head: 2

Layer [29], Head: 3

Layer [29], Head: 4

Layer [29], Head: 5

Layer [29], Head: 6

Layer [29], Head: 7

Layer [29], Head: 8

Layer [29], Head: 9

Layer [29], Head: 10

Layer [29], Head: 11

Layer [29], Head: 12

Layer [29], Head: 13

Layer [29], Head: 14

Layer [29], Head: 15

Layer [29], Head: 16

Layer [29], Head: 17

Layer [29], Head: 18

Layer [29], Head: 19

Layer [29], Head: 20

Layer [29], Head: 21

Layer [29], Head: 22

Layer [29], Head: 23

Layer [29], Head: 24

Layer [29], Head: 25

Layer [29], Head: 26

Layer [29], Head: 27

Layer [29], Head: 28

Layer [29], Head: 29

Layer [29], Head: 30

Layer [29], Head: 31

Layer [30], Head: 0

Layer [30], Head: 1

Layer [30], Head: 2

Layer [30], Head: 3

Layer [30], Head: 4

Layer [30], Head: 5

Layer [30], Head: 6

Layer [30], Head: 7

Layer [30], Head: 8

Layer [30], Head: 9

Layer [30], Head: 10

Layer [30], Head: 11

Layer [30], Head: 12

Layer [30], Head: 13

Layer [30], Head: 14

Layer [30], Head: 15

Layer [30], Head: 16

Layer [30], Head: 17

Layer [30], Head: 18

Layer [30], Head: 19

Layer [30], Head: 20

Layer [30], Head: 21

Layer [30], Head: 22

Layer [30], Head: 23

Layer [30], Head: 24

Layer [30], Head: 25

Layer [30], Head: 26

Layer [30], Head: 27

Layer [30], Head: 28

Layer [30], Head: 29

Layer [30], Head: 30

Layer [30], Head: 31

Layer [31], Head: 0

Layer [31], Head: 1

Layer [31], Head: 2

Layer [31], Head: 3

Layer [31], Head: 4

Layer [31], Head: 5

Layer [31], Head: 6

Layer [31], Head: 7

Layer [31], Head: 8

Layer [31], Head: 9

Layer [31], Head: 10

Layer [31], Head: 11

Layer [31], Head: 12

Layer [31], Head: 13

Layer [31], Head: 14

Layer [31], Head: 15

Layer [31], Head: 16

Layer [31], Head: 17

Layer [31], Head: 18

Layer [31], Head: 19

Layer [31], Head: 20

Layer [31], Head: 21

Layer [31], Head: 22

Layer [31], Head: 23

Layer [31], Head: 24

Layer [31], Head: 25

Layer [31], Head: 26

Layer [31], Head: 27

Layer [31], Head: 28

Layer [31], Head: 29

Layer [31], Head: 30

Layer [31], Head: 31

Layer [32], Head: 0

Layer [32], Head: 1

Layer [32], Head: 2

Layer [32], Head: 3

Layer [32], Head: 4

Layer [32], Head: 5

Layer [32], Head: 6

Layer [32], Head: 7

Layer [32], Head: 8

Layer [32], Head: 9

Layer [32], Head: 10

Layer [32], Head: 11

Layer [32], Head: 12

Layer [32], Head: 13

Layer [32], Head: 14

Layer [32], Head: 15

Layer [32], Head: 16

Layer [32], Head: 17

Layer [32], Head: 18

Layer [32], Head: 19

Layer [32], Head: 20

Layer [32], Head: 21

Layer [32], Head: 22

Layer [32], Head: 23

Layer [32], Head: 24

Layer [32], Head: 25

Layer [32], Head: 26

Layer [32], Head: 27

Layer [32], Head: 28

Layer [32], Head: 29

Layer [32], Head: 30

Layer [32], Head: 31

Layer [33], Head: 0

Layer [33], Head: 1

Layer [33], Head: 2

Layer [33], Head: 3

Layer [33], Head: 4

Layer [33], Head: 5

Layer [33], Head: 6

Layer [33], Head: 7

Layer [33], Head: 8

Layer [33], Head: 9

Layer [33], Head: 10

Layer [33], Head: 11

Layer [33], Head: 12

Layer [33], Head: 13

Layer [33], Head: 14

Layer [33], Head: 15

Layer [33], Head: 16

Layer [33], Head: 17

Layer [33], Head: 18

Layer [33], Head: 19

Layer [33], Head: 20

Layer [33], Head: 21

Layer [33], Head: 22

Layer [33], Head: 23

Layer [33], Head: 24

Layer [33], Head: 25

Layer [33], Head: 26

Layer [33], Head: 27

Layer [33], Head: 28

Layer [33], Head: 29

Layer [33], Head: 30

Layer [33], Head: 31

Layer [0], Head: -1

Layer [-1], Head: -1
Accuracy (image->label / label->image) -- model(full): 62.00/72.30  PC: 61.96/70.80  text_self: 58.34/25.30  text_ref: 60.88/38.70  image_self: 60.72/69.50  image_ref: 60.72/69.50

Seed to analyse (found: [69]) [69]: 69

Towers available: ['image', 'text']
Which modalities (towers)? (comma-separated or 'all') [all]: all
Models available: ['RN101', 'RN50', 'ViT-B-16', 'ViT-B-32', 'ViT-H-14', 'ViT-L-14']
Which models? (comma-separated or 'all') [all]: all
Datasets available: ['CIFAR100', 'CIFAR100_classnames', 'binary_waterbirds', 'binary_waterbirds_classnames', 'caltech', 'caltech_classnames', 'fairface', 'fairface_classnames', 'imagenet', 'imagenet_classnames', 'top_1500_nouns_5_sentences_imagenet_bias_clean']
Which datasets? (comma-separated or 'all') [all]: all
Analysis mode: 'self' (per-dataset basis), 'transfer' (fit ONE general basis, eval on all -- robust for few-label targets), or 'both' [both]: both
Components (attn / mlp / all) [all]: all
Algorithm [svd_data_approx]: svd_data_approx

Candidate-text sets available:
  bias_words, google_3498_english, image_descriptions_general, imagenet_descriptions_personal, imagenet_descriptions_personal_clean, laion, mscoco, top_1500_nouns_5_sentences_clean, top_1500_nouns_5_sentences_imagenet, top_1500_nouns_5_sentences_imagenet_bias_clean, top_1500_nouns_5_sentences_imagenet_clean, top_1500_nouns_clean, topics, visual_descriptions
Which text set labels the PCs? [top_1500_nouns_5_sentences_imagenet_clean]: top_1500_nouns_5_sentences_imagenet_clean
Image sets available to label the PCs: ['self', 'all', 'CIFAR100', 'binary_waterbirds', 'caltech', 'fairface', 'imagenet']
Which image set labels the PCs? ('self', 'all', or dataset name(s)) [imagenet]: imagenet
  [transfer] general fit dataset for the image tower (many samples; from ['CIFAR100', 'binary_waterbirds', 'caltech', 'fairface', 'imagenet']) [imagenet]: imagenet
  [transfer] general fit dataset for the text tower (many samples; from ['CIFAR100_classnames', 'binary_waterbirds_classnames', 'caltech_classnames', 'fairface_classnames', 'imagenet_classnames', 'top_1500_nouns_5_sentences_imagenet_bias_clean']) [top_1500_nouns_5_sentences_imagenet_bias_clean]: top_1500_nouns_5_sentences_imagenet_bias_clean
n_explanations = PCs per unit (integer, or 'auto' = up to 99% variance) [auto]: auto
num_of_last_layers to decompose ('all' or an integer) [all]: all
texts/images per principal component [10]: 10
probe image dataset for the text tower (needs its image embeddings) [imagenet]: imagenet
Which CUDA device? [cuda:0]: cuda:0
Keep the per-run .jsonl explanations? ('n' = only the .csv tables) [y]: y
Recompute runs whose .jsonl already exists? ('n' = skip existing, fill missing only) [y]: y
Wrote /home/virgilio/contrastive_learning/PCLens-spectral-explainability-in-CLIP-ViT-encoder/output_dir/activations_and_datasets_idxs_69/svd_data_approx_var99/parameters.jsonl

Plan: 6 model(s) x 64 (tower,dataset) run(s) -> /home/virgilio/contrastive_learning/PCLens-spectral-explainability-in-CLIP-ViT-encoder/output_dir/activations_and_datasets_idxs_69/svd_data_approx_var99
algorithm=svd_data_approx  component=all  textset=top_1500_nouns_5_sentences_imagenet_clean  n_explanations=var99
Proceed? [y]: y

======================================================================
[RN101 @ cuda:0] starting
======================================================================
[RN101 @ cuda:0] >> /home/virgilio/lib/minconda3/envs/MT/bin/python -m utils.scripts.compute_text_explanations --model RN101 --dataset CIFAR100 --components all --text_descriptions top_1500_nouns_5_sentences_imagenet_clean --text_dir /home/virgilio/contrastive_learning/PCLens-spectral-explainability-in-CLIP-ViT-encoder/utils/text_descriptions --algorithm svd_data_approx --num_of_last_layers 999 --text_per_princ_comp 10 --max_text 999 --seed 69 --device cuda:0 --image_set imagenet --input_dir /home/virgilio/contrastive_learning/PCLens-spectral-explainability-in-CLIP-ViT-encoder/output_dir/activations_and_datasets_idxs_69 --output_dir /home/virgilio/contrastive_learning/PCLens-spectral-explainability-in-CLIP-ViT-encoder/output_dir/activations_and_datasets_idxs_69 --out_file /home/virgilio/contrastive_learning/PCLens-spectral-explainability-in-CLIP-ViT-encoder/output_dir/activations_and_datasets_idxs_69/svd_data_approx_var99/CIFAR100_RN101_all_image.jsonl
[RN101 @ cuda:0] >> /home/virgilio/lib/minconda3/envs/MT/bin/python -m utils.scripts.compute_text_explanations --model RN101 --dataset binary_waterbirds --components all --text_descriptions top_1500_nouns_5_sentences_imagenet_clean --text_dir /home/virgilio/contrastive_learning/PCLens-spectral-explainability-in-CLIP-ViT-encoder/utils/text_descriptions --algorithm svd_data_approx --num_of_last_layers 999 --text_per_princ_comp 10 --max_text 999 --seed 69 --device cuda:0 --image_set imagenet --input_dir /home/virgilio/contrastive_learning/PCLens-spectral-explainability-in-CLIP-ViT-encoder/output_dir/activations_and_datasets_idxs_69 --output_dir /home/virgilio/contrastive_learning/PCLens-spectral-explainability-in-CLIP-ViT-encoder/output_dir/activations_and_datasets_idxs_69 --out_file /home/virgilio/contrastive_learning/PCLens-spectral-explainability-in-CLIP-ViT-encoder/output_dir/activations_and_datasets_idxs_69/svd_data_approx_var99/binary_waterbirds_RN101_all_image.jsonl
[RN101 @ cuda:0] >> /home/virgilio/lib/minconda3/envs/MT/bin/python -m utils.scripts.compute_text_explanations --model RN101 --dataset caltech --components all --text_descriptions top_1500_nouns_5_sentences_imagenet_clean --text_dir /home/virgilio/contrastive_learning/PCLens-spectral-explainability-in-CLIP-ViT-encoder/utils/text_descriptions --algorithm svd_data_approx --num_of_last_layers 999 --text_per_princ_comp 10 --max_text 999 --seed 69 --device cuda:0 --image_set imagenet --input_dir /home/virgilio/contrastive_learning/PCLens-spectral-explainability-in-CLIP-ViT-encoder/output_dir/activations_and_datasets_idxs_69 --output_dir /home/virgilio/contrastive_learning/PCLens-spectral-explainability-in-CLIP-ViT-encoder/output_dir/activations_and_datasets_idxs_69 --out_file /home/virgilio/contrastive_learning/PCLens-spectral-explainability-in-CLIP-ViT-encoder/output_dir/activations_and_datasets_idxs_69/svd_data_approx_var99/caltech_RN101_all_image.jsonl
[RN101 @ cuda:0] >> /home/virgilio/lib/minconda3/envs/MT/bin/python -m utils.scripts.compute_text_explanations --model RN101 --dataset fairface --components all --text_descriptions top_1500_nouns_5_sentences_imagenet_clean --text_dir /home/virgilio/contrastive_learning/PCLens-spectral-explainability-in-CLIP-ViT-encoder/utils/text_descriptions --algorithm svd_data_approx --num_of_last_layers 999 --text_per_princ_comp 10 --max_text 999 --seed 69 --device cuda:0 --image_set imagenet --input_dir /home/virgilio/contrastive_learning/PCLens-spectral-explainability-in-CLIP-ViT-encoder/output_dir/activations_and_datasets_idxs_69 --output_dir /home/virgilio/contrastive_learning/PCLens-spectral-explainability-in-CLIP-ViT-encoder/output_dir/activations_and_datasets_idxs_69 --out_file /home/virgilio/contrastive_learning/PCLens-spectral-explainability-in-CLIP-ViT-encoder/output_dir/activations_and_datasets_idxs_69/svd_data_approx_var99/fairface_RN101_all_image.jsonl
[RN101 @ cuda:0] >> /home/virgilio/lib/minconda3/envs/MT/bin/python -m utils.scripts.compute_text_explanations --model RN101 --dataset imagenet --components all --text_descriptions top_1500_nouns_5_sentences_imagenet_clean --text_dir /home/virgilio/contrastive_learning/PCLens-spectral-explainability-in-CLIP-ViT-encoder/utils/text_descriptions --algorithm svd_data_approx --num_of_last_layers 999 --text_per_princ_comp 10 --max_text 999 --seed 69 --device cuda:0 --image_set imagenet --input_dir /home/virgilio/contrastive_learning/PCLens-spectral-explainability-in-CLIP-ViT-encoder/output_dir/activations_and_datasets_idxs_69 --output_dir /home/virgilio/contrastive_learning/PCLens-spectral-explainability-in-CLIP-ViT-encoder/output_dir/activations_and_datasets_idxs_69 --out_file /home/virgilio/contrastive_learning/PCLens-spectral-explainability-in-CLIP-ViT-encoder/output_dir/activations_and_datasets_idxs_69/svd_data_approx_var99/imagenet_RN101_all_image.jsonl
Number of text layers: 12, heads: 8
Evaluating against target images: CIFAR100 (2000 images, 100 classes)
Probe modality: text (14686 probes, dim 512)
  [image_set] pool = imagenet (5000 images)

Layer [0], Head: 0

Layer [0], Head: 1

Layer [0], Head: 2

Layer [0], Head: 3

Layer [0], Head: 4

Layer [0], Head: 5

Layer [0], Head: 6

Layer [0], Head: 7

Layer [1], Head: 0

Layer [1], Head: 1

Layer [1], Head: 2

Layer [1], Head: 3

Layer [1], Head: 4

Layer [1], Head: 5

Layer [1], Head: 6

Layer [1], Head: 7

Layer [2], Head: 0

Layer [2], Head: 1

Layer [2], Head: 2

Layer [2], Head: 3

Layer [2], Head: 4

Layer [2], Head: 5

Layer [2], Head: 6

Layer [2], Head: 7

Layer [3], Head: 0

Layer [3], Head: 1

Layer [3], Head: 2

Layer [3], Head: 3

Layer [3], Head: 4

Layer [3], Head: 5

Layer [3], Head: 6

Layer [3], Head: 7

Layer [4], Head: 0

Layer [4], Head: 1

Layer [4], Head: 2

Layer [4], Head: 3

Layer [4], Head: 4

Layer [4], Head: 5

Layer [4], Head: 6

Layer [4], Head: 7

Layer [5], Head: 0

Layer [5], Head: 1

Layer [5], Head: 2

Layer [5], Head: 3

Layer [5], Head: 4

Layer [5], Head: 5

Layer [5], Head: 6

Layer [5], Head: 7

Layer [6], Head: 0

Layer [6], Head: 1

Layer [6], Head: 2

Layer [6], Head: 3

Layer [6], Head: 4

Layer [6], Head: 5

Layer [6], Head: 6

Layer [6], Head: 7

Layer [7], Head: 0

Layer [7], Head: 1

Layer [7], Head: 2

Layer [7], Head: 3

Layer [7], Head: 4

Layer [7], Head: 5

Layer [7], Head: 6

Layer [7], Head: 7

Layer [8], Head: 0

Layer [8], Head: 1

Layer [8], Head: 2

Layer [8], Head: 3

Layer [8], Head: 4

Layer [8], Head: 5

Layer [8], Head: 6

Layer [8], Head: 7

Layer [9], Head: 0

Layer [9], Head: 1

Layer [9], Head: 2

Layer [9], Head: 3

Layer [9], Head: 4

Layer [9], Head: 5

Layer [9], Head: 6

Layer [9], Head: 7

Layer [10], Head: 0

Layer [10], Head: 1

Layer [10], Head: 2

Layer [10], Head: 3

Layer [10], Head: 4

Layer [10], Head: 5

Layer [10], Head: 6

Layer [10], Head: 7

Layer [11], Head: 0

Layer [11], Head: 1

Layer [11], Head: 2

Layer [11], Head: 3

Layer [11], Head: 4

Layer [11], Head: 5

Layer [11], Head: 6

Layer [11], Head: 7

Layer [0], Head: -1

Layer [1], Head: -1

Layer [2], Head: -1

Layer [3], Head: -1

Layer [4], Head: -1

Layer [5], Head: -1

Layer [6], Head: -1

Layer [7], Head: -1

Layer [8], Head: -1

Layer [9], Head: -1

Layer [10], Head: -1

Layer [11], Head: -1

Layer [12], Head: -1

Layer [-1], Head: -1
Accuracy (image->label / label->image) -- model(full): 44.05/76.00  PC: 43.25/76.00  text_self: 43.25/75.00  text_ref: 43.65/75.00  image_self: 40.55/72.00  image_ref: 39.60/71.00
Wrote /home/virgilio/contrastive_learning/PCLens-spectral-explainability-in-CLIP-ViT-encoder/output_dir/activations_and_datasets_idxs_69/svd_data_approx_var99/CIFAR100_classnames_RN101_all_text.jsonl
Number of text layers: 12, heads: 8
Evaluating against target images: binary_waterbirds (2000 images, 2 classes)
Probe modality: text (14686 probes, dim 512)
  [image_set] pool = imagenet (5000 images)

Layer [0], Head: 0

Layer [0], Head: 1

Layer [0], Head: 2

Layer [0], Head: 3

Layer [0], Head: 4

Layer [0], Head: 5

Layer [0], Head: 6

Layer [0], Head: 7

Layer [1], Head: 0

Layer [1], Head: 1

Layer [1], Head: 2

Layer [1], Head: 3

Layer [1], Head: 4

Layer [1], Head: 5

Layer [1], Head: 6

Layer [1], Head: 7

Layer [2], Head: 0

Layer [2], Head: 1

Layer [2], Head: 2

Layer [2], Head: 3

Layer [2], Head: 4

Layer [2], Head: 5

Layer [2], Head: 6

Layer [2], Head: 7

Layer [3], Head: 0

Layer [3], Head: 1

Layer [3], Head: 2

Layer [3], Head: 3

Layer [3], Head: 4

Layer [3], Head: 5

Layer [3], Head: 6

Layer [3], Head: 7

Layer [4], Head: 0

Layer [4], Head: 1

Layer [4], Head: 2

Layer [4], Head: 3

Layer [4], Head: 4

Layer [4], Head: 5

Layer [4], Head: 6

Layer [4], Head: 7

Layer [5], Head: 0

Layer [5], Head: 1

Layer [5], Head: 2

Layer [5], Head: 3

Layer [5], Head: 4

Layer [5], Head: 5

Layer [5], Head: 6

Layer [5], Head: 7

Layer [6], Head: 0

Layer [6], Head: 1

Layer [6], Head: 2

Layer [6], Head: 3

Layer [6], Head: 4

Layer [6], Head: 5

Layer [6], Head: 6

Layer [6], Head: 7

Layer [7], Head: 0

Layer [7], Head: 1

Layer [7], Head: 2

Layer [7], Head: 3

Layer [7], Head: 4

Layer [7], Head: 5

Layer [7], Head: 6

Layer [7], Head: 7

Layer [8], Head: 0

Layer [8], Head: 1

Layer [8], Head: 2

Layer [8], Head: 3

Layer [8], Head: 4

Layer [8], Head: 5

Layer [8], Head: 6

Layer [8], Head: 7

Layer [9], Head: 0

Layer [9], Head: 1

Layer [9], Head: 2

Layer [9], Head: 3

Layer [9], Head: 4

Layer [9], Head: 5

Layer [9], Head: 6

Layer [9], Head: 7

Layer [10], Head: 0

Layer [10], Head: 1

Layer [10], Head: 2

Layer [10], Head: 3

Layer [10], Head: 4

Layer [10], Head: 5

Layer [10], Head: 6

Layer [10], Head: 7

Layer [11], Head: 0

Layer [11], Head: 1

Layer [11], Head: 2

Layer [11], Head: 3

Layer [11], Head: 4

Layer [11], Head: 5

Layer [11], Head: 6

Layer [11], Head: 7

Layer [0], Head: -1

Layer [1], Head: -1

Layer [2], Head: -1

Layer [3], Head: -1

Layer [4], Head: -1

Layer [5], Head: -1

Layer [6], Head: -1

Layer [7], Head: -1

Layer [8], Head: -1

Layer [9], Head: -1

Layer [10], Head: -1

Layer [11], Head: -1

Layer [12], Head: -1

Layer [-1], Head: -1
Accuracy (image->label / label->image) -- model(full): 61.45/100.00  PC: 61.45/100.00  text_self: 61.45/100.00  text_ref: 61.45/100.00  image_self: 61.45/100.00  image_ref: 61.45/100.00
Wrote /home/virgilio/contrastive_learning/PCLens-spectral-explainability-in-CLIP-ViT-encoder/output_dir/activations_and_datasets_idxs_69/svd_data_approx_var99/binary_waterbirds_classnames_RN101_all_text.jsonl
Number of text layers: 12, heads: 8
Evaluating against target images: caltech (2020 images, 99 classes)
Probe modality: text (14686 probes, dim 512)
  [image_set] pool = imagenet (5000 images)

Layer [0], Head: 0

Layer [0], Head: 1

Layer [0], Head: 2

Layer [0], Head: 3

Layer [0], Head: 4

Layer [0], Head: 5

Layer [0], Head: 6

Layer [0], Head: 7

Layer [1], Head: 0

Layer [1], Head: 1

Layer [1], Head: 2

Layer [1], Head: 3

Layer [1], Head: 4

Layer [1], Head: 5

Layer [1], Head: 6

Layer [1], Head: 7

Layer [2], Head: 0

Layer [2], Head: 1

Layer [2], Head: 2

Layer [2], Head: 3

Layer [2], Head: 4

Layer [2], Head: 5

Layer [2], Head: 6

Layer [2], Head: 7

Layer [3], Head: 0

Layer [3], Head: 1

Layer [3], Head: 2

Layer [3], Head: 3

Layer [3], Head: 4

Layer [3], Head: 5

Layer [3], Head: 6

Layer [3], Head: 7

Layer [4], Head: 0

Layer [4], Head: 1

Layer [4], Head: 2

Layer [4], Head: 3

Layer [4], Head: 4

Layer [4], Head: 5

Layer [4], Head: 6

Layer [4], Head: 7

Layer [5], Head: 0

Layer [5], Head: 1

Layer [5], Head: 2

Layer [5], Head: 3

Layer [5], Head: 4

Layer [5], Head: 5

Layer [5], Head: 6

Layer [5], Head: 7

Layer [6], Head: 0

Layer [6], Head: 1

Layer [6], Head: 2

Layer [6], Head: 3

Layer [6], Head: 4

Layer [6], Head: 5

Layer [6], Head: 6

Layer [6], Head: 7

Layer [7], Head: 0

Layer [7], Head: 1

Layer [7], Head: 2

Layer [7], Head: 3

Layer [7], Head: 4

Layer [7], Head: 5

Layer [7], Head: 6

Layer [7], Head: 7

Layer [8], Head: 0

Layer [8], Head: 1

Layer [8], Head: 2

Layer [8], Head: 3

Layer [8], Head: 4

Layer [8], Head: 5

Layer [8], Head: 6

Layer [8], Head: 7

Layer [9], Head: 0

Layer [9], Head: 1

Layer [9], Head: 2

Layer [9], Head: 3

Layer [9], Head: 4

Layer [9], Head: 5

Layer [9], Head: 6

Layer [9], Head: 7

Layer [10], Head: 0

Layer [10], Head: 1

Layer [10], Head: 2

Layer [10], Head: 3

Layer [10], Head: 4

Layer [10], Head: 5

Layer [10], Head: 6

Layer [10], Head: 7

Layer [11], Head: 0

Layer [11], Head: 1

Layer [11], Head: 2

Layer [11], Head: 3

Layer [11], Head: 4

Layer [11], Head: 5

Layer [11], Head: 6

Layer [11], Head: 7

Layer [0], Head: -1

Layer [1], Head: -1

Layer [2], Head: -1

Layer [3], Head: -1

Layer [4], Head: -1

Layer [5], Head: -1

Layer [6], Head: -1

Layer [7], Head: -1

Layer [8], Head: -1

Layer [9], Head: -1

Layer [10], Head: -1

Layer [11], Head: -1

Layer [12], Head: -1

Layer [-1], Head: -1
Accuracy (image->label / label->image) -- model(full): 80.50/89.90  PC: 80.00/89.90  text_self: 80.84/86.87  text_ref: 79.36/89.90  image_self: 78.91/89.90  image_ref: 77.97/88.89
Wrote /home/virgilio/contrastive_learning/PCLens-spectral-explainability-in-CLIP-ViT-encoder/output_dir/activations_and_datasets_idxs_69/svd_data_approx_var99/caltech_classnames_RN101_all_text.jsonl
Number of text layers: 12, heads: 8
Evaluating against target images: imagenet (5000 images, 1000 classes)
Probe modality: text (14686 probes, dim 512)
  [image_set] pool = imagenet (5000 images)

Layer [0], Head: 0

Layer [0], Head: 1

Layer [0], Head: 2

Layer [0], Head: 3

Layer [0], Head: 4

Layer [0], Head: 5

Layer [0], Head: 6

Layer [0], Head: 7

Layer [1], Head: 0

Layer [1], Head: 1

Layer [1], Head: 2

Layer [1], Head: 3

Layer [1], Head: 4

Layer [1], Head: 5

Layer [1], Head: 6

Layer [1], Head: 7

Layer [2], Head: 0

Layer [2], Head: 1

Layer [2], Head: 2

Layer [2], Head: 3

Layer [2], Head: 4

Layer [2], Head: 5

Layer [2], Head: 6

Layer [2], Head: 7

Layer [3], Head: 0

Layer [3], Head: 1

Layer [3], Head: 2

Layer [3], Head: 3

Layer [3], Head: 4

Layer [3], Head: 5

Layer [3], Head: 6

Layer [3], Head: 7

Layer [4], Head: 0

Layer [4], Head: 1

Layer [4], Head: 2

Layer [4], Head: 3

Layer [4], Head: 4

Layer [4], Head: 5

Layer [4], Head: 6

Layer [4], Head: 7

Layer [5], Head: 0

Layer [5], Head: 1

Layer [5], Head: 2

Layer [5], Head: 3

Layer [5], Head: 4

Layer [5], Head: 5

Layer [5], Head: 6

Layer [5], Head: 7

Layer [6], Head: 0

Layer [6], Head: 1

Layer [6], Head: 2

Layer [6], Head: 3

Layer [6], Head: 4

Layer [6], Head: 5

Layer [6], Head: 6

Layer [6], Head: 7

Layer [7], Head: 0

Layer [7], Head: 1

Layer [7], Head: 2

Layer [7], Head: 3

Layer [7], Head: 4

Layer [7], Head: 5

Layer [7], Head: 6

Layer [7], Head: 7

Layer [8], Head: 0

Layer [8], Head: 1

Layer [8], Head: 2

Layer [8], Head: 3

Layer [8], Head: 4

Layer [8], Head: 5

Layer [8], Head: 6

Layer [8], Head: 7

Layer [9], Head: 0

Layer [9], Head: 1

Layer [9], Head: 2

Layer [9], Head: 3

Layer [9], Head: 4

Layer [9], Head: 5

Layer [9], Head: 6

Layer [9], Head: 7

Layer [10], Head: 0

Layer [10], Head: 1

Layer [10], Head: 2

Layer [10], Head: 3

Layer [10], Head: 4

Layer [10], Head: 5

Layer [10], Head: 6

Layer [10], Head: 7

Layer [11], Head: 0

Layer [11], Head: 1

Layer [11], Head: 2

Layer [11], Head: 3

Layer [11], Head: 4

Layer [11], Head: 5

Layer [11], Head: 6

Layer [11], Head: 7

Layer [0], Head: -1

Layer [1], Head: -1

Layer [2], Head: -1

Layer [3], Head: -1

Layer [4], Head: -1

Layer [5], Head: -1

Layer [6], Head: -1

Layer [7], Head: -1

Layer [8], Head: -1

Layer [9], Head: -1

Layer [10], Head: -1

Layer [11], Head: -1

Layer [12], Head: -1

Layer [-1], Head: -1
Accuracy (image->label / label->image) -- model(full): 57.92/70.60  PC: 54.76/70.80  text_self: 54.42/70.00  text_ref: 54.78/70.30  image_self: 52.96/70.50  image_ref: 52.96/70.50
Wrote /home/virgilio/contrastive_learning/PCLens-spectral-explainability-in-CLIP-ViT-encoder/output_dir/activations_and_datasets_idxs_69/svd_data_approx_var99/imagenet_classnames_RN101_all_text.jsonl
Number of layers: 17
  [image_set] pool = imagenet (5000 images)

Layer [0], Head: 0

Layer [0], Head: 1

Layer [0], Head: 2

Layer [0], Head: 3

Layer [0], Head: 4

Layer [0], Head: 5

Layer [0], Head: 6

Layer [0], Head: 7

Layer [0], Head: 8

Layer [0], Head: 9

Layer [0], Head: 10

Layer [0], Head: 11

Layer [0], Head: 12

Layer [0], Head: 13

Layer [0], Head: 14

Layer [0], Head: 15

Layer [0], Head: 16

Layer [0], Head: 17

Layer [0], Head: 18

Layer [0], Head: 19

Layer [0], Head: 20

Layer [0], Head: 21

Layer [0], Head: 22

Layer [0], Head: 23

Layer [0], Head: 24

Layer [0], Head: 25

Layer [0], Head: 26

Layer [0], Head: 27

Layer [0], Head: 28

Layer [0], Head: 29

Layer [0], Head: 30

Layer [0], Head: 31

Layer [1], Head: 0

Layer [1], Head: 1

Layer [1], Head: 2

Layer [1], Head: 3

Layer [1], Head: 4

Layer [1], Head: 5

Layer [1], Head: 6

Layer [1], Head: 7

Layer [1], Head: 8

Layer [1], Head: 9

Layer [1], Head: 10

Layer [1], Head: 11

Layer [1], Head: 12

Layer [1], Head: 13

Layer [1], Head: 14

Layer [1], Head: 15

Layer [1], Head: 16

Layer [1], Head: 17

Layer [1], Head: 18

Layer [1], Head: 19

Layer [1], Head: 20

Layer [1], Head: 21

Layer [1], Head: 22

Layer [1], Head: 23

Layer [1], Head: 24

Layer [1], Head: 25

Layer [1], Head: 26

Layer [1], Head: 27

Layer [1], Head: 28

Layer [1], Head: 29

Layer [1], Head: 30

Layer [1], Head: 31

Layer [2], Head: 0

Layer [2], Head: 1

Layer [2], Head: 2

Layer [2], Head: 3

Layer [2], Head: 4

Layer [2], Head: 5

Layer [2], Head: 6

Layer [2], Head: 7

Layer [2], Head: 8

Layer [2], Head: 9

Layer [2], Head: 10

Layer [2], Head: 11

Layer [2], Head: 12

Layer [2], Head: 13

Layer [2], Head: 14

Layer [2], Head: 15

Layer [2], Head: 16

Layer [2], Head: 17

Layer [2], Head: 18

Layer [2], Head: 19

Layer [2], Head: 20

Layer [2], Head: 21

Layer [2], Head: 22

Layer [2], Head: 23

Layer [2], Head: 24

Layer [2], Head: 25

Layer [2], Head: 26

Layer [2], Head: 27

Layer [2], Head: 28

Layer [2], Head: 29

Layer [2], Head: 30

Layer [2], Head: 31

Layer [3], Head: 0

Layer [3], Head: 1

Layer [3], Head: 2

Layer [3], Head: 3

Layer [3], Head: 4

Layer [3], Head: 5

Layer [3], Head: 6

Layer [3], Head: 7

Layer [3], Head: 8

Layer [3], Head: 9

Layer [3], Head: 10

Layer [3], Head: 11

Layer [3], Head: 12

Layer [3], Head: 13

Layer [3], Head: 14

Layer [3], Head: 15

Layer [3], Head: 16

Layer [3], Head: 17

Layer [3], Head: 18

Layer [3], Head: 19

Layer [3], Head: 20

Layer [3], Head: 21

Layer [3], Head: 22

Layer [3], Head: 23

Layer [3], Head: 24

Layer [3], Head: 25

Layer [3], Head: 26

Layer [3], Head: 27

Layer [3], Head: 28

Layer [3], Head: 29

Layer [3], Head: 30

Layer [3], Head: 31

Layer [4], Head: 0

Layer [4], Head: 1

Layer [4], Head: 2

Layer [4], Head: 3

Layer [4], Head: 4

Layer [4], Head: 5

Layer [4], Head: 6

Layer [4], Head: 7

Layer [4], Head: 8

Layer [4], Head: 9

Layer [4], Head: 10

Layer [4], Head: 11

Layer [4], Head: 12

Layer [4], Head: 13

Layer [4], Head: 14

Layer [4], Head: 15

Layer [4], Head: 16

Layer [4], Head: 17

Layer [4], Head: 18

Layer [4], Head: 19

Layer [4], Head: 20

Layer [4], Head: 21

Layer [4], Head: 22

Layer [4], Head: 23

Layer [4], Head: 24

Layer [4], Head: 25

Layer [4], Head: 26

Layer [4], Head: 27

Layer [4], Head: 28

Layer [4], Head: 29

Layer [4], Head: 30

Layer [4], Head: 31

Layer [5], Head: 0

Layer [5], Head: 1

Layer [5], Head: 2

Layer [5], Head: 3

Layer [5], Head: 4

Layer [5], Head: 5

Layer [5], Head: 6

Layer [5], Head: 7

Layer [5], Head: 8

Layer [5], Head: 9

Layer [5], Head: 10

Layer [5], Head: 11

Layer [5], Head: 12

Layer [5], Head: 13

Layer [5], Head: 14

Layer [5], Head: 15

Layer [5], Head: 16

Layer [5], Head: 17

Layer [5], Head: 18

Layer [5], Head: 19

Layer [5], Head: 20

Layer [5], Head: 21

Layer [5], Head: 22

Layer [5], Head: 23

Layer [5], Head: 24

Layer [5], Head: 25

Layer [5], Head: 26

Layer [5], Head: 27

Layer [5], Head: 28

Layer [5], Head: 29

Layer [5], Head: 30

Layer [5], Head: 31

Layer [6], Head: 0

Layer [6], Head: 1

Layer [6], Head: 2

Layer [6], Head: 3

Layer [6], Head: 4

Layer [6], Head: 5

Layer [6], Head: 6

Layer [6], Head: 7

Layer [6], Head: 8

Layer [6], Head: 9

Layer [6], Head: 10

Layer [6], Head: 11

Layer [6], Head: 12

Layer [6], Head: 13

Layer [6], Head: 14

Layer [6], Head: 15

Layer [6], Head: 16

Layer [6], Head: 17

Layer [6], Head: 18

Layer [6], Head: 19

Layer [6], Head: 20

Layer [6], Head: 21

Layer [6], Head: 22

Layer [6], Head: 23

Layer [6], Head: 24

Layer [6], Head: 25

Layer [6], Head: 26

Layer [6], Head: 27

Layer [6], Head: 28

Layer [6], Head: 29

Layer [6], Head: 30

Layer [6], Head: 31

Layer [7], Head: 0

Layer [7], Head: 1

Layer [7], Head: 2

Layer [7], Head: 3

Layer [7], Head: 4

Layer [7], Head: 5

Layer [7], Head: 6

Layer [7], Head: 7

Layer [7], Head: 8

Layer [7], Head: 9

Layer [7], Head: 10

Layer [7], Head: 11

Layer [7], Head: 12

Layer [7], Head: 13

Layer [7], Head: 14

Layer [7], Head: 15

Layer [7], Head: 16

Layer [7], Head: 17

Layer [7], Head: 18

Layer [7], Head: 19

Layer [7], Head: 20

Layer [7], Head: 21

Layer [7], Head: 22

Layer [7], Head: 23

Layer [7], Head: 24

Layer [7], Head: 25

Layer [7], Head: 26

Layer [7], Head: 27

Layer [7], Head: 28

Layer [7], Head: 29

Layer [7], Head: 30

Layer [7], Head: 31

Layer [8], Head: 0

Layer [8], Head: 1

Layer [8], Head: 2

Layer [8], Head: 3

Layer [8], Head: 4

Layer [8], Head: 5

Layer [8], Head: 6

Layer [8], Head: 7

Layer [8], Head: 8

Layer [8], Head: 9

Layer [8], Head: 10

Layer [8], Head: 11

Layer [8], Head: 12

Layer [8], Head: 13

Layer [8], Head: 14

Layer [8], Head: 15

Layer [8], Head: 16

Layer [8], Head: 17

Layer [8], Head: 18

Layer [8], Head: 19

Layer [8], Head: 20

Layer [8], Head: 21

Layer [8], Head: 22

Layer [8], Head: 23

Layer [8], Head: 24

Layer [8], Head: 25

Layer [8], Head: 26

Layer [8], Head: 27

Layer [8], Head: 28

Layer [8], Head: 29

Layer [8], Head: 30

Layer [8], Head: 31

Layer [9], Head: 0

Layer [9], Head: 1

Layer [9], Head: 2

Layer [9], Head: 3

Layer [9], Head: 4

Layer [9], Head: 5

Layer [9], Head: 6

Layer [9], Head: 7

Layer [9], Head: 8

Layer [9], Head: 9

Layer [9], Head: 10

Layer [9], Head: 11

Layer [9], Head: 12

Layer [9], Head: 13

Layer [9], Head: 14

Layer [9], Head: 15

Layer [9], Head: 16

Layer [9], Head: 17

Layer [9], Head: 18

Layer [9], Head: 19

Layer [9], Head: 20

Layer [9], Head: 21

Layer [9], Head: 22

Layer [9], Head: 23

Layer [9], Head: 24

Layer [9], Head: 25

Layer [9], Head: 26

Layer [9], Head: 27

Layer [9], Head: 28

Layer [9], Head: 29

Layer [9], Head: 30

Layer [9], Head: 31

Layer [10], Head: 0

Layer [10], Head: 1

Layer [10], Head: 2

Layer [10], Head: 3

Layer [10], Head: 4

Layer [10], Head: 5

Layer [10], Head: 6

Layer [10], Head: 7

Layer [10], Head: 8

Layer [10], Head: 9

Layer [10], Head: 10

Layer [10], Head: 11

Layer [10], Head: 12

Layer [10], Head: 13

Layer [10], Head: 14

Layer [10], Head: 15

Layer [10], Head: 16

Layer [10], Head: 17

Layer [10], Head: 18

Layer [10], Head: 19

Layer [10], Head: 20

Layer [10], Head: 21

Layer [10], Head: 22

Layer [10], Head: 23

Layer [10], Head: 24

Layer [10], Head: 25

Layer [10], Head: 26

Layer [10], Head: 27

Layer [10], Head: 28

Layer [10], Head: 29

Layer [10], Head: 30

Layer [10], Head: 31

Layer [11], Head: 0

Layer [11], Head: 1

Layer [11], Head: 2

Layer [11], Head: 3

Layer [11], Head: 4

Layer [11], Head: 5

Layer [11], Head: 6

Layer [11], Head: 7

Layer [11], Head: 8

Layer [11], Head: 9

Layer [11], Head: 10

Layer [11], Head: 11

Layer [11], Head: 12

Layer [11], Head: 13

Layer [11], Head: 14

Layer [11], Head: 15

Layer [11], Head: 16

Layer [11], Head: 17

Layer [11], Head: 18

Layer [11], Head: 19

Layer [11], Head: 20

Layer [11], Head: 21

Layer [11], Head: 22

Layer [11], Head: 23

Layer [11], Head: 24

Layer [11], Head: 25

Layer [11], Head: 26

Layer [11], Head: 27

Layer [11], Head: 28

Layer [11], Head: 29

Layer [11], Head: 30

Layer [11], Head: 31

Layer [12], Head: 0

Layer [12], Head: 1

Layer [12], Head: 2

Layer [12], Head: 3

Layer [12], Head: 4

Layer [12], Head: 5

Layer [12], Head: 6

Layer [12], Head: 7

Layer [12], Head: 8

Layer [12], Head: 9

Layer [12], Head: 10

Layer [12], Head: 11

Layer [12], Head: 12

Layer [12], Head: 13

Layer [12], Head: 14

Layer [12], Head: 15

Layer [12], Head: 16

Layer [12], Head: 17

Layer [12], Head: 18

Layer [12], Head: 19

Layer [12], Head: 20

Layer [12], Head: 21

Layer [12], Head: 22

Layer [12], Head: 23

Layer [12], Head: 24

Layer [12], Head: 25

Layer [12], Head: 26

Layer [12], Head: 27

Layer [12], Head: 28

Layer [12], Head: 29

Layer [12], Head: 30

Layer [12], Head: 31

Layer [13], Head: 0

Layer [13], Head: 1

Layer [13], Head: 2

Layer [13], Head: 3

Layer [13], Head: 4

Layer [13], Head: 5

Layer [13], Head: 6

Layer [13], Head: 7

Layer [13], Head: 8

Layer [13], Head: 9

Layer [13], Head: 10

Layer [13], Head: 11

Layer [13], Head: 12

Layer [13], Head: 13

Layer [13], Head: 14

Layer [13], Head: 15

Layer [13], Head: 16

Layer [13], Head: 17

Layer [13], Head: 18

Layer [13], Head: 19

Layer [13], Head: 20

Layer [13], Head: 21

Layer [13], Head: 22

Layer [13], Head: 23

Layer [13], Head: 24

Layer [13], Head: 25

Layer [13], Head: 26

Layer [13], Head: 27

Layer [13], Head: 28

Layer [13], Head: 29

Layer [13], Head: 30

Layer [13], Head: 31

Layer [14], Head: 0

Layer [14], Head: 1

Layer [14], Head: 2

Layer [14], Head: 3

Layer [14], Head: 4

Layer [14], Head: 5

Layer [14], Head: 6

Layer [14], Head: 7

Layer [14], Head: 8

Layer [14], Head: 9

Layer [14], Head: 10

Layer [14], Head: 11

Layer [14], Head: 12

Layer [14], Head: 13

Layer [14], Head: 14

Layer [14], Head: 15

Layer [14], Head: 16

Layer [14], Head: 17

Layer [14], Head: 18

Layer [14], Head: 19

Layer [14], Head: 20

Layer [14], Head: 21

Layer [14], Head: 22

Layer [14], Head: 23

Layer [14], Head: 24

Layer [14], Head: 25

Layer [14], Head: 26

Layer [14], Head: 27

Layer [14], Head: 28

Layer [14], Head: 29

Layer [14], Head: 30

Layer [14], Head: 31

Layer [15], Head: 0

Layer [15], Head: 1

Layer [15], Head: 2

Layer [15], Head: 3

Layer [15], Head: 4

Layer [15], Head: 5

Layer [15], Head: 6

Layer [15], Head: 7

Layer [15], Head: 8

Layer [15], Head: 9

Layer [15], Head: 10

Layer [15], Head: 11

Layer [15], Head: 12

Layer [15], Head: 13

Layer [15], Head: 14

Layer [15], Head: 15

Layer [15], Head: 16

Layer [15], Head: 17

Layer [15], Head: 18

Layer [15], Head: 19

Layer [15], Head: 20

Layer [15], Head: 21

Layer [15], Head: 22

Layer [15], Head: 23

Layer [15], Head: 24

Layer [15], Head: 25

Layer [15], Head: 26

Layer [15], Head: 27

Layer [15], Head: 28

Layer [15], Head: 29

Layer [15], Head: 30

Layer [15], Head: 31

Layer [16], Head: 0

Layer [16], Head: 1

Layer [16], Head: 2

Layer [16], Head: 3

Layer [16], Head: 4

Layer [16], Head: 5

Layer [16], Head: 6

Layer [16], Head: 7

Layer [16], Head: 8

Layer [16], Head: 9

Layer [16], Head: 10

Layer [16], Head: 11

Layer [16], Head: 12

Layer [16], Head: 13

Layer [16], Head: 14

Layer [16], Head: 15

Layer [16], Head: 16

Layer [16], Head: 17

Layer [16], Head: 18

Layer [16], Head: 19

Layer [16], Head: 20

Layer [16], Head: 21

Layer [16], Head: 22

Layer [16], Head: 23

Layer [16], Head: 24

Layer [16], Head: 25

Layer [16], Head: 26

Layer [16], Head: 27

Layer [16], Head: 28

Layer [16], Head: 29

Layer [16], Head: 30

Layer [16], Head: 31

Layer [0], Head: -1

Layer [-1], Head: -1
Accuracy (image->label / label->image) -- model(full): 44.10/67.00  PC: 44.05/63.00  text_self: 35.05/57.00  text_ref: 41.25/68.00  image_self: 40.45/62.00  image_ref: 42.05/63.00
Number of layers: 17
  [image_set] pool = imagenet (5000 images)

Layer [0], Head: 0

Layer [0], Head: 1

Layer [0], Head: 2

Layer [0], Head: 3

Layer [0], Head: 4

Layer [0], Head: 5

Layer [0], Head: 6

Layer [0], Head: 7

Layer [0], Head: 8

Layer [0], Head: 9

Layer [0], Head: 10

Layer [0], Head: 11

Layer [0], Head: 12

Layer [0], Head: 13

Layer [0], Head: 14

Layer [0], Head: 15

Layer [0], Head: 16

Layer [0], Head: 17

Layer [0], Head: 18

Layer [0], Head: 19

Layer [0], Head: 20

Layer [0], Head: 21

Layer [0], Head: 22

Layer [0], Head: 23

Layer [0], Head: 24

Layer [0], Head: 25

Layer [0], Head: 26

Layer [0], Head: 27

Layer [0], Head: 28

Layer [0], Head: 29

Layer [0], Head: 30

Layer [0], Head: 31

Layer [1], Head: 0

Layer [1], Head: 1

Layer [1], Head: 2

Layer [1], Head: 3

Layer [1], Head: 4

Layer [1], Head: 5

Layer [1], Head: 6

Layer [1], Head: 7

Layer [1], Head: 8

Layer [1], Head: 9

Layer [1], Head: 10

Layer [1], Head: 11

Layer [1], Head: 12

Layer [1], Head: 13

Layer [1], Head: 14

Layer [1], Head: 15

Layer [1], Head: 16

Layer [1], Head: 17

Layer [1], Head: 18

Layer [1], Head: 19

Layer [1], Head: 20

Layer [1], Head: 21

Layer [1], Head: 22

Layer [1], Head: 23

Layer [1], Head: 24

Layer [1], Head: 25

Layer [1], Head: 26

Layer [1], Head: 27

Layer [1], Head: 28

Layer [1], Head: 29

Layer [1], Head: 30

Layer [1], Head: 31

Layer [2], Head: 0

Layer [2], Head: 1

Layer [2], Head: 2

Layer [2], Head: 3

Layer [2], Head: 4

Layer [2], Head: 5

Layer [2], Head: 6

Layer [2], Head: 7

Layer [2], Head: 8

Layer [2], Head: 9

Layer [2], Head: 10

Layer [2], Head: 11

Layer [2], Head: 12

Layer [2], Head: 13

Layer [2], Head: 14

Layer [2], Head: 15

Layer [2], Head: 16

Layer [2], Head: 17

Layer [2], Head: 18

Layer [2], Head: 19

Layer [2], Head: 20

Layer [2], Head: 21

Layer [2], Head: 22

Layer [2], Head: 23

Layer [2], Head: 24

Layer [2], Head: 25

Layer [2], Head: 26

Layer [2], Head: 27

Layer [2], Head: 28

Layer [2], Head: 29

Layer [2], Head: 30

Layer [2], Head: 31

Layer [3], Head: 0

Layer [3], Head: 1

Layer [3], Head: 2

Layer [3], Head: 3

Layer [3], Head: 4

Layer [3], Head: 5

Layer [3], Head: 6

Layer [3], Head: 7

Layer [3], Head: 8

Layer [3], Head: 9

Layer [3], Head: 10

Layer [3], Head: 11

Layer [3], Head: 12

Layer [3], Head: 13

Layer [3], Head: 14

Layer [3], Head: 15

Layer [3], Head: 16

Layer [3], Head: 17

Layer [3], Head: 18

Layer [3], Head: 19

Layer [3], Head: 20

Layer [3], Head: 21

Layer [3], Head: 22

Layer [3], Head: 23

Layer [3], Head: 24

Layer [3], Head: 25

Layer [3], Head: 26

Layer [3], Head: 27

Layer [3], Head: 28

Layer [3], Head: 29

Layer [3], Head: 30

Layer [3], Head: 31

Layer [4], Head: 0

Layer [4], Head: 1

Layer [4], Head: 2

Layer [4], Head: 3

Layer [4], Head: 4

Layer [4], Head: 5

Layer [4], Head: 6

Layer [4], Head: 7

Layer [4], Head: 8

Layer [4], Head: 9

Layer [4], Head: 10

Layer [4], Head: 11

Layer [4], Head: 12

Layer [4], Head: 13

Layer [4], Head: 14

Layer [4], Head: 15

Layer [4], Head: 16

Layer [4], Head: 17

Layer [4], Head: 18

Layer [4], Head: 19

Layer [4], Head: 20

Layer [4], Head: 21

Layer [4], Head: 22

Layer [4], Head: 23

Layer [4], Head: 24

Layer [4], Head: 25

Layer [4], Head: 26

Layer [4], Head: 27

Layer [4], Head: 28

Layer [4], Head: 29

Layer [4], Head: 30

Layer [4], Head: 31

Layer [5], Head: 0

Layer [5], Head: 1

Layer [5], Head: 2

Layer [5], Head: 3

Layer [5], Head: 4

Layer [5], Head: 5

Layer [5], Head: 6

Layer [5], Head: 7

Layer [5], Head: 8

Layer [5], Head: 9

Layer [5], Head: 10

Layer [5], Head: 11

Layer [5], Head: 12

Layer [5], Head: 13

Layer [5], Head: 14

Layer [5], Head: 15

Layer [5], Head: 16

Layer [5], Head: 17

Layer [5], Head: 18

Layer [5], Head: 19

Layer [5], Head: 20

Layer [5], Head: 21

Layer [5], Head: 22

Layer [5], Head: 23

Layer [5], Head: 24

Layer [5], Head: 25

Layer [5], Head: 26

Layer [5], Head: 27

Layer [5], Head: 28

Layer [5], Head: 29

Layer [5], Head: 30

Layer [5], Head: 31

Layer [6], Head: 0

Layer [6], Head: 1

Layer [6], Head: 2

Layer [6], Head: 3

Layer [6], Head: 4

Layer [6], Head: 5

Layer [6], Head: 6

Layer [6], Head: 7

Layer [6], Head: 8

Layer [6], Head: 9

Layer [6], Head: 10

Layer [6], Head: 11

Layer [6], Head: 12

Layer [6], Head: 13

Layer [6], Head: 14

Layer [6], Head: 15

Layer [6], Head: 16

Layer [6], Head: 17

Layer [6], Head: 18

Layer [6], Head: 19

Layer [6], Head: 20

Layer [6], Head: 21

Layer [6], Head: 22

Layer [6], Head: 23

Layer [6], Head: 24

Layer [6], Head: 25

Layer [6], Head: 26

Layer [6], Head: 27

Layer [6], Head: 28

Layer [6], Head: 29

Layer [6], Head: 30

Layer [6], Head: 31

Layer [7], Head: 0

Layer [7], Head: 1

Layer [7], Head: 2

Layer [7], Head: 3

Layer [7], Head: 4

Layer [7], Head: 5

Layer [7], Head: 6

Layer [7], Head: 7

Layer [7], Head: 8

Layer [7], Head: 9

Layer [7], Head: 10

Layer [7], Head: 11

Layer [7], Head: 12

Layer [7], Head: 13

Layer [7], Head: 14

Layer [7], Head: 15

Layer [7], Head: 16

Layer [7], Head: 17

Layer [7], Head: 18

Layer [7], Head: 19

Layer [7], Head: 20

Layer [7], Head: 21

Layer [7], Head: 22

Layer [7], Head: 23

Layer [7], Head: 24

Layer [7], Head: 25

Layer [7], Head: 26

Layer [7], Head: 27

Layer [7], Head: 28

Layer [7], Head: 29

Layer [7], Head: 30

Layer [7], Head: 31

Layer [8], Head: 0

Layer [8], Head: 1

Layer [8], Head: 2

Layer [8], Head: 3

Layer [8], Head: 4

Layer [8], Head: 5

Layer [8], Head: 6

Layer [8], Head: 7

Layer [8], Head: 8

Layer [8], Head: 9

Layer [8], Head: 10

Layer [8], Head: 11

Layer [8], Head: 12

Layer [8], Head: 13

Layer [8], Head: 14

Layer [8], Head: 15

Layer [8], Head: 16

Layer [8], Head: 17

Layer [8], Head: 18

Layer [8], Head: 19

Layer [8], Head: 20

Layer [8], Head: 21

Layer [8], Head: 22

Layer [8], Head: 23

Layer [8], Head: 24

Layer [8], Head: 25

Layer [8], Head: 26

Layer [8], Head: 27

Layer [8], Head: 28

Layer [8], Head: 29

Layer [8], Head: 30

Layer [8], Head: 31

Layer [9], Head: 0

Layer [9], Head: 1

Layer [9], Head: 2

Layer [9], Head: 3

Layer [9], Head: 4

Layer [9], Head: 5

Layer [9], Head: 6

Layer [9], Head: 7

Layer [9], Head: 8

Layer [9], Head: 9

Layer [9], Head: 10

Layer [9], Head: 11

Layer [9], Head: 12

Layer [9], Head: 13

Layer [9], Head: 14

Layer [9], Head: 15

Layer [9], Head: 16

Layer [9], Head: 17

Layer [9], Head: 18

Layer [9], Head: 19

Layer [9], Head: 20

Layer [9], Head: 21

Layer [9], Head: 22

Layer [9], Head: 23

Layer [9], Head: 24

Layer [9], Head: 25

Layer [9], Head: 26

Layer [9], Head: 27

Layer [9], Head: 28

Layer [9], Head: 29

Layer [9], Head: 30

Layer [9], Head: 31

Layer [10], Head: 0

Layer [10], Head: 1

Layer [10], Head: 2

Layer [10], Head: 3

Layer [10], Head: 4

Layer [10], Head: 5

Layer [10], Head: 6

Layer [10], Head: 7

Layer [10], Head: 8

Layer [10], Head: 9

Layer [10], Head: 10

Layer [10], Head: 11

Layer [10], Head: 12

Layer [10], Head: 13

Layer [10], Head: 14

Layer [10], Head: 15

Layer [10], Head: 16

Layer [10], Head: 17

Layer [10], Head: 18

Layer [10], Head: 19

Layer [10], Head: 20

Layer [10], Head: 21

Layer [10], Head: 22

Layer [10], Head: 23

Layer [10], Head: 24

Layer [10], Head: 25

Layer [10], Head: 26

Layer [10], Head: 27

Layer [10], Head: 28

Layer [10], Head: 29

Layer [10], Head: 30

Layer [10], Head: 31

Layer [11], Head: 0

Layer [11], Head: 1

Layer [11], Head: 2

Layer [11], Head: 3

Layer [11], Head: 4

Layer [11], Head: 5

Layer [11], Head: 6

Layer [11], Head: 7

Layer [11], Head: 8

Layer [11], Head: 9

Layer [11], Head: 10

Layer [11], Head: 11

Layer [11], Head: 12

Layer [11], Head: 13

Layer [11], Head: 14

Layer [11], Head: 15

Layer [11], Head: 16

Layer [11], Head: 17

Layer [11], Head: 18

Layer [11], Head: 19

Layer [11], Head: 20

Layer [11], Head: 21

Layer [11], Head: 22

Layer [11], Head: 23

Layer [11], Head: 24

Layer [11], Head: 25

Layer [11], Head: 26

Layer [11], Head: 27

Layer [11], Head: 28

Layer [11], Head: 29

Layer [11], Head: 30

Layer [11], Head: 31

Layer [12], Head: 0

Layer [12], Head: 1

Layer [12], Head: 2

Layer [12], Head: 3

Layer [12], Head: 4

Layer [12], Head: 5

Layer [12], Head: 6

Layer [12], Head: 7

Layer [12], Head: 8

Layer [12], Head: 9

Layer [12], Head: 10

Layer [12], Head: 11

Layer [12], Head: 12

Layer [12], Head: 13

Layer [12], Head: 14

Layer [12], Head: 15

Layer [12], Head: 16

Layer [12], Head: 17

Layer [12], Head: 18

Layer [12], Head: 19

Layer [12], Head: 20

Layer [12], Head: 21

Layer [12], Head: 22

Layer [12], Head: 23

Layer [12], Head: 24

Layer [12], Head: 25

Layer [12], Head: 26

Layer [12], Head: 27

Layer [12], Head: 28

Layer [12], Head: 29

Layer [12], Head: 30

Layer [12], Head: 31

Layer [13], Head: 0

Layer [13], Head: 1

Layer [13], Head: 2

Layer [13], Head: 3

Layer [13], Head: 4

Layer [13], Head: 5

Layer [13], Head: 6

Layer [13], Head: 7

Layer [13], Head: 8

Layer [13], Head: 9

Layer [13], Head: 10

Layer [13], Head: 11

Layer [13], Head: 12

Layer [13], Head: 13

Layer [13], Head: 14

Layer [13], Head: 15

Layer [13], Head: 16

Layer [13], Head: 17

Layer [13], Head: 18

Layer [13], Head: 19

Layer [13], Head: 20

Layer [13], Head: 21

Layer [13], Head: 22

Layer [13], Head: 23

Layer [13], Head: 24

Layer [13], Head: 25

Layer [13], Head: 26

Layer [13], Head: 27

Layer [13], Head: 28

Layer [13], Head: 29

Layer [13], Head: 30

Layer [13], Head: 31

Layer [14], Head: 0

Layer [14], Head: 1

Layer [14], Head: 2

Layer [14], Head: 3

Layer [14], Head: 4

Layer [14], Head: 5

Layer [14], Head: 6

Layer [14], Head: 7

Layer [14], Head: 8

Layer [14], Head: 9

Layer [14], Head: 10

Layer [14], Head: 11

Layer [14], Head: 12

Layer [14], Head: 13

Layer [14], Head: 14

Layer [14], Head: 15

Layer [14], Head: 16

Layer [14], Head: 17

Layer [14], Head: 18

Layer [14], Head: 19

Layer [14], Head: 20

Layer [14], Head: 21

Layer [14], Head: 22

Layer [14], Head: 23

Layer [14], Head: 24

Layer [14], Head: 25

Layer [14], Head: 26

Layer [14], Head: 27

Layer [14], Head: 28

Layer [14], Head: 29

Layer [14], Head: 30

Layer [14], Head: 31

Layer [15], Head: 0

Layer [15], Head: 1

Layer [15], Head: 2

Layer [15], Head: 3

Layer [15], Head: 4

Layer [15], Head: 5

Layer [15], Head: 6

Layer [15], Head: 7

Layer [15], Head: 8

Layer [15], Head: 9

Layer [15], Head: 10

Layer [15], Head: 11

Layer [15], Head: 12

Layer [15], Head: 13

Layer [15], Head: 14

Layer [15], Head: 15

Layer [15], Head: 16

Layer [15], Head: 17

Layer [15], Head: 18

Layer [15], Head: 19

Layer [15], Head: 20

Layer [15], Head: 21

Layer [15], Head: 22

Layer [15], Head: 23

Layer [15], Head: 24

Layer [15], Head: 25

Layer [15], Head: 26

Layer [15], Head: 27

Layer [15], Head: 28

Layer [15], Head: 29

Layer [15], Head: 30

Layer [15], Head: 31

Layer [16], Head: 0

Layer [16], Head: 1

Layer [16], Head: 2

Layer [16], Head: 3

Layer [16], Head: 4

Layer [16], Head: 5

Layer [16], Head: 6

Layer [16], Head: 7

Layer [16], Head: 8

Layer [16], Head: 9

Layer [16], Head: 10

Layer [16], Head: 11

Layer [16], Head: 12

Layer [16], Head: 13

Layer [16], Head: 14

Layer [16], Head: 15

Layer [16], Head: 16

Layer [16], Head: 17

Layer [16], Head: 18

Layer [16], Head: 19

Layer [16], Head: 20

Layer [16], Head: 21

Layer [16], Head: 22

Layer [16], Head: 23

Layer [16], Head: 24

Layer [16], Head: 25

Layer [16], Head: 26

Layer [16], Head: 27

Layer [16], Head: 28

Layer [16], Head: 29

Layer [16], Head: 30

Layer [16], Head: 31

Layer [0], Head: -1

Layer [-1], Head: -1
Accuracy (image->label / label->image) -- model(full): 70.95/100.00  PC: 70.40/100.00  text_self: 70.40/100.00  text_ref: 72.35/100.00  image_self: 70.05/100.00  image_ref: 69.20/100.00
Number of layers: 17
  [image_set] pool = imagenet (5000 images)

Layer [0], Head: 0

Layer [0], Head: 1

Layer [0], Head: 2

Layer [0], Head: 3

Layer [0], Head: 4

Layer [0], Head: 5

Layer [0], Head: 6

Layer [0], Head: 7

Layer [0], Head: 8

Layer [0], Head: 9

Layer [0], Head: 10

Layer [0], Head: 11

Layer [0], Head: 12

Layer [0], Head: 13

Layer [0], Head: 14

Layer [0], Head: 15

Layer [0], Head: 16

Layer [0], Head: 17

Layer [0], Head: 18

Layer [0], Head: 19

Layer [0], Head: 20

Layer [0], Head: 21

Layer [0], Head: 22

Layer [0], Head: 23

Layer [0], Head: 24

Layer [0], Head: 25

Layer [0], Head: 26

Layer [0], Head: 27

Layer [0], Head: 28

Layer [0], Head: 29

Layer [0], Head: 30

Layer [0], Head: 31

Layer [1], Head: 0

Layer [1], Head: 1

Layer [1], Head: 2

Layer [1], Head: 3

Layer [1], Head: 4

Layer [1], Head: 5

Layer [1], Head: 6

Layer [1], Head: 7

Layer [1], Head: 8

Layer [1], Head: 9

Layer [1], Head: 10

Layer [1], Head: 11

Layer [1], Head: 12

Layer [1], Head: 13

Layer [1], Head: 14

Layer [1], Head: 15

Layer [1], Head: 16

Layer [1], Head: 17

Layer [1], Head: 18

Layer [1], Head: 19

Layer [1], Head: 20

Layer [1], Head: 21

Layer [1], Head: 22

Layer [1], Head: 23

Layer [1], Head: 24

Layer [1], Head: 25

Layer [1], Head: 26

Layer [1], Head: 27

Layer [1], Head: 28

Layer [1], Head: 29

Layer [1], Head: 30

Layer [1], Head: 31

Layer [2], Head: 0

Layer [2], Head: 1

Layer [2], Head: 2

Layer [2], Head: 3

Layer [2], Head: 4

Layer [2], Head: 5

Layer [2], Head: 6

Layer [2], Head: 7

Layer [2], Head: 8

Layer [2], Head: 9

Layer [2], Head: 10

Layer [2], Head: 11

Layer [2], Head: 12

Layer [2], Head: 13

Layer [2], Head: 14

Layer [2], Head: 15

Layer [2], Head: 16

Layer [2], Head: 17

Layer [2], Head: 18

Layer [2], Head: 19

Layer [2], Head: 20

Layer [2], Head: 21

Layer [2], Head: 22

Layer [2], Head: 23

Layer [2], Head: 24

Layer [2], Head: 25

Layer [2], Head: 26

Layer [2], Head: 27

Layer [2], Head: 28

Layer [2], Head: 29

Layer [2], Head: 30

Layer [2], Head: 31

Layer [3], Head: 0

Layer [3], Head: 1

Layer [3], Head: 2

Layer [3], Head: 3

Layer [3], Head: 4

Layer [3], Head: 5

Layer [3], Head: 6

Layer [3], Head: 7

Layer [3], Head: 8

Layer [3], Head: 9

Layer [3], Head: 10

Layer [3], Head: 11

Layer [3], Head: 12

Layer [3], Head: 13

Layer [3], Head: 14

Layer [3], Head: 15

Layer [3], Head: 16

Layer [3], Head: 17

Layer [3], Head: 18

Layer [3], Head: 19

Layer [3], Head: 20

Layer [3], Head: 21

Layer [3], Head: 22

Layer [3], Head: 23

Layer [3], Head: 24

Layer [3], Head: 25

Layer [3], Head: 26

Layer [3], Head: 27

Layer [3], Head: 28

Layer [3], Head: 29

Layer [3], Head: 30

Layer [3], Head: 31

Layer [4], Head: 0

Layer [4], Head: 1

Layer [4], Head: 2

Layer [4], Head: 3

Layer [4], Head: 4

Layer [4], Head: 5

Layer [4], Head: 6

Layer [4], Head: 7

Layer [4], Head: 8

Layer [4], Head: 9

Layer [4], Head: 10

Layer [4], Head: 11

Layer [4], Head: 12

Layer [4], Head: 13

Layer [4], Head: 14

Layer [4], Head: 15

Layer [4], Head: 16

Layer [4], Head: 17

Layer [4], Head: 18

Layer [4], Head: 19

Layer [4], Head: 20

Layer [4], Head: 21

Layer [4], Head: 22

Layer [4], Head: 23

Layer [4], Head: 24

Layer [4], Head: 25

Layer [4], Head: 26

Layer [4], Head: 27

Layer [4], Head: 28

Layer [4], Head: 29

Layer [4], Head: 30

Layer [4], Head: 31

Layer [5], Head: 0

Layer [5], Head: 1

Layer [5], Head: 2

Layer [5], Head: 3

Layer [5], Head: 4

Layer [5], Head: 5

Layer [5], Head: 6

Layer [5], Head: 7

Layer [5], Head: 8

Layer [5], Head: 9

Layer [5], Head: 10

Layer [5], Head: 11

Layer [5], Head: 12

Layer [5], Head: 13

Layer [5], Head: 14

Layer [5], Head: 15

Layer [5], Head: 16

Layer [5], Head: 17

Layer [5], Head: 18

Layer [5], Head: 19

Layer [5], Head: 20

Layer [5], Head: 21

Layer [5], Head: 22

Layer [5], Head: 23

Layer [5], Head: 24

Layer [5], Head: 25

Layer [5], Head: 26

Layer [5], Head: 27

Layer [5], Head: 28

Layer [5], Head: 29

Layer [5], Head: 30

Layer [5], Head: 31

Layer [6], Head: 0

Layer [6], Head: 1

Layer [6], Head: 2

Layer [6], Head: 3

Layer [6], Head: 4

Layer [6], Head: 5

Layer [6], Head: 6

Layer [6], Head: 7

Layer [6], Head: 8

Layer [6], Head: 9

Layer [6], Head: 10

Layer [6], Head: 11

Layer [6], Head: 12

Layer [6], Head: 13

Layer [6], Head: 14

Layer [6], Head: 15

Layer [6], Head: 16

Layer [6], Head: 17

Layer [6], Head: 18

Layer [6], Head: 19

Layer [6], Head: 20

Layer [6], Head: 21

Layer [6], Head: 22

Layer [6], Head: 23

Layer [6], Head: 24

Layer [6], Head: 25

Layer [6], Head: 26

Layer [6], Head: 27

Layer [6], Head: 28

Layer [6], Head: 29

Layer [6], Head: 30

Layer [6], Head: 31

Layer [7], Head: 0

Layer [7], Head: 1

Layer [7], Head: 2

Layer [7], Head: 3

Layer [7], Head: 4

Layer [7], Head: 5

Layer [7], Head: 6

Layer [7], Head: 7

Layer [7], Head: 8

Layer [7], Head: 9

Layer [7], Head: 10

Layer [7], Head: 11

Layer [7], Head: 12

Layer [7], Head: 13

Layer [7], Head: 14

Layer [7], Head: 15

Layer [7], Head: 16

Layer [7], Head: 17

Layer [7], Head: 18

Layer [7], Head: 19

Layer [7], Head: 20

Layer [7], Head: 21

Layer [7], Head: 22

Layer [7], Head: 23

Layer [7], Head: 24

Layer [7], Head: 25

Layer [7], Head: 26

Layer [7], Head: 27

Layer [7], Head: 28

Layer [7], Head: 29

Layer [7], Head: 30

Layer [7], Head: 31

Layer [8], Head: 0

Layer [8], Head: 1

Layer [8], Head: 2

Layer [8], Head: 3

Layer [8], Head: 4

Layer [8], Head: 5

Layer [8], Head: 6

Layer [8], Head: 7

Layer [8], Head: 8

Layer [8], Head: 9

Layer [8], Head: 10

Layer [8], Head: 11

Layer [8], Head: 12

Layer [8], Head: 13

Layer [8], Head: 14

Layer [8], Head: 15

Layer [8], Head: 16

Layer [8], Head: 17

Layer [8], Head: 18

Layer [8], Head: 19

Layer [8], Head: 20

Layer [8], Head: 21

Layer [8], Head: 22

Layer [8], Head: 23

Layer [8], Head: 24

Layer [8], Head: 25

Layer [8], Head: 26

Layer [8], Head: 27

Layer [8], Head: 28

Layer [8], Head: 29

Layer [8], Head: 30

Layer [8], Head: 31

Layer [9], Head: 0

Layer [9], Head: 1

Layer [9], Head: 2

Layer [9], Head: 3

Layer [9], Head: 4

Layer [9], Head: 5

Layer [9], Head: 6

Layer [9], Head: 7

Layer [9], Head: 8

Layer [9], Head: 9

Layer [9], Head: 10

Layer [9], Head: 11

Layer [9], Head: 12

Layer [9], Head: 13

Layer [9], Head: 14

Layer [9], Head: 15

Layer [9], Head: 16

Layer [9], Head: 17

Layer [9], Head: 18

Layer [9], Head: 19

Layer [9], Head: 20

Layer [9], Head: 21

Layer [9], Head: 22

Layer [9], Head: 23

Layer [9], Head: 24

Layer [9], Head: 25

Layer [9], Head: 26

Layer [9], Head: 27

Layer [9], Head: 28

Layer [9], Head: 29

Layer [9], Head: 30

Layer [9], Head: 31

Layer [10], Head: 0

Layer [10], Head: 1

Layer [10], Head: 2

Layer [10], Head: 3

Layer [10], Head: 4

Layer [10], Head: 5

Layer [10], Head: 6

Layer [10], Head: 7

Layer [10], Head: 8

Layer [10], Head: 9

Layer [10], Head: 10

Layer [10], Head: 11

Layer [10], Head: 12

Layer [10], Head: 13

Layer [10], Head: 14

Layer [10], Head: 15

Layer [10], Head: 16

Layer [10], Head: 17

Layer [10], Head: 18

Layer [10], Head: 19

Layer [10], Head: 20

Layer [10], Head: 21

Layer [10], Head: 22

Layer [10], Head: 23

Layer [10], Head: 24

Layer [10], Head: 25

Layer [10], Head: 26

Layer [10], Head: 27

Layer [10], Head: 28

Layer [10], Head: 29

Layer [10], Head: 30

Layer [10], Head: 31

Layer [11], Head: 0

Layer [11], Head: 1

Layer [11], Head: 2

Layer [11], Head: 3

Layer [11], Head: 4

Layer [11], Head: 5

Layer [11], Head: 6

Layer [11], Head: 7

Layer [11], Head: 8

Layer [11], Head: 9

Layer [11], Head: 10

Layer [11], Head: 11

Layer [11], Head: 12

Layer [11], Head: 13

Layer [11], Head: 14

Layer [11], Head: 15

Layer [11], Head: 16

Layer [11], Head: 17

Layer [11], Head: 18

Layer [11], Head: 19

Layer [11], Head: 20

Layer [11], Head: 21

Layer [11], Head: 22

Layer [11], Head: 23

Layer [11], Head: 24

Layer [11], Head: 25

Layer [11], Head: 26

Layer [11], Head: 27

Layer [11], Head: 28

Layer [11], Head: 29

Layer [11], Head: 30

Layer [11], Head: 31

Layer [12], Head: 0

Layer [12], Head: 1

Layer [12], Head: 2

Layer [12], Head: 3

Layer [12], Head: 4

Layer [12], Head: 5

Layer [12], Head: 6

Layer [12], Head: 7

Layer [12], Head: 8

Layer [12], Head: 9

Layer [12], Head: 10

Layer [12], Head: 11

Layer [12], Head: 12

Layer [12], Head: 13

Layer [12], Head: 14

Layer [12], Head: 15

Layer [12], Head: 16

Layer [12], Head: 17

Layer [12], Head: 18

Layer [12], Head: 19

Layer [12], Head: 20

Layer [12], Head: 21

Layer [12], Head: 22

Layer [12], Head: 23

Layer [12], Head: 24

Layer [12], Head: 25

Layer [12], Head: 26

Layer [12], Head: 27

Layer [12], Head: 28

Layer [12], Head: 29

Layer [12], Head: 30

Layer [12], Head: 31

Layer [13], Head: 0

Layer [13], Head: 1

Layer [13], Head: 2

Layer [13], Head: 3

Layer [13], Head: 4

Layer [13], Head: 5

Layer [13], Head: 6

Layer [13], Head: 7

Layer [13], Head: 8

Layer [13], Head: 9

Layer [13], Head: 10

Layer [13], Head: 11

Layer [13], Head: 12

Layer [13], Head: 13

Layer [13], Head: 14

Layer [13], Head: 15

Layer [13], Head: 16

Layer [13], Head: 17

Layer [13], Head: 18

Layer [13], Head: 19

Layer [13], Head: 20

Layer [13], Head: 21

Layer [13], Head: 22

Layer [13], Head: 23

Layer [13], Head: 24

Layer [13], Head: 25

Layer [13], Head: 26

Layer [13], Head: 27

Layer [13], Head: 28

Layer [13], Head: 29

Layer [13], Head: 30

Layer [13], Head: 31

Layer [14], Head: 0

Layer [14], Head: 1

Layer [14], Head: 2

Layer [14], Head: 3

Layer [14], Head: 4

Layer [14], Head: 5

Layer [14], Head: 6

Layer [14], Head: 7

Layer [14], Head: 8

Layer [14], Head: 9

Layer [14], Head: 10

Layer [14], Head: 11

Layer [14], Head: 12

Layer [14], Head: 13

Layer [14], Head: 14

Layer [14], Head: 15

Layer [14], Head: 16

Layer [14], Head: 17

Layer [14], Head: 18

Layer [14], Head: 19

Layer [14], Head: 20

Layer [14], Head: 21

Layer [14], Head: 22

Layer [14], Head: 23

Layer [14], Head: 24

Layer [14], Head: 25

Layer [14], Head: 26

Layer [14], Head: 27

Layer [14], Head: 28

Layer [14], Head: 29

Layer [14], Head: 30

Layer [14], Head: 31

Layer [15], Head: 0

Layer [15], Head: 1

Layer [15], Head: 2

Layer [15], Head: 3

Layer [15], Head: 4

Layer [15], Head: 5

Layer [15], Head: 6

Layer [15], Head: 7

Layer [15], Head: 8

Layer [15], Head: 9

Layer [15], Head: 10

Layer [15], Head: 11

Layer [15], Head: 12

Layer [15], Head: 13

Layer [15], Head: 14

Layer [15], Head: 15

Layer [15], Head: 16

Layer [15], Head: 17

Layer [15], Head: 18

Layer [15], Head: 19

Layer [15], Head: 20

Layer [15], Head: 21

Layer [15], Head: 22

Layer [15], Head: 23

Layer [15], Head: 24

Layer [15], Head: 25

Layer [15], Head: 26

Layer [15], Head: 27

Layer [15], Head: 28

Layer [15], Head: 29

Layer [15], Head: 30

Layer [15], Head: 31

Layer [16], Head: 0

Layer [16], Head: 1

Layer [16], Head: 2

Layer [16], Head: 3

Layer [16], Head: 4

Layer [16], Head: 5

Layer [16], Head: 6

Layer [16], Head: 7

Layer [16], Head: 8

Layer [16], Head: 9

Layer [16], Head: 10

Layer [16], Head: 11

Layer [16], Head: 12

Layer [16], Head: 13

Layer [16], Head: 14

Layer [16], Head: 15

Layer [16], Head: 16

Layer [16], Head: 17

Layer [16], Head: 18

Layer [16], Head: 19

Layer [16], Head: 20

Layer [16], Head: 21

Layer [16], Head: 22

Layer [16], Head: 23

Layer [16], Head: 24

Layer [16], Head: 25

Layer [16], Head: 26

Layer [16], Head: 27

Layer [16], Head: 28

Layer [16], Head: 29

Layer [16], Head: 30

Layer [16], Head: 31

Layer [0], Head: -1

Layer [-1], Head: -1
Accuracy (image->label / label->image) -- model(full): 79.21/91.92  PC: 79.21/92.93  text_self: 72.92/84.85  text_ref: 78.07/90.91  image_self: 77.33/90.91  image_ref: 78.22/89.90
[RN101 @ cuda:0] >> /home/virgilio/lib/minconda3/envs/MT/bin/python -m utils.scripts.compute_text_explanations_text --model RN101 --dataset CIFAR100_classnames --components all --text_descriptions top_1500_nouns_5_sentences_imagenet_clean --text_dir /home/virgilio/contrastive_learning/PCLens-spectral-explainability-in-CLIP-ViT-encoder/utils/text_descriptions --algorithm svd_data_approx --num_of_last_layers 999 --text_per_princ_comp 10 --max_text 999 --seed 69 --device cuda:0 --probe_modality text --probe_name imagenet --eval_dataset CIFAR100 --image_set imagenet --input_dir /home/virgilio/contrastive_learning/PCLens-spectral-explainability-in-CLIP-ViT-encoder/output_dir/activations_and_datasets_idxs_69 --output_dir /home/virgilio/contrastive_learning/PCLens-spectral-explainability-in-CLIP-ViT-encoder/output_dir/activations_and_datasets_idxs_69 --out_file /home/virgilio/contrastive_learning/PCLens-spectral-explainability-in-CLIP-ViT-encoder/output_dir/activations_and_datasets_idxs_69/svd_data_approx_var99/CIFAR100_classnames_RN101_all_text.jsonl
[RN101 @ cuda:0] >> /home/virgilio/lib/minconda3/envs/MT/bin/python -m utils.scripts.compute_text_explanations_text --model RN101 --dataset binary_waterbirds_classnames --components all --text_descriptions top_1500_nouns_5_sentences_imagenet_clean --text_dir /home/virgilio/contrastive_learning/PCLens-spectral-explainability-in-CLIP-ViT-encoder/utils/text_descriptions --algorithm svd_data_approx --num_of_last_layers 999 --text_per_princ_comp 10 --max_text 999 --seed 69 --device cuda:0 --probe_modality text --probe_name imagenet --eval_dataset binary_waterbirds --image_set imagenet --input_dir /home/virgilio/contrastive_learning/PCLens-spectral-explainability-in-CLIP-ViT-encoder/output_dir/activations_and_datasets_idxs_69 --output_dir /home/virgilio/contrastive_learning/PCLens-spectral-explainability-in-CLIP-ViT-encoder/output_dir/activations_and_datasets_idxs_69 --out_file /home/virgilio/contrastive_learning/PCLens-spectral-explainability-in-CLIP-ViT-encoder/output_dir/activations_and_datasets_idxs_69/svd_data_approx_var99/binary_waterbirds_classnames_RN101_all_text.jsonl
[RN101 @ cuda:0] >> /home/virgilio/lib/minconda3/envs/MT/bin/python -m utils.scripts.compute_text_explanations_text --model RN101 --dataset caltech_classnames --components all --text_descriptions top_1500_nouns_5_sentences_imagenet_clean --text_dir /home/virgilio/contrastive_learning/PCLens-spectral-explainability-in-CLIP-ViT-encoder/utils/text_descriptions --algorithm svd_data_approx --num_of_last_layers 999 --text_per_princ_comp 10 --max_text 999 --seed 69 --device cuda:0 --probe_modality text --probe_name imagenet --eval_dataset caltech --image_set imagenet --input_dir /home/virgilio/contrastive_learning/PCLens-spectral-explainability-in-CLIP-ViT-encoder/output_dir/activations_and_datasets_idxs_69 --output_dir /home/virgilio/contrastive_learning/PCLens-spectral-explainability-in-CLIP-ViT-encoder/output_dir/activations_and_datasets_idxs_69 --out_file /home/virgilio/contrastive_learning/PCLens-spectral-explainability-in-CLIP-ViT-encoder/output_dir/activations_and_datasets_idxs_69/svd_data_approx_var99/caltech_classnames_RN101_all_text.jsonl
[RN101 @ cuda:0] >> /home/virgilio/lib/minconda3/envs/MT/bin/python -m utils.scripts.compute_text_explanations_text --model RN101 --dataset imagenet_classnames --components all --text_descriptions top_1500_nouns_5_sentences_imagenet_clean --text_dir /home/virgilio/contrastive_learning/PCLens-spectral-explainability-in-CLIP-ViT-encoder/utils/text_descriptions --algorithm svd_data_approx --num_of_last_layers 999 --text_per_princ_comp 10 --max_text 999 --seed 69 --device cuda:0 --probe_modality text --probe_name imagenet --eval_dataset imagenet --image_set imagenet --input_dir /home/virgilio/contrastive_learning/PCLens-spectral-explainability-in-CLIP-ViT-encoder/output_dir/activations_and_datasets_idxs_69 --output_dir /home/virgilio/contrastive_learning/PCLens-spectral-explainability-in-CLIP-ViT-encoder/output_dir/activations_and_datasets_idxs_69 --out_file /home/virgilio/contrastive_learning/PCLens-spectral-explainability-in-CLIP-ViT-encoder/output_dir/activations_and_datasets_idxs_69/svd_data_approx_var99/imagenet_classnames_RN101_all_text.jsonl
  [skip] no top_1500_nouns_5_sentences_imagenet_bias_clean image activations to build top_1500_nouns_5_sentences_imagenet_bias_clean_embeddings_RN101 (gather them with extract_activations, or pick a different --probe_name).
  [skip] text tower 'top_1500_nouns_5_sentences_imagenet_bias_clean': no paired image eval set 'top_1500_nouns_5_sentences_imagenet_bias_clean' (needs top_1500_nouns_5_sentences_imagenet_bias_clean_embeddings + _labels).
[RN101 @ cuda:0] done.

======================================================================
[RN50 @ cuda:0] starting
======================================================================
[RN50 @ cuda:0] >> /home/virgilio/lib/minconda3/envs/MT/bin/python -m utils.scripts.compute_text_explanations --model RN50 --dataset CIFAR100 --components all --text_descriptions top_1500_nouns_5_sentences_imagenet_clean --text_dir /home/virgilio/contrastive_learning/PCLens-spectral-explainability-in-CLIP-ViT-encoder/utils/text_descriptions --algorithm svd_data_approx --num_of_last_layers 999 --text_per_princ_comp 10 --max_text 999 --seed 69 --device cuda:0 --image_set imagenet --input_dir /home/virgilio/contrastive_learning/PCLens-spectral-explainability-in-CLIP-ViT-encoder/output_dir/activations_and_datasets_idxs_69 --output_dir /home/virgilio/contrastive_learning/PCLens-spectral-explainability-in-CLIP-ViT-encoder/output_dir/activations_and_datasets_idxs_69 --out_file /home/virgilio/contrastive_learning/PCLens-spectral-explainability-in-CLIP-ViT-encoder/output_dir/activations_and_datasets_idxs_69/svd_data_approx_var99/CIFAR100_RN50_all_image.jsonl
[RN50 @ cuda:0] >> /home/virgilio/lib/minconda3/envs/MT/bin/python -m utils.scripts.compute_text_explanations --model RN50 --dataset binary_waterbirds --components all --text_descriptions top_1500_nouns_5_sentences_imagenet_clean --text_dir /home/virgilio/contrastive_learning/PCLens-spectral-explainability-in-CLIP-ViT-encoder/utils/text_descriptions --algorithm svd_data_approx --num_of_last_layers 999 --text_per_princ_comp 10 --max_text 999 --seed 69 --device cuda:0 --image_set imagenet --input_dir /home/virgilio/contrastive_learning/PCLens-spectral-explainability-in-CLIP-ViT-encoder/output_dir/activations_and_datasets_idxs_69 --output_dir /home/virgilio/contrastive_learning/PCLens-spectral-explainability-in-CLIP-ViT-encoder/output_dir/activations_and_datasets_idxs_69 --out_file /home/virgilio/contrastive_learning/PCLens-spectral-explainability-in-CLIP-ViT-encoder/output_dir/activations_and_datasets_idxs_69/svd_data_approx_var99/binary_waterbirds_RN50_all_image.jsonl
[RN50 @ cuda:0] >> /home/virgilio/lib/minconda3/envs/MT/bin/python -m utils.scripts.compute_text_explanations --model RN50 --dataset caltech --components all --text_descriptions top_1500_nouns_5_sentences_imagenet_clean --text_dir /home/virgilio/contrastive_learning/PCLens-spectral-explainability-in-CLIP-ViT-encoder/utils/text_descriptions --algorithm svd_data_approx --num_of_last_layers 999 --text_per_princ_comp 10 --max_text 999 --seed 69 --device cuda:0 --image_set imagenet --input_dir /home/virgilio/contrastive_learning/PCLens-spectral-explainability-in-CLIP-ViT-encoder/output_dir/activations_and_datasets_idxs_69 --output_dir /home/virgilio/contrastive_learning/PCLens-spectral-explainability-in-CLIP-ViT-encoder/output_dir/activations_and_datasets_idxs_69 --out_file /home/virgilio/contrastive_learning/PCLens-spectral-explainability-in-CLIP-ViT-encoder/output_dir/activations_and_datasets_idxs_69/svd_data_approx_var99/caltech_RN50_all_image.jsonl
Number of layers: 17
  [image_set] pool = imagenet (5000 images)

Layer [0], Head: 0

Layer [0], Head: 1

Layer [0], Head: 2

Layer [0], Head: 3

Layer [0], Head: 4

Layer [0], Head: 5

Layer [0], Head: 6

Layer [0], Head: 7

Layer [0], Head: 8

Layer [0], Head: 9

Layer [0], Head: 10

Layer [0], Head: 11

Layer [0], Head: 12

Layer [0], Head: 13

Layer [0], Head: 14

Layer [0], Head: 15

Layer [0], Head: 16

Layer [0], Head: 17

Layer [0], Head: 18

Layer [0], Head: 19

Layer [0], Head: 20

Layer [0], Head: 21

Layer [0], Head: 22

Layer [0], Head: 23

Layer [0], Head: 24

Layer [0], Head: 25

Layer [0], Head: 26

Layer [0], Head: 27

Layer [0], Head: 28

Layer [0], Head: 29

Layer [0], Head: 30

Layer [0], Head: 31

Layer [1], Head: 0

Layer [1], Head: 1

Layer [1], Head: 2

Layer [1], Head: 3

Layer [1], Head: 4

Layer [1], Head: 5

Layer [1], Head: 6

Layer [1], Head: 7

Layer [1], Head: 8

Layer [1], Head: 9

Layer [1], Head: 10

Layer [1], Head: 11

Layer [1], Head: 12

Layer [1], Head: 13

Layer [1], Head: 14

Layer [1], Head: 15

Layer [1], Head: 16

Layer [1], Head: 17

Layer [1], Head: 18

Layer [1], Head: 19

Layer [1], Head: 20

Layer [1], Head: 21

Layer [1], Head: 22

Layer [1], Head: 23

Layer [1], Head: 24

Layer [1], Head: 25

Layer [1], Head: 26

Layer [1], Head: 27

Layer [1], Head: 28

Layer [1], Head: 29

Layer [1], Head: 30

Layer [1], Head: 31

Layer [2], Head: 0

Layer [2], Head: 1

Layer [2], Head: 2

Layer [2], Head: 3

Layer [2], Head: 4

Layer [2], Head: 5

Layer [2], Head: 6

Layer [2], Head: 7

Layer [2], Head: 8

Layer [2], Head: 9

Layer [2], Head: 10

Layer [2], Head: 11

Layer [2], Head: 12

Layer [2], Head: 13

Layer [2], Head: 14

Layer [2], Head: 15

Layer [2], Head: 16

Layer [2], Head: 17

Layer [2], Head: 18

Layer [2], Head: 19

Layer [2], Head: 20

Layer [2], Head: 21

Layer [2], Head: 22

Layer [2], Head: 23

Layer [2], Head: 24

Layer [2], Head: 25

Layer [2], Head: 26

Layer [2], Head: 27

Layer [2], Head: 28

Layer [2], Head: 29

Layer [2], Head: 30

Layer [2], Head: 31

Layer [3], Head: 0

Layer [3], Head: 1

Layer [3], Head: 2

Layer [3], Head: 3

Layer [3], Head: 4

Layer [3], Head: 5

Layer [3], Head: 6

Layer [3], Head: 7

Layer [3], Head: 8

Layer [3], Head: 9

Layer [3], Head: 10

Layer [3], Head: 11

Layer [3], Head: 12

Layer [3], Head: 13

Layer [3], Head: 14

Layer [3], Head: 15

Layer [3], Head: 16

Layer [3], Head: 17

Layer [3], Head: 18

Layer [3], Head: 19

Layer [3], Head: 20

Layer [3], Head: 21

Layer [3], Head: 22

Layer [3], Head: 23

Layer [3], Head: 24

Layer [3], Head: 25

Layer [3], Head: 26

Layer [3], Head: 27

Layer [3], Head: 28

Layer [3], Head: 29

Layer [3], Head: 30

Layer [3], Head: 31

Layer [4], Head: 0

Layer [4], Head: 1

Layer [4], Head: 2

Layer [4], Head: 3

Layer [4], Head: 4

Layer [4], Head: 5

Layer [4], Head: 6

Layer [4], Head: 7

Layer [4], Head: 8

Layer [4], Head: 9

Layer [4], Head: 10

Layer [4], Head: 11

Layer [4], Head: 12

Layer [4], Head: 13

Layer [4], Head: 14

Layer [4], Head: 15

Layer [4], Head: 16

Layer [4], Head: 17

Layer [4], Head: 18

Layer [4], Head: 19

Layer [4], Head: 20

Layer [4], Head: 21

Layer [4], Head: 22

Layer [4], Head: 23

Layer [4], Head: 24

Layer [4], Head: 25

Layer [4], Head: 26

Layer [4], Head: 27

Layer [4], Head: 28

Layer [4], Head: 29

Layer [4], Head: 30

Layer [4], Head: 31

Layer [5], Head: 0

Layer [5], Head: 1

Layer [5], Head: 2

Layer [5], Head: 3

Layer [5], Head: 4

Layer [5], Head: 5

Layer [5], Head: 6

Layer [5], Head: 7

Layer [5], Head: 8

Layer [5], Head: 9

Layer [5], Head: 10

Layer [5], Head: 11

Layer [5], Head: 12

Layer [5], Head: 13

Layer [5], Head: 14

Layer [5], Head: 15

Layer [5], Head: 16

Layer [5], Head: 17

Layer [5], Head: 18

Layer [5], Head: 19

Layer [5], Head: 20

Layer [5], Head: 21

Layer [5], Head: 22

Layer [5], Head: 23

Layer [5], Head: 24

Layer [5], Head: 25

Layer [5], Head: 26

Layer [5], Head: 27

Layer [5], Head: 28

Layer [5], Head: 29

Layer [5], Head: 30

Layer [5], Head: 31

Layer [6], Head: 0

Layer [6], Head: 1

Layer [6], Head: 2

Layer [6], Head: 3

Layer [6], Head: 4

Layer [6], Head: 5

Layer [6], Head: 6

Layer [6], Head: 7

Layer [6], Head: 8

Layer [6], Head: 9

Layer [6], Head: 10

Layer [6], Head: 11

Layer [6], Head: 12

Layer [6], Head: 13

Layer [6], Head: 14

Layer [6], Head: 15

Layer [6], Head: 16

Layer [6], Head: 17

Layer [6], Head: 18

Layer [6], Head: 19

Layer [6], Head: 20

Layer [6], Head: 21

Layer [6], Head: 22

Layer [6], Head: 23

Layer [6], Head: 24

Layer [6], Head: 25

Layer [6], Head: 26

Layer [6], Head: 27

Layer [6], Head: 28

Layer [6], Head: 29

Layer [6], Head: 30

Layer [6], Head: 31

Layer [7], Head: 0

Layer [7], Head: 1

Layer [7], Head: 2

Layer [7], Head: 3

Layer [7], Head: 4

Layer [7], Head: 5

Layer [7], Head: 6

Layer [7], Head: 7

Layer [7], Head: 8

Layer [7], Head: 9

Layer [7], Head: 10

Layer [7], Head: 11

Layer [7], Head: 12

Layer [7], Head: 13

Layer [7], Head: 14

Layer [7], Head: 15

Layer [7], Head: 16

Layer [7], Head: 17

Layer [7], Head: 18

Layer [7], Head: 19

Layer [7], Head: 20

Layer [7], Head: 21

Layer [7], Head: 22

Layer [7], Head: 23

Layer [7], Head: 24

Layer [7], Head: 25

Layer [7], Head: 26

Layer [7], Head: 27

Layer [7], Head: 28

Layer [7], Head: 29

Layer [7], Head: 30

Layer [7], Head: 31

Layer [8], Head: 0

Layer [8], Head: 1

Layer [8], Head: 2

Layer [8], Head: 3

Layer [8], Head: 4

Layer [8], Head: 5

Layer [8], Head: 6

Layer [8], Head: 7

Layer [8], Head: 8

Layer [8], Head: 9

Layer [8], Head: 10

Layer [8], Head: 11

Layer [8], Head: 12

Layer [8], Head: 13

Layer [8], Head: 14

Layer [8], Head: 15

Layer [8], Head: 16

Layer [8], Head: 17

Layer [8], Head: 18

Layer [8], Head: 19

Layer [8], Head: 20

Layer [8], Head: 21

Layer [8], Head: 22

Layer [8], Head: 23

Layer [8], Head: 24

Layer [8], Head: 25

Layer [8], Head: 26

Layer [8], Head: 27

Layer [8], Head: 28

Layer [8], Head: 29

Layer [8], Head: 30

Layer [8], Head: 31

Layer [9], Head: 0

Layer [9], Head: 1

Layer [9], Head: 2

Layer [9], Head: 3

Layer [9], Head: 4

Layer [9], Head: 5

Layer [9], Head: 6

Layer [9], Head: 7

Layer [9], Head: 8

Layer [9], Head: 9

Layer [9], Head: 10

Layer [9], Head: 11

Layer [9], Head: 12

Layer [9], Head: 13

Layer [9], Head: 14

Layer [9], Head: 15

Layer [9], Head: 16

Layer [9], Head: 17

Layer [9], Head: 18

Layer [9], Head: 19

Layer [9], Head: 20

Layer [9], Head: 21

Layer [9], Head: 22

Layer [9], Head: 23

Layer [9], Head: 24

Layer [9], Head: 25

Layer [9], Head: 26

Layer [9], Head: 27

Layer [9], Head: 28

Layer [9], Head: 29

Layer [9], Head: 30

Layer [9], Head: 31

Layer [10], Head: 0

Layer [10], Head: 1

Layer [10], Head: 2

Layer [10], Head: 3

Layer [10], Head: 4

Layer [10], Head: 5

Layer [10], Head: 6

Layer [10], Head: 7

Layer [10], Head: 8

Layer [10], Head: 9

Layer [10], Head: 10

Layer [10], Head: 11

Layer [10], Head: 12

Layer [10], Head: 13

Layer [10], Head: 14

Layer [10], Head: 15

Layer [10], Head: 16

Layer [10], Head: 17

Layer [10], Head: 18

Layer [10], Head: 19

Layer [10], Head: 20

Layer [10], Head: 21

Layer [10], Head: 22

Layer [10], Head: 23

Layer [10], Head: 24

Layer [10], Head: 25

Layer [10], Head: 26

Layer [10], Head: 27

Layer [10], Head: 28

Layer [10], Head: 29

Layer [10], Head: 30

Layer [10], Head: 31

Layer [11], Head: 0

Layer [11], Head: 1

Layer [11], Head: 2

Layer [11], Head: 3

Layer [11], Head: 4

Layer [11], Head: 5

Layer [11], Head: 6

Layer [11], Head: 7

Layer [11], Head: 8

Layer [11], Head: 9

Layer [11], Head: 10

Layer [11], Head: 11

Layer [11], Head: 12

Layer [11], Head: 13

Layer [11], Head: 14

Layer [11], Head: 15

Layer [11], Head: 16

Layer [11], Head: 17

Layer [11], Head: 18

Layer [11], Head: 19

Layer [11], Head: 20

Layer [11], Head: 21

Layer [11], Head: 22

Layer [11], Head: 23

Layer [11], Head: 24

Layer [11], Head: 25

Layer [11], Head: 26

Layer [11], Head: 27

Layer [11], Head: 28

Layer [11], Head: 29

Layer [11], Head: 30

Layer [11], Head: 31

Layer [12], Head: 0

Layer [12], Head: 1

Layer [12], Head: 2

Layer [12], Head: 3

Layer [12], Head: 4

Layer [12], Head: 5

Layer [12], Head: 6

Layer [12], Head: 7

Layer [12], Head: 8

Layer [12], Head: 9

Layer [12], Head: 10

Layer [12], Head: 11

Layer [12], Head: 12

Layer [12], Head: 13

Layer [12], Head: 14

Layer [12], Head: 15

Layer [12], Head: 16

Layer [12], Head: 17

Layer [12], Head: 18

Layer [12], Head: 19

Layer [12], Head: 20

Layer [12], Head: 21

Layer [12], Head: 22

Layer [12], Head: 23

Layer [12], Head: 24

Layer [12], Head: 25

Layer [12], Head: 26

Layer [12], Head: 27

Layer [12], Head: 28

Layer [12], Head: 29

Layer [12], Head: 30

Layer [12], Head: 31

Layer [13], Head: 0

Layer [13], Head: 1

Layer [13], Head: 2

Layer [13], Head: 3

Layer [13], Head: 4

Layer [13], Head: 5

Layer [13], Head: 6

Layer [13], Head: 7

Layer [13], Head: 8

Layer [13], Head: 9

Layer [13], Head: 10

Layer [13], Head: 11

Layer [13], Head: 12

Layer [13], Head: 13

Layer [13], Head: 14

Layer [13], Head: 15

Layer [13], Head: 16

Layer [13], Head: 17

Layer [13], Head: 18

Layer [13], Head: 19

Layer [13], Head: 20

Layer [13], Head: 21

Layer [13], Head: 22

Layer [13], Head: 23

Layer [13], Head: 24

Layer [13], Head: 25

Layer [13], Head: 26

Layer [13], Head: 27

Layer [13], Head: 28

Layer [13], Head: 29

Layer [13], Head: 30

Layer [13], Head: 31

Layer [14], Head: 0

Layer [14], Head: 1

Layer [14], Head: 2

Layer [14], Head: 3

Layer [14], Head: 4

Layer [14], Head: 5

Layer [14], Head: 6

Layer [14], Head: 7

Layer [14], Head: 8

Layer [14], Head: 9

Layer [14], Head: 10

Layer [14], Head: 11

Layer [14], Head: 12

Layer [14], Head: 13

Layer [14], Head: 14

Layer [14], Head: 15

Layer [14], Head: 16

Layer [14], Head: 17

Layer [14], Head: 18

Layer [14], Head: 19

Layer [14], Head: 20

Layer [14], Head: 21

Layer [14], Head: 22

Layer [14], Head: 23

Layer [14], Head: 24

Layer [14], Head: 25

Layer [14], Head: 26

Layer [14], Head: 27

Layer [14], Head: 28

Layer [14], Head: 29

Layer [14], Head: 30

Layer [14], Head: 31

Layer [15], Head: 0

Layer [15], Head: 1

Layer [15], Head: 2

Layer [15], Head: 3

Layer [15], Head: 4

Layer [15], Head: 5

Layer [15], Head: 6

Layer [15], Head: 7

Layer [15], Head: 8

Layer [15], Head: 9

Layer [15], Head: 10

Layer [15], Head: 11

Layer [15], Head: 12

Layer [15], Head: 13

Layer [15], Head: 14

Layer [15], Head: 15

Layer [15], Head: 16

Layer [15], Head: 17

Layer [15], Head: 18

Layer [15], Head: 19

Layer [15], Head: 20

Layer [15], Head: 21

Layer [15], Head: 22

Layer [15], Head: 23

Layer [15], Head: 24

Layer [15], Head: 25

Layer [15], Head: 26

Layer [15], Head: 27

Layer [15], Head: 28

Layer [15], Head: 29

Layer [15], Head: 30

Layer [15], Head: 31

Layer [16], Head: 0

Layer [16], Head: 1

Layer [16], Head: 2

Layer [16], Head: 3

Layer [16], Head: 4

Layer [16], Head: 5

Layer [16], Head: 6

Layer [16], Head: 7

Layer [16], Head: 8

Layer [16], Head: 9

Layer [16], Head: 10

Layer [16], Head: 11

Layer [16], Head: 12

Layer [16], Head: 13

Layer [16], Head: 14

Layer [16], Head: 15

Layer [16], Head: 16

Layer [16], Head: 17

Layer [16], Head: 18

Layer [16], Head: 19

Layer [16], Head: 20

Layer [16], Head: 21

Layer [16], Head: 22

Layer [16], Head: 23

Layer [16], Head: 24

Layer [16], Head: 25

Layer [16], Head: 26

Layer [16], Head: 27

Layer [16], Head: 28

Layer [16], Head: 29

Layer [16], Head: 30

Layer [16], Head: 31

Layer [0], Head: -1

Layer [-1], Head: -1
Accuracy (image->label / label->image) -- model(full): 52.80/71.43  PC: 52.83/85.71  text_self: 52.83/42.86  text_ref: 49.91/42.86  image_self: 53.57/57.14  image_ref: 51.03/71.43
Number of layers: 17
  [image_set] pool = imagenet (5000 images)

Layer [0], Head: 0

Layer [0], Head: 1

Layer [0], Head: 2

Layer [0], Head: 3

Layer [0], Head: 4

Layer [0], Head: 5

Layer [0], Head: 6

Layer [0], Head: 7

Layer [0], Head: 8

Layer [0], Head: 9

Layer [0], Head: 10

Layer [0], Head: 11

Layer [0], Head: 12

Layer [0], Head: 13

Layer [0], Head: 14

Layer [0], Head: 15

Layer [0], Head: 16

Layer [0], Head: 17

Layer [0], Head: 18

Layer [0], Head: 19

Layer [0], Head: 20

Layer [0], Head: 21

Layer [0], Head: 22

Layer [0], Head: 23

Layer [0], Head: 24

Layer [0], Head: 25

Layer [0], Head: 26

Layer [0], Head: 27

Layer [0], Head: 28

Layer [0], Head: 29

Layer [0], Head: 30

Layer [0], Head: 31

Layer [1], Head: 0

Layer [1], Head: 1

Layer [1], Head: 2

Layer [1], Head: 3

Layer [1], Head: 4

Layer [1], Head: 5

Layer [1], Head: 6

Layer [1], Head: 7

Layer [1], Head: 8

Layer [1], Head: 9

Layer [1], Head: 10

Layer [1], Head: 11

Layer [1], Head: 12

Layer [1], Head: 13

Layer [1], Head: 14

Layer [1], Head: 15

Layer [1], Head: 16

Layer [1], Head: 17

Layer [1], Head: 18

Layer [1], Head: 19

Layer [1], Head: 20

Layer [1], Head: 21

Layer [1], Head: 22

Layer [1], Head: 23

Layer [1], Head: 24

Layer [1], Head: 25

Layer [1], Head: 26

Layer [1], Head: 27

Layer [1], Head: 28

Layer [1], Head: 29

Layer [1], Head: 30

Layer [1], Head: 31

Layer [2], Head: 0

Layer [2], Head: 1

Layer [2], Head: 2

Layer [2], Head: 3

Layer [2], Head: 4

Layer [2], Head: 5

Layer [2], Head: 6

Layer [2], Head: 7

Layer [2], Head: 8

Layer [2], Head: 9

Layer [2], Head: 10

Layer [2], Head: 11

Layer [2], Head: 12

Layer [2], Head: 13

Layer [2], Head: 14

Layer [2], Head: 15

Layer [2], Head: 16

Layer [2], Head: 17

Layer [2], Head: 18

Layer [2], Head: 19

Layer [2], Head: 20

Layer [2], Head: 21

Layer [2], Head: 22

Layer [2], Head: 23

Layer [2], Head: 24

Layer [2], Head: 25

Layer [2], Head: 26

Layer [2], Head: 27

Layer [2], Head: 28

Layer [2], Head: 29

Layer [2], Head: 30

Layer [2], Head: 31

Layer [3], Head: 0

Layer [3], Head: 1

Layer [3], Head: 2

Layer [3], Head: 3

Layer [3], Head: 4

Layer [3], Head: 5

Layer [3], Head: 6

Layer [3], Head: 7

Layer [3], Head: 8

Layer [3], Head: 9

Layer [3], Head: 10

Layer [3], Head: 11

Layer [3], Head: 12

Layer [3], Head: 13

Layer [3], Head: 14

Layer [3], Head: 15

Layer [3], Head: 16

Layer [3], Head: 17

Layer [3], Head: 18

Layer [3], Head: 19

Layer [3], Head: 20

Layer [3], Head: 21

Layer [3], Head: 22

Layer [3], Head: 23

Layer [3], Head: 24

Layer [3], Head: 25

Layer [3], Head: 26

Layer [3], Head: 27

Layer [3], Head: 28

Layer [3], Head: 29

Layer [3], Head: 30

Layer [3], Head: 31

Layer [4], Head: 0

Layer [4], Head: 1

Layer [4], Head: 2

Layer [4], Head: 3

Layer [4], Head: 4

Layer [4], Head: 5

Layer [4], Head: 6

Layer [4], Head: 7

Layer [4], Head: 8

Layer [4], Head: 9

Layer [4], Head: 10

Layer [4], Head: 11

Layer [4], Head: 12

Layer [4], Head: 13

Layer [4], Head: 14

Layer [4], Head: 15

Layer [4], Head: 16

Layer [4], Head: 17

Layer [4], Head: 18

Layer [4], Head: 19

Layer [4], Head: 20

Layer [4], Head: 21

Layer [4], Head: 22

Layer [4], Head: 23

Layer [4], Head: 24

Layer [4], Head: 25

Layer [4], Head: 26

Layer [4], Head: 27

Layer [4], Head: 28

Layer [4], Head: 29

Layer [4], Head: 30

Layer [4], Head: 31

Layer [5], Head: 0

Layer [5], Head: 1

Layer [5], Head: 2

Layer [5], Head: 3

Layer [5], Head: 4

Layer [5], Head: 5

Layer [5], Head: 6

Layer [5], Head: 7

Layer [5], Head: 8

Layer [5], Head: 9

Layer [5], Head: 10

Layer [5], Head: 11

Layer [5], Head: 12

Layer [5], Head: 13

Layer [5], Head: 14

Layer [5], Head: 15

Layer [5], Head: 16

Layer [5], Head: 17

Layer [5], Head: 18

Layer [5], Head: 19

Layer [5], Head: 20

Layer [5], Head: 21

Layer [5], Head: 22

Layer [5], Head: 23

Layer [5], Head: 24

Layer [5], Head: 25

Layer [5], Head: 26

Layer [5], Head: 27

Layer [5], Head: 28

Layer [5], Head: 29

Layer [5], Head: 30

Layer [5], Head: 31

Layer [6], Head: 0

Layer [6], Head: 1

Layer [6], Head: 2

Layer [6], Head: 3

Layer [6], Head: 4

Layer [6], Head: 5

Layer [6], Head: 6

Layer [6], Head: 7

Layer [6], Head: 8

Layer [6], Head: 9

Layer [6], Head: 10

Layer [6], Head: 11

Layer [6], Head: 12

Layer [6], Head: 13

Layer [6], Head: 14

Layer [6], Head: 15

Layer [6], Head: 16

Layer [6], Head: 17

Layer [6], Head: 18

Layer [6], Head: 19

Layer [6], Head: 20

Layer [6], Head: 21

Layer [6], Head: 22

Layer [6], Head: 23

Layer [6], Head: 24

Layer [6], Head: 25

Layer [6], Head: 26

Layer [6], Head: 27

Layer [6], Head: 28

Layer [6], Head: 29

Layer [6], Head: 30

Layer [6], Head: 31

Layer [7], Head: 0

Layer [7], Head: 1

Layer [7], Head: 2

Layer [7], Head: 3

Layer [7], Head: 4

Layer [7], Head: 5

Layer [7], Head: 6

Layer [7], Head: 7

Layer [7], Head: 8

Layer [7], Head: 9

Layer [7], Head: 10

Layer [7], Head: 11

Layer [7], Head: 12

Layer [7], Head: 13

Layer [7], Head: 14

Layer [7], Head: 15

Layer [7], Head: 16

Layer [7], Head: 17

Layer [7], Head: 18

Layer [7], Head: 19

Layer [7], Head: 20

Layer [7], Head: 21

Layer [7], Head: 22

Layer [7], Head: 23

Layer [7], Head: 24

Layer [7], Head: 25

Layer [7], Head: 26

Layer [7], Head: 27

Layer [7], Head: 28

Layer [7], Head: 29

Layer [7], Head: 30

Layer [7], Head: 31

Layer [8], Head: 0

Layer [8], Head: 1

Layer [8], Head: 2

Layer [8], Head: 3

Layer [8], Head: 4

Layer [8], Head: 5

Layer [8], Head: 6

Layer [8], Head: 7

Layer [8], Head: 8

Layer [8], Head: 9

Layer [8], Head: 10

Layer [8], Head: 11

Layer [8], Head: 12

Layer [8], Head: 13

Layer [8], Head: 14

Layer [8], Head: 15

Layer [8], Head: 16

Layer [8], Head: 17

Layer [8], Head: 18

Layer [8], Head: 19

Layer [8], Head: 20

Layer [8], Head: 21

Layer [8], Head: 22

Layer [8], Head: 23

Layer [8], Head: 24

Layer [8], Head: 25

Layer [8], Head: 26

Layer [8], Head: 27

Layer [8], Head: 28

Layer [8], Head: 29

Layer [8], Head: 30

Layer [8], Head: 31

Layer [9], Head: 0

Layer [9], Head: 1

Layer [9], Head: 2

Layer [9], Head: 3

Layer [9], Head: 4

Layer [9], Head: 5

Layer [9], Head: 6

Layer [9], Head: 7

Layer [9], Head: 8

Layer [9], Head: 9

Layer [9], Head: 10

Layer [9], Head: 11

Layer [9], Head: 12

Layer [9], Head: 13

Layer [9], Head: 14

Layer [9], Head: 15

Layer [9], Head: 16

Layer [9], Head: 17

Layer [9], Head: 18

Layer [9], Head: 19

Layer [9], Head: 20

Layer [9], Head: 21

Layer [9], Head: 22

Layer [9], Head: 23

Layer [9], Head: 24

Layer [9], Head: 25

Layer [9], Head: 26

Layer [9], Head: 27

Layer [9], Head: 28

Layer [9], Head: 29

Layer [9], Head: 30

Layer [9], Head: 31

Layer [10], Head: 0

Layer [10], Head: 1

Layer [10], Head: 2

Layer [10], Head: 3

Layer [10], Head: 4

Layer [10], Head: 5

Layer [10], Head: 6

Layer [10], Head: 7

Layer [10], Head: 8

Layer [10], Head: 9

Layer [10], Head: 10

Layer [10], Head: 11

Layer [10], Head: 12

Layer [10], Head: 13

Layer [10], Head: 14

Layer [10], Head: 15

Layer [10], Head: 16

Layer [10], Head: 17

Layer [10], Head: 18

Layer [10], Head: 19

Layer [10], Head: 20

Layer [10], Head: 21

Layer [10], Head: 22

Layer [10], Head: 23

Layer [10], Head: 24

Layer [10], Head: 25

Layer [10], Head: 26

Layer [10], Head: 27

Layer [10], Head: 28

Layer [10], Head: 29

Layer [10], Head: 30

Layer [10], Head: 31

Layer [11], Head: 0

Layer [11], Head: 1

Layer [11], Head: 2

Layer [11], Head: 3

Layer [11], Head: 4

Layer [11], Head: 5

Layer [11], Head: 6

Layer [11], Head: 7

Layer [11], Head: 8

Layer [11], Head: 9

Layer [11], Head: 10

Layer [11], Head: 11

Layer [11], Head: 12

Layer [11], Head: 13

Layer [11], Head: 14

Layer [11], Head: 15

Layer [11], Head: 16

Layer [11], Head: 17

Layer [11], Head: 18

Layer [11], Head: 19

Layer [11], Head: 20

Layer [11], Head: 21

Layer [11], Head: 22

Layer [11], Head: 23

Layer [11], Head: 24

Layer [11], Head: 25

Layer [11], Head: 26

Layer [11], Head: 27

Layer [11], Head: 28

Layer [11], Head: 29

Layer [11], Head: 30

Layer [11], Head: 31

Layer [12], Head: 0

Layer [12], Head: 1

Layer [12], Head: 2

Layer [12], Head: 3

Layer [12], Head: 4

Layer [12], Head: 5

Layer [12], Head: 6

Layer [12], Head: 7

Layer [12], Head: 8

Layer [12], Head: 9

Layer [12], Head: 10

Layer [12], Head: 11

Layer [12], Head: 12

Layer [12], Head: 13

Layer [12], Head: 14

Layer [12], Head: 15

Layer [12], Head: 16

Layer [12], Head: 17

Layer [12], Head: 18

Layer [12], Head: 19

Layer [12], Head: 20

Layer [12], Head: 21

Layer [12], Head: 22

Layer [12], Head: 23

Layer [12], Head: 24

Layer [12], Head: 25

Layer [12], Head: 26

Layer [12], Head: 27

Layer [12], Head: 28

Layer [12], Head: 29

Layer [12], Head: 30

Layer [12], Head: 31

Layer [13], Head: 0

Layer [13], Head: 1

Layer [13], Head: 2

Layer [13], Head: 3

Layer [13], Head: 4

Layer [13], Head: 5

Layer [13], Head: 6

Layer [13], Head: 7

Layer [13], Head: 8

Layer [13], Head: 9

Layer [13], Head: 10

Layer [13], Head: 11

Layer [13], Head: 12

Layer [13], Head: 13

Layer [13], Head: 14

Layer [13], Head: 15

Layer [13], Head: 16

Layer [13], Head: 17

Layer [13], Head: 18

Layer [13], Head: 19

Layer [13], Head: 20

Layer [13], Head: 21

Layer [13], Head: 22

Layer [13], Head: 23

Layer [13], Head: 24

Layer [13], Head: 25

Layer [13], Head: 26

Layer [13], Head: 27

Layer [13], Head: 28

Layer [13], Head: 29

Layer [13], Head: 30

Layer [13], Head: 31

Layer [14], Head: 0

Layer [14], Head: 1

Layer [14], Head: 2

Layer [14], Head: 3

Layer [14], Head: 4

Layer [14], Head: 5

Layer [14], Head: 6

Layer [14], Head: 7

Layer [14], Head: 8

Layer [14], Head: 9

Layer [14], Head: 10

Layer [14], Head: 11

Layer [14], Head: 12

Layer [14], Head: 13

Layer [14], Head: 14

Layer [14], Head: 15

Layer [14], Head: 16

Layer [14], Head: 17

Layer [14], Head: 18

Layer [14], Head: 19

Layer [14], Head: 20

Layer [14], Head: 21

Layer [14], Head: 22

Layer [14], Head: 23

Layer [14], Head: 24

Layer [14], Head: 25

Layer [14], Head: 26

Layer [14], Head: 27

Layer [14], Head: 28

Layer [14], Head: 29

Layer [14], Head: 30

Layer [14], Head: 31

Layer [15], Head: 0

Layer [15], Head: 1

Layer [15], Head: 2

Layer [15], Head: 3

Layer [15], Head: 4

Layer [15], Head: 5

Layer [15], Head: 6

Layer [15], Head: 7

Layer [15], Head: 8

Layer [15], Head: 9

Layer [15], Head: 10

Layer [15], Head: 11

Layer [15], Head: 12

Layer [15], Head: 13

Layer [15], Head: 14

Layer [15], Head: 15

Layer [15], Head: 16

Layer [15], Head: 17

Layer [15], Head: 18

Layer [15], Head: 19

Layer [15], Head: 20

Layer [15], Head: 21

Layer [15], Head: 22

Layer [15], Head: 23

Layer [15], Head: 24

Layer [15], Head: 25

Layer [15], Head: 26

Layer [15], Head: 27

Layer [15], Head: 28

Layer [15], Head: 29

Layer [15], Head: 30

Layer [15], Head: 31

Layer [16], Head: 0

Layer [16], Head: 1

Layer [16], Head: 2

Layer [16], Head: 3

Layer [16], Head: 4

Layer [16], Head: 5

Layer [16], Head: 6

Layer [16], Head: 7

Layer [16], Head: 8

Layer [16], Head: 9

Layer [16], Head: 10

Layer [16], Head: 11

Layer [16], Head: 12

Layer [16], Head: 13

Layer [16], Head: 14

Layer [16], Head: 15

Layer [16], Head: 16

Layer [16], Head: 17

Layer [16], Head: 18

Layer [16], Head: 19

Layer [16], Head: 20

Layer [16], Head: 21

Layer [16], Head: 22

Layer [16], Head: 23

Layer [16], Head: 24

Layer [16], Head: 25

Layer [16], Head: 26

Layer [16], Head: 27

Layer [16], Head: 28

Layer [16], Head: 29

Layer [16], Head: 30

Layer [16], Head: 31

Layer [0], Head: -1

Layer [-1], Head: -1
Accuracy (image->label / label->image) -- model(full): 58.88/65.80  PC: 59.08/64.50  text_self: 52.42/47.10  text_ref: 55.40/58.50  image_self: 56.72/63.90  image_ref: 56.72/63.90
Number of text layers: 12, heads: 8
Evaluating against target images: CIFAR100 (2000 images, 100 classes)
Probe modality: text (14686 probes, dim 1024)
  [image_set] pool = imagenet (5000 images)

Layer [0], Head: 0

Layer [0], Head: 1

Layer [0], Head: 2

Layer [0], Head: 3

Layer [0], Head: 4

Layer [0], Head: 5

Layer [0], Head: 6

Layer [0], Head: 7

Layer [1], Head: 0

Layer [1], Head: 1

Layer [1], Head: 2

Layer [1], Head: 3

Layer [1], Head: 4

Layer [1], Head: 5

Layer [1], Head: 6

Layer [1], Head: 7

Layer [2], Head: 0

Layer [2], Head: 1

Layer [2], Head: 2

Layer [2], Head: 3

Layer [2], Head: 4

Layer [2], Head: 5

Layer [2], Head: 6

Layer [2], Head: 7

Layer [3], Head: 0

Layer [3], Head: 1

Layer [3], Head: 2

Layer [3], Head: 3

Layer [3], Head: 4

Layer [3], Head: 5

Layer [3], Head: 6

Layer [3], Head: 7

Layer [4], Head: 0

Layer [4], Head: 1

Layer [4], Head: 2

Layer [4], Head: 3

Layer [4], Head: 4

Layer [4], Head: 5

Layer [4], Head: 6

Layer [4], Head: 7

Layer [5], Head: 0

Layer [5], Head: 1

Layer [5], Head: 2

Layer [5], Head: 3

Layer [5], Head: 4

Layer [5], Head: 5

Layer [5], Head: 6

Layer [5], Head: 7

Layer [6], Head: 0

Layer [6], Head: 1

Layer [6], Head: 2

Layer [6], Head: 3

Layer [6], Head: 4

Layer [6], Head: 5

Layer [6], Head: 6

Layer [6], Head: 7

Layer [7], Head: 0

Layer [7], Head: 1

Layer [7], Head: 2

Layer [7], Head: 3

Layer [7], Head: 4

Layer [7], Head: 5

Layer [7], Head: 6

Layer [7], Head: 7

Layer [8], Head: 0

Layer [8], Head: 1

Layer [8], Head: 2

Layer [8], Head: 3

Layer [8], Head: 4

Layer [8], Head: 5

Layer [8], Head: 6

Layer [8], Head: 7

Layer [9], Head: 0

Layer [9], Head: 1

Layer [9], Head: 2

Layer [9], Head: 3

Layer [9], Head: 4

Layer [9], Head: 5

Layer [9], Head: 6

Layer [9], Head: 7

Layer [10], Head: 0

Layer [10], Head: 1

Layer [10], Head: 2

Layer [10], Head: 3

Layer [10], Head: 4

Layer [10], Head: 5

Layer [10], Head: 6

Layer [10], Head: 7

Layer [11], Head: 0

Layer [11], Head: 1

Layer [11], Head: 2

Layer [11], Head: 3

Layer [11], Head: 4

Layer [11], Head: 5

Layer [11], Head: 6

Layer [11], Head: 7

Layer [0], Head: -1

Layer [1], Head: -1

Layer [2], Head: -1

Layer [3], Head: -1

Layer [4], Head: -1

Layer [5], Head: -1

Layer [6], Head: -1

Layer [7], Head: -1

Layer [8], Head: -1

Layer [9], Head: -1

Layer [10], Head: -1

Layer [11], Head: -1

Layer [12], Head: -1

Layer [-1], Head: -1
Accuracy (image->label / label->image) -- model(full): 34.80/68.00  PC: 35.20/67.00  text_self: 37.10/61.00  text_ref: 36.45/66.00  image_self: 34.05/66.00  image_ref: 34.30/68.00
Wrote /home/virgilio/contrastive_learning/PCLens-spectral-explainability-in-CLIP-ViT-encoder/output_dir/activations_and_datasets_idxs_69/svd_data_approx_var99/CIFAR100_classnames_RN50_all_text.jsonl
Number of text layers: 12, heads: 8
Evaluating against target images: binary_waterbirds (2000 images, 2 classes)
Probe modality: text (14686 probes, dim 1024)
  [image_set] pool = imagenet (5000 images)

Layer [0], Head: 0

Layer [0], Head: 1

Layer [0], Head: 2

Layer [0], Head: 3

Layer [0], Head: 4

Layer [0], Head: 5

Layer [0], Head: 6

Layer [0], Head: 7

Layer [1], Head: 0

Layer [1], Head: 1

Layer [1], Head: 2

Layer [1], Head: 3

Layer [1], Head: 4

Layer [1], Head: 5

Layer [1], Head: 6

Layer [1], Head: 7

Layer [2], Head: 0

Layer [2], Head: 1

Layer [2], Head: 2

Layer [2], Head: 3

Layer [2], Head: 4

Layer [2], Head: 5

Layer [2], Head: 6

Layer [2], Head: 7

Layer [3], Head: 0

Layer [3], Head: 1

Layer [3], Head: 2

Layer [3], Head: 3

Layer [3], Head: 4

Layer [3], Head: 5

Layer [3], Head: 6

Layer [3], Head: 7

Layer [4], Head: 0

Layer [4], Head: 1

Layer [4], Head: 2

Layer [4], Head: 3

Layer [4], Head: 4

Layer [4], Head: 5

Layer [4], Head: 6

Layer [4], Head: 7

Layer [5], Head: 0

Layer [5], Head: 1

Layer [5], Head: 2

Layer [5], Head: 3

Layer [5], Head: 4

Layer [5], Head: 5

Layer [5], Head: 6

Layer [5], Head: 7

Layer [6], Head: 0

Layer [6], Head: 1

Layer [6], Head: 2

Layer [6], Head: 3

Layer [6], Head: 4

Layer [6], Head: 5

Layer [6], Head: 6

Layer [6], Head: 7

Layer [7], Head: 0

Layer [7], Head: 1

Layer [7], Head: 2

Layer [7], Head: 3

Layer [7], Head: 4

Layer [7], Head: 5

Layer [7], Head: 6

Layer [7], Head: 7

Layer [8], Head: 0

Layer [8], Head: 1

Layer [8], Head: 2

Layer [8], Head: 3

Layer [8], Head: 4

Layer [8], Head: 5

Layer [8], Head: 6

Layer [8], Head: 7

Layer [9], Head: 0

Layer [9], Head: 1

Layer [9], Head: 2

Layer [9], Head: 3

Layer [9], Head: 4

Layer [9], Head: 5

Layer [9], Head: 6

Layer [9], Head: 7

Layer [10], Head: 0

Layer [10], Head: 1

Layer [10], Head: 2

Layer [10], Head: 3

Layer [10], Head: 4

Layer [10], Head: 5

Layer [10], Head: 6

Layer [10], Head: 7

Layer [11], Head: 0

Layer [11], Head: 1

Layer [11], Head: 2

Layer [11], Head: 3

Layer [11], Head: 4

Layer [11], Head: 5

Layer [11], Head: 6

Layer [11], Head: 7

Layer [0], Head: -1

Layer [1], Head: -1

Layer [2], Head: -1

Layer [3], Head: -1

Layer [4], Head: -1

Layer [5], Head: -1

Layer [6], Head: -1

Layer [7], Head: -1

Layer [8], Head: -1

Layer [9], Head: -1

Layer [10], Head: -1

Layer [11], Head: -1

Layer [12], Head: -1

Layer [-1], Head: -1
Accuracy (image->label / label->image) -- model(full): 67.85/100.00  PC: 67.85/100.00  text_self: 67.85/100.00  text_ref: 67.85/100.00  image_self: 67.85/100.00  image_ref: 67.85/100.00
Wrote /home/virgilio/contrastive_learning/PCLens-spectral-explainability-in-CLIP-ViT-encoder/output_dir/activations_and_datasets_idxs_69/svd_data_approx_var99/binary_waterbirds_classnames_RN50_all_text.jsonl
Number of text layers: 12, heads: 8
Evaluating against target images: caltech (2020 images, 99 classes)
Probe modality: text (14686 probes, dim 1024)
  [image_set] pool = imagenet (5000 images)

Layer [0], Head: 0

Layer [0], Head: 1

Layer [0], Head: 2

Layer [0], Head: 3

Layer [0], Head: 4

Layer [0], Head: 5

Layer [0], Head: 6

Layer [0], Head: 7

Layer [1], Head: 0

Layer [1], Head: 1

Layer [1], Head: 2

Layer [1], Head: 3

Layer [1], Head: 4

Layer [1], Head: 5

Layer [1], Head: 6

Layer [1], Head: 7

Layer [2], Head: 0

Layer [2], Head: 1

Layer [2], Head: 2

Layer [2], Head: 3

Layer [2], Head: 4

Layer [2], Head: 5

Layer [2], Head: 6

Layer [2], Head: 7

Layer [3], Head: 0

Layer [3], Head: 1

Layer [3], Head: 2

Layer [3], Head: 3

Layer [3], Head: 4

Layer [3], Head: 5

Layer [3], Head: 6

Layer [3], Head: 7

Layer [4], Head: 0

Layer [4], Head: 1

Layer [4], Head: 2

Layer [4], Head: 3

Layer [4], Head: 4

Layer [4], Head: 5

Layer [4], Head: 6

Layer [4], Head: 7

Layer [5], Head: 0

Layer [5], Head: 1

Layer [5], Head: 2

Layer [5], Head: 3

Layer [5], Head: 4

Layer [5], Head: 5

Layer [5], Head: 6

Layer [5], Head: 7

Layer [6], Head: 0

Layer [6], Head: 1

Layer [6], Head: 2

Layer [6], Head: 3

Layer [6], Head: 4

Layer [6], Head: 5

Layer [6], Head: 6

Layer [6], Head: 7

Layer [7], Head: 0

Layer [7], Head: 1

Layer [7], Head: 2

Layer [7], Head: 3

Layer [7], Head: 4

Layer [7], Head: 5

Layer [7], Head: 6

Layer [7], Head: 7

Layer [8], Head: 0

Layer [8], Head: 1

Layer [8], Head: 2

Layer [8], Head: 3

Layer [8], Head: 4

Layer [8], Head: 5

Layer [8], Head: 6

Layer [8], Head: 7

Layer [9], Head: 0

Layer [9], Head: 1

Layer [9], Head: 2

Layer [9], Head: 3

Layer [9], Head: 4

Layer [9], Head: 5

Layer [9], Head: 6

Layer [9], Head: 7

Layer [10], Head: 0

Layer [10], Head: 1

Layer [10], Head: 2

Layer [10], Head: 3

Layer [10], Head: 4

Layer [10], Head: 5

Layer [10], Head: 6

Layer [10], Head: 7

Layer [11], Head: 0

Layer [11], Head: 1

Layer [11], Head: 2

Layer [11], Head: 3

Layer [11], Head: 4

Layer [11], Head: 5

Layer [11], Head: 6

Layer [11], Head: 7

Layer [0], Head: -1

Layer [1], Head: -1

Layer [2], Head: -1

Layer [3], Head: -1

Layer [4], Head: -1

Layer [5], Head: -1

Layer [6], Head: -1

Layer [7], Head: -1

Layer [8], Head: -1

Layer [9], Head: -1

Layer [10], Head: -1

Layer [11], Head: -1

Layer [12], Head: -1

Layer [-1], Head: -1
Accuracy (image->label / label->image) -- model(full): 76.73/89.90  PC: 76.93/89.90  text_self: 78.42/90.91  text_ref: 76.78/89.90  image_self: 75.35/86.87  image_ref: 76.53/87.88
Wrote /home/virgilio/contrastive_learning/PCLens-spectral-explainability-in-CLIP-ViT-encoder/output_dir/activations_and_datasets_idxs_69/svd_data_approx_var99/caltech_classnames_RN50_all_text.jsonl
Number of text layers: 12, heads: 8
Evaluating against target images: imagenet (5000 images, 1000 classes)
Probe modality: text (14686 probes, dim 1024)
  [image_set] pool = imagenet (5000 images)

Layer [0], Head: 0

Layer [0], Head: 1

Layer [0], Head: 2

Layer [0], Head: 3

Layer [0], Head: 4

Layer [0], Head: 5

Layer [0], Head: 6

Layer [0], Head: 7

Layer [1], Head: 0

Layer [1], Head: 1

Layer [1], Head: 2

Layer [1], Head: 3

Layer [1], Head: 4

Layer [1], Head: 5

Layer [1], Head: 6

Layer [1], Head: 7

Layer [2], Head: 0

Layer [2], Head: 1

Layer [2], Head: 2

Layer [2], Head: 3

Layer [2], Head: 4

Layer [2], Head: 5

Layer [2], Head: 6

Layer [2], Head: 7

Layer [3], Head: 0

Layer [3], Head: 1

Layer [3], Head: 2

Layer [3], Head: 3

Layer [3], Head: 4

Layer [3], Head: 5

Layer [3], Head: 6

Layer [3], Head: 7

Layer [4], Head: 0

Layer [4], Head: 1

Layer [4], Head: 2

Layer [4], Head: 3

Layer [4], Head: 4

Layer [4], Head: 5

Layer [4], Head: 6

Layer [4], Head: 7

Layer [5], Head: 0

Layer [5], Head: 1

Layer [5], Head: 2

Layer [5], Head: 3

Layer [5], Head: 4

Layer [5], Head: 5

Layer [5], Head: 6

Layer [5], Head: 7

Layer [6], Head: 0

Layer [6], Head: 1

Layer [6], Head: 2

Layer [6], Head: 3

Layer [6], Head: 4

Layer [6], Head: 5

Layer [6], Head: 6

Layer [6], Head: 7

Layer [7], Head: 0

Layer [7], Head: 1

Layer [7], Head: 2

Layer [7], Head: 3

Layer [7], Head: 4

Layer [7], Head: 5

Layer [7], Head: 6

Layer [7], Head: 7

Layer [8], Head: 0

Layer [8], Head: 1

Layer [8], Head: 2

Layer [8], Head: 3

Layer [8], Head: 4

Layer [8], Head: 5

Layer [8], Head: 6

Layer [8], Head: 7

Layer [9], Head: 0

Layer [9], Head: 1

Layer [9], Head: 2

Layer [9], Head: 3

Layer [9], Head: 4

Layer [9], Head: 5

Layer [9], Head: 6

Layer [9], Head: 7

Layer [10], Head: 0

Layer [10], Head: 1

Layer [10], Head: 2

Layer [10], Head: 3

Layer [10], Head: 4

Layer [10], Head: 5

Layer [10], Head: 6

Layer [10], Head: 7

Layer [11], Head: 0

Layer [11], Head: 1

Layer [11], Head: 2

Layer [11], Head: 3

Layer [11], Head: 4

Layer [11], Head: 5

Layer [11], Head: 6

Layer [11], Head: 7

Layer [0], Head: -1

Layer [1], Head: -1

Layer [2], Head: -1

Layer [3], Head: -1

Layer [4], Head: -1

Layer [5], Head: -1

Layer [6], Head: -1

Layer [7], Head: -1

Layer [8], Head: -1

Layer [9], Head: -1

Layer [10], Head: -1

Layer [11], Head: -1

Layer [12], Head: -1

Layer [-1], Head: -1
Accuracy (image->label / label->image) -- model(full): 53.80/64.80  PC: 53.40/64.80  text_self: 52.18/65.30  text_ref: 53.10/64.20  image_self: 52.42/63.60  image_ref: 52.42/63.60
Wrote /home/virgilio/contrastive_learning/PCLens-spectral-explainability-in-CLIP-ViT-encoder/output_dir/activations_and_datasets_idxs_69/svd_data_approx_var99/imagenet_classnames_RN50_all_text.jsonl
Number of layers: 12
  [image_set] pool = imagenet (5000 images)

Layer [0], Head: 0

Layer [0], Head: 1

Layer [0], Head: 2

Layer [0], Head: 3

Layer [0], Head: 4

Layer [0], Head: 5

Layer [0], Head: 6

Layer [0], Head: 7

Layer [0], Head: 8

Layer [0], Head: 9

Layer [0], Head: 10

Layer [0], Head: 11

Layer [1], Head: 0

Layer [1], Head: 1

Layer [1], Head: 2

Layer [1], Head: 3

Layer [1], Head: 4

Layer [1], Head: 5

Layer [1], Head: 6

Layer [1], Head: 7

Layer [1], Head: 8

Layer [1], Head: 9

Layer [1], Head: 10

Layer [1], Head: 11

Layer [2], Head: 0

Layer [2], Head: 1

Layer [2], Head: 2

Layer [2], Head: 3

Layer [2], Head: 4

Layer [2], Head: 5

Layer [2], Head: 6

Layer [2], Head: 7

Layer [2], Head: 8

Layer [2], Head: 9

Layer [2], Head: 10

Layer [2], Head: 11

Layer [3], Head: 0

Layer [3], Head: 1

Layer [3], Head: 2

Layer [3], Head: 3

Layer [3], Head: 4

Layer [3], Head: 5

Layer [3], Head: 6

Layer [3], Head: 7

Layer [3], Head: 8

Layer [3], Head: 9

Layer [3], Head: 10

Layer [3], Head: 11

Layer [4], Head: 0

Layer [4], Head: 1

Layer [4], Head: 2

Layer [4], Head: 3

Layer [4], Head: 4

Layer [4], Head: 5

Layer [4], Head: 6

Layer [4], Head: 7

Layer [4], Head: 8

Layer [4], Head: 9

Layer [4], Head: 10

Layer [4], Head: 11

Layer [5], Head: 0

Layer [5], Head: 1

Layer [5], Head: 2

Layer [5], Head: 3

Layer [5], Head: 4

Layer [5], Head: 5

Layer [5], Head: 6

Layer [5], Head: 7

Layer [5], Head: 8

Layer [5], Head: 9

Layer [5], Head: 10

Layer [5], Head: 11

Layer [6], Head: 0

Layer [6], Head: 1

Layer [6], Head: 2

Layer [6], Head: 3

Layer [6], Head: 4

Layer [6], Head: 5

Layer [6], Head: 6

Layer [6], Head: 7

Layer [6], Head: 8

Layer [6], Head: 9

Layer [6], Head: 10

Layer [6], Head: 11

Layer [7], Head: 0

Layer [7], Head: 1

Layer [7], Head: 2

Layer [7], Head: 3

Layer [7], Head: 4

Layer [7], Head: 5

Layer [7], Head: 6

Layer [7], Head: 7

Layer [7], Head: 8

Layer [7], Head: 9

Layer [7], Head: 10

Layer [7], Head: 11

Layer [8], Head: 0

Layer [8], Head: 1

Layer [8], Head: 2

Layer [8], Head: 3

Layer [8], Head: 4

Layer [8], Head: 5

Layer [8], Head: 6

Layer [8], Head: 7

Layer [8], Head: 8

Layer [8], Head: 9

Layer [8], Head: 10

Layer [8], Head: 11

Layer [9], Head: 0

Layer [9], Head: 1

Layer [9], Head: 2

Layer [9], Head: 3

Layer [9], Head: 4

Layer [9], Head: 5

Layer [9], Head: 6

Layer [9], Head: 7

Layer [9], Head: 8

Layer [9], Head: 9

Layer [9], Head: 10

Layer [9], Head: 11

Layer [10], Head: 0

Layer [10], Head: 1

Layer [10], Head: 2

Layer [10], Head: 3

Layer [10], Head: 4

Layer [10], Head: 5

Layer [10], Head: 6

Layer [10], Head: 7

Layer [10], Head: 8

Layer [10], Head: 9

Layer [10], Head: 10

Layer [10], Head: 11

Layer [11], Head: 0

Layer [11], Head: 1

Layer [11], Head: 2

Layer [11], Head: 3

Layer [11], Head: 4

Layer [11], Head: 5

Layer [11], Head: 6

Layer [11], Head: 7

Layer [11], Head: 8

Layer [11], Head: 9

Layer [11], Head: 10

Layer [11], Head: 11

Layer [0], Head: -1

Layer [1], Head: -1

Layer [2], Head: -1

Layer [3], Head: -1

Layer [4], Head: -1

Layer [5], Head: -1

Layer [6], Head: -1

Layer [7], Head: -1

Layer [8], Head: -1

Layer [9], Head: -1

Layer [10], Head: -1

Layer [11], Head: -1

Layer [12], Head: -1

Layer [-1], Head: -1
Accuracy (image->label / label->image) -- model(full): 76.95/92.00  PC: 77.05/89.00  text_self: 76.15/98.00  text_ref: 76.95/92.00  image_self: 77.10/91.00  image_ref: 76.95/89.00
[RN50 @ cuda:0] >> /home/virgilio/lib/minconda3/envs/MT/bin/python -m utils.scripts.compute_text_explanations --model RN50 --dataset fairface --components all --text_descriptions top_1500_nouns_5_sentences_imagenet_clean --text_dir /home/virgilio/contrastive_learning/PCLens-spectral-explainability-in-CLIP-ViT-encoder/utils/text_descriptions --algorithm svd_data_approx --num_of_last_layers 999 --text_per_princ_comp 10 --max_text 999 --seed 69 --device cuda:0 --image_set imagenet --input_dir /home/virgilio/contrastive_learning/PCLens-spectral-explainability-in-CLIP-ViT-encoder/output_dir/activations_and_datasets_idxs_69 --output_dir /home/virgilio/contrastive_learning/PCLens-spectral-explainability-in-CLIP-ViT-encoder/output_dir/activations_and_datasets_idxs_69 --out_file /home/virgilio/contrastive_learning/PCLens-spectral-explainability-in-CLIP-ViT-encoder/output_dir/activations_and_datasets_idxs_69/svd_data_approx_var99/fairface_RN50_all_image.jsonl
[RN50 @ cuda:0] >> /home/virgilio/lib/minconda3/envs/MT/bin/python -m utils.scripts.compute_text_explanations --model RN50 --dataset imagenet --components all --text_descriptions top_1500_nouns_5_sentences_imagenet_clean --text_dir /home/virgilio/contrastive_learning/PCLens-spectral-explainability-in-CLIP-ViT-encoder/utils/text_descriptions --algorithm svd_data_approx --num_of_last_layers 999 --text_per_princ_comp 10 --max_text 999 --seed 69 --device cuda:0 --image_set imagenet --input_dir /home/virgilio/contrastive_learning/PCLens-spectral-explainability-in-CLIP-ViT-encoder/output_dir/activations_and_datasets_idxs_69 --output_dir /home/virgilio/contrastive_learning/PCLens-spectral-explainability-in-CLIP-ViT-encoder/output_dir/activations_and_datasets_idxs_69 --out_file /home/virgilio/contrastive_learning/PCLens-spectral-explainability-in-CLIP-ViT-encoder/output_dir/activations_and_datasets_idxs_69/svd_data_approx_var99/imagenet_RN50_all_image.jsonl
[RN50 @ cuda:0] >> /home/virgilio/lib/minconda3/envs/MT/bin/python -m utils.scripts.compute_text_explanations_text --model RN50 --dataset CIFAR100_classnames --components all --text_descriptions top_1500_nouns_5_sentences_imagenet_clean --text_dir /home/virgilio/contrastive_learning/PCLens-spectral-explainability-in-CLIP-ViT-encoder/utils/text_descriptions --algorithm svd_data_approx --num_of_last_layers 999 --text_per_princ_comp 10 --max_text 999 --seed 69 --device cuda:0 --probe_modality text --probe_name imagenet --eval_dataset CIFAR100 --image_set imagenet --input_dir /home/virgilio/contrastive_learning/PCLens-spectral-explainability-in-CLIP-ViT-encoder/output_dir/activations_and_datasets_idxs_69 --output_dir /home/virgilio/contrastive_learning/PCLens-spectral-explainability-in-CLIP-ViT-encoder/output_dir/activations_and_datasets_idxs_69 --out_file /home/virgilio/contrastive_learning/PCLens-spectral-explainability-in-CLIP-ViT-encoder/output_dir/activations_and_datasets_idxs_69/svd_data_approx_var99/CIFAR100_classnames_RN50_all_text.jsonl
[RN50 @ cuda:0] >> /home/virgilio/lib/minconda3/envs/MT/bin/python -m utils.scripts.compute_text_explanations_text --model RN50 --dataset binary_waterbirds_classnames --components all --text_descriptions top_1500_nouns_5_sentences_imagenet_clean --text_dir /home/virgilio/contrastive_learning/PCLens-spectral-explainability-in-CLIP-ViT-encoder/utils/text_descriptions --algorithm svd_data_approx --num_of_last_layers 999 --text_per_princ_comp 10 --max_text 999 --seed 69 --device cuda:0 --probe_modality text --probe_name imagenet --eval_dataset binary_waterbirds --image_set imagenet --input_dir /home/virgilio/contrastive_learning/PCLens-spectral-explainability-in-CLIP-ViT-encoder/output_dir/activations_and_datasets_idxs_69 --output_dir /home/virgilio/contrastive_learning/PCLens-spectral-explainability-in-CLIP-ViT-encoder/output_dir/activations_and_datasets_idxs_69 --out_file /home/virgilio/contrastive_learning/PCLens-spectral-explainability-in-CLIP-ViT-encoder/output_dir/activations_and_datasets_idxs_69/svd_data_approx_var99/binary_waterbirds_classnames_RN50_all_text.jsonl
[RN50 @ cuda:0] >> /home/virgilio/lib/minconda3/envs/MT/bin/python -m utils.scripts.compute_text_explanations_text --model RN50 --dataset caltech_classnames --components all --text_descriptions top_1500_nouns_5_sentences_imagenet_clean --text_dir /home/virgilio/contrastive_learning/PCLens-spectral-explainability-in-CLIP-ViT-encoder/utils/text_descriptions --algorithm svd_data_approx --num_of_last_layers 999 --text_per_princ_comp 10 --max_text 999 --seed 69 --device cuda:0 --probe_modality text --probe_name imagenet --eval_dataset caltech --image_set imagenet --input_dir /home/virgilio/contrastive_learning/PCLens-spectral-explainability-in-CLIP-ViT-encoder/output_dir/activations_and_datasets_idxs_69 --output_dir /home/virgilio/contrastive_learning/PCLens-spectral-explainability-in-CLIP-ViT-encoder/output_dir/activations_and_datasets_idxs_69 --out_file /home/virgilio/contrastive_learning/PCLens-spectral-explainability-in-CLIP-ViT-encoder/output_dir/activations_and_datasets_idxs_69/svd_data_approx_var99/caltech_classnames_RN50_all_text.jsonl
[RN50 @ cuda:0] >> /home/virgilio/lib/minconda3/envs/MT/bin/python -m utils.scripts.compute_text_explanations_text --model RN50 --dataset imagenet_classnames --components all --text_descriptions top_1500_nouns_5_sentences_imagenet_clean --text_dir /home/virgilio/contrastive_learning/PCLens-spectral-explainability-in-CLIP-ViT-encoder/utils/text_descriptions --algorithm svd_data_approx --num_of_last_layers 999 --text_per_princ_comp 10 --max_text 999 --seed 69 --device cuda:0 --probe_modality text --probe_name imagenet --eval_dataset imagenet --image_set imagenet --input_dir /home/virgilio/contrastive_learning/PCLens-spectral-explainability-in-CLIP-ViT-encoder/output_dir/activations_and_datasets_idxs_69 --output_dir /home/virgilio/contrastive_learning/PCLens-spectral-explainability-in-CLIP-ViT-encoder/output_dir/activations_and_datasets_idxs_69 --out_file /home/virgilio/contrastive_learning/PCLens-spectral-explainability-in-CLIP-ViT-encoder/output_dir/activations_and_datasets_idxs_69/svd_data_approx_var99/imagenet_classnames_RN50_all_text.jsonl
  [skip] no top_1500_nouns_5_sentences_imagenet_bias_clean image activations to build top_1500_nouns_5_sentences_imagenet_bias_clean_embeddings_RN50 (gather them with extract_activations, or pick a different --probe_name).
  [skip] text tower 'top_1500_nouns_5_sentences_imagenet_bias_clean': no paired image eval set 'top_1500_nouns_5_sentences_imagenet_bias_clean' (needs top_1500_nouns_5_sentences_imagenet_bias_clean_embeddings + _labels).
[RN50 @ cuda:0] done.

======================================================================
[ViT-B-16 @ cuda:0] starting
======================================================================
[ViT-B-16 @ cuda:0] >> /home/virgilio/lib/minconda3/envs/MT/bin/python -m utils.scripts.compute_text_explanations --model ViT-B-16 --dataset CIFAR100 --components all --text_descriptions top_1500_nouns_5_sentences_imagenet_clean --text_dir /home/virgilio/contrastive_learning/PCLens-spectral-explainability-in-CLIP-ViT-encoder/utils/text_descriptions --algorithm svd_data_approx --num_of_last_layers 999 --text_per_princ_comp 10 --max_text 999 --seed 69 --device cuda:0 --image_set imagenet --input_dir /home/virgilio/contrastive_learning/PCLens-spectral-explainability-in-CLIP-ViT-encoder/output_dir/activations_and_datasets_idxs_69 --output_dir /home/virgilio/contrastive_learning/PCLens-spectral-explainability-in-CLIP-ViT-encoder/output_dir/activations_and_datasets_idxs_69 --out_file /home/virgilio/contrastive_learning/PCLens-spectral-explainability-in-CLIP-ViT-encoder/output_dir/activations_and_datasets_idxs_69/svd_data_approx_var99/CIFAR100_ViT-B-16_all_image.jsonl
Number of layers: 12
  [image_set] pool = imagenet (5000 images)

Layer [0], Head: 0

Layer [0], Head: 1

Layer [0], Head: 2

Layer [0], Head: 3

Layer [0], Head: 4

Layer [0], Head: 5

Layer [0], Head: 6

Layer [0], Head: 7

Layer [0], Head: 8

Layer [0], Head: 9

Layer [0], Head: 10

Layer [0], Head: 11

Layer [1], Head: 0

Layer [1], Head: 1

Layer [1], Head: 2

Layer [1], Head: 3

Layer [1], Head: 4

Layer [1], Head: 5

Layer [1], Head: 6

Layer [1], Head: 7

Layer [1], Head: 8

Layer [1], Head: 9

Layer [1], Head: 10

Layer [1], Head: 11

Layer [2], Head: 0

Layer [2], Head: 1

Layer [2], Head: 2

Layer [2], Head: 3

Layer [2], Head: 4

Layer [2], Head: 5

Layer [2], Head: 6

Layer [2], Head: 7

Layer [2], Head: 8

Layer [2], Head: 9

Layer [2], Head: 10

Layer [2], Head: 11

Layer [3], Head: 0

Layer [3], Head: 1

Layer [3], Head: 2

Layer [3], Head: 3

Layer [3], Head: 4

Layer [3], Head: 5

Layer [3], Head: 6

Layer [3], Head: 7

Layer [3], Head: 8

Layer [3], Head: 9

Layer [3], Head: 10

Layer [3], Head: 11

Layer [4], Head: 0

Layer [4], Head: 1

Layer [4], Head: 2

Layer [4], Head: 3

Layer [4], Head: 4

Layer [4], Head: 5

Layer [4], Head: 6

Layer [4], Head: 7

Layer [4], Head: 8

Layer [4], Head: 9

Layer [4], Head: 10

Layer [4], Head: 11

Layer [5], Head: 0

Layer [5], Head: 1

Layer [5], Head: 2

Layer [5], Head: 3

Layer [5], Head: 4

Layer [5], Head: 5

Layer [5], Head: 6

Layer [5], Head: 7

Layer [5], Head: 8

Layer [5], Head: 9

Layer [5], Head: 10

Layer [5], Head: 11

Layer [6], Head: 0

Layer [6], Head: 1

Layer [6], Head: 2

Layer [6], Head: 3

Layer [6], Head: 4

Layer [6], Head: 5

Layer [6], Head: 6

Layer [6], Head: 7

Layer [6], Head: 8

Layer [6], Head: 9

Layer [6], Head: 10

Layer [6], Head: 11

Layer [7], Head: 0

Layer [7], Head: 1

Layer [7], Head: 2

Layer [7], Head: 3

Layer [7], Head: 4

Layer [7], Head: 5

Layer [7], Head: 6

Layer [7], Head: 7

Layer [7], Head: 8

Layer [7], Head: 9

Layer [7], Head: 10

Layer [7], Head: 11

Layer [8], Head: 0

Layer [8], Head: 1

Layer [8], Head: 2

Layer [8], Head: 3

Layer [8], Head: 4

Layer [8], Head: 5

Layer [8], Head: 6

Layer [8], Head: 7

Layer [8], Head: 8

Layer [8], Head: 9

Layer [8], Head: 10

Layer [8], Head: 11

Layer [9], Head: 0

Layer [9], Head: 1

Layer [9], Head: 2

Layer [9], Head: 3

Layer [9], Head: 4

Layer [9], Head: 5

Layer [9], Head: 6

Layer [9], Head: 7

Layer [9], Head: 8

Layer [9], Head: 9

Layer [9], Head: 10

Layer [9], Head: 11

Layer [10], Head: 0

Layer [10], Head: 1

Layer [10], Head: 2

Layer [10], Head: 3

Layer [10], Head: 4

Layer [10], Head: 5

Layer [10], Head: 6

Layer [10], Head: 7

Layer [10], Head: 8

Layer [10], Head: 9

Layer [10], Head: 10

Layer [10], Head: 11

Layer [11], Head: 0

Layer [11], Head: 1

Layer [11], Head: 2

Layer [11], Head: 3

Layer [11], Head: 4

Layer [11], Head: 5

Layer [11], Head: 6

Layer [11], Head: 7

Layer [11], Head: 8

Layer [11], Head: 9

Layer [11], Head: 10

Layer [11], Head: 11

Layer [0], Head: -1

Layer [1], Head: -1

Layer [2], Head: -1

Layer [3], Head: -1

Layer [4], Head: -1

Layer [5], Head: -1

Layer [6], Head: -1

Layer [7], Head: -1

Layer [8], Head: -1

Layer [9], Head: -1

Layer [10], Head: -1

Layer [11], Head: -1

Layer [12], Head: -1

Layer [-1], Head: -1
Accuracy (image->label / label->image) -- model(full): 77.70/50.00  PC: 77.80/50.00  text_self: 77.80/100.00  text_ref: 77.05/50.00  image_self: 77.45/50.00  image_ref: 77.10/50.00
Number of layers: 12
  [image_set] pool = imagenet (5000 images)

Layer [0], Head: 0

Layer [0], Head: 1

Layer [0], Head: 2

Layer [0], Head: 3

Layer [0], Head: 4

Layer [0], Head: 5

Layer [0], Head: 6

Layer [0], Head: 7

Layer [0], Head: 8

Layer [0], Head: 9

Layer [0], Head: 10

Layer [0], Head: 11

Layer [1], Head: 0

Layer [1], Head: 1

Layer [1], Head: 2

Layer [1], Head: 3

Layer [1], Head: 4

Layer [1], Head: 5

Layer [1], Head: 6

Layer [1], Head: 7

Layer [1], Head: 8

Layer [1], Head: 9

Layer [1], Head: 10

Layer [1], Head: 11

Layer [2], Head: 0

Layer [2], Head: 1

Layer [2], Head: 2

Layer [2], Head: 3

Layer [2], Head: 4

Layer [2], Head: 5

Layer [2], Head: 6

Layer [2], Head: 7

Layer [2], Head: 8

Layer [2], Head: 9

Layer [2], Head: 10

Layer [2], Head: 11

Layer [3], Head: 0

Layer [3], Head: 1

Layer [3], Head: 2

Layer [3], Head: 3

Layer [3], Head: 4

Layer [3], Head: 5

Layer [3], Head: 6

Layer [3], Head: 7

Layer [3], Head: 8

Layer [3], Head: 9

Layer [3], Head: 10

Layer [3], Head: 11

Layer [4], Head: 0

Layer [4], Head: 1

Layer [4], Head: 2

Layer [4], Head: 3

Layer [4], Head: 4

Layer [4], Head: 5

Layer [4], Head: 6

Layer [4], Head: 7

Layer [4], Head: 8

Layer [4], Head: 9

Layer [4], Head: 10

Layer [4], Head: 11

Layer [5], Head: 0

Layer [5], Head: 1

Layer [5], Head: 2

Layer [5], Head: 3

Layer [5], Head: 4

Layer [5], Head: 5

Layer [5], Head: 6

Layer [5], Head: 7

Layer [5], Head: 8

Layer [5], Head: 9

Layer [5], Head: 10

Layer [5], Head: 11

Layer [6], Head: 0

Layer [6], Head: 1

Layer [6], Head: 2

Layer [6], Head: 3

Layer [6], Head: 4

Layer [6], Head: 5

Layer [6], Head: 6

Layer [6], Head: 7

Layer [6], Head: 8

Layer [6], Head: 9

Layer [6], Head: 10

Layer [6], Head: 11

Layer [7], Head: 0

Layer [7], Head: 1

Layer [7], Head: 2

Layer [7], Head: 3

Layer [7], Head: 4

Layer [7], Head: 5

Layer [7], Head: 6

Layer [7], Head: 7

Layer [7], Head: 8

Layer [7], Head: 9

Layer [7], Head: 10

Layer [7], Head: 11

Layer [8], Head: 0

Layer [8], Head: 1

Layer [8], Head: 2

Layer [8], Head: 3

Layer [8], Head: 4

Layer [8], Head: 5

Layer [8], Head: 6

Layer [8], Head: 7

Layer [8], Head: 8

Layer [8], Head: 9

Layer [8], Head: 10

Layer [8], Head: 11

Layer [9], Head: 0

Layer [9], Head: 1

Layer [9], Head: 2

Layer [9], Head: 3

Layer [9], Head: 4

Layer [9], Head: 5

Layer [9], Head: 6

Layer [9], Head: 7

Layer [9], Head: 8

Layer [9], Head: 9

Layer [9], Head: 10

Layer [9], Head: 11

Layer [10], Head: 0

Layer [10], Head: 1

Layer [10], Head: 2

Layer [10], Head: 3

Layer [10], Head: 4

Layer [10], Head: 5

Layer [10], Head: 6

Layer [10], Head: 7

Layer [10], Head: 8

Layer [10], Head: 9

Layer [10], Head: 10

Layer [10], Head: 11

Layer [11], Head: 0

Layer [11], Head: 1

Layer [11], Head: 2

Layer [11], Head: 3

Layer [11], Head: 4

Layer [11], Head: 5

Layer [11], Head: 6

Layer [11], Head: 7

Layer [11], Head: 8

Layer [11], Head: 9

Layer [11], Head: 10

Layer [11], Head: 11

Layer [0], Head: -1

Layer [1], Head: -1

Layer [2], Head: -1

Layer [3], Head: -1

Layer [4], Head: -1

Layer [5], Head: -1

Layer [6], Head: -1

Layer [7], Head: -1

Layer [8], Head: -1

Layer [9], Head: -1

Layer [10], Head: -1

Layer [11], Head: -1

Layer [12], Head: -1

Layer [-1], Head: -1
Accuracy (image->label / label->image) -- model(full): 88.71/93.94  PC: 88.86/94.95  text_self: 88.47/95.96  text_ref: 89.80/95.96  image_self: 89.06/95.96  image_ref: 89.01/94.95
Number of layers: 12
  [image_set] pool = imagenet (5000 images)

Layer [0], Head: 0

Layer [0], Head: 1

Layer [0], Head: 2

Layer [0], Head: 3

Layer [0], Head: 4

Layer [0], Head: 5

Layer [0], Head: 6

Layer [0], Head: 7

Layer [0], Head: 8

Layer [0], Head: 9

Layer [0], Head: 10

Layer [0], Head: 11

Layer [1], Head: 0

Layer [1], Head: 1

Layer [1], Head: 2

Layer [1], Head: 3

Layer [1], Head: 4

Layer [1], Head: 5

Layer [1], Head: 6

Layer [1], Head: 7

Layer [1], Head: 8

Layer [1], Head: 9

Layer [1], Head: 10

Layer [1], Head: 11

Layer [2], Head: 0

Layer [2], Head: 1

Layer [2], Head: 2

Layer [2], Head: 3

Layer [2], Head: 4

Layer [2], Head: 5

Layer [2], Head: 6

Layer [2], Head: 7

Layer [2], Head: 8

Layer [2], Head: 9

Layer [2], Head: 10

Layer [2], Head: 11

Layer [3], Head: 0

Layer [3], Head: 1

Layer [3], Head: 2

Layer [3], Head: 3

Layer [3], Head: 4

Layer [3], Head: 5

Layer [3], Head: 6

Layer [3], Head: 7

Layer [3], Head: 8

Layer [3], Head: 9

Layer [3], Head: 10

Layer [3], Head: 11

Layer [4], Head: 0

Layer [4], Head: 1

Layer [4], Head: 2

Layer [4], Head: 3

Layer [4], Head: 4

Layer [4], Head: 5

Layer [4], Head: 6

Layer [4], Head: 7

Layer [4], Head: 8

Layer [4], Head: 9

Layer [4], Head: 10

Layer [4], Head: 11

Layer [5], Head: 0

Layer [5], Head: 1

Layer [5], Head: 2

Layer [5], Head: 3

Layer [5], Head: 4

Layer [5], Head: 5

Layer [5], Head: 6

Layer [5], Head: 7

Layer [5], Head: 8

Layer [5], Head: 9

Layer [5], Head: 10

Layer [5], Head: 11

Layer [6], Head: 0

Layer [6], Head: 1

Layer [6], Head: 2

Layer [6], Head: 3

Layer [6], Head: 4

Layer [6], Head: 5

Layer [6], Head: 6

Layer [6], Head: 7

Layer [6], Head: 8

Layer [6], Head: 9

Layer [6], Head: 10

Layer [6], Head: 11

Layer [7], Head: 0

Layer [7], Head: 1

Layer [7], Head: 2

Layer [7], Head: 3

Layer [7], Head: 4

Layer [7], Head: 5

Layer [7], Head: 6

Layer [7], Head: 7

Layer [7], Head: 8

Layer [7], Head: 9

Layer [7], Head: 10

Layer [7], Head: 11

Layer [8], Head: 0

Layer [8], Head: 1

Layer [8], Head: 2

Layer [8], Head: 3

Layer [8], Head: 4

Layer [8], Head: 5

Layer [8], Head: 6

Layer [8], Head: 7

Layer [8], Head: 8

Layer [8], Head: 9

Layer [8], Head: 10

Layer [8], Head: 11

Layer [9], Head: 0

Layer [9], Head: 1

Layer [9], Head: 2

Layer [9], Head: 3

Layer [9], Head: 4

Layer [9], Head: 5

Layer [9], Head: 6

Layer [9], Head: 7

Layer [9], Head: 8

Layer [9], Head: 9

Layer [9], Head: 10

Layer [9], Head: 11

Layer [10], Head: 0

Layer [10], Head: 1

Layer [10], Head: 2

Layer [10], Head: 3

Layer [10], Head: 4

Layer [10], Head: 5

Layer [10], Head: 6

Layer [10], Head: 7

Layer [10], Head: 8

Layer [10], Head: 9

Layer [10], Head: 10

Layer [10], Head: 11

Layer [11], Head: 0

Layer [11], Head: 1

Layer [11], Head: 2

Layer [11], Head: 3

Layer [11], Head: 4

Layer [11], Head: 5

Layer [11], Head: 6

Layer [11], Head: 7

Layer [11], Head: 8

Layer [11], Head: 9

Layer [11], Head: 10

Layer [11], Head: 11

Layer [0], Head: -1

Layer [1], Head: -1

Layer [2], Head: -1

Layer [3], Head: -1

Layer [4], Head: -1

Layer [5], Head: -1

Layer [6], Head: -1

Layer [7], Head: -1

Layer [8], Head: -1

Layer [9], Head: -1

Layer [10], Head: -1

Layer [11], Head: -1

Layer [12], Head: -1

Layer [-1], Head: -1
Accuracy (image->label / label->image) -- model(full): 54.83/85.71  PC: 54.86/100.00  text_self: 54.86/71.43  text_ref: 53.86/100.00  image_self: 55.00/71.43  image_ref: 55.00/100.00
Number of layers: 12
  [image_set] pool = imagenet (5000 images)

Layer [0], Head: 0

Layer [0], Head: 1

Layer [0], Head: 2

Layer [0], Head: 3

Layer [0], Head: 4

Layer [0], Head: 5

Layer [0], Head: 6

Layer [0], Head: 7

Layer [0], Head: 8

Layer [0], Head: 9

Layer [0], Head: 10

Layer [0], Head: 11

Layer [1], Head: 0

Layer [1], Head: 1

Layer [1], Head: 2

Layer [1], Head: 3

Layer [1], Head: 4

Layer [1], Head: 5

Layer [1], Head: 6

Layer [1], Head: 7

Layer [1], Head: 8

Layer [1], Head: 9

Layer [1], Head: 10

Layer [1], Head: 11

Layer [2], Head: 0

Layer [2], Head: 1

Layer [2], Head: 2

Layer [2], Head: 3

Layer [2], Head: 4

Layer [2], Head: 5

Layer [2], Head: 6

Layer [2], Head: 7

Layer [2], Head: 8

Layer [2], Head: 9

Layer [2], Head: 10

Layer [2], Head: 11

Layer [3], Head: 0

Layer [3], Head: 1

Layer [3], Head: 2

Layer [3], Head: 3

Layer [3], Head: 4

Layer [3], Head: 5

Layer [3], Head: 6

Layer [3], Head: 7

Layer [3], Head: 8

Layer [3], Head: 9

Layer [3], Head: 10

Layer [3], Head: 11

Layer [4], Head: 0

Layer [4], Head: 1

Layer [4], Head: 2

Layer [4], Head: 3

Layer [4], Head: 4

Layer [4], Head: 5

Layer [4], Head: 6

Layer [4], Head: 7

Layer [4], Head: 8

Layer [4], Head: 9

Layer [4], Head: 10

Layer [4], Head: 11

Layer [5], Head: 0

Layer [5], Head: 1

Layer [5], Head: 2

Layer [5], Head: 3

Layer [5], Head: 4

Layer [5], Head: 5

Layer [5], Head: 6

Layer [5], Head: 7

Layer [5], Head: 8

Layer [5], Head: 9

Layer [5], Head: 10

Layer [5], Head: 11

Layer [6], Head: 0

Layer [6], Head: 1

Layer [6], Head: 2

Layer [6], Head: 3

Layer [6], Head: 4

Layer [6], Head: 5

Layer [6], Head: 6

Layer [6], Head: 7

Layer [6], Head: 8

Layer [6], Head: 9

Layer [6], Head: 10

Layer [6], Head: 11

Layer [7], Head: 0

Layer [7], Head: 1

Layer [7], Head: 2

Layer [7], Head: 3

Layer [7], Head: 4

Layer [7], Head: 5

Layer [7], Head: 6

Layer [7], Head: 7

Layer [7], Head: 8

Layer [7], Head: 9

Layer [7], Head: 10

Layer [7], Head: 11

Layer [8], Head: 0

Layer [8], Head: 1

Layer [8], Head: 2

Layer [8], Head: 3

Layer [8], Head: 4

Layer [8], Head: 5

Layer [8], Head: 6

Layer [8], Head: 7

Layer [8], Head: 8

Layer [8], Head: 9

Layer [8], Head: 10

Layer [8], Head: 11

Layer [9], Head: 0

Layer [9], Head: 1

Layer [9], Head: 2

Layer [9], Head: 3

Layer [9], Head: 4

Layer [9], Head: 5

Layer [9], Head: 6

Layer [9], Head: 7

Layer [9], Head: 8

Layer [9], Head: 9

Layer [9], Head: 10

Layer [9], Head: 11

Layer [10], Head: 0

Layer [10], Head: 1

Layer [10], Head: 2

Layer [10], Head: 3

Layer [10], Head: 4

Layer [10], Head: 5

Layer [10], Head: 6

Layer [10], Head: 7

Layer [10], Head: 8

Layer [10], Head: 9

Layer [10], Head: 10

Layer [10], Head: 11

Layer [11], Head: 0

Layer [11], Head: 1

Layer [11], Head: 2

Layer [11], Head: 3

Layer [11], Head: 4

Layer [11], Head: 5

Layer [11], Head: 6

Layer [11], Head: 7

Layer [11], Head: 8

Layer [11], Head: 9

Layer [11], Head: 10

Layer [11], Head: 11

Layer [0], Head: -1

Layer [1], Head: -1

Layer [2], Head: -1

Layer [3], Head: -1

Layer [4], Head: -1

Layer [5], Head: -1

Layer [6], Head: -1

Layer [7], Head: -1

Layer [8], Head: -1

Layer [9], Head: -1

Layer [10], Head: -1

Layer [11], Head: -1

Layer [12], Head: -1

Layer [-1], Head: -1
Accuracy (image->label / label->image) -- model(full): 69.50/77.70  PC: 69.52/78.10  text_self: 69.12/79.60  text_ref: 69.02/78.60  image_self: 69.52/78.10  image_ref: 69.52/78.10
Number of text layers: 12, heads: 8
Evaluating against target images: CIFAR100 (2000 images, 100 classes)
Probe modality: text (14686 probes, dim 512)
  [image_set] pool = imagenet (5000 images)

Layer [0], Head: 0

Layer [0], Head: 1

Layer [0], Head: 2

Layer [0], Head: 3

Layer [0], Head: 4

Layer [0], Head: 5

Layer [0], Head: 6

Layer [0], Head: 7

Layer [1], Head: 0

Layer [1], Head: 1

Layer [1], Head: 2

Layer [1], Head: 3

Layer [1], Head: 4

Layer [1], Head: 5

Layer [1], Head: 6

Layer [1], Head: 7

Layer [2], Head: 0

Layer [2], Head: 1

Layer [2], Head: 2

Layer [2], Head: 3

Layer [2], Head: 4

Layer [2], Head: 5

Layer [2], Head: 6

Layer [2], Head: 7

Layer [3], Head: 0

Layer [3], Head: 1

Layer [3], Head: 2

Layer [3], Head: 3

Layer [3], Head: 4

Layer [3], Head: 5

Layer [3], Head: 6

Layer [3], Head: 7

Layer [4], Head: 0

Layer [4], Head: 1

Layer [4], Head: 2

Layer [4], Head: 3

Layer [4], Head: 4

Layer [4], Head: 5

Layer [4], Head: 6

Layer [4], Head: 7

Layer [5], Head: 0

Layer [5], Head: 1

Layer [5], Head: 2

Layer [5], Head: 3

Layer [5], Head: 4

Layer [5], Head: 5

Layer [5], Head: 6

Layer [5], Head: 7

Layer [6], Head: 0

Layer [6], Head: 1

Layer [6], Head: 2

Layer [6], Head: 3

Layer [6], Head: 4

Layer [6], Head: 5

Layer [6], Head: 6

Layer [6], Head: 7

Layer [7], Head: 0

Layer [7], Head: 1

Layer [7], Head: 2

Layer [7], Head: 3

Layer [7], Head: 4

Layer [7], Head: 5

Layer [7], Head: 6

Layer [7], Head: 7

Layer [8], Head: 0

Layer [8], Head: 1

Layer [8], Head: 2

Layer [8], Head: 3

Layer [8], Head: 4

Layer [8], Head: 5

Layer [8], Head: 6

Layer [8], Head: 7

Layer [9], Head: 0

Layer [9], Head: 1

Layer [9], Head: 2

Layer [9], Head: 3

Layer [9], Head: 4

Layer [9], Head: 5

Layer [9], Head: 6

Layer [9], Head: 7

Layer [10], Head: 0

Layer [10], Head: 1

Layer [10], Head: 2

Layer [10], Head: 3

Layer [10], Head: 4

Layer [10], Head: 5

Layer [10], Head: 6

Layer [10], Head: 7

Layer [11], Head: 0

Layer [11], Head: 1

Layer [11], Head: 2

Layer [11], Head: 3

Layer [11], Head: 4

Layer [11], Head: 5

Layer [11], Head: 6

Layer [11], Head: 7

Layer [0], Head: -1

Layer [1], Head: -1

Layer [2], Head: -1

Layer [3], Head: -1

Layer [4], Head: -1

Layer [5], Head: -1

Layer [6], Head: -1

Layer [7], Head: -1

Layer [8], Head: -1

Layer [9], Head: -1

Layer [10], Head: -1

Layer [11], Head: -1

Layer [12], Head: -1

Layer [-1], Head: -1
Accuracy (image->label / label->image) -- model(full): 67.40/92.00  PC: 67.40/92.00  text_self: 70.15/91.00  text_ref: 67.15/93.00  image_self: 69.45/92.00  image_ref: 69.40/91.00
Wrote /home/virgilio/contrastive_learning/PCLens-spectral-explainability-in-CLIP-ViT-encoder/output_dir/activations_and_datasets_idxs_69/svd_data_approx_var99/CIFAR100_classnames_ViT-B-16_all_text.jsonl
Number of text layers: 12, heads: 8
Evaluating against target images: binary_waterbirds (2000 images, 2 classes)
Probe modality: text (14686 probes, dim 512)
  [image_set] pool = imagenet (5000 images)

Layer [0], Head: 0

Layer [0], Head: 1

Layer [0], Head: 2

Layer [0], Head: 3

Layer [0], Head: 4

Layer [0], Head: 5

Layer [0], Head: 6

Layer [0], Head: 7

Layer [1], Head: 0

Layer [1], Head: 1

Layer [1], Head: 2

Layer [1], Head: 3

Layer [1], Head: 4

Layer [1], Head: 5

Layer [1], Head: 6

Layer [1], Head: 7

Layer [2], Head: 0

Layer [2], Head: 1

Layer [2], Head: 2

Layer [2], Head: 3

Layer [2], Head: 4

Layer [2], Head: 5

Layer [2], Head: 6

Layer [2], Head: 7

Layer [3], Head: 0

Layer [3], Head: 1

Layer [3], Head: 2

Layer [3], Head: 3

Layer [3], Head: 4

Layer [3], Head: 5

Layer [3], Head: 6

Layer [3], Head: 7

Layer [4], Head: 0

Layer [4], Head: 1

Layer [4], Head: 2

Layer [4], Head: 3

Layer [4], Head: 4

Layer [4], Head: 5

Layer [4], Head: 6

Layer [4], Head: 7

Layer [5], Head: 0

Layer [5], Head: 1

Layer [5], Head: 2

Layer [5], Head: 3

Layer [5], Head: 4

Layer [5], Head: 5

Layer [5], Head: 6

Layer [5], Head: 7

Layer [6], Head: 0

Layer [6], Head: 1

Layer [6], Head: 2

Layer [6], Head: 3

Layer [6], Head: 4

Layer [6], Head: 5

Layer [6], Head: 6

Layer [6], Head: 7

Layer [7], Head: 0

Layer [7], Head: 1

Layer [7], Head: 2

Layer [7], Head: 3

Layer [7], Head: 4

Layer [7], Head: 5

Layer [7], Head: 6

Layer [7], Head: 7

Layer [8], Head: 0

Layer [8], Head: 1

Layer [8], Head: 2

Layer [8], Head: 3

Layer [8], Head: 4

Layer [8], Head: 5

Layer [8], Head: 6

Layer [8], Head: 7

Layer [9], Head: 0

Layer [9], Head: 1

Layer [9], Head: 2

Layer [9], Head: 3

Layer [9], Head: 4

Layer [9], Head: 5

Layer [9], Head: 6

Layer [9], Head: 7

Layer [10], Head: 0

Layer [10], Head: 1

Layer [10], Head: 2

Layer [10], Head: 3

Layer [10], Head: 4

Layer [10], Head: 5

Layer [10], Head: 6

Layer [10], Head: 7

Layer [11], Head: 0

Layer [11], Head: 1

Layer [11], Head: 2

Layer [11], Head: 3

Layer [11], Head: 4

Layer [11], Head: 5

Layer [11], Head: 6

Layer [11], Head: 7

Layer [0], Head: -1

Layer [1], Head: -1

Layer [2], Head: -1

Layer [3], Head: -1

Layer [4], Head: -1

Layer [5], Head: -1

Layer [6], Head: -1

Layer [7], Head: -1

Layer [8], Head: -1

Layer [9], Head: -1

Layer [10], Head: -1

Layer [11], Head: -1

Layer [12], Head: -1

Layer [-1], Head: -1
Accuracy (image->label / label->image) -- model(full): 69.35/100.00  PC: 69.35/100.00  text_self: 69.35/100.00  text_ref: 69.35/100.00  image_self: 69.35/100.00  image_ref: 69.35/100.00
Wrote /home/virgilio/contrastive_learning/PCLens-spectral-explainability-in-CLIP-ViT-encoder/output_dir/activations_and_datasets_idxs_69/svd_data_approx_var99/binary_waterbirds_classnames_ViT-B-16_all_text.jsonl
Number of text layers: 12, heads: 8
Evaluating against target images: caltech (2020 images, 99 classes)
Probe modality: text (14686 probes, dim 512)
  [image_set] pool = imagenet (5000 images)

Layer [0], Head: 0

Layer [0], Head: 1

Layer [0], Head: 2

Layer [0], Head: 3

Layer [0], Head: 4

Layer [0], Head: 5

Layer [0], Head: 6

Layer [0], Head: 7

Layer [1], Head: 0

Layer [1], Head: 1

Layer [1], Head: 2

Layer [1], Head: 3

Layer [1], Head: 4

Layer [1], Head: 5

Layer [1], Head: 6

Layer [1], Head: 7

Layer [2], Head: 0

Layer [2], Head: 1

Layer [2], Head: 2

Layer [2], Head: 3

Layer [2], Head: 4

Layer [2], Head: 5

Layer [2], Head: 6

Layer [2], Head: 7

Layer [3], Head: 0

Layer [3], Head: 1

Layer [3], Head: 2

Layer [3], Head: 3

Layer [3], Head: 4

Layer [3], Head: 5

Layer [3], Head: 6

Layer [3], Head: 7

Layer [4], Head: 0

Layer [4], Head: 1

Layer [4], Head: 2

Layer [4], Head: 3

Layer [4], Head: 4

Layer [4], Head: 5

Layer [4], Head: 6

Layer [4], Head: 7

Layer [5], Head: 0

Layer [5], Head: 1

Layer [5], Head: 2

Layer [5], Head: 3

Layer [5], Head: 4

Layer [5], Head: 5

Layer [5], Head: 6

Layer [5], Head: 7

Layer [6], Head: 0

Layer [6], Head: 1

Layer [6], Head: 2

Layer [6], Head: 3

Layer [6], Head: 4

Layer [6], Head: 5

Layer [6], Head: 6

Layer [6], Head: 7

Layer [7], Head: 0

Layer [7], Head: 1

Layer [7], Head: 2

Layer [7], Head: 3

Layer [7], Head: 4

Layer [7], Head: 5

Layer [7], Head: 6

Layer [7], Head: 7

Layer [8], Head: 0

Layer [8], Head: 1

Layer [8], Head: 2

Layer [8], Head: 3

Layer [8], Head: 4

Layer [8], Head: 5

Layer [8], Head: 6

Layer [8], Head: 7

Layer [9], Head: 0

Layer [9], Head: 1

Layer [9], Head: 2

Layer [9], Head: 3

Layer [9], Head: 4

Layer [9], Head: 5

Layer [9], Head: 6

Layer [9], Head: 7

Layer [10], Head: 0

Layer [10], Head: 1

Layer [10], Head: 2

Layer [10], Head: 3

Layer [10], Head: 4

Layer [10], Head: 5

Layer [10], Head: 6

Layer [10], Head: 7

Layer [11], Head: 0

Layer [11], Head: 1

Layer [11], Head: 2

Layer [11], Head: 3

Layer [11], Head: 4

Layer [11], Head: 5

Layer [11], Head: 6

Layer [11], Head: 7

Layer [0], Head: -1

Layer [1], Head: -1

Layer [2], Head: -1

Layer [3], Head: -1

Layer [4], Head: -1

Layer [5], Head: -1

Layer [6], Head: -1

Layer [7], Head: -1

Layer [8], Head: -1

Layer [9], Head: -1

Layer [10], Head: -1

Layer [11], Head: -1

Layer [12], Head: -1

Layer [-1], Head: -1
Accuracy (image->label / label->image) -- model(full): 80.94/92.93  PC: 80.99/92.93  text_self: 81.58/94.95  text_ref: 80.94/92.93  image_self: 82.08/92.93  image_ref: 80.15/95.96
Wrote /home/virgilio/contrastive_learning/PCLens-spectral-explainability-in-CLIP-ViT-encoder/output_dir/activations_and_datasets_idxs_69/svd_data_approx_var99/caltech_classnames_ViT-B-16_all_text.jsonl
[ViT-B-16 @ cuda:0] >> /home/virgilio/lib/minconda3/envs/MT/bin/python -m utils.scripts.compute_text_explanations --model ViT-B-16 --dataset binary_waterbirds --components all --text_descriptions top_1500_nouns_5_sentences_imagenet_clean --text_dir /home/virgilio/contrastive_learning/PCLens-spectral-explainability-in-CLIP-ViT-encoder/utils/text_descriptions --algorithm svd_data_approx --num_of_last_layers 999 --text_per_princ_comp 10 --max_text 999 --seed 69 --device cuda:0 --image_set imagenet --input_dir /home/virgilio/contrastive_learning/PCLens-spectral-explainability-in-CLIP-ViT-encoder/output_dir/activations_and_datasets_idxs_69 --output_dir /home/virgilio/contrastive_learning/PCLens-spectral-explainability-in-CLIP-ViT-encoder/output_dir/activations_and_datasets_idxs_69 --out_file /home/virgilio/contrastive_learning/PCLens-spectral-explainability-in-CLIP-ViT-encoder/output_dir/activations_and_datasets_idxs_69/svd_data_approx_var99/binary_waterbirds_ViT-B-16_all_image.jsonl
[ViT-B-16 @ cuda:0] >> /home/virgilio/lib/minconda3/envs/MT/bin/python -m utils.scripts.compute_text_explanations --model ViT-B-16 --dataset caltech --components all --text_descriptions top_1500_nouns_5_sentences_imagenet_clean --text_dir /home/virgilio/contrastive_learning/PCLens-spectral-explainability-in-CLIP-ViT-encoder/utils/text_descriptions --algorithm svd_data_approx --num_of_last_layers 999 --text_per_princ_comp 10 --max_text 999 --seed 69 --device cuda:0 --image_set imagenet --input_dir /home/virgilio/contrastive_learning/PCLens-spectral-explainability-in-CLIP-ViT-encoder/output_dir/activations_and_datasets_idxs_69 --output_dir /home/virgilio/contrastive_learning/PCLens-spectral-explainability-in-CLIP-ViT-encoder/output_dir/activations_and_datasets_idxs_69 --out_file /home/virgilio/contrastive_learning/PCLens-spectral-explainability-in-CLIP-ViT-encoder/output_dir/activations_and_datasets_idxs_69/svd_data_approx_var99/caltech_ViT-B-16_all_image.jsonl
[ViT-B-16 @ cuda:0] >> /home/virgilio/lib/minconda3/envs/MT/bin/python -m utils.scripts.compute_text_explanations --model ViT-B-16 --dataset fairface --components all --text_descriptions top_1500_nouns_5_sentences_imagenet_clean --text_dir /home/virgilio/contrastive_learning/PCLens-spectral-explainability-in-CLIP-ViT-encoder/utils/text_descriptions --algorithm svd_data_approx --num_of_last_layers 999 --text_per_princ_comp 10 --max_text 999 --seed 69 --device cuda:0 --image_set imagenet --input_dir /home/virgilio/contrastive_learning/PCLens-spectral-explainability-in-CLIP-ViT-encoder/output_dir/activations_and_datasets_idxs_69 --output_dir /home/virgilio/contrastive_learning/PCLens-spectral-explainability-in-CLIP-ViT-encoder/output_dir/activations_and_datasets_idxs_69 --out_file /home/virgilio/contrastive_learning/PCLens-spectral-explainability-in-CLIP-ViT-encoder/output_dir/activations_and_datasets_idxs_69/svd_data_approx_var99/fairface_ViT-B-16_all_image.jsonl
[ViT-B-16 @ cuda:0] >> /home/virgilio/lib/minconda3/envs/MT/bin/python -m utils.scripts.compute_text_explanations --model ViT-B-16 --dataset imagenet --components all --text_descriptions top_1500_nouns_5_sentences_imagenet_clean --text_dir /home/virgilio/contrastive_learning/PCLens-spectral-explainability-in-CLIP-ViT-encoder/utils/text_descriptions --algorithm svd_data_approx --num_of_last_layers 999 --text_per_princ_comp 10 --max_text 999 --seed 69 --device cuda:0 --image_set imagenet --input_dir /home/virgilio/contrastive_learning/PCLens-spectral-explainability-in-CLIP-ViT-encoder/output_dir/activations_and_datasets_idxs_69 --output_dir /home/virgilio/contrastive_learning/PCLens-spectral-explainability-in-CLIP-ViT-encoder/output_dir/activations_and_datasets_idxs_69 --out_file /home/virgilio/contrastive_learning/PCLens-spectral-explainability-in-CLIP-ViT-encoder/output_dir/activations_and_datasets_idxs_69/svd_data_approx_var99/imagenet_ViT-B-16_all_image.jsonl
[ViT-B-16 @ cuda:0] >> /home/virgilio/lib/minconda3/envs/MT/bin/python -m utils.scripts.compute_text_explanations_text --model ViT-B-16 --dataset CIFAR100_classnames --components all --text_descriptions top_1500_nouns_5_sentences_imagenet_clean --text_dir /home/virgilio/contrastive_learning/PCLens-spectral-explainability-in-CLIP-ViT-encoder/utils/text_descriptions --algorithm svd_data_approx --num_of_last_layers 999 --text_per_princ_comp 10 --max_text 999 --seed 69 --device cuda:0 --probe_modality text --probe_name imagenet --eval_dataset CIFAR100 --image_set imagenet --input_dir /home/virgilio/contrastive_learning/PCLens-spectral-explainability-in-CLIP-ViT-encoder/output_dir/activations_and_datasets_idxs_69 --output_dir /home/virgilio/contrastive_learning/PCLens-spectral-explainability-in-CLIP-ViT-encoder/output_dir/activations_and_datasets_idxs_69 --out_file /home/virgilio/contrastive_learning/PCLens-spectral-explainability-in-CLIP-ViT-encoder/output_dir/activations_and_datasets_idxs_69/svd_data_approx_var99/CIFAR100_classnames_ViT-B-16_all_text.jsonl
[ViT-B-16 @ cuda:0] >> /home/virgilio/lib/minconda3/envs/MT/bin/python -m utils.scripts.compute_text_explanations_text --model ViT-B-16 --dataset binary_waterbirds_classnames --components all --text_descriptions top_1500_nouns_5_sentences_imagenet_clean --text_dir /home/virgilio/contrastive_learning/PCLens-spectral-explainability-in-CLIP-ViT-encoder/utils/text_descriptions --algorithm svd_data_approx --num_of_last_layers 999 --text_per_princ_comp 10 --max_text 999 --seed 69 --device cuda:0 --probe_modality text --probe_name imagenet --eval_dataset binary_waterbirds --image_set imagenet --input_dir /home/virgilio/contrastive_learning/PCLens-spectral-explainability-in-CLIP-ViT-encoder/output_dir/activations_and_datasets_idxs_69 --output_dir /home/virgilio/contrastive_learning/PCLens-spectral-explainability-in-CLIP-ViT-encoder/output_dir/activations_and_datasets_idxs_69 --out_file /home/virgilio/contrastive_learning/PCLens-spectral-explainability-in-CLIP-ViT-encoder/output_dir/activations_and_datasets_idxs_69/svd_data_approx_var99/binary_waterbirds_classnames_ViT-B-16_all_text.jsonl
[ViT-B-16 @ cuda:0] >> /home/virgilio/lib/minconda3/envs/MT/bin/python -m utils.scripts.compute_text_explanations_text --model ViT-B-16 --dataset caltech_classnames --components all --text_descriptions top_1500_nouns_5_sentences_imagenet_clean --text_dir /home/virgilio/contrastive_learning/PCLens-spectral-explainability-in-CLIP-ViT-encoder/utils/text_descriptions --algorithm svd_data_approx --num_of_last_layers 999 --text_per_princ_comp 10 --max_text 999 --seed 69 --device cuda:0 --probe_modality text --probe_name imagenet --eval_dataset caltech --image_set imagenet --input_dir /home/virgilio/contrastive_learning/PCLens-spectral-explainability-in-CLIP-ViT-encoder/output_dir/activations_and_datasets_idxs_69 --output_dir /home/virgilio/contrastive_learning/PCLens-spectral-explainability-in-CLIP-ViT-encoder/output_dir/activations_and_datasets_idxs_69 --out_file /home/virgilio/contrastive_learning/PCLens-spectral-explainability-in-CLIP-ViT-encoder/output_dir/activations_and_datasets_idxs_69/svd_data_approx_var99/caltech_classnames_ViT-B-16_all_text.jsonl
Number of text layers: 12, heads: 8
Evaluating against target images: fairface (3500 images, 7 classes)
Probe modality: text (14686 probes, dim 512)
  [image_set] pool = imagenet (5000 images)

Layer [0], Head: 0

Layer [0], Head: 1

Layer [0], Head: 2

Layer [0], Head: 3

Layer [0], Head: 4

Layer [0], Head: 5

Layer [0], Head: 6

Layer [0], Head: 7

Layer [1], Head: 0

Layer [1], Head: 1

Layer [1], Head: 2

Layer [1], Head: 3

Layer [1], Head: 4

Layer [1], Head: 5

Layer [1], Head: 6

Layer [1], Head: 7

Layer [2], Head: 0

Layer [2], Head: 1

Layer [2], Head: 2

Layer [2], Head: 3

Layer [2], Head: 4

Layer [2], Head: 5

Layer [2], Head: 6

Layer [2], Head: 7

Layer [3], Head: 0

Layer [3], Head: 1

Layer [3], Head: 2

Layer [3], Head: 3

Layer [3], Head: 4

Layer [3], Head: 5

Layer [3], Head: 6

Layer [3], Head: 7

Layer [4], Head: 0

Layer [4], Head: 1

Layer [4], Head: 2

Layer [4], Head: 3

Layer [4], Head: 4

Layer [4], Head: 5

Layer [4], Head: 6

Layer [4], Head: 7

Layer [5], Head: 0

Layer [5], Head: 1

Layer [5], Head: 2

Layer [5], Head: 3

Layer [5], Head: 4

Layer [5], Head: 5

Layer [5], Head: 6

Layer [5], Head: 7

Layer [6], Head: 0

Layer [6], Head: 1

Layer [6], Head: 2

Layer [6], Head: 3

Layer [6], Head: 4

Layer [6], Head: 5

Layer [6], Head: 6

Layer [6], Head: 7

Layer [7], Head: 0

Layer [7], Head: 1

Layer [7], Head: 2

Layer [7], Head: 3

Layer [7], Head: 4

Layer [7], Head: 5

Layer [7], Head: 6

Layer [7], Head: 7

Layer [8], Head: 0

Layer [8], Head: 1

Layer [8], Head: 2

Layer [8], Head: 3

Layer [8], Head: 4

Layer [8], Head: 5

Layer [8], Head: 6

Layer [8], Head: 7

Layer [9], Head: 0

Layer [9], Head: 1

Layer [9], Head: 2

Layer [9], Head: 3

Layer [9], Head: 4

Layer [9], Head: 5

Layer [9], Head: 6

Layer [9], Head: 7

Layer [10], Head: 0

Layer [10], Head: 1

Layer [10], Head: 2

Layer [10], Head: 3

Layer [10], Head: 4

Layer [10], Head: 5

Layer [10], Head: 6

Layer [10], Head: 7

Layer [11], Head: 0

Layer [11], Head: 1

Layer [11], Head: 2

Layer [11], Head: 3

Layer [11], Head: 4

Layer [11], Head: 5

Layer [11], Head: 6

Layer [11], Head: 7

Layer [0], Head: -1

Layer [1], Head: -1

Layer [2], Head: -1

Layer [3], Head: -1

Layer [4], Head: -1

Layer [5], Head: -1

Layer [6], Head: -1

Layer [7], Head: -1

Layer [8], Head: -1

Layer [9], Head: -1

Layer [10], Head: -1

Layer [11], Head: -1

Layer [12], Head: -1

Layer [-1], Head: -1
Accuracy (image->label / label->image) -- model(full): 51.17/85.71  PC: 51.11/85.71  text_self: 47.46/71.43  text_ref: 50.86/85.71  image_self: 51.11/85.71  image_ref: 51.11/85.71
Wrote /home/virgilio/contrastive_learning/PCLens-spectral-explainability-in-CLIP-ViT-encoder/output_dir/activations_and_datasets_idxs_69/svd_data_approx_var99/fairface_classnames_ViT-B-16_all_text.jsonl
Number of text layers: 12, heads: 8
Evaluating against target images: imagenet (5000 images, 1000 classes)
Probe modality: text (14686 probes, dim 512)
  [image_set] pool = imagenet (5000 images)

Layer [0], Head: 0

Layer [0], Head: 1

Layer [0], Head: 2

Layer [0], Head: 3

Layer [0], Head: 4

Layer [0], Head: 5

Layer [0], Head: 6

Layer [0], Head: 7

Layer [1], Head: 0

Layer [1], Head: 1

Layer [1], Head: 2

Layer [1], Head: 3

Layer [1], Head: 4

Layer [1], Head: 5

Layer [1], Head: 6

Layer [1], Head: 7

Layer [2], Head: 0

Layer [2], Head: 1

Layer [2], Head: 2

Layer [2], Head: 3

Layer [2], Head: 4

Layer [2], Head: 5

Layer [2], Head: 6

Layer [2], Head: 7

Layer [3], Head: 0

Layer [3], Head: 1

Layer [3], Head: 2

Layer [3], Head: 3

Layer [3], Head: 4

Layer [3], Head: 5

Layer [3], Head: 6

Layer [3], Head: 7

Layer [4], Head: 0

Layer [4], Head: 1

Layer [4], Head: 2

Layer [4], Head: 3

Layer [4], Head: 4

Layer [4], Head: 5

Layer [4], Head: 6

Layer [4], Head: 7

Layer [5], Head: 0

Layer [5], Head: 1

Layer [5], Head: 2

Layer [5], Head: 3

Layer [5], Head: 4

Layer [5], Head: 5

Layer [5], Head: 6

Layer [5], Head: 7

Layer [6], Head: 0

Layer [6], Head: 1

Layer [6], Head: 2

Layer [6], Head: 3

Layer [6], Head: 4

Layer [6], Head: 5

Layer [6], Head: 6

Layer [6], Head: 7

Layer [7], Head: 0

Layer [7], Head: 1

Layer [7], Head: 2

Layer [7], Head: 3

Layer [7], Head: 4

Layer [7], Head: 5

Layer [7], Head: 6

Layer [7], Head: 7

Layer [8], Head: 0

Layer [8], Head: 1

Layer [8], Head: 2

Layer [8], Head: 3

Layer [8], Head: 4

Layer [8], Head: 5

Layer [8], Head: 6

Layer [8], Head: 7

Layer [9], Head: 0

Layer [9], Head: 1

Layer [9], Head: 2

Layer [9], Head: 3

Layer [9], Head: 4

Layer [9], Head: 5

Layer [9], Head: 6

Layer [9], Head: 7

Layer [10], Head: 0

Layer [10], Head: 1

Layer [10], Head: 2

Layer [10], Head: 3

Layer [10], Head: 4

Layer [10], Head: 5

Layer [10], Head: 6

Layer [10], Head: 7

Layer [11], Head: 0

Layer [11], Head: 1

Layer [11], Head: 2

Layer [11], Head: 3

Layer [11], Head: 4

Layer [11], Head: 5

Layer [11], Head: 6

Layer [11], Head: 7

Layer [0], Head: -1

Layer [1], Head: -1

Layer [2], Head: -1

Layer [3], Head: -1

Layer [4], Head: -1

Layer [5], Head: -1

Layer [6], Head: -1

Layer [7], Head: -1

Layer [8], Head: -1

Layer [9], Head: -1

Layer [10], Head: -1

Layer [11], Head: -1

Layer [12], Head: -1

Layer [-1], Head: -1
Accuracy (image->label / label->image) -- model(full): 66.74/81.00  PC: 66.34/81.00  text_self: 66.24/80.50  text_ref: 65.88/80.40  image_self: 65.46/81.00  image_ref: 65.46/81.00
Wrote /home/virgilio/contrastive_learning/PCLens-spectral-explainability-in-CLIP-ViT-encoder/output_dir/activations_and_datasets_idxs_69/svd_data_approx_var99/imagenet_classnames_ViT-B-16_all_text.jsonl
Number of layers: 12
  [image_set] pool = imagenet (5000 images)

Layer [0], Head: 0

Layer [0], Head: 1

Layer [0], Head: 2

Layer [0], Head: 3

Layer [0], Head: 4

Layer [0], Head: 5

Layer [0], Head: 6

Layer [0], Head: 7

Layer [0], Head: 8

Layer [0], Head: 9

Layer [0], Head: 10

Layer [0], Head: 11

Layer [1], Head: 0

Layer [1], Head: 1

Layer [1], Head: 2

Layer [1], Head: 3

Layer [1], Head: 4

Layer [1], Head: 5

Layer [1], Head: 6

Layer [1], Head: 7

Layer [1], Head: 8

Layer [1], Head: 9

Layer [1], Head: 10

Layer [1], Head: 11

Layer [2], Head: 0

Layer [2], Head: 1

Layer [2], Head: 2

Layer [2], Head: 3

Layer [2], Head: 4

Layer [2], Head: 5

Layer [2], Head: 6

Layer [2], Head: 7

Layer [2], Head: 8

Layer [2], Head: 9

Layer [2], Head: 10

Layer [2], Head: 11

Layer [3], Head: 0

Layer [3], Head: 1

Layer [3], Head: 2

Layer [3], Head: 3

Layer [3], Head: 4

Layer [3], Head: 5

Layer [3], Head: 6

Layer [3], Head: 7

Layer [3], Head: 8

Layer [3], Head: 9

Layer [3], Head: 10

Layer [3], Head: 11

Layer [4], Head: 0

Layer [4], Head: 1

Layer [4], Head: 2

Layer [4], Head: 3

Layer [4], Head: 4

Layer [4], Head: 5

Layer [4], Head: 6

Layer [4], Head: 7

Layer [4], Head: 8

Layer [4], Head: 9

Layer [4], Head: 10

Layer [4], Head: 11

Layer [5], Head: 0

Layer [5], Head: 1

Layer [5], Head: 2

Layer [5], Head: 3

Layer [5], Head: 4

Layer [5], Head: 5

Layer [5], Head: 6

Layer [5], Head: 7

Layer [5], Head: 8

Layer [5], Head: 9

Layer [5], Head: 10

Layer [5], Head: 11

Layer [6], Head: 0

Layer [6], Head: 1

Layer [6], Head: 2

Layer [6], Head: 3

Layer [6], Head: 4

Layer [6], Head: 5

Layer [6], Head: 6

Layer [6], Head: 7

Layer [6], Head: 8

Layer [6], Head: 9

Layer [6], Head: 10

Layer [6], Head: 11

Layer [7], Head: 0

Layer [7], Head: 1

Layer [7], Head: 2

Layer [7], Head: 3

Layer [7], Head: 4

Layer [7], Head: 5

Layer [7], Head: 6

Layer [7], Head: 7

Layer [7], Head: 8

Layer [7], Head: 9

Layer [7], Head: 10

Layer [7], Head: 11

Layer [8], Head: 0

Layer [8], Head: 1

Layer [8], Head: 2

Layer [8], Head: 3

Layer [8], Head: 4

Layer [8], Head: 5

Layer [8], Head: 6

Layer [8], Head: 7

Layer [8], Head: 8

Layer [8], Head: 9

Layer [8], Head: 10

Layer [8], Head: 11

Layer [9], Head: 0

Layer [9], Head: 1

Layer [9], Head: 2

Layer [9], Head: 3

Layer [9], Head: 4

Layer [9], Head: 5

Layer [9], Head: 6

Layer [9], Head: 7

Layer [9], Head: 8

Layer [9], Head: 9

Layer [9], Head: 10

Layer [9], Head: 11

Layer [10], Head: 0

Layer [10], Head: 1

Layer [10], Head: 2

Layer [10], Head: 3

Layer [10], Head: 4

Layer [10], Head: 5

Layer [10], Head: 6

Layer [10], Head: 7

Layer [10], Head: 8

Layer [10], Head: 9

Layer [10], Head: 10

Layer [10], Head: 11

Layer [11], Head: 0

Layer [11], Head: 1

Layer [11], Head: 2

Layer [11], Head: 3

Layer [11], Head: 4

Layer [11], Head: 5

Layer [11], Head: 6

Layer [11], Head: 7

Layer [11], Head: 8

Layer [11], Head: 9

Layer [11], Head: 10

Layer [11], Head: 11

Layer [0], Head: -1

Layer [1], Head: -1

Layer [2], Head: -1

Layer [3], Head: -1

Layer [4], Head: -1

Layer [5], Head: -1

Layer [6], Head: -1

Layer [7], Head: -1

Layer [8], Head: -1

Layer [9], Head: -1

Layer [10], Head: -1

Layer [11], Head: -1

Layer [12], Head: -1

Layer [-1], Head: -1
Accuracy (image->label / label->image) -- model(full): 76.20/91.00  PC: 76.15/91.00  text_self: 76.05/93.00  text_ref: 75.95/94.00  image_self: 76.15/89.00  image_ref: 76.05/91.00
Number of layers: 12
  [image_set] pool = imagenet (5000 images)

Layer [0], Head: 0

Layer [0], Head: 1

Layer [0], Head: 2

Layer [0], Head: 3

Layer [0], Head: 4

Layer [0], Head: 5

Layer [0], Head: 6

Layer [0], Head: 7

Layer [0], Head: 8

Layer [0], Head: 9

Layer [0], Head: 10

Layer [0], Head: 11

Layer [1], Head: 0

Layer [1], Head: 1

Layer [1], Head: 2

Layer [1], Head: 3

Layer [1], Head: 4

Layer [1], Head: 5

Layer [1], Head: 6

Layer [1], Head: 7

Layer [1], Head: 8

Layer [1], Head: 9

Layer [1], Head: 10

Layer [1], Head: 11

Layer [2], Head: 0

Layer [2], Head: 1

Layer [2], Head: 2

Layer [2], Head: 3

Layer [2], Head: 4

Layer [2], Head: 5

Layer [2], Head: 6

Layer [2], Head: 7

Layer [2], Head: 8

Layer [2], Head: 9

Layer [2], Head: 10

Layer [2], Head: 11

Layer [3], Head: 0

Layer [3], Head: 1

Layer [3], Head: 2

Layer [3], Head: 3

Layer [3], Head: 4

Layer [3], Head: 5

Layer [3], Head: 6

Layer [3], Head: 7

Layer [3], Head: 8

Layer [3], Head: 9

Layer [3], Head: 10

Layer [3], Head: 11

Layer [4], Head: 0

Layer [4], Head: 1

Layer [4], Head: 2

Layer [4], Head: 3

Layer [4], Head: 4

Layer [4], Head: 5

Layer [4], Head: 6

Layer [4], Head: 7

Layer [4], Head: 8

Layer [4], Head: 9

Layer [4], Head: 10

Layer [4], Head: 11

Layer [5], Head: 0

Layer [5], Head: 1

Layer [5], Head: 2

Layer [5], Head: 3

Layer [5], Head: 4

Layer [5], Head: 5

Layer [5], Head: 6

Layer [5], Head: 7

Layer [5], Head: 8

Layer [5], Head: 9

Layer [5], Head: 10

Layer [5], Head: 11

Layer [6], Head: 0

Layer [6], Head: 1

Layer [6], Head: 2

Layer [6], Head: 3

Layer [6], Head: 4

Layer [6], Head: 5

Layer [6], Head: 6

Layer [6], Head: 7

Layer [6], Head: 8

Layer [6], Head: 9

Layer [6], Head: 10

Layer [6], Head: 11

Layer [7], Head: 0

Layer [7], Head: 1

Layer [7], Head: 2

Layer [7], Head: 3

Layer [7], Head: 4

Layer [7], Head: 5

Layer [7], Head: 6

Layer [7], Head: 7

Layer [7], Head: 8

Layer [7], Head: 9

Layer [7], Head: 10

Layer [7], Head: 11

Layer [8], Head: 0

Layer [8], Head: 1

Layer [8], Head: 2

Layer [8], Head: 3

Layer [8], Head: 4

Layer [8], Head: 5

Layer [8], Head: 6

Layer [8], Head: 7

Layer [8], Head: 8

Layer [8], Head: 9

Layer [8], Head: 10

Layer [8], Head: 11

Layer [9], Head: 0

Layer [9], Head: 1

Layer [9], Head: 2

Layer [9], Head: 3

Layer [9], Head: 4

Layer [9], Head: 5

Layer [9], Head: 6

Layer [9], Head: 7

Layer [9], Head: 8

Layer [9], Head: 9

Layer [9], Head: 10

Layer [9], Head: 11

Layer [10], Head: 0

Layer [10], Head: 1

Layer [10], Head: 2

Layer [10], Head: 3

Layer [10], Head: 4

Layer [10], Head: 5

Layer [10], Head: 6

Layer [10], Head: 7

Layer [10], Head: 8

Layer [10], Head: 9

Layer [10], Head: 10

Layer [10], Head: 11

Layer [11], Head: 0

Layer [11], Head: 1

Layer [11], Head: 2

Layer [11], Head: 3

Layer [11], Head: 4

Layer [11], Head: 5

Layer [11], Head: 6

Layer [11], Head: 7

Layer [11], Head: 8

Layer [11], Head: 9

Layer [11], Head: 10

Layer [11], Head: 11

Layer [0], Head: -1

Layer [1], Head: -1

Layer [2], Head: -1

Layer [3], Head: -1

Layer [4], Head: -1

Layer [5], Head: -1

Layer [6], Head: -1

Layer [7], Head: -1

Layer [8], Head: -1

Layer [9], Head: -1

Layer [10], Head: -1

Layer [11], Head: -1

Layer [12], Head: -1

Layer [-1], Head: -1
Accuracy (image->label / label->image) -- model(full): 62.60/50.00  PC: 62.75/50.00  text_self: 62.75/100.00  text_ref: 63.05/100.00  image_self: 62.55/100.00  image_ref: 62.45/50.00
Number of layers: 12
  [image_set] pool = imagenet (5000 images)

Layer [0], Head: 0

Layer [0], Head: 1

Layer [0], Head: 2

Layer [0], Head: 3

Layer [0], Head: 4

Layer [0], Head: 5

Layer [0], Head: 6

Layer [0], Head: 7

Layer [0], Head: 8

Layer [0], Head: 9

Layer [0], Head: 10

Layer [0], Head: 11

Layer [1], Head: 0

Layer [1], Head: 1

Layer [1], Head: 2

Layer [1], Head: 3

Layer [1], Head: 4

Layer [1], Head: 5

Layer [1], Head: 6

Layer [1], Head: 7

Layer [1], Head: 8

Layer [1], Head: 9

Layer [1], Head: 10

Layer [1], Head: 11

Layer [2], Head: 0

Layer [2], Head: 1

Layer [2], Head: 2

Layer [2], Head: 3

Layer [2], Head: 4

Layer [2], Head: 5

Layer [2], Head: 6

Layer [2], Head: 7

Layer [2], Head: 8

Layer [2], Head: 9

Layer [2], Head: 10

Layer [2], Head: 11

Layer [3], Head: 0

Layer [3], Head: 1

Layer [3], Head: 2

Layer [3], Head: 3

Layer [3], Head: 4

Layer [3], Head: 5

Layer [3], Head: 6

Layer [3], Head: 7

Layer [3], Head: 8

Layer [3], Head: 9

Layer [3], Head: 10

Layer [3], Head: 11

Layer [4], Head: 0

Layer [4], Head: 1

Layer [4], Head: 2

Layer [4], Head: 3

Layer [4], Head: 4

Layer [4], Head: 5

Layer [4], Head: 6

Layer [4], Head: 7

Layer [4], Head: 8

Layer [4], Head: 9

Layer [4], Head: 10

Layer [4], Head: 11

Layer [5], Head: 0

Layer [5], Head: 1

Layer [5], Head: 2

Layer [5], Head: 3

Layer [5], Head: 4

Layer [5], Head: 5

Layer [5], Head: 6

Layer [5], Head: 7

Layer [5], Head: 8

Layer [5], Head: 9

Layer [5], Head: 10

Layer [5], Head: 11

Layer [6], Head: 0

Layer [6], Head: 1

Layer [6], Head: 2

Layer [6], Head: 3

Layer [6], Head: 4

Layer [6], Head: 5

Layer [6], Head: 6

Layer [6], Head: 7

Layer [6], Head: 8

Layer [6], Head: 9

Layer [6], Head: 10

Layer [6], Head: 11

Layer [7], Head: 0

Layer [7], Head: 1

Layer [7], Head: 2

Layer [7], Head: 3

Layer [7], Head: 4

Layer [7], Head: 5

Layer [7], Head: 6

Layer [7], Head: 7

Layer [7], Head: 8

Layer [7], Head: 9

Layer [7], Head: 10

Layer [7], Head: 11

Layer [8], Head: 0

Layer [8], Head: 1

Layer [8], Head: 2

Layer [8], Head: 3

Layer [8], Head: 4

Layer [8], Head: 5

Layer [8], Head: 6

Layer [8], Head: 7

Layer [8], Head: 8

Layer [8], Head: 9

Layer [8], Head: 10

Layer [8], Head: 11

Layer [9], Head: 0

Layer [9], Head: 1

Layer [9], Head: 2

Layer [9], Head: 3

Layer [9], Head: 4

Layer [9], Head: 5

Layer [9], Head: 6

Layer [9], Head: 7

Layer [9], Head: 8

Layer [9], Head: 9

Layer [9], Head: 10

Layer [9], Head: 11

Layer [10], Head: 0

Layer [10], Head: 1

Layer [10], Head: 2

Layer [10], Head: 3

Layer [10], Head: 4

Layer [10], Head: 5

Layer [10], Head: 6

Layer [10], Head: 7

Layer [10], Head: 8

Layer [10], Head: 9

Layer [10], Head: 10

Layer [10], Head: 11

Layer [11], Head: 0

Layer [11], Head: 1

Layer [11], Head: 2

Layer [11], Head: 3

Layer [11], Head: 4

Layer [11], Head: 5

Layer [11], Head: 6

Layer [11], Head: 7

Layer [11], Head: 8

Layer [11], Head: 9

Layer [11], Head: 10

Layer [11], Head: 11

Layer [0], Head: -1

Layer [1], Head: -1

Layer [2], Head: -1

Layer [3], Head: -1

Layer [4], Head: -1

Layer [5], Head: -1

Layer [6], Head: -1

Layer [7], Head: -1

Layer [8], Head: -1

Layer [9], Head: -1

Layer [10], Head: -1

Layer [11], Head: -1

Layer [12], Head: -1

Layer [-1], Head: -1
Accuracy (image->label / label->image) -- model(full): 90.35/92.93  PC: 90.20/94.95  text_self: 90.15/92.93  text_ref: 90.15/94.95  image_self: 90.10/93.94  image_ref: 90.10/94.95
Number of layers: 12
  [image_set] pool = imagenet (5000 images)

Layer [0], Head: 0

Layer [0], Head: 1

Layer [0], Head: 2

Layer [0], Head: 3

Layer [0], Head: 4

Layer [0], Head: 5

Layer [0], Head: 6

Layer [0], Head: 7

Layer [0], Head: 8

Layer [0], Head: 9

Layer [0], Head: 10

Layer [0], Head: 11

Layer [1], Head: 0

Layer [1], Head: 1

Layer [1], Head: 2

Layer [1], Head: 3

Layer [1], Head: 4

Layer [1], Head: 5

Layer [1], Head: 6

Layer [1], Head: 7

Layer [1], Head: 8

Layer [1], Head: 9

Layer [1], Head: 10

Layer [1], Head: 11

Layer [2], Head: 0

Layer [2], Head: 1

Layer [2], Head: 2

Layer [2], Head: 3

Layer [2], Head: 4

Layer [2], Head: 5

Layer [2], Head: 6

Layer [2], Head: 7

Layer [2], Head: 8

Layer [2], Head: 9

Layer [2], Head: 10

Layer [2], Head: 11

Layer [3], Head: 0

Layer [3], Head: 1

Layer [3], Head: 2

Layer [3], Head: 3

Layer [3], Head: 4

Layer [3], Head: 5

Layer [3], Head: 6

Layer [3], Head: 7

Layer [3], Head: 8

Layer [3], Head: 9

Layer [3], Head: 10

Layer [3], Head: 11

Layer [4], Head: 0

Layer [4], Head: 1

Layer [4], Head: 2

Layer [4], Head: 3

Layer [4], Head: 4

Layer [4], Head: 5

Layer [4], Head: 6

Layer [4], Head: 7

Layer [4], Head: 8

Layer [4], Head: 9

Layer [4], Head: 10

Layer [4], Head: 11

Layer [5], Head: 0

Layer [5], Head: 1

Layer [5], Head: 2

Layer [5], Head: 3

Layer [5], Head: 4

Layer [5], Head: 5

Layer [5], Head: 6

Layer [5], Head: 7

Layer [5], Head: 8

Layer [5], Head: 9

Layer [5], Head: 10

Layer [5], Head: 11

Layer [6], Head: 0

Layer [6], Head: 1

Layer [6], Head: 2

Layer [6], Head: 3

Layer [6], Head: 4

Layer [6], Head: 5

Layer [6], Head: 6

Layer [6], Head: 7

Layer [6], Head: 8

Layer [6], Head: 9

Layer [6], Head: 10

Layer [6], Head: 11

Layer [7], Head: 0

Layer [7], Head: 1

Layer [7], Head: 2

Layer [7], Head: 3

Layer [7], Head: 4

Layer [7], Head: 5

Layer [7], Head: 6

Layer [7], Head: 7

Layer [7], Head: 8

Layer [7], Head: 9

Layer [7], Head: 10

Layer [7], Head: 11

Layer [8], Head: 0

Layer [8], Head: 1

Layer [8], Head: 2

Layer [8], Head: 3

Layer [8], Head: 4

Layer [8], Head: 5

Layer [8], Head: 6

Layer [8], Head: 7

Layer [8], Head: 8

Layer [8], Head: 9

Layer [8], Head: 10

Layer [8], Head: 11

Layer [9], Head: 0

Layer [9], Head: 1

Layer [9], Head: 2

Layer [9], Head: 3

Layer [9], Head: 4

Layer [9], Head: 5

Layer [9], Head: 6

Layer [9], Head: 7

Layer [9], Head: 8

Layer [9], Head: 9

Layer [9], Head: 10

Layer [9], Head: 11

Layer [10], Head: 0

Layer [10], Head: 1

Layer [10], Head: 2

Layer [10], Head: 3

Layer [10], Head: 4

Layer [10], Head: 5

Layer [10], Head: 6

Layer [10], Head: 7

Layer [10], Head: 8

Layer [10], Head: 9

Layer [10], Head: 10

Layer [10], Head: 11

Layer [11], Head: 0

Layer [11], Head: 1

Layer [11], Head: 2

Layer [11], Head: 3

Layer [11], Head: 4

Layer [11], Head: 5

Layer [11], Head: 6

Layer [11], Head: 7

Layer [11], Head: 8

Layer [11], Head: 9

Layer [11], Head: 10

Layer [11], Head: 11

Layer [0], Head: -1

Layer [1], Head: -1

Layer [2], Head: -1

Layer [3], Head: -1

Layer [4], Head: -1

Layer [5], Head: -1

Layer [6], Head: -1

Layer [7], Head: -1

Layer [8], Head: -1

Layer [9], Head: -1

Layer [10], Head: -1

Layer [11], Head: -1

Layer [12], Head: -1

Layer [-1], Head: -1
Accuracy (image->label / label->image) -- model(full): 51.51/71.43  PC: 51.63/71.43  text_self: 51.63/57.14  text_ref: 50.14/85.71  image_self: 51.94/71.43  image_ref: 51.31/71.43
Number of layers: 12
  [image_set] pool = imagenet (5000 images)

Layer [0], Head: 0

Layer [0], Head: 1

Layer [0], Head: 2

Layer [0], Head: 3

Layer [0], Head: 4

Layer [0], Head: 5

Layer [0], Head: 6

Layer [0], Head: 7

Layer [0], Head: 8

Layer [0], Head: 9

Layer [0], Head: 10

Layer [0], Head: 11

Layer [1], Head: 0

Layer [1], Head: 1

Layer [1], Head: 2

Layer [1], Head: 3

Layer [1], Head: 4

Layer [1], Head: 5

Layer [1], Head: 6

Layer [1], Head: 7

Layer [1], Head: 8

Layer [1], Head: 9

Layer [1], Head: 10

Layer [1], Head: 11

Layer [2], Head: 0

Layer [2], Head: 1

Layer [2], Head: 2

Layer [2], Head: 3

Layer [2], Head: 4

Layer [2], Head: 5

Layer [2], Head: 6

Layer [2], Head: 7

Layer [2], Head: 8

Layer [2], Head: 9

Layer [2], Head: 10

Layer [2], Head: 11

Layer [3], Head: 0

Layer [3], Head: 1

Layer [3], Head: 2

Layer [3], Head: 3

Layer [3], Head: 4

Layer [3], Head: 5

Layer [3], Head: 6

Layer [3], Head: 7

Layer [3], Head: 8

Layer [3], Head: 9

Layer [3], Head: 10

Layer [3], Head: 11

Layer [4], Head: 0

Layer [4], Head: 1

Layer [4], Head: 2

Layer [4], Head: 3

Layer [4], Head: 4

Layer [4], Head: 5

Layer [4], Head: 6

Layer [4], Head: 7

Layer [4], Head: 8

Layer [4], Head: 9

Layer [4], Head: 10

Layer [4], Head: 11

Layer [5], Head: 0

Layer [5], Head: 1

Layer [5], Head: 2

Layer [5], Head: 3

Layer [5], Head: 4

Layer [5], Head: 5

Layer [5], Head: 6

Layer [5], Head: 7

Layer [5], Head: 8

Layer [5], Head: 9

Layer [5], Head: 10

Layer [5], Head: 11

Layer [6], Head: 0

Layer [6], Head: 1

Layer [6], Head: 2

Layer [6], Head: 3

Layer [6], Head: 4

Layer [6], Head: 5

Layer [6], Head: 6

Layer [6], Head: 7

Layer [6], Head: 8

Layer [6], Head: 9

Layer [6], Head: 10

Layer [6], Head: 11

Layer [7], Head: 0

Layer [7], Head: 1

Layer [7], Head: 2

Layer [7], Head: 3

Layer [7], Head: 4

Layer [7], Head: 5

Layer [7], Head: 6

Layer [7], Head: 7

Layer [7], Head: 8

Layer [7], Head: 9

Layer [7], Head: 10

Layer [7], Head: 11

Layer [8], Head: 0

Layer [8], Head: 1

Layer [8], Head: 2

Layer [8], Head: 3

Layer [8], Head: 4

Layer [8], Head: 5

Layer [8], Head: 6

Layer [8], Head: 7

Layer [8], Head: 8

Layer [8], Head: 9

Layer [8], Head: 10

Layer [8], Head: 11

Layer [9], Head: 0

Layer [9], Head: 1

Layer [9], Head: 2

Layer [9], Head: 3

Layer [9], Head: 4

Layer [9], Head: 5

Layer [9], Head: 6

Layer [9], Head: 7

Layer [9], Head: 8

Layer [9], Head: 9

Layer [9], Head: 10

Layer [9], Head: 11

Layer [10], Head: 0

Layer [10], Head: 1

Layer [10], Head: 2

Layer [10], Head: 3

Layer [10], Head: 4

Layer [10], Head: 5

Layer [10], Head: 6

Layer [10], Head: 7

Layer [10], Head: 8

Layer [10], Head: 9

Layer [10], Head: 10

Layer [10], Head: 11

Layer [11], Head: 0

Layer [11], Head: 1

Layer [11], Head: 2

Layer [11], Head: 3

Layer [11], Head: 4

Layer [11], Head: 5

Layer [11], Head: 6

Layer [11], Head: 7

Layer [11], Head: 8

Layer [11], Head: 9

Layer [11], Head: 10

Layer [11], Head: 11

Layer [0], Head: -1

Layer [1], Head: -1

Layer [2], Head: -1

Layer [3], Head: -1

Layer [4], Head: -1

Layer [5], Head: -1

Layer [6], Head: -1

Layer [7], Head: -1

Layer [8], Head: -1

Layer [9], Head: -1

Layer [10], Head: -1

Layer [11], Head: -1

Layer [12], Head: -1

Layer [-1], Head: -1
Accuracy (image->label / label->image) -- model(full): 66.44/74.80  PC: 66.34/74.10  text_self: 65.76/77.40  text_ref: 65.72/75.60  image_self: 66.14/74.00  image_ref: 66.14/74.00
[ViT-B-16 @ cuda:0] >> /home/virgilio/lib/minconda3/envs/MT/bin/python -m utils.scripts.compute_text_explanations_text --model ViT-B-16 --dataset fairface_classnames --components all --text_descriptions top_1500_nouns_5_sentences_imagenet_clean --text_dir /home/virgilio/contrastive_learning/PCLens-spectral-explainability-in-CLIP-ViT-encoder/utils/text_descriptions --algorithm svd_data_approx --num_of_last_layers 999 --text_per_princ_comp 10 --max_text 999 --seed 69 --device cuda:0 --probe_modality text --probe_name imagenet --eval_dataset fairface --image_set imagenet --input_dir /home/virgilio/contrastive_learning/PCLens-spectral-explainability-in-CLIP-ViT-encoder/output_dir/activations_and_datasets_idxs_69 --output_dir /home/virgilio/contrastive_learning/PCLens-spectral-explainability-in-CLIP-ViT-encoder/output_dir/activations_and_datasets_idxs_69 --out_file /home/virgilio/contrastive_learning/PCLens-spectral-explainability-in-CLIP-ViT-encoder/output_dir/activations_and_datasets_idxs_69/svd_data_approx_var99/fairface_classnames_ViT-B-16_all_text.jsonl
[ViT-B-16 @ cuda:0] >> /home/virgilio/lib/minconda3/envs/MT/bin/python -m utils.scripts.compute_text_explanations_text --model ViT-B-16 --dataset imagenet_classnames --components all --text_descriptions top_1500_nouns_5_sentences_imagenet_clean --text_dir /home/virgilio/contrastive_learning/PCLens-spectral-explainability-in-CLIP-ViT-encoder/utils/text_descriptions --algorithm svd_data_approx --num_of_last_layers 999 --text_per_princ_comp 10 --max_text 999 --seed 69 --device cuda:0 --probe_modality text --probe_name imagenet --eval_dataset imagenet --image_set imagenet --input_dir /home/virgilio/contrastive_learning/PCLens-spectral-explainability-in-CLIP-ViT-encoder/output_dir/activations_and_datasets_idxs_69 --output_dir /home/virgilio/contrastive_learning/PCLens-spectral-explainability-in-CLIP-ViT-encoder/output_dir/activations_and_datasets_idxs_69 --out_file /home/virgilio/contrastive_learning/PCLens-spectral-explainability-in-CLIP-ViT-encoder/output_dir/activations_and_datasets_idxs_69/svd_data_approx_var99/imagenet_classnames_ViT-B-16_all_text.jsonl
  [skip] no top_1500_nouns_5_sentences_imagenet_bias_clean image activations to build top_1500_nouns_5_sentences_imagenet_bias_clean_embeddings_ViT-B-16 (gather them with extract_activations, or pick a different --probe_name).
  [skip] text tower 'top_1500_nouns_5_sentences_imagenet_bias_clean': no paired image eval set 'top_1500_nouns_5_sentences_imagenet_bias_clean' (needs top_1500_nouns_5_sentences_imagenet_bias_clean_embeddings + _labels).
[ViT-B-16 @ cuda:0] done.

======================================================================
[ViT-B-32 @ cuda:0] starting
======================================================================
[ViT-B-32 @ cuda:0] >> /home/virgilio/lib/minconda3/envs/MT/bin/python -m utils.scripts.compute_text_explanations --model ViT-B-32 --dataset CIFAR100 --components all --text_descriptions top_1500_nouns_5_sentences_imagenet_clean --text_dir /home/virgilio/contrastive_learning/PCLens-spectral-explainability-in-CLIP-ViT-encoder/utils/text_descriptions --algorithm svd_data_approx --num_of_last_layers 999 --text_per_princ_comp 10 --max_text 999 --seed 69 --device cuda:0 --image_set imagenet --input_dir /home/virgilio/contrastive_learning/PCLens-spectral-explainability-in-CLIP-ViT-encoder/output_dir/activations_and_datasets_idxs_69 --output_dir /home/virgilio/contrastive_learning/PCLens-spectral-explainability-in-CLIP-ViT-encoder/output_dir/activations_and_datasets_idxs_69 --out_file /home/virgilio/contrastive_learning/PCLens-spectral-explainability-in-CLIP-ViT-encoder/output_dir/activations_and_datasets_idxs_69/svd_data_approx_var99/CIFAR100_ViT-B-32_all_image.jsonl
[ViT-B-32 @ cuda:0] >> /home/virgilio/lib/minconda3/envs/MT/bin/python -m utils.scripts.compute_text_explanations --model ViT-B-32 --dataset binary_waterbirds --components all --text_descriptions top_1500_nouns_5_sentences_imagenet_clean --text_dir /home/virgilio/contrastive_learning/PCLens-spectral-explainability-in-CLIP-ViT-encoder/utils/text_descriptions --algorithm svd_data_approx --num_of_last_layers 999 --text_per_princ_comp 10 --max_text 999 --seed 69 --device cuda:0 --image_set imagenet --input_dir /home/virgilio/contrastive_learning/PCLens-spectral-explainability-in-CLIP-ViT-encoder/output_dir/activations_and_datasets_idxs_69 --output_dir /home/virgilio/contrastive_learning/PCLens-spectral-explainability-in-CLIP-ViT-encoder/output_dir/activations_and_datasets_idxs_69 --out_file /home/virgilio/contrastive_learning/PCLens-spectral-explainability-in-CLIP-ViT-encoder/output_dir/activations_and_datasets_idxs_69/svd_data_approx_var99/binary_waterbirds_ViT-B-32_all_image.jsonl
[ViT-B-32 @ cuda:0] >> /home/virgilio/lib/minconda3/envs/MT/bin/python -m utils.scripts.compute_text_explanations --model ViT-B-32 --dataset caltech --components all --text_descriptions top_1500_nouns_5_sentences_imagenet_clean --text_dir /home/virgilio/contrastive_learning/PCLens-spectral-explainability-in-CLIP-ViT-encoder/utils/text_descriptions --algorithm svd_data_approx --num_of_last_layers 999 --text_per_princ_comp 10 --max_text 999 --seed 69 --device cuda:0 --image_set imagenet --input_dir /home/virgilio/contrastive_learning/PCLens-spectral-explainability-in-CLIP-ViT-encoder/output_dir/activations_and_datasets_idxs_69 --output_dir /home/virgilio/contrastive_learning/PCLens-spectral-explainability-in-CLIP-ViT-encoder/output_dir/activations_and_datasets_idxs_69 --out_file /home/virgilio/contrastive_learning/PCLens-spectral-explainability-in-CLIP-ViT-encoder/output_dir/activations_and_datasets_idxs_69/svd_data_approx_var99/caltech_ViT-B-32_all_image.jsonl
[ViT-B-32 @ cuda:0] >> /home/virgilio/lib/minconda3/envs/MT/bin/python -m utils.scripts.compute_text_explanations --model ViT-B-32 --dataset fairface --components all --text_descriptions top_1500_nouns_5_sentences_imagenet_clean --text_dir /home/virgilio/contrastive_learning/PCLens-spectral-explainability-in-CLIP-ViT-encoder/utils/text_descriptions --algorithm svd_data_approx --num_of_last_layers 999 --text_per_princ_comp 10 --max_text 999 --seed 69 --device cuda:0 --image_set imagenet --input_dir /home/virgilio/contrastive_learning/PCLens-spectral-explainability-in-CLIP-ViT-encoder/output_dir/activations_and_datasets_idxs_69 --output_dir /home/virgilio/contrastive_learning/PCLens-spectral-explainability-in-CLIP-ViT-encoder/output_dir/activations_and_datasets_idxs_69 --out_file /home/virgilio/contrastive_learning/PCLens-spectral-explainability-in-CLIP-ViT-encoder/output_dir/activations_and_datasets_idxs_69/svd_data_approx_var99/fairface_ViT-B-32_all_image.jsonl
[ViT-B-32 @ cuda:0] >> /home/virgilio/lib/minconda3/envs/MT/bin/python -m utils.scripts.compute_text_explanations --model ViT-B-32 --dataset imagenet --components all --text_descriptions top_1500_nouns_5_sentences_imagenet_clean --text_dir /home/virgilio/contrastive_learning/PCLens-spectral-explainability-in-CLIP-ViT-encoder/utils/text_descriptions --algorithm svd_data_approx --num_of_last_layers 999 --text_per_princ_comp 10 --max_text 999 --seed 69 --device cuda:0 --image_set imagenet --input_dir /home/virgilio/contrastive_learning/PCLens-spectral-explainability-in-CLIP-ViT-encoder/output_dir/activations_and_datasets_idxs_69 --output_dir /home/virgilio/contrastive_learning/PCLens-spectral-explainability-in-CLIP-ViT-encoder/output_dir/activations_and_datasets_idxs_69 --out_file /home/virgilio/contrastive_learning/PCLens-spectral-explainability-in-CLIP-ViT-encoder/output_dir/activations_and_datasets_idxs_69/svd_data_approx_var99/imagenet_ViT-B-32_all_image.jsonl
Number of text layers: 12, heads: 8
Evaluating against target images: CIFAR100 (2000 images, 100 classes)
Probe modality: text (14686 probes, dim 512)
  [image_set] pool = imagenet (5000 images)

Layer [0], Head: 0

Layer [0], Head: 1

Layer [0], Head: 2

Layer [0], Head: 3

Layer [0], Head: 4

Layer [0], Head: 5

Layer [0], Head: 6

Layer [0], Head: 7

Layer [1], Head: 0

Layer [1], Head: 1

Layer [1], Head: 2

Layer [1], Head: 3

Layer [1], Head: 4

Layer [1], Head: 5

Layer [1], Head: 6

Layer [1], Head: 7

Layer [2], Head: 0

Layer [2], Head: 1

Layer [2], Head: 2

Layer [2], Head: 3

Layer [2], Head: 4

Layer [2], Head: 5

Layer [2], Head: 6

Layer [2], Head: 7

Layer [3], Head: 0

Layer [3], Head: 1

Layer [3], Head: 2

Layer [3], Head: 3

Layer [3], Head: 4

Layer [3], Head: 5

Layer [3], Head: 6

Layer [3], Head: 7

Layer [4], Head: 0

Layer [4], Head: 1

Layer [4], Head: 2

Layer [4], Head: 3

Layer [4], Head: 4

Layer [4], Head: 5

Layer [4], Head: 6

Layer [4], Head: 7

Layer [5], Head: 0

Layer [5], Head: 1

Layer [5], Head: 2

Layer [5], Head: 3

Layer [5], Head: 4

Layer [5], Head: 5

Layer [5], Head: 6

Layer [5], Head: 7

Layer [6], Head: 0

Layer [6], Head: 1

Layer [6], Head: 2

Layer [6], Head: 3

Layer [6], Head: 4

Layer [6], Head: 5

Layer [6], Head: 6

Layer [6], Head: 7

Layer [7], Head: 0

Layer [7], Head: 1

Layer [7], Head: 2

Layer [7], Head: 3

Layer [7], Head: 4

Layer [7], Head: 5

Layer [7], Head: 6

Layer [7], Head: 7

Layer [8], Head: 0

Layer [8], Head: 1

Layer [8], Head: 2

Layer [8], Head: 3

Layer [8], Head: 4

Layer [8], Head: 5

Layer [8], Head: 6

Layer [8], Head: 7

Layer [9], Head: 0

Layer [9], Head: 1

Layer [9], Head: 2

Layer [9], Head: 3

Layer [9], Head: 4

Layer [9], Head: 5

Layer [9], Head: 6

Layer [9], Head: 7

Layer [10], Head: 0

Layer [10], Head: 1

Layer [10], Head: 2

Layer [10], Head: 3

Layer [10], Head: 4

Layer [10], Head: 5

Layer [10], Head: 6

Layer [10], Head: 7

Layer [11], Head: 0

Layer [11], Head: 1

Layer [11], Head: 2

Layer [11], Head: 3

Layer [11], Head: 4

Layer [11], Head: 5

Layer [11], Head: 6

Layer [11], Head: 7

Layer [0], Head: -1

Layer [1], Head: -1

Layer [2], Head: -1

Layer [3], Head: -1

Layer [4], Head: -1

Layer [5], Head: -1

Layer [6], Head: -1

Layer [7], Head: -1

Layer [8], Head: -1

Layer [9], Head: -1

Layer [10], Head: -1

Layer [11], Head: -1

Layer [12], Head: -1

Layer [-1], Head: -1
Accuracy (image->label / label->image) -- model(full): 65.85/91.00  PC: 66.00/91.00  text_self: 67.85/91.00  text_ref: 65.80/91.00  image_self: 68.25/91.00  image_ref: 65.95/90.00
Wrote /home/virgilio/contrastive_learning/PCLens-spectral-explainability-in-CLIP-ViT-encoder/output_dir/activations_and_datasets_idxs_69/svd_data_approx_var99/CIFAR100_classnames_ViT-B-32_all_text.jsonl
Number of text layers: 12, heads: 8
Evaluating against target images: binary_waterbirds (2000 images, 2 classes)
Probe modality: text (14686 probes, dim 512)
  [image_set] pool = imagenet (5000 images)

Layer [0], Head: 0

Layer [0], Head: 1

Layer [0], Head: 2

Layer [0], Head: 3

Layer [0], Head: 4

Layer [0], Head: 5

Layer [0], Head: 6

Layer [0], Head: 7

Layer [1], Head: 0

Layer [1], Head: 1

Layer [1], Head: 2

Layer [1], Head: 3

Layer [1], Head: 4

Layer [1], Head: 5

Layer [1], Head: 6

Layer [1], Head: 7

Layer [2], Head: 0

Layer [2], Head: 1

Layer [2], Head: 2

Layer [2], Head: 3

Layer [2], Head: 4

Layer [2], Head: 5

Layer [2], Head: 6

Layer [2], Head: 7

Layer [3], Head: 0

Layer [3], Head: 1

Layer [3], Head: 2

Layer [3], Head: 3

Layer [3], Head: 4

Layer [3], Head: 5

Layer [3], Head: 6

Layer [3], Head: 7

Layer [4], Head: 0

Layer [4], Head: 1

Layer [4], Head: 2

Layer [4], Head: 3

Layer [4], Head: 4

Layer [4], Head: 5

Layer [4], Head: 6

Layer [4], Head: 7

Layer [5], Head: 0

Layer [5], Head: 1

Layer [5], Head: 2

Layer [5], Head: 3

Layer [5], Head: 4

Layer [5], Head: 5

Layer [5], Head: 6

Layer [5], Head: 7

Layer [6], Head: 0

Layer [6], Head: 1

Layer [6], Head: 2

Layer [6], Head: 3

Layer [6], Head: 4

Layer [6], Head: 5

Layer [6], Head: 6

Layer [6], Head: 7

Layer [7], Head: 0

Layer [7], Head: 1

Layer [7], Head: 2

Layer [7], Head: 3

Layer [7], Head: 4

Layer [7], Head: 5

Layer [7], Head: 6

Layer [7], Head: 7

Layer [8], Head: 0

Layer [8], Head: 1

Layer [8], Head: 2

Layer [8], Head: 3

Layer [8], Head: 4

Layer [8], Head: 5

Layer [8], Head: 6

Layer [8], Head: 7

Layer [9], Head: 0

Layer [9], Head: 1

Layer [9], Head: 2

Layer [9], Head: 3

Layer [9], Head: 4

Layer [9], Head: 5

Layer [9], Head: 6

Layer [9], Head: 7

Layer [10], Head: 0

Layer [10], Head: 1

Layer [10], Head: 2

Layer [10], Head: 3

Layer [10], Head: 4

Layer [10], Head: 5

Layer [10], Head: 6

Layer [10], Head: 7

Layer [11], Head: 0

Layer [11], Head: 1

Layer [11], Head: 2

Layer [11], Head: 3

Layer [11], Head: 4

Layer [11], Head: 5

Layer [11], Head: 6

Layer [11], Head: 7

Layer [0], Head: -1

Layer [1], Head: -1

Layer [2], Head: -1

Layer [3], Head: -1

Layer [4], Head: -1

Layer [5], Head: -1

Layer [6], Head: -1

Layer [7], Head: -1

Layer [8], Head: -1

Layer [9], Head: -1

Layer [10], Head: -1

Layer [11], Head: -1

Layer [12], Head: -1

Layer [-1], Head: -1
Accuracy (image->label / label->image) -- model(full): 59.50/50.00  PC: 59.50/50.00  text_self: 59.50/50.00  text_ref: 59.50/50.00  image_self: 59.50/50.00  image_ref: 59.50/50.00
Wrote /home/virgilio/contrastive_learning/PCLens-spectral-explainability-in-CLIP-ViT-encoder/output_dir/activations_and_datasets_idxs_69/svd_data_approx_var99/binary_waterbirds_classnames_ViT-B-32_all_text.jsonl
Number of text layers: 12, heads: 8
Evaluating against target images: caltech (2020 images, 99 classes)
Probe modality: text (14686 probes, dim 512)
  [image_set] pool = imagenet (5000 images)

Layer [0], Head: 0

Layer [0], Head: 1

Layer [0], Head: 2

Layer [0], Head: 3

Layer [0], Head: 4

Layer [0], Head: 5

Layer [0], Head: 6

Layer [0], Head: 7

Layer [1], Head: 0

Layer [1], Head: 1

Layer [1], Head: 2

Layer [1], Head: 3

Layer [1], Head: 4

Layer [1], Head: 5

Layer [1], Head: 6

Layer [1], Head: 7

Layer [2], Head: 0

Layer [2], Head: 1

Layer [2], Head: 2

Layer [2], Head: 3

Layer [2], Head: 4

Layer [2], Head: 5

Layer [2], Head: 6

Layer [2], Head: 7

Layer [3], Head: 0

Layer [3], Head: 1

Layer [3], Head: 2

Layer [3], Head: 3

Layer [3], Head: 4

Layer [3], Head: 5

Layer [3], Head: 6

Layer [3], Head: 7

Layer [4], Head: 0

Layer [4], Head: 1

Layer [4], Head: 2

Layer [4], Head: 3

Layer [4], Head: 4

Layer [4], Head: 5

Layer [4], Head: 6

Layer [4], Head: 7

Layer [5], Head: 0

Layer [5], Head: 1

Layer [5], Head: 2

Layer [5], Head: 3

Layer [5], Head: 4

Layer [5], Head: 5

Layer [5], Head: 6

Layer [5], Head: 7

Layer [6], Head: 0

Layer [6], Head: 1

Layer [6], Head: 2

Layer [6], Head: 3

Layer [6], Head: 4

Layer [6], Head: 5

Layer [6], Head: 6

Layer [6], Head: 7

Layer [7], Head: 0

Layer [7], Head: 1

Layer [7], Head: 2

Layer [7], Head: 3

Layer [7], Head: 4

Layer [7], Head: 5

Layer [7], Head: 6

Layer [7], Head: 7

Layer [8], Head: 0

Layer [8], Head: 1

Layer [8], Head: 2

Layer [8], Head: 3

Layer [8], Head: 4

Layer [8], Head: 5

Layer [8], Head: 6

Layer [8], Head: 7

Layer [9], Head: 0

Layer [9], Head: 1

Layer [9], Head: 2

Layer [9], Head: 3

Layer [9], Head: 4

Layer [9], Head: 5

Layer [9], Head: 6

Layer [9], Head: 7

Layer [10], Head: 0

Layer [10], Head: 1

Layer [10], Head: 2

Layer [10], Head: 3

Layer [10], Head: 4

Layer [10], Head: 5

Layer [10], Head: 6

Layer [10], Head: 7

Layer [11], Head: 0

Layer [11], Head: 1

Layer [11], Head: 2

Layer [11], Head: 3

Layer [11], Head: 4

Layer [11], Head: 5

Layer [11], Head: 6

Layer [11], Head: 7

Layer [0], Head: -1

Layer [1], Head: -1

Layer [2], Head: -1

Layer [3], Head: -1

Layer [4], Head: -1

Layer [5], Head: -1

Layer [6], Head: -1

Layer [7], Head: -1

Layer [8], Head: -1

Layer [9], Head: -1

Layer [10], Head: -1

Layer [11], Head: -1

Layer [12], Head: -1

Layer [-1], Head: -1
Accuracy (image->label / label->image) -- model(full): 80.30/94.95  PC: 80.25/94.95  text_self: 83.42/94.95  text_ref: 80.54/94.95  image_self: 80.45/95.96  image_ref: 79.75/95.96
Wrote /home/virgilio/contrastive_learning/PCLens-spectral-explainability-in-CLIP-ViT-encoder/output_dir/activations_and_datasets_idxs_69/svd_data_approx_var99/caltech_classnames_ViT-B-32_all_text.jsonl
Number of text layers: 12, heads: 8
Evaluating against target images: fairface (3500 images, 7 classes)
Probe modality: text (14686 probes, dim 512)
  [image_set] pool = imagenet (5000 images)

Layer [0], Head: 0

Layer [0], Head: 1

Layer [0], Head: 2

Layer [0], Head: 3

Layer [0], Head: 4

Layer [0], Head: 5

Layer [0], Head: 6

Layer [0], Head: 7

Layer [1], Head: 0

Layer [1], Head: 1

Layer [1], Head: 2

Layer [1], Head: 3

Layer [1], Head: 4

Layer [1], Head: 5

Layer [1], Head: 6

Layer [1], Head: 7

Layer [2], Head: 0

Layer [2], Head: 1

Layer [2], Head: 2

Layer [2], Head: 3

Layer [2], Head: 4

Layer [2], Head: 5

Layer [2], Head: 6

Layer [2], Head: 7

Layer [3], Head: 0

Layer [3], Head: 1

Layer [3], Head: 2

Layer [3], Head: 3

Layer [3], Head: 4

Layer [3], Head: 5

Layer [3], Head: 6

Layer [3], Head: 7

Layer [4], Head: 0

Layer [4], Head: 1

Layer [4], Head: 2

Layer [4], Head: 3

Layer [4], Head: 4

Layer [4], Head: 5

Layer [4], Head: 6

Layer [4], Head: 7

Layer [5], Head: 0

Layer [5], Head: 1

Layer [5], Head: 2

Layer [5], Head: 3

Layer [5], Head: 4

Layer [5], Head: 5

Layer [5], Head: 6

Layer [5], Head: 7

Layer [6], Head: 0

Layer [6], Head: 1

Layer [6], Head: 2

Layer [6], Head: 3

Layer [6], Head: 4

Layer [6], Head: 5

Layer [6], Head: 6

Layer [6], Head: 7

Layer [7], Head: 0

Layer [7], Head: 1

Layer [7], Head: 2

Layer [7], Head: 3

Layer [7], Head: 4

Layer [7], Head: 5

Layer [7], Head: 6

Layer [7], Head: 7

Layer [8], Head: 0

Layer [8], Head: 1

Layer [8], Head: 2

Layer [8], Head: 3

Layer [8], Head: 4

Layer [8], Head: 5

Layer [8], Head: 6

Layer [8], Head: 7

Layer [9], Head: 0

Layer [9], Head: 1

Layer [9], Head: 2

Layer [9], Head: 3

Layer [9], Head: 4

Layer [9], Head: 5

Layer [9], Head: 6

Layer [9], Head: 7

Layer [10], Head: 0

Layer [10], Head: 1

Layer [10], Head: 2

Layer [10], Head: 3

Layer [10], Head: 4

Layer [10], Head: 5

Layer [10], Head: 6

Layer [10], Head: 7

Layer [11], Head: 0

Layer [11], Head: 1

Layer [11], Head: 2

Layer [11], Head: 3

Layer [11], Head: 4

Layer [11], Head: 5

Layer [11], Head: 6

Layer [11], Head: 7

Layer [0], Head: -1

Layer [1], Head: -1

Layer [2], Head: -1

Layer [3], Head: -1

Layer [4], Head: -1

Layer [5], Head: -1

Layer [6], Head: -1

Layer [7], Head: -1

Layer [8], Head: -1

Layer [9], Head: -1

Layer [10], Head: -1

Layer [11], Head: -1

Layer [12], Head: -1

Layer [-1], Head: -1
Accuracy (image->label / label->image) -- model(full): 49.40/57.14  PC: 49.37/57.14  text_self: 48.74/57.14  text_ref: 49.00/57.14  image_self: 48.74/57.14  image_ref: 49.29/57.14
Wrote /home/virgilio/contrastive_learning/PCLens-spectral-explainability-in-CLIP-ViT-encoder/output_dir/activations_and_datasets_idxs_69/svd_data_approx_var99/fairface_classnames_ViT-B-32_all_text.jsonl
Number of text layers: 12, heads: 8
Evaluating against target images: imagenet (5000 images, 1000 classes)
Probe modality: text (14686 probes, dim 512)
  [image_set] pool = imagenet (5000 images)

Layer [0], Head: 0

Layer [0], Head: 1

Layer [0], Head: 2

Layer [0], Head: 3

Layer [0], Head: 4

Layer [0], Head: 5

Layer [0], Head: 6

Layer [0], Head: 7

Layer [1], Head: 0

Layer [1], Head: 1

Layer [1], Head: 2

Layer [1], Head: 3

Layer [1], Head: 4

Layer [1], Head: 5

Layer [1], Head: 6

Layer [1], Head: 7

Layer [2], Head: 0

Layer [2], Head: 1

Layer [2], Head: 2

Layer [2], Head: 3

Layer [2], Head: 4

Layer [2], Head: 5

Layer [2], Head: 6

Layer [2], Head: 7

Layer [3], Head: 0

Layer [3], Head: 1

Layer [3], Head: 2

Layer [3], Head: 3

Layer [3], Head: 4

Layer [3], Head: 5

Layer [3], Head: 6

Layer [3], Head: 7

Layer [4], Head: 0

Layer [4], Head: 1

Layer [4], Head: 2

Layer [4], Head: 3

Layer [4], Head: 4

Layer [4], Head: 5

Layer [4], Head: 6

Layer [4], Head: 7

Layer [5], Head: 0

Layer [5], Head: 1

Layer [5], Head: 2

Layer [5], Head: 3

Layer [5], Head: 4

Layer [5], Head: 5

Layer [5], Head: 6

Layer [5], Head: 7

Layer [6], Head: 0

Layer [6], Head: 1

Layer [6], Head: 2

Layer [6], Head: 3

Layer [6], Head: 4

Layer [6], Head: 5

Layer [6], Head: 6

Layer [6], Head: 7

Layer [7], Head: 0

Layer [7], Head: 1

Layer [7], Head: 2

Layer [7], Head: 3

Layer [7], Head: 4

Layer [7], Head: 5

Layer [7], Head: 6

Layer [7], Head: 7

Layer [8], Head: 0

Layer [8], Head: 1

Layer [8], Head: 2

Layer [8], Head: 3

Layer [8], Head: 4

Layer [8], Head: 5

Layer [8], Head: 6

Layer [8], Head: 7

Layer [9], Head: 0

Layer [9], Head: 1

Layer [9], Head: 2

Layer [9], Head: 3

Layer [9], Head: 4

Layer [9], Head: 5

Layer [9], Head: 6

Layer [9], Head: 7

Layer [10], Head: 0

Layer [10], Head: 1

Layer [10], Head: 2

Layer [10], Head: 3

Layer [10], Head: 4

Layer [10], Head: 5

Layer [10], Head: 6

Layer [10], Head: 7

Layer [11], Head: 0

Layer [11], Head: 1

Layer [11], Head: 2

Layer [11], Head: 3

Layer [11], Head: 4

Layer [11], Head: 5

Layer [11], Head: 6

Layer [11], Head: 7

Layer [0], Head: -1

Layer [1], Head: -1

Layer [2], Head: -1

Layer [3], Head: -1

Layer [4], Head: -1

Layer [5], Head: -1

Layer [6], Head: -1

Layer [7], Head: -1

Layer [8], Head: -1

Layer [9], Head: -1

Layer [10], Head: -1

Layer [11], Head: -1

Layer [12], Head: -1

Layer [-1], Head: -1
Accuracy (image->label / label->image) -- model(full): 63.68/77.70  PC: 63.72/77.60  text_self: 62.42/77.60  text_ref: 62.92/78.10  image_self: 62.52/77.20  image_ref: 62.52/77.20
Wrote /home/virgilio/contrastive_learning/PCLens-spectral-explainability-in-CLIP-ViT-encoder/output_dir/activations_and_datasets_idxs_69/svd_data_approx_var99/imagenet_classnames_ViT-B-32_all_text.jsonl
Number of layers: 32
  [image_set] pool = imagenet (5000 images)

Layer [0], Head: 0

Layer [0], Head: 1

Layer [0], Head: 2

Layer [0], Head: 3

Layer [0], Head: 4

Layer [0], Head: 5

Layer [0], Head: 6

Layer [0], Head: 7

Layer [0], Head: 8

Layer [0], Head: 9

Layer [0], Head: 10

Layer [0], Head: 11

Layer [0], Head: 12

Layer [0], Head: 13

Layer [0], Head: 14

Layer [0], Head: 15

Layer [1], Head: 0

Layer [1], Head: 1

Layer [1], Head: 2

Layer [1], Head: 3

Layer [1], Head: 4

Layer [1], Head: 5

Layer [1], Head: 6

Layer [1], Head: 7

Layer [1], Head: 8

Layer [1], Head: 9

Layer [1], Head: 10

Layer [1], Head: 11

Layer [1], Head: 12

Layer [1], Head: 13

Layer [1], Head: 14

Layer [1], Head: 15

Layer [2], Head: 0

Layer [2], Head: 1

Layer [2], Head: 2

Layer [2], Head: 3

Layer [2], Head: 4

Layer [2], Head: 5

Layer [2], Head: 6

Layer [2], Head: 7

Layer [2], Head: 8

Layer [2], Head: 9

Layer [2], Head: 10

Layer [2], Head: 11

Layer [2], Head: 12

Layer [2], Head: 13

Layer [2], Head: 14

Layer [2], Head: 15

Layer [3], Head: 0

Layer [3], Head: 1

Layer [3], Head: 2

Layer [3], Head: 3

Layer [3], Head: 4

Layer [3], Head: 5

Layer [3], Head: 6

Layer [3], Head: 7

Layer [3], Head: 8

Layer [3], Head: 9

Layer [3], Head: 10

Layer [3], Head: 11

Layer [3], Head: 12

Layer [3], Head: 13

Layer [3], Head: 14

Layer [3], Head: 15

Layer [4], Head: 0

Layer [4], Head: 1

Layer [4], Head: 2

Layer [4], Head: 3

Layer [4], Head: 4

Layer [4], Head: 5

Layer [4], Head: 6

Layer [4], Head: 7

Layer [4], Head: 8

Layer [4], Head: 9

Layer [4], Head: 10

Layer [4], Head: 11

Layer [4], Head: 12

Layer [4], Head: 13

Layer [4], Head: 14

Layer [4], Head: 15

Layer [5], Head: 0

Layer [5], Head: 1

Layer [5], Head: 2

Layer [5], Head: 3

Layer [5], Head: 4

Layer [5], Head: 5

Layer [5], Head: 6

Layer [5], Head: 7

Layer [5], Head: 8

Layer [5], Head: 9

Layer [5], Head: 10

Layer [5], Head: 11

Layer [5], Head: 12

Layer [5], Head: 13

Layer [5], Head: 14

Layer [5], Head: 15

Layer [6], Head: 0

Layer [6], Head: 1

Layer [6], Head: 2

Layer [6], Head: 3

Layer [6], Head: 4

Layer [6], Head: 5

Layer [6], Head: 6

Layer [6], Head: 7

Layer [6], Head: 8

Layer [6], Head: 9

Layer [6], Head: 10

Layer [6], Head: 11

Layer [6], Head: 12

Layer [6], Head: 13

Layer [6], Head: 14

Layer [6], Head: 15

Layer [7], Head: 0

Layer [7], Head: 1

Layer [7], Head: 2

Layer [7], Head: 3

Layer [7], Head: 4

Layer [7], Head: 5

Layer [7], Head: 6

Layer [7], Head: 7

Layer [7], Head: 8

Layer [7], Head: 9

Layer [7], Head: 10

Layer [7], Head: 11

Layer [7], Head: 12

Layer [7], Head: 13

Layer [7], Head: 14

Layer [7], Head: 15

Layer [8], Head: 0

Layer [8], Head: 1

Layer [8], Head: 2

Layer [8], Head: 3

Layer [8], Head: 4

Layer [8], Head: 5

Layer [8], Head: 6

Layer [8], Head: 7

Layer [8], Head: 8

Layer [8], Head: 9

Layer [8], Head: 10

Layer [8], Head: 11

Layer [8], Head: 12

Layer [8], Head: 13

Layer [8], Head: 14

Layer [8], Head: 15

Layer [9], Head: 0

Layer [9], Head: 1

Layer [9], Head: 2

Layer [9], Head: 3

Layer [9], Head: 4

Layer [9], Head: 5

Layer [9], Head: 6

Layer [9], Head: 7

Layer [9], Head: 8

Layer [9], Head: 9

Layer [9], Head: 10

Layer [9], Head: 11

Layer [9], Head: 12

Layer [9], Head: 13

Layer [9], Head: 14

Layer [9], Head: 15

Layer [10], Head: 0

Layer [10], Head: 1

Layer [10], Head: 2

Layer [10], Head: 3

Layer [10], Head: 4

Layer [10], Head: 5

Layer [10], Head: 6

Layer [10], Head: 7

Layer [10], Head: 8

Layer [10], Head: 9

Layer [10], Head: 10

Layer [10], Head: 11

Layer [10], Head: 12

Layer [10], Head: 13

Layer [10], Head: 14

Layer [10], Head: 15

Layer [11], Head: 0

Layer [11], Head: 1

Layer [11], Head: 2

Layer [11], Head: 3

Layer [11], Head: 4

Layer [11], Head: 5

Layer [11], Head: 6

Layer [11], Head: 7

Layer [11], Head: 8

Layer [11], Head: 9

Layer [11], Head: 10

Layer [11], Head: 11

Layer [11], Head: 12

Layer [11], Head: 13

Layer [11], Head: 14

Layer [11], Head: 15

Layer [12], Head: 0

Layer [12], Head: 1

Layer [12], Head: 2

Layer [12], Head: 3

Layer [12], Head: 4

Layer [12], Head: 5

Layer [12], Head: 6

Layer [12], Head: 7

Layer [12], Head: 8

Layer [12], Head: 9

Layer [12], Head: 10

Layer [12], Head: 11

Layer [12], Head: 12

Layer [12], Head: 13

Layer [12], Head: 14

Layer [12], Head: 15

Layer [13], Head: 0

Layer [13], Head: 1

Layer [13], Head: 2

Layer [13], Head: 3

Layer [13], Head: 4

Layer [13], Head: 5

Layer [13], Head: 6

Layer [13], Head: 7

Layer [13], Head: 8

Layer [13], Head: 9

Layer [13], Head: 10

Layer [13], Head: 11

Layer [13], Head: 12

Layer [13], Head: 13

Layer [13], Head: 14

Layer [13], Head: 15

Layer [14], Head: 0

Layer [14], Head: 1

Layer [14], Head: 2

Layer [14], Head: 3

Layer [14], Head: 4

Layer [14], Head: 5

Layer [14], Head: 6

Layer [14], Head: 7

Layer [14], Head: 8

Layer [14], Head: 9

Layer [14], Head: 10

Layer [14], Head: 11

Layer [14], Head: 12

Layer [14], Head: 13

Layer [14], Head: 14

Layer [14], Head: 15

Layer [15], Head: 0

Layer [15], Head: 1

Layer [15], Head: 2

Layer [15], Head: 3

Layer [15], Head: 4

Layer [15], Head: 5

Layer [15], Head: 6

Layer [15], Head: 7

Layer [15], Head: 8

Layer [15], Head: 9

Layer [15], Head: 10

Layer [15], Head: 11

Layer [15], Head: 12

Layer [15], Head: 13

Layer [15], Head: 14

Layer [15], Head: 15

Layer [16], Head: 0

Layer [16], Head: 1

Layer [16], Head: 2

Layer [16], Head: 3

Layer [16], Head: 4

Layer [16], Head: 5

Layer [16], Head: 6

Layer [16], Head: 7

Layer [16], Head: 8

Layer [16], Head: 9

Layer [16], Head: 10

Layer [16], Head: 11

Layer [16], Head: 12

Layer [16], Head: 13

Layer [16], Head: 14

Layer [16], Head: 15

Layer [17], Head: 0

Layer [17], Head: 1

Layer [17], Head: 2

Layer [17], Head: 3

Layer [17], Head: 4

Layer [17], Head: 5

Layer [17], Head: 6

Layer [17], Head: 7

Layer [17], Head: 8

Layer [17], Head: 9

Layer [17], Head: 10

Layer [17], Head: 11

Layer [17], Head: 12

Layer [17], Head: 13

Layer [17], Head: 14

Layer [17], Head: 15

Layer [18], Head: 0

Layer [18], Head: 1

Layer [18], Head: 2

Layer [18], Head: 3

Layer [18], Head: 4

Layer [18], Head: 5

Layer [18], Head: 6

Layer [18], Head: 7

Layer [18], Head: 8

Layer [18], Head: 9

Layer [18], Head: 10

Layer [18], Head: 11

Layer [18], Head: 12

Layer [18], Head: 13

Layer [18], Head: 14

Layer [18], Head: 15

Layer [19], Head: 0

Layer [19], Head: 1

Layer [19], Head: 2

Layer [19], Head: 3

Layer [19], Head: 4

Layer [19], Head: 5

Layer [19], Head: 6

Layer [19], Head: 7

Layer [19], Head: 8

Layer [19], Head: 9

Layer [19], Head: 10

Layer [19], Head: 11

Layer [19], Head: 12

Layer [19], Head: 13

Layer [19], Head: 14

Layer [19], Head: 15

Layer [20], Head: 0

Layer [20], Head: 1

Layer [20], Head: 2

Layer [20], Head: 3

Layer [20], Head: 4

Layer [20], Head: 5

Layer [20], Head: 6

Layer [20], Head: 7

Layer [20], Head: 8

Layer [20], Head: 9

Layer [20], Head: 10

Layer [20], Head: 11

Layer [20], Head: 12

Layer [20], Head: 13

Layer [20], Head: 14

Layer [20], Head: 15

Layer [21], Head: 0

Layer [21], Head: 1

Layer [21], Head: 2

Layer [21], Head: 3

Layer [21], Head: 4

Layer [21], Head: 5

Layer [21], Head: 6

Layer [21], Head: 7

Layer [21], Head: 8

Layer [21], Head: 9

Layer [21], Head: 10

Layer [21], Head: 11

Layer [21], Head: 12

Layer [21], Head: 13

Layer [21], Head: 14

Layer [21], Head: 15

Layer [22], Head: 0

Layer [22], Head: 1

Layer [22], Head: 2

Layer [22], Head: 3

Layer [22], Head: 4

Layer [22], Head: 5

Layer [22], Head: 6

Layer [22], Head: 7

Layer [22], Head: 8

Layer [22], Head: 9

Layer [22], Head: 10

Layer [22], Head: 11

Layer [22], Head: 12

Layer [22], Head: 13

Layer [22], Head: 14

Layer [22], Head: 15

Layer [23], Head: 0

Layer [23], Head: 1

Layer [23], Head: 2

Layer [23], Head: 3

Layer [23], Head: 4

Layer [23], Head: 5

Layer [23], Head: 6

Layer [23], Head: 7

Layer [23], Head: 8

Layer [23], Head: 9

Layer [23], Head: 10

Layer [23], Head: 11

Layer [23], Head: 12

Layer [23], Head: 13

Layer [23], Head: 14

Layer [23], Head: 15

Layer [24], Head: 0

Layer [24], Head: 1

Layer [24], Head: 2

Layer [24], Head: 3

Layer [24], Head: 4

Layer [24], Head: 5

Layer [24], Head: 6

Layer [24], Head: 7

Layer [24], Head: 8

Layer [24], Head: 9

Layer [24], Head: 10

Layer [24], Head: 11

Layer [24], Head: 12

Layer [24], Head: 13

Layer [24], Head: 14

Layer [24], Head: 15

Layer [25], Head: 0

Layer [25], Head: 1

Layer [25], Head: 2

Layer [25], Head: 3

Layer [25], Head: 4

Layer [25], Head: 5

Layer [25], Head: 6

Layer [25], Head: 7

Layer [25], Head: 8

Layer [25], Head: 9

Layer [25], Head: 10

Layer [25], Head: 11

Layer [25], Head: 12

Layer [25], Head: 13

Layer [25], Head: 14

Layer [25], Head: 15

Layer [26], Head: 0

Layer [26], Head: 1

Layer [26], Head: 2

Layer [26], Head: 3

Layer [26], Head: 4

Layer [26], Head: 5

Layer [26], Head: 6

Layer [26], Head: 7

Layer [26], Head: 8

Layer [26], Head: 9

Layer [26], Head: 10

Layer [26], Head: 11

Layer [26], Head: 12

Layer [26], Head: 13

Layer [26], Head: 14

Layer [26], Head: 15

Layer [27], Head: 0

Layer [27], Head: 1

Layer [27], Head: 2

Layer [27], Head: 3

Layer [27], Head: 4

Layer [27], Head: 5

Layer [27], Head: 6

Layer [27], Head: 7

Layer [27], Head: 8

Layer [27], Head: 9

Layer [27], Head: 10

Layer [27], Head: 11

Layer [27], Head: 12

Layer [27], Head: 13

Layer [27], Head: 14

Layer [27], Head: 15

Layer [28], Head: 0

Layer [28], Head: 1

Layer [28], Head: 2

Layer [28], Head: 3

Layer [28], Head: 4

Layer [28], Head: 5

Layer [28], Head: 6

Layer [28], Head: 7

Layer [28], Head: 8

Layer [28], Head: 9

Layer [28], Head: 10

Layer [28], Head: 11

Layer [28], Head: 12

Layer [28], Head: 13

Layer [28], Head: 14

Layer [28], Head: 15

Layer [29], Head: 0

Layer [29], Head: 1

Layer [29], Head: 2

Layer [29], Head: 3

Layer [29], Head: 4

Layer [29], Head: 5

Layer [29], Head: 6

Layer [29], Head: 7

Layer [29], Head: 8

Layer [29], Head: 9

Layer [29], Head: 10

Layer [29], Head: 11

Layer [29], Head: 12

Layer [29], Head: 13

Layer [29], Head: 14

Layer [29], Head: 15

Layer [30], Head: 0

Layer [30], Head: 1

Layer [30], Head: 2

Layer [30], Head: 3

Layer [30], Head: 4

Layer [30], Head: 5

Layer [30], Head: 6

Layer [30], Head: 7

Layer [30], Head: 8

Layer [30], Head: 9

Layer [30], Head: 10

Layer [30], Head: 11

Layer [30], Head: 12

Layer [30], Head: 13

Layer [30], Head: 14

Layer [30], Head: 15

Layer [31], Head: 0

Layer [31], Head: 1

Layer [31], Head: 2

Layer [31], Head: 3

Layer [31], Head: 4

Layer [31], Head: 5

Layer [31], Head: 6

Layer [31], Head: 7

Layer [31], Head: 8

Layer [31], Head: 9

Layer [31], Head: 10

Layer [31], Head: 11

Layer [31], Head: 12

Layer [31], Head: 13

Layer [31], Head: 14

Layer [31], Head: 15

Layer [0], Head: -1

Layer [1], Head: -1

Layer [2], Head: -1

Layer [3], Head: -1

Layer [4], Head: -1

Layer [5], Head: -1

Layer [6], Head: -1

Layer [7], Head: -1

Layer [8], Head: -1

Layer [9], Head: -1

Layer [10], Head: -1

Layer [11], Head: -1

Layer [12], Head: -1

Layer [13], Head: -1

Layer [14], Head: -1

Layer [15], Head: -1

Layer [16], Head: -1

Layer [17], Head: -1

Layer [18], Head: -1

Layer [19], Head: -1

Layer [20], Head: -1

Layer [21], Head: -1

Layer [22], Head: -1

Layer [23], Head: -1

Layer [24], Head: -1

Layer [25], Head: -1

Layer [26], Head: -1

Layer [27], Head: -1

Layer [28], Head: -1

Layer [29], Head: -1

Layer [30], Head: -1

Layer [31], Head: -1

Layer [32], Head: -1

Layer [-1], Head: -1
Accuracy (image->label / label->image) -- model(full): 85.30/93.00  PC: 85.25/93.00  text_self: 84.90/98.00  text_ref: 85.40/96.00  image_self: 85.30/91.00  image_ref: 85.50/93.00
Number of layers: 32
  [image_set] pool = imagenet (5000 images)

Layer [0], Head: 0

Layer [0], Head: 1

Layer [0], Head: 2

Layer [0], Head: 3

Layer [0], Head: 4

Layer [0], Head: 5

Layer [0], Head: 6

Layer [0], Head: 7

Layer [0], Head: 8

Layer [0], Head: 9

Layer [0], Head: 10

Layer [0], Head: 11

Layer [0], Head: 12

Layer [0], Head: 13

Layer [0], Head: 14

Layer [0], Head: 15

Layer [1], Head: 0

Layer [1], Head: 1

Layer [1], Head: 2

Layer [1], Head: 3

Layer [1], Head: 4

Layer [1], Head: 5

Layer [1], Head: 6

Layer [1], Head: 7

Layer [1], Head: 8

Layer [1], Head: 9

Layer [1], Head: 10

Layer [1], Head: 11

Layer [1], Head: 12

Layer [1], Head: 13

Layer [1], Head: 14

Layer [1], Head: 15

Layer [2], Head: 0

Layer [2], Head: 1

Layer [2], Head: 2

Layer [2], Head: 3

Layer [2], Head: 4

Layer [2], Head: 5

Layer [2], Head: 6

Layer [2], Head: 7

Layer [2], Head: 8

Layer [2], Head: 9

Layer [2], Head: 10

Layer [2], Head: 11

Layer [2], Head: 12

Layer [2], Head: 13

Layer [2], Head: 14

Layer [2], Head: 15

Layer [3], Head: 0

Layer [3], Head: 1

Layer [3], Head: 2

Layer [3], Head: 3

Layer [3], Head: 4

Layer [3], Head: 5

Layer [3], Head: 6

Layer [3], Head: 7

Layer [3], Head: 8

Layer [3], Head: 9

Layer [3], Head: 10

Layer [3], Head: 11

Layer [3], Head: 12

Layer [3], Head: 13

Layer [3], Head: 14

Layer [3], Head: 15

Layer [4], Head: 0

Layer [4], Head: 1

Layer [4], Head: 2

Layer [4], Head: 3

Layer [4], Head: 4

Layer [4], Head: 5

Layer [4], Head: 6

Layer [4], Head: 7

Layer [4], Head: 8

Layer [4], Head: 9

Layer [4], Head: 10

Layer [4], Head: 11

Layer [4], Head: 12

Layer [4], Head: 13

Layer [4], Head: 14

Layer [4], Head: 15

Layer [5], Head: 0

Layer [5], Head: 1

Layer [5], Head: 2

Layer [5], Head: 3

Layer [5], Head: 4

Layer [5], Head: 5

Layer [5], Head: 6

Layer [5], Head: 7

Layer [5], Head: 8

Layer [5], Head: 9

Layer [5], Head: 10

Layer [5], Head: 11

Layer [5], Head: 12

Layer [5], Head: 13

Layer [5], Head: 14

Layer [5], Head: 15

Layer [6], Head: 0

Layer [6], Head: 1

Layer [6], Head: 2

Layer [6], Head: 3

Layer [6], Head: 4

Layer [6], Head: 5

Layer [6], Head: 6

Layer [6], Head: 7

Layer [6], Head: 8

Layer [6], Head: 9

Layer [6], Head: 10

Layer [6], Head: 11

Layer [6], Head: 12

Layer [6], Head: 13

Layer [6], Head: 14

Layer [6], Head: 15

Layer [7], Head: 0

Layer [7], Head: 1

Layer [7], Head: 2

Layer [7], Head: 3

Layer [7], Head: 4

Layer [7], Head: 5

Layer [7], Head: 6

Layer [7], Head: 7

Layer [7], Head: 8

Layer [7], Head: 9

Layer [7], Head: 10

Layer [7], Head: 11

Layer [7], Head: 12

Layer [7], Head: 13

Layer [7], Head: 14

Layer [7], Head: 15

Layer [8], Head: 0

Layer [8], Head: 1

Layer [8], Head: 2

Layer [8], Head: 3

Layer [8], Head: 4

Layer [8], Head: 5

Layer [8], Head: 6

Layer [8], Head: 7

Layer [8], Head: 8

Layer [8], Head: 9

Layer [8], Head: 10

Layer [8], Head: 11

Layer [8], Head: 12

Layer [8], Head: 13

Layer [8], Head: 14

Layer [8], Head: 15

Layer [9], Head: 0

Layer [9], Head: 1

Layer [9], Head: 2

Layer [9], Head: 3

Layer [9], Head: 4

Layer [9], Head: 5

Layer [9], Head: 6

Layer [9], Head: 7

Layer [9], Head: 8

Layer [9], Head: 9

Layer [9], Head: 10

Layer [9], Head: 11

Layer [9], Head: 12

Layer [9], Head: 13

Layer [9], Head: 14

Layer [9], Head: 15

Layer [10], Head: 0

Layer [10], Head: 1

Layer [10], Head: 2

Layer [10], Head: 3

Layer [10], Head: 4

Layer [10], Head: 5

Layer [10], Head: 6

Layer [10], Head: 7

Layer [10], Head: 8

Layer [10], Head: 9

Layer [10], Head: 10

Layer [10], Head: 11

Layer [10], Head: 12

Layer [10], Head: 13

Layer [10], Head: 14

Layer [10], Head: 15

Layer [11], Head: 0

Layer [11], Head: 1

Layer [11], Head: 2

Layer [11], Head: 3

Layer [11], Head: 4

Layer [11], Head: 5

Layer [11], Head: 6

Layer [11], Head: 7

Layer [11], Head: 8

Layer [11], Head: 9

Layer [11], Head: 10

Layer [11], Head: 11

Layer [11], Head: 12

Layer [11], Head: 13

Layer [11], Head: 14

Layer [11], Head: 15

Layer [12], Head: 0

Layer [12], Head: 1

Layer [12], Head: 2

Layer [12], Head: 3

Layer [12], Head: 4

Layer [12], Head: 5

Layer [12], Head: 6

Layer [12], Head: 7

Layer [12], Head: 8

Layer [12], Head: 9

Layer [12], Head: 10

Layer [12], Head: 11

Layer [12], Head: 12

Layer [12], Head: 13

Layer [12], Head: 14

Layer [12], Head: 15

Layer [13], Head: 0

Layer [13], Head: 1

Layer [13], Head: 2

Layer [13], Head: 3

Layer [13], Head: 4

Layer [13], Head: 5

Layer [13], Head: 6

Layer [13], Head: 7

Layer [13], Head: 8

Layer [13], Head: 9

Layer [13], Head: 10

Layer [13], Head: 11

Layer [13], Head: 12

Layer [13], Head: 13

Layer [13], Head: 14

Layer [13], Head: 15

Layer [14], Head: 0

Layer [14], Head: 1

Layer [14], Head: 2

Layer [14], Head: 3

Layer [14], Head: 4

Layer [14], Head: 5

Layer [14], Head: 6

Layer [14], Head: 7

Layer [14], Head: 8

Layer [14], Head: 9

Layer [14], Head: 10

Layer [14], Head: 11

Layer [14], Head: 12

Layer [14], Head: 13

Layer [14], Head: 14

Layer [14], Head: 15

Layer [15], Head: 0

Layer [15], Head: 1

Layer [15], Head: 2

Layer [15], Head: 3

Layer [15], Head: 4

Layer [15], Head: 5

Layer [15], Head: 6

Layer [15], Head: 7

Layer [15], Head: 8

Layer [15], Head: 9

Layer [15], Head: 10

Layer [15], Head: 11

Layer [15], Head: 12

Layer [15], Head: 13

Layer [15], Head: 14

Layer [15], Head: 15

Layer [16], Head: 0

Layer [16], Head: 1

Layer [16], Head: 2

Layer [16], Head: 3

Layer [16], Head: 4

Layer [16], Head: 5

Layer [16], Head: 6

Layer [16], Head: 7

Layer [16], Head: 8

Layer [16], Head: 9

Layer [16], Head: 10

Layer [16], Head: 11

Layer [16], Head: 12

Layer [16], Head: 13

Layer [16], Head: 14

Layer [16], Head: 15

Layer [17], Head: 0

Layer [17], Head: 1

Layer [17], Head: 2

Layer [17], Head: 3

Layer [17], Head: 4

Layer [17], Head: 5

Layer [17], Head: 6

Layer [17], Head: 7

Layer [17], Head: 8

Layer [17], Head: 9

Layer [17], Head: 10

Layer [17], Head: 11

Layer [17], Head: 12

Layer [17], Head: 13

Layer [17], Head: 14

Layer [17], Head: 15

Layer [18], Head: 0

Layer [18], Head: 1

Layer [18], Head: 2

Layer [18], Head: 3

Layer [18], Head: 4

Layer [18], Head: 5

Layer [18], Head: 6

Layer [18], Head: 7

Layer [18], Head: 8

Layer [18], Head: 9

Layer [18], Head: 10

Layer [18], Head: 11

Layer [18], Head: 12

Layer [18], Head: 13

Layer [18], Head: 14

Layer [18], Head: 15

Layer [19], Head: 0

Layer [19], Head: 1

Layer [19], Head: 2

Layer [19], Head: 3

Layer [19], Head: 4

Layer [19], Head: 5

Layer [19], Head: 6

Layer [19], Head: 7

Layer [19], Head: 8

Layer [19], Head: 9

Layer [19], Head: 10

Layer [19], Head: 11

Layer [19], Head: 12

Layer [19], Head: 13

Layer [19], Head: 14

Layer [19], Head: 15

Layer [20], Head: 0

Layer [20], Head: 1

Layer [20], Head: 2

Layer [20], Head: 3

Layer [20], Head: 4

Layer [20], Head: 5

Layer [20], Head: 6

Layer [20], Head: 7

Layer [20], Head: 8

Layer [20], Head: 9

Layer [20], Head: 10

Layer [20], Head: 11

Layer [20], Head: 12

Layer [20], Head: 13

Layer [20], Head: 14

Layer [20], Head: 15

Layer [21], Head: 0

Layer [21], Head: 1

Layer [21], Head: 2

Layer [21], Head: 3

Layer [21], Head: 4

Layer [21], Head: 5

Layer [21], Head: 6

Layer [21], Head: 7

Layer [21], Head: 8

Layer [21], Head: 9

Layer [21], Head: 10

Layer [21], Head: 11

Layer [21], Head: 12

Layer [21], Head: 13

Layer [21], Head: 14

Layer [21], Head: 15

Layer [22], Head: 0

Layer [22], Head: 1

Layer [22], Head: 2

Layer [22], Head: 3

Layer [22], Head: 4

Layer [22], Head: 5

Layer [22], Head: 6

Layer [22], Head: 7

Layer [22], Head: 8

Layer [22], Head: 9

Layer [22], Head: 10

Layer [22], Head: 11

Layer [22], Head: 12

Layer [22], Head: 13

Layer [22], Head: 14

Layer [22], Head: 15

Layer [23], Head: 0

Layer [23], Head: 1

Layer [23], Head: 2

Layer [23], Head: 3

Layer [23], Head: 4

Layer [23], Head: 5

Layer [23], Head: 6

Layer [23], Head: 7

Layer [23], Head: 8

Layer [23], Head: 9

Layer [23], Head: 10

Layer [23], Head: 11

Layer [23], Head: 12

Layer [23], Head: 13

Layer [23], Head: 14

Layer [23], Head: 15

Layer [24], Head: 0

Layer [24], Head: 1

Layer [24], Head: 2

Layer [24], Head: 3

Layer [24], Head: 4

Layer [24], Head: 5

Layer [24], Head: 6

Layer [24], Head: 7

Layer [24], Head: 8

Layer [24], Head: 9

Layer [24], Head: 10

Layer [24], Head: 11

Layer [24], Head: 12

Layer [24], Head: 13

Layer [24], Head: 14

Layer [24], Head: 15

Layer [25], Head: 0

Layer [25], Head: 1

Layer [25], Head: 2

Layer [25], Head: 3

Layer [25], Head: 4

Layer [25], Head: 5

Layer [25], Head: 6

Layer [25], Head: 7

Layer [25], Head: 8

Layer [25], Head: 9

Layer [25], Head: 10

Layer [25], Head: 11

Layer [25], Head: 12

Layer [25], Head: 13

Layer [25], Head: 14

Layer [25], Head: 15

Layer [26], Head: 0

Layer [26], Head: 1

Layer [26], Head: 2

Layer [26], Head: 3

Layer [26], Head: 4

Layer [26], Head: 5

Layer [26], Head: 6

Layer [26], Head: 7

Layer [26], Head: 8

Layer [26], Head: 9

Layer [26], Head: 10

Layer [26], Head: 11

Layer [26], Head: 12

Layer [26], Head: 13

Layer [26], Head: 14

Layer [26], Head: 15

Layer [27], Head: 0

Layer [27], Head: 1

Layer [27], Head: 2

Layer [27], Head: 3

Layer [27], Head: 4

Layer [27], Head: 5

Layer [27], Head: 6

Layer [27], Head: 7

Layer [27], Head: 8

Layer [27], Head: 9

Layer [27], Head: 10

Layer [27], Head: 11

Layer [27], Head: 12

Layer [27], Head: 13

Layer [27], Head: 14

Layer [27], Head: 15

Layer [28], Head: 0

Layer [28], Head: 1

Layer [28], Head: 2

Layer [28], Head: 3

Layer [28], Head: 4

Layer [28], Head: 5

Layer [28], Head: 6

Layer [28], Head: 7

Layer [28], Head: 8

Layer [28], Head: 9

Layer [28], Head: 10

Layer [28], Head: 11

Layer [28], Head: 12

Layer [28], Head: 13

Layer [28], Head: 14

Layer [28], Head: 15

Layer [29], Head: 0

Layer [29], Head: 1

Layer [29], Head: 2

Layer [29], Head: 3

Layer [29], Head: 4

Layer [29], Head: 5

Layer [29], Head: 6

Layer [29], Head: 7

Layer [29], Head: 8

Layer [29], Head: 9

Layer [29], Head: 10

Layer [29], Head: 11

Layer [29], Head: 12

Layer [29], Head: 13

Layer [29], Head: 14

Layer [29], Head: 15

Layer [30], Head: 0

Layer [30], Head: 1

Layer [30], Head: 2

Layer [30], Head: 3

Layer [30], Head: 4

Layer [30], Head: 5

Layer [30], Head: 6

Layer [30], Head: 7

Layer [30], Head: 8

Layer [30], Head: 9

Layer [30], Head: 10

Layer [30], Head: 11

Layer [30], Head: 12

Layer [30], Head: 13

Layer [30], Head: 14

Layer [30], Head: 15

Layer [31], Head: 0

Layer [31], Head: 1

Layer [31], Head: 2

Layer [31], Head: 3

Layer [31], Head: 4

Layer [31], Head: 5

Layer [31], Head: 6

Layer [31], Head: 7

Layer [31], Head: 8

Layer [31], Head: 9

Layer [31], Head: 10

Layer [31], Head: 11

Layer [31], Head: 12

Layer [31], Head: 13

Layer [31], Head: 14

Layer [31], Head: 15

Layer [0], Head: -1

Layer [1], Head: -1

Layer [2], Head: -1

Layer [3], Head: -1

Layer [4], Head: -1

Layer [5], Head: -1

Layer [6], Head: -1

Layer [7], Head: -1

Layer [8], Head: -1

Layer [9], Head: -1

Layer [10], Head: -1

Layer [11], Head: -1

Layer [12], Head: -1

Layer [13], Head: -1

Layer [14], Head: -1

Layer [15], Head: -1

Layer [16], Head: -1

Layer [17], Head: -1

Layer [18], Head: -1

Layer [19], Head: -1

Layer [20], Head: -1

Layer [21], Head: -1

Layer [22], Head: -1

Layer [23], Head: -1

Layer [24], Head: -1

Layer [25], Head: -1

Layer [26], Head: -1

Layer [27], Head: -1

Layer [28], Head: -1

Layer [29], Head: -1

Layer [30], Head: -1

Layer [31], Head: -1

Layer [32], Head: -1

Layer [-1], Head: -1
Accuracy (image->label / label->image) -- model(full): 76.90/100.00  PC: 76.75/100.00  text_self: 76.75/100.00  text_ref: 76.05/100.00  image_self: 77.15/100.00  image_ref: 77.00/100.00
[ViT-B-32 @ cuda:0] >> /home/virgilio/lib/minconda3/envs/MT/bin/python -m utils.scripts.compute_text_explanations_text --model ViT-B-32 --dataset CIFAR100_classnames --components all --text_descriptions top_1500_nouns_5_sentences_imagenet_clean --text_dir /home/virgilio/contrastive_learning/PCLens-spectral-explainability-in-CLIP-ViT-encoder/utils/text_descriptions --algorithm svd_data_approx --num_of_last_layers 999 --text_per_princ_comp 10 --max_text 999 --seed 69 --device cuda:0 --probe_modality text --probe_name imagenet --eval_dataset CIFAR100 --image_set imagenet --input_dir /home/virgilio/contrastive_learning/PCLens-spectral-explainability-in-CLIP-ViT-encoder/output_dir/activations_and_datasets_idxs_69 --output_dir /home/virgilio/contrastive_learning/PCLens-spectral-explainability-in-CLIP-ViT-encoder/output_dir/activations_and_datasets_idxs_69 --out_file /home/virgilio/contrastive_learning/PCLens-spectral-explainability-in-CLIP-ViT-encoder/output_dir/activations_and_datasets_idxs_69/svd_data_approx_var99/CIFAR100_classnames_ViT-B-32_all_text.jsonl
[ViT-B-32 @ cuda:0] >> /home/virgilio/lib/minconda3/envs/MT/bin/python -m utils.scripts.compute_text_explanations_text --model ViT-B-32 --dataset binary_waterbirds_classnames --components all --text_descriptions top_1500_nouns_5_sentences_imagenet_clean --text_dir /home/virgilio/contrastive_learning/PCLens-spectral-explainability-in-CLIP-ViT-encoder/utils/text_descriptions --algorithm svd_data_approx --num_of_last_layers 999 --text_per_princ_comp 10 --max_text 999 --seed 69 --device cuda:0 --probe_modality text --probe_name imagenet --eval_dataset binary_waterbirds --image_set imagenet --input_dir /home/virgilio/contrastive_learning/PCLens-spectral-explainability-in-CLIP-ViT-encoder/output_dir/activations_and_datasets_idxs_69 --output_dir /home/virgilio/contrastive_learning/PCLens-spectral-explainability-in-CLIP-ViT-encoder/output_dir/activations_and_datasets_idxs_69 --out_file /home/virgilio/contrastive_learning/PCLens-spectral-explainability-in-CLIP-ViT-encoder/output_dir/activations_and_datasets_idxs_69/svd_data_approx_var99/binary_waterbirds_classnames_ViT-B-32_all_text.jsonl
[ViT-B-32 @ cuda:0] >> /home/virgilio/lib/minconda3/envs/MT/bin/python -m utils.scripts.compute_text_explanations_text --model ViT-B-32 --dataset caltech_classnames --components all --text_descriptions top_1500_nouns_5_sentences_imagenet_clean --text_dir /home/virgilio/contrastive_learning/PCLens-spectral-explainability-in-CLIP-ViT-encoder/utils/text_descriptions --algorithm svd_data_approx --num_of_last_layers 999 --text_per_princ_comp 10 --max_text 999 --seed 69 --device cuda:0 --probe_modality text --probe_name imagenet --eval_dataset caltech --image_set imagenet --input_dir /home/virgilio/contrastive_learning/PCLens-spectral-explainability-in-CLIP-ViT-encoder/output_dir/activations_and_datasets_idxs_69 --output_dir /home/virgilio/contrastive_learning/PCLens-spectral-explainability-in-CLIP-ViT-encoder/output_dir/activations_and_datasets_idxs_69 --out_file /home/virgilio/contrastive_learning/PCLens-spectral-explainability-in-CLIP-ViT-encoder/output_dir/activations_and_datasets_idxs_69/svd_data_approx_var99/caltech_classnames_ViT-B-32_all_text.jsonl
[ViT-B-32 @ cuda:0] >> /home/virgilio/lib/minconda3/envs/MT/bin/python -m utils.scripts.compute_text_explanations_text --model ViT-B-32 --dataset fairface_classnames --components all --text_descriptions top_1500_nouns_5_sentences_imagenet_clean --text_dir /home/virgilio/contrastive_learning/PCLens-spectral-explainability-in-CLIP-ViT-encoder/utils/text_descriptions --algorithm svd_data_approx --num_of_last_layers 999 --text_per_princ_comp 10 --max_text 999 --seed 69 --device cuda:0 --probe_modality text --probe_name imagenet --eval_dataset fairface --image_set imagenet --input_dir /home/virgilio/contrastive_learning/PCLens-spectral-explainability-in-CLIP-ViT-encoder/output_dir/activations_and_datasets_idxs_69 --output_dir /home/virgilio/contrastive_learning/PCLens-spectral-explainability-in-CLIP-ViT-encoder/output_dir/activations_and_datasets_idxs_69 --out_file /home/virgilio/contrastive_learning/PCLens-spectral-explainability-in-CLIP-ViT-encoder/output_dir/activations_and_datasets_idxs_69/svd_data_approx_var99/fairface_classnames_ViT-B-32_all_text.jsonl
[ViT-B-32 @ cuda:0] >> /home/virgilio/lib/minconda3/envs/MT/bin/python -m utils.scripts.compute_text_explanations_text --model ViT-B-32 --dataset imagenet_classnames --components all --text_descriptions top_1500_nouns_5_sentences_imagenet_clean --text_dir /home/virgilio/contrastive_learning/PCLens-spectral-explainability-in-CLIP-ViT-encoder/utils/text_descriptions --algorithm svd_data_approx --num_of_last_layers 999 --text_per_princ_comp 10 --max_text 999 --seed 69 --device cuda:0 --probe_modality text --probe_name imagenet --eval_dataset imagenet --image_set imagenet --input_dir /home/virgilio/contrastive_learning/PCLens-spectral-explainability-in-CLIP-ViT-encoder/output_dir/activations_and_datasets_idxs_69 --output_dir /home/virgilio/contrastive_learning/PCLens-spectral-explainability-in-CLIP-ViT-encoder/output_dir/activations_and_datasets_idxs_69 --out_file /home/virgilio/contrastive_learning/PCLens-spectral-explainability-in-CLIP-ViT-encoder/output_dir/activations_and_datasets_idxs_69/svd_data_approx_var99/imagenet_classnames_ViT-B-32_all_text.jsonl
  [skip] no top_1500_nouns_5_sentences_imagenet_bias_clean image activations to build top_1500_nouns_5_sentences_imagenet_bias_clean_embeddings_ViT-B-32 (gather them with extract_activations, or pick a different --probe_name).
  [skip] text tower 'top_1500_nouns_5_sentences_imagenet_bias_clean': no paired image eval set 'top_1500_nouns_5_sentences_imagenet_bias_clean' (needs top_1500_nouns_5_sentences_imagenet_bias_clean_embeddings + _labels).
[ViT-B-32 @ cuda:0] done.

======================================================================
[ViT-H-14 @ cuda:0] starting
======================================================================
[ViT-H-14 @ cuda:0] >> /home/virgilio/lib/minconda3/envs/MT/bin/python -m utils.scripts.compute_text_explanations --model ViT-H-14 --dataset CIFAR100 --components all --text_descriptions top_1500_nouns_5_sentences_imagenet_clean --text_dir /home/virgilio/contrastive_learning/PCLens-spectral-explainability-in-CLIP-ViT-encoder/utils/text_descriptions --algorithm svd_data_approx --num_of_last_layers 999 --text_per_princ_comp 10 --max_text 999 --seed 69 --device cuda:0 --image_set imagenet --input_dir /home/virgilio/contrastive_learning/PCLens-spectral-explainability-in-CLIP-ViT-encoder/output_dir/activations_and_datasets_idxs_69 --output_dir /home/virgilio/contrastive_learning/PCLens-spectral-explainability-in-CLIP-ViT-encoder/output_dir/activations_and_datasets_idxs_69 --out_file /home/virgilio/contrastive_learning/PCLens-spectral-explainability-in-CLIP-ViT-encoder/output_dir/activations_and_datasets_idxs_69/svd_data_approx_var99/CIFAR100_ViT-H-14_all_image.jsonl
[ViT-H-14 @ cuda:0] >> /home/virgilio/lib/minconda3/envs/MT/bin/python -m utils.scripts.compute_text_explanations --model ViT-H-14 --dataset binary_waterbirds --components all --text_descriptions top_1500_nouns_5_sentences_imagenet_clean --text_dir /home/virgilio/contrastive_learning/PCLens-spectral-explainability-in-CLIP-ViT-encoder/utils/text_descriptions --algorithm svd_data_approx --num_of_last_layers 999 --text_per_princ_comp 10 --max_text 999 --seed 69 --device cuda:0 --image_set imagenet --input_dir /home/virgilio/contrastive_learning/PCLens-spectral-explainability-in-CLIP-ViT-encoder/output_dir/activations_and_datasets_idxs_69 --output_dir /home/virgilio/contrastive_learning/PCLens-spectral-explainability-in-CLIP-ViT-encoder/output_dir/activations_and_datasets_idxs_69 --out_file /home/virgilio/contrastive_learning/PCLens-spectral-explainability-in-CLIP-ViT-encoder/output_dir/activations_and_datasets_idxs_69/svd_data_approx_var99/binary_waterbirds_ViT-H-14_all_image.jsonl
Number of layers: 32
  [image_set] pool = imagenet (5000 images)

Layer [0], Head: 0

Layer [0], Head: 1

Layer [0], Head: 2

Layer [0], Head: 3

Layer [0], Head: 4

Layer [0], Head: 5

Layer [0], Head: 6

Layer [0], Head: 7

Layer [0], Head: 8

Layer [0], Head: 9

Layer [0], Head: 10

Layer [0], Head: 11

Layer [0], Head: 12

Layer [0], Head: 13

Layer [0], Head: 14

Layer [0], Head: 15

Layer [1], Head: 0

Layer [1], Head: 1

Layer [1], Head: 2

Layer [1], Head: 3

Layer [1], Head: 4

Layer [1], Head: 5

Layer [1], Head: 6

Layer [1], Head: 7

Layer [1], Head: 8

Layer [1], Head: 9

Layer [1], Head: 10

Layer [1], Head: 11

Layer [1], Head: 12

Layer [1], Head: 13

Layer [1], Head: 14

Layer [1], Head: 15

Layer [2], Head: 0

Layer [2], Head: 1

Layer [2], Head: 2

Layer [2], Head: 3

Layer [2], Head: 4

Layer [2], Head: 5

Layer [2], Head: 6

Layer [2], Head: 7

Layer [2], Head: 8

Layer [2], Head: 9

Layer [2], Head: 10

Layer [2], Head: 11

Layer [2], Head: 12

Layer [2], Head: 13

Layer [2], Head: 14

Layer [2], Head: 15

Layer [3], Head: 0

Layer [3], Head: 1

Layer [3], Head: 2

Layer [3], Head: 3

Layer [3], Head: 4

Layer [3], Head: 5

Layer [3], Head: 6

Layer [3], Head: 7

Layer [3], Head: 8

Layer [3], Head: 9

Layer [3], Head: 10

Layer [3], Head: 11

Layer [3], Head: 12

Layer [3], Head: 13

Layer [3], Head: 14

Layer [3], Head: 15

Layer [4], Head: 0

Layer [4], Head: 1

Layer [4], Head: 2

Layer [4], Head: 3

Layer [4], Head: 4

Layer [4], Head: 5

Layer [4], Head: 6

Layer [4], Head: 7

Layer [4], Head: 8

Layer [4], Head: 9

Layer [4], Head: 10

Layer [4], Head: 11

Layer [4], Head: 12

Layer [4], Head: 13

Layer [4], Head: 14

Layer [4], Head: 15

Layer [5], Head: 0

Layer [5], Head: 1

Layer [5], Head: 2

Layer [5], Head: 3

Layer [5], Head: 4

Layer [5], Head: 5

Layer [5], Head: 6

Layer [5], Head: 7

Layer [5], Head: 8

Layer [5], Head: 9

Layer [5], Head: 10

Layer [5], Head: 11

Layer [5], Head: 12

Layer [5], Head: 13

Layer [5], Head: 14

Layer [5], Head: 15

Layer [6], Head: 0

Layer [6], Head: 1

Layer [6], Head: 2

Layer [6], Head: 3

Layer [6], Head: 4

Layer [6], Head: 5

Layer [6], Head: 6

Layer [6], Head: 7

Layer [6], Head: 8

Layer [6], Head: 9

Layer [6], Head: 10

Layer [6], Head: 11

Layer [6], Head: 12

Layer [6], Head: 13

Layer [6], Head: 14

Layer [6], Head: 15

Layer [7], Head: 0

Layer [7], Head: 1

Layer [7], Head: 2

Layer [7], Head: 3

Layer [7], Head: 4

Layer [7], Head: 5

Layer [7], Head: 6

Layer [7], Head: 7

Layer [7], Head: 8

Layer [7], Head: 9

Layer [7], Head: 10

Layer [7], Head: 11

Layer [7], Head: 12

Layer [7], Head: 13

Layer [7], Head: 14

Layer [7], Head: 15

Layer [8], Head: 0

Layer [8], Head: 1

Layer [8], Head: 2

Layer [8], Head: 3

Layer [8], Head: 4

Layer [8], Head: 5

Layer [8], Head: 6

Layer [8], Head: 7

Layer [8], Head: 8

Layer [8], Head: 9

Layer [8], Head: 10

Layer [8], Head: 11

Layer [8], Head: 12

Layer [8], Head: 13

Layer [8], Head: 14

Layer [8], Head: 15

Layer [9], Head: 0

Layer [9], Head: 1

Layer [9], Head: 2

Layer [9], Head: 3

Layer [9], Head: 4

Layer [9], Head: 5

Layer [9], Head: 6

Layer [9], Head: 7

Layer [9], Head: 8

Layer [9], Head: 9

Layer [9], Head: 10

Layer [9], Head: 11

Layer [9], Head: 12

Layer [9], Head: 13

Layer [9], Head: 14

Layer [9], Head: 15

Layer [10], Head: 0

Layer [10], Head: 1

Layer [10], Head: 2

Layer [10], Head: 3

Layer [10], Head: 4

Layer [10], Head: 5

Layer [10], Head: 6

Layer [10], Head: 7

Layer [10], Head: 8

Layer [10], Head: 9

Layer [10], Head: 10

Layer [10], Head: 11

Layer [10], Head: 12

Layer [10], Head: 13

Layer [10], Head: 14

Layer [10], Head: 15

Layer [11], Head: 0

Layer [11], Head: 1

Layer [11], Head: 2

Layer [11], Head: 3

Layer [11], Head: 4

Layer [11], Head: 5

Layer [11], Head: 6

Layer [11], Head: 7

Layer [11], Head: 8

Layer [11], Head: 9

Layer [11], Head: 10

Layer [11], Head: 11

Layer [11], Head: 12

Layer [11], Head: 13

Layer [11], Head: 14

Layer [11], Head: 15

Layer [12], Head: 0

Layer [12], Head: 1

Layer [12], Head: 2

Layer [12], Head: 3

Layer [12], Head: 4

Layer [12], Head: 5

Layer [12], Head: 6

Layer [12], Head: 7

Layer [12], Head: 8

Layer [12], Head: 9

Layer [12], Head: 10

Layer [12], Head: 11

Layer [12], Head: 12

Layer [12], Head: 13

Layer [12], Head: 14

Layer [12], Head: 15

Layer [13], Head: 0

Layer [13], Head: 1

Layer [13], Head: 2

Layer [13], Head: 3

Layer [13], Head: 4

Layer [13], Head: 5

Layer [13], Head: 6

Layer [13], Head: 7

Layer [13], Head: 8

Layer [13], Head: 9

Layer [13], Head: 10

Layer [13], Head: 11

Layer [13], Head: 12

Layer [13], Head: 13

Layer [13], Head: 14

Layer [13], Head: 15

Layer [14], Head: 0

Layer [14], Head: 1

Layer [14], Head: 2

Layer [14], Head: 3

Layer [14], Head: 4

Layer [14], Head: 5

Layer [14], Head: 6

Layer [14], Head: 7

Layer [14], Head: 8

Layer [14], Head: 9

Layer [14], Head: 10

Layer [14], Head: 11

Layer [14], Head: 12

Layer [14], Head: 13

Layer [14], Head: 14

Layer [14], Head: 15

Layer [15], Head: 0

Layer [15], Head: 1

Layer [15], Head: 2

Layer [15], Head: 3

Layer [15], Head: 4

Layer [15], Head: 5

Layer [15], Head: 6

Layer [15], Head: 7

Layer [15], Head: 8

Layer [15], Head: 9

Layer [15], Head: 10

Layer [15], Head: 11

Layer [15], Head: 12

Layer [15], Head: 13

Layer [15], Head: 14

Layer [15], Head: 15

Layer [16], Head: 0

Layer [16], Head: 1

Layer [16], Head: 2

Layer [16], Head: 3

Layer [16], Head: 4

Layer [16], Head: 5

Layer [16], Head: 6

Layer [16], Head: 7

Layer [16], Head: 8

Layer [16], Head: 9

Layer [16], Head: 10

Layer [16], Head: 11

Layer [16], Head: 12

Layer [16], Head: 13

Layer [16], Head: 14

Layer [16], Head: 15

Layer [17], Head: 0

Layer [17], Head: 1

Layer [17], Head: 2

Layer [17], Head: 3

Layer [17], Head: 4

Layer [17], Head: 5

Layer [17], Head: 6

Layer [17], Head: 7

Layer [17], Head: 8

Layer [17], Head: 9

Layer [17], Head: 10

Layer [17], Head: 11

Layer [17], Head: 12

Layer [17], Head: 13

Layer [17], Head: 14

Layer [17], Head: 15

Layer [18], Head: 0

Layer [18], Head: 1

Layer [18], Head: 2

Layer [18], Head: 3

Layer [18], Head: 4

Layer [18], Head: 5

Layer [18], Head: 6

Layer [18], Head: 7

Layer [18], Head: 8

Layer [18], Head: 9

Layer [18], Head: 10

Layer [18], Head: 11

Layer [18], Head: 12

Layer [18], Head: 13

Layer [18], Head: 14

Layer [18], Head: 15

Layer [19], Head: 0

Layer [19], Head: 1

Layer [19], Head: 2

Layer [19], Head: 3

Layer [19], Head: 4

Layer [19], Head: 5

Layer [19], Head: 6

Layer [19], Head: 7

Layer [19], Head: 8

Layer [19], Head: 9

Layer [19], Head: 10

Layer [19], Head: 11

Layer [19], Head: 12

Layer [19], Head: 13

Layer [19], Head: 14

Layer [19], Head: 15

Layer [20], Head: 0

Layer [20], Head: 1

Layer [20], Head: 2

Layer [20], Head: 3

Layer [20], Head: 4

Layer [20], Head: 5

Layer [20], Head: 6

Layer [20], Head: 7

Layer [20], Head: 8

Layer [20], Head: 9

Layer [20], Head: 10

Layer [20], Head: 11

Layer [20], Head: 12

Layer [20], Head: 13

Layer [20], Head: 14

Layer [20], Head: 15

Layer [21], Head: 0

Layer [21], Head: 1

Layer [21], Head: 2

Layer [21], Head: 3

Layer [21], Head: 4

Layer [21], Head: 5

Layer [21], Head: 6

Layer [21], Head: 7

Layer [21], Head: 8

Layer [21], Head: 9

Layer [21], Head: 10

Layer [21], Head: 11

Layer [21], Head: 12

Layer [21], Head: 13

Layer [21], Head: 14

Layer [21], Head: 15

Layer [22], Head: 0

Layer [22], Head: 1

Layer [22], Head: 2

Layer [22], Head: 3

Layer [22], Head: 4

Layer [22], Head: 5

Layer [22], Head: 6

Layer [22], Head: 7

Layer [22], Head: 8

Layer [22], Head: 9

Layer [22], Head: 10

Layer [22], Head: 11

Layer [22], Head: 12

Layer [22], Head: 13

Layer [22], Head: 14

Layer [22], Head: 15

Layer [23], Head: 0

Layer [23], Head: 1

Layer [23], Head: 2

Layer [23], Head: 3

Layer [23], Head: 4

Layer [23], Head: 5

Layer [23], Head: 6

Layer [23], Head: 7

Layer [23], Head: 8

Layer [23], Head: 9

Layer [23], Head: 10

Layer [23], Head: 11

Layer [23], Head: 12

Layer [23], Head: 13

Layer [23], Head: 14

Layer [23], Head: 15

Layer [24], Head: 0

Layer [24], Head: 1

Layer [24], Head: 2

Layer [24], Head: 3

Layer [24], Head: 4

Layer [24], Head: 5

Layer [24], Head: 6

Layer [24], Head: 7

Layer [24], Head: 8

Layer [24], Head: 9

Layer [24], Head: 10

Layer [24], Head: 11

Layer [24], Head: 12

Layer [24], Head: 13

Layer [24], Head: 14

Layer [24], Head: 15

Layer [25], Head: 0

Layer [25], Head: 1

Layer [25], Head: 2

Layer [25], Head: 3

Layer [25], Head: 4

Layer [25], Head: 5

Layer [25], Head: 6

Layer [25], Head: 7

Layer [25], Head: 8

Layer [25], Head: 9

Layer [25], Head: 10

Layer [25], Head: 11

Layer [25], Head: 12

Layer [25], Head: 13

Layer [25], Head: 14

Layer [25], Head: 15

Layer [26], Head: 0

Layer [26], Head: 1

Layer [26], Head: 2

Layer [26], Head: 3

Layer [26], Head: 4

Layer [26], Head: 5

Layer [26], Head: 6

Layer [26], Head: 7

Layer [26], Head: 8

Layer [26], Head: 9

Layer [26], Head: 10

Layer [26], Head: 11

Layer [26], Head: 12

Layer [26], Head: 13

Layer [26], Head: 14

Layer [26], Head: 15

Layer [27], Head: 0

Layer [27], Head: 1

Layer [27], Head: 2

Layer [27], Head: 3

Layer [27], Head: 4

Layer [27], Head: 5

Layer [27], Head: 6

Layer [27], Head: 7

Layer [27], Head: 8

Layer [27], Head: 9

Layer [27], Head: 10

Layer [27], Head: 11

Layer [27], Head: 12

Layer [27], Head: 13

Layer [27], Head: 14

Layer [27], Head: 15

Layer [28], Head: 0

Layer [28], Head: 1

Layer [28], Head: 2

Layer [28], Head: 3

Layer [28], Head: 4

Layer [28], Head: 5

Layer [28], Head: 6

Layer [28], Head: 7

Layer [28], Head: 8

Layer [28], Head: 9

Layer [28], Head: 10

Layer [28], Head: 11

Layer [28], Head: 12

Layer [28], Head: 13

Layer [28], Head: 14

Layer [28], Head: 15

Layer [29], Head: 0

Layer [29], Head: 1

Layer [29], Head: 2

Layer [29], Head: 3

Layer [29], Head: 4

Layer [29], Head: 5

Layer [29], Head: 6

Layer [29], Head: 7

Layer [29], Head: 8

Layer [29], Head: 9

Layer [29], Head: 10

Layer [29], Head: 11

Layer [29], Head: 12

Layer [29], Head: 13

Layer [29], Head: 14

Layer [29], Head: 15

Layer [30], Head: 0

Layer [30], Head: 1

Layer [30], Head: 2

Layer [30], Head: 3

Layer [30], Head: 4

Layer [30], Head: 5

Layer [30], Head: 6

Layer [30], Head: 7

Layer [30], Head: 8

Layer [30], Head: 9

Layer [30], Head: 10

Layer [30], Head: 11

Layer [30], Head: 12

Layer [30], Head: 13

Layer [30], Head: 14

Layer [30], Head: 15

Layer [31], Head: 0

Layer [31], Head: 1

Layer [31], Head: 2

Layer [31], Head: 3

Layer [31], Head: 4

Layer [31], Head: 5

Layer [31], Head: 6

Layer [31], Head: 7

Layer [31], Head: 8

Layer [31], Head: 9

Layer [31], Head: 10

Layer [31], Head: 11

Layer [31], Head: 12

Layer [31], Head: 13

Layer [31], Head: 14

Layer [31], Head: 15

Layer [0], Head: -1

Layer [1], Head: -1

Layer [2], Head: -1

Layer [3], Head: -1

Layer [4], Head: -1

Layer [5], Head: -1

Layer [6], Head: -1

Layer [7], Head: -1

Layer [8], Head: -1

Layer [9], Head: -1

Layer [10], Head: -1

Layer [11], Head: -1

Layer [12], Head: -1

Layer [13], Head: -1

Layer [14], Head: -1

Layer [15], Head: -1

Layer [16], Head: -1

Layer [17], Head: -1

Layer [18], Head: -1

Layer [19], Head: -1

Layer [20], Head: -1

Layer [21], Head: -1

Layer [22], Head: -1

Layer [23], Head: -1

Layer [24], Head: -1

Layer [25], Head: -1

Layer [26], Head: -1

Layer [27], Head: -1

Layer [28], Head: -1

Layer [29], Head: -1

Layer [30], Head: -1

Layer [31], Head: -1

Layer [32], Head: -1

Layer [-1], Head: -1
Accuracy (image->label / label->image) -- model(full): 91.34/93.94  PC: 91.29/93.94  text_self: 91.04/96.97  text_ref: 91.19/95.96  image_self: 91.14/95.96  image_ref: 90.99/93.94
Number of layers: 32
  [image_set] pool = imagenet (5000 images)

Layer [0], Head: 0

Layer [0], Head: 1

Layer [0], Head: 2

Layer [0], Head: 3

Layer [0], Head: 4

Layer [0], Head: 5

Layer [0], Head: 6

Layer [0], Head: 7

Layer [0], Head: 8

Layer [0], Head: 9

Layer [0], Head: 10

Layer [0], Head: 11

Layer [0], Head: 12

Layer [0], Head: 13

Layer [0], Head: 14

Layer [0], Head: 15

Layer [1], Head: 0

Layer [1], Head: 1

Layer [1], Head: 2

Layer [1], Head: 3

Layer [1], Head: 4

Layer [1], Head: 5

Layer [1], Head: 6

Layer [1], Head: 7

Layer [1], Head: 8

Layer [1], Head: 9

Layer [1], Head: 10

Layer [1], Head: 11

Layer [1], Head: 12

Layer [1], Head: 13

Layer [1], Head: 14

Layer [1], Head: 15

Layer [2], Head: 0

Layer [2], Head: 1

Layer [2], Head: 2

Layer [2], Head: 3

Layer [2], Head: 4

Layer [2], Head: 5

Layer [2], Head: 6

Layer [2], Head: 7

Layer [2], Head: 8

Layer [2], Head: 9

Layer [2], Head: 10

Layer [2], Head: 11

Layer [2], Head: 12

Layer [2], Head: 13

Layer [2], Head: 14

Layer [2], Head: 15

Layer [3], Head: 0

Layer [3], Head: 1

Layer [3], Head: 2

Layer [3], Head: 3

Layer [3], Head: 4

Layer [3], Head: 5

Layer [3], Head: 6

Layer [3], Head: 7

Layer [3], Head: 8

Layer [3], Head: 9

Layer [3], Head: 10

Layer [3], Head: 11

Layer [3], Head: 12

Layer [3], Head: 13

Layer [3], Head: 14

Layer [3], Head: 15

Layer [4], Head: 0

Layer [4], Head: 1

Layer [4], Head: 2

Layer [4], Head: 3

Layer [4], Head: 4

Layer [4], Head: 5

Layer [4], Head: 6

Layer [4], Head: 7

Layer [4], Head: 8

Layer [4], Head: 9

Layer [4], Head: 10

Layer [4], Head: 11

Layer [4], Head: 12

Layer [4], Head: 13

Layer [4], Head: 14

Layer [4], Head: 15

Layer [5], Head: 0

Layer [5], Head: 1

Layer [5], Head: 2

Layer [5], Head: 3

Layer [5], Head: 4

Layer [5], Head: 5

Layer [5], Head: 6

Layer [5], Head: 7

Layer [5], Head: 8

Layer [5], Head: 9

Layer [5], Head: 10

Layer [5], Head: 11

Layer [5], Head: 12

Layer [5], Head: 13

Layer [5], Head: 14

Layer [5], Head: 15

Layer [6], Head: 0

Layer [6], Head: 1

Layer [6], Head: 2

Layer [6], Head: 3

Layer [6], Head: 4

Layer [6], Head: 5

Layer [6], Head: 6

Layer [6], Head: 7

Layer [6], Head: 8

Layer [6], Head: 9

Layer [6], Head: 10

Layer [6], Head: 11

Layer [6], Head: 12

Layer [6], Head: 13

Layer [6], Head: 14

Layer [6], Head: 15

Layer [7], Head: 0

Layer [7], Head: 1

Layer [7], Head: 2

Layer [7], Head: 3

Layer [7], Head: 4

Layer [7], Head: 5

Layer [7], Head: 6

Layer [7], Head: 7

Layer [7], Head: 8

Layer [7], Head: 9

Layer [7], Head: 10

Layer [7], Head: 11

Layer [7], Head: 12

Layer [7], Head: 13

Layer [7], Head: 14

Layer [7], Head: 15

Layer [8], Head: 0

Layer [8], Head: 1

Layer [8], Head: 2

Layer [8], Head: 3

Layer [8], Head: 4

Layer [8], Head: 5

Layer [8], Head: 6

Layer [8], Head: 7

Layer [8], Head: 8

Layer [8], Head: 9

Layer [8], Head: 10

Layer [8], Head: 11

Layer [8], Head: 12

Layer [8], Head: 13

Layer [8], Head: 14

Layer [8], Head: 15

Layer [9], Head: 0

Layer [9], Head: 1

Layer [9], Head: 2

Layer [9], Head: 3

Layer [9], Head: 4

Layer [9], Head: 5

Layer [9], Head: 6

Layer [9], Head: 7

Layer [9], Head: 8

Layer [9], Head: 9

Layer [9], Head: 10

Layer [9], Head: 11

Layer [9], Head: 12

Layer [9], Head: 13

Layer [9], Head: 14

Layer [9], Head: 15

Layer [10], Head: 0

Layer [10], Head: 1

Layer [10], Head: 2

Layer [10], Head: 3

Layer [10], Head: 4

Layer [10], Head: 5

Layer [10], Head: 6

Layer [10], Head: 7

Layer [10], Head: 8

Layer [10], Head: 9

Layer [10], Head: 10

Layer [10], Head: 11

Layer [10], Head: 12

Layer [10], Head: 13

Layer [10], Head: 14

Layer [10], Head: 15

Layer [11], Head: 0

Layer [11], Head: 1

Layer [11], Head: 2

Layer [11], Head: 3

Layer [11], Head: 4

Layer [11], Head: 5

Layer [11], Head: 6

Layer [11], Head: 7

Layer [11], Head: 8

Layer [11], Head: 9

Layer [11], Head: 10

Layer [11], Head: 11

Layer [11], Head: 12

Layer [11], Head: 13

Layer [11], Head: 14

Layer [11], Head: 15

Layer [12], Head: 0

Layer [12], Head: 1

Layer [12], Head: 2

Layer [12], Head: 3

Layer [12], Head: 4

Layer [12], Head: 5

Layer [12], Head: 6

Layer [12], Head: 7

Layer [12], Head: 8

Layer [12], Head: 9

Layer [12], Head: 10

Layer [12], Head: 11

Layer [12], Head: 12

Layer [12], Head: 13

Layer [12], Head: 14

Layer [12], Head: 15

Layer [13], Head: 0

Layer [13], Head: 1

Layer [13], Head: 2

Layer [13], Head: 3

Layer [13], Head: 4

Layer [13], Head: 5

Layer [13], Head: 6

Layer [13], Head: 7

Layer [13], Head: 8

Layer [13], Head: 9

Layer [13], Head: 10

Layer [13], Head: 11

Layer [13], Head: 12

Layer [13], Head: 13

Layer [13], Head: 14

Layer [13], Head: 15

Layer [14], Head: 0

Layer [14], Head: 1

Layer [14], Head: 2

Layer [14], Head: 3

Layer [14], Head: 4

Layer [14], Head: 5

Layer [14], Head: 6

Layer [14], Head: 7

Layer [14], Head: 8

Layer [14], Head: 9

Layer [14], Head: 10

Layer [14], Head: 11

Layer [14], Head: 12

Layer [14], Head: 13

Layer [14], Head: 14

Layer [14], Head: 15

Layer [15], Head: 0

Layer [15], Head: 1

Layer [15], Head: 2

Layer [15], Head: 3

Layer [15], Head: 4

Layer [15], Head: 5

Layer [15], Head: 6

Layer [15], Head: 7

Layer [15], Head: 8

Layer [15], Head: 9

Layer [15], Head: 10

Layer [15], Head: 11

Layer [15], Head: 12

Layer [15], Head: 13

Layer [15], Head: 14

Layer [15], Head: 15

Layer [16], Head: 0

Layer [16], Head: 1

Layer [16], Head: 2

Layer [16], Head: 3

Layer [16], Head: 4

Layer [16], Head: 5

Layer [16], Head: 6

Layer [16], Head: 7

Layer [16], Head: 8

Layer [16], Head: 9

Layer [16], Head: 10

Layer [16], Head: 11

Layer [16], Head: 12

Layer [16], Head: 13

Layer [16], Head: 14

Layer [16], Head: 15

Layer [17], Head: 0

Layer [17], Head: 1

Layer [17], Head: 2

Layer [17], Head: 3

Layer [17], Head: 4

Layer [17], Head: 5

Layer [17], Head: 6

Layer [17], Head: 7

Layer [17], Head: 8

Layer [17], Head: 9

Layer [17], Head: 10

Layer [17], Head: 11

Layer [17], Head: 12

Layer [17], Head: 13

Layer [17], Head: 14

Layer [17], Head: 15

Layer [18], Head: 0

Layer [18], Head: 1

Layer [18], Head: 2

Layer [18], Head: 3

Layer [18], Head: 4

Layer [18], Head: 5

Layer [18], Head: 6

Layer [18], Head: 7

Layer [18], Head: 8

Layer [18], Head: 9

Layer [18], Head: 10

Layer [18], Head: 11

Layer [18], Head: 12

Layer [18], Head: 13

Layer [18], Head: 14

Layer [18], Head: 15

Layer [19], Head: 0

Layer [19], Head: 1

Layer [19], Head: 2

Layer [19], Head: 3

Layer [19], Head: 4

Layer [19], Head: 5

Layer [19], Head: 6

Layer [19], Head: 7

Layer [19], Head: 8

Layer [19], Head: 9

Layer [19], Head: 10

Layer [19], Head: 11

Layer [19], Head: 12

Layer [19], Head: 13

Layer [19], Head: 14

Layer [19], Head: 15

Layer [20], Head: 0

Layer [20], Head: 1

Layer [20], Head: 2

Layer [20], Head: 3

Layer [20], Head: 4

Layer [20], Head: 5

Layer [20], Head: 6

Layer [20], Head: 7

Layer [20], Head: 8

Layer [20], Head: 9

Layer [20], Head: 10

Layer [20], Head: 11

Layer [20], Head: 12

Layer [20], Head: 13

Layer [20], Head: 14

Layer [20], Head: 15

Layer [21], Head: 0

Layer [21], Head: 1

Layer [21], Head: 2

Layer [21], Head: 3

Layer [21], Head: 4

Layer [21], Head: 5

Layer [21], Head: 6

Layer [21], Head: 7

Layer [21], Head: 8

Layer [21], Head: 9

Layer [21], Head: 10

Layer [21], Head: 11

Layer [21], Head: 12

Layer [21], Head: 13

Layer [21], Head: 14

Layer [21], Head: 15

Layer [22], Head: 0

Layer [22], Head: 1

Layer [22], Head: 2

Layer [22], Head: 3

Layer [22], Head: 4

Layer [22], Head: 5

Layer [22], Head: 6

Layer [22], Head: 7

Layer [22], Head: 8

Layer [22], Head: 9

Layer [22], Head: 10

Layer [22], Head: 11

Layer [22], Head: 12

Layer [22], Head: 13

Layer [22], Head: 14

Layer [22], Head: 15

Layer [23], Head: 0

Layer [23], Head: 1

Layer [23], Head: 2

Layer [23], Head: 3

Layer [23], Head: 4

Layer [23], Head: 5

Layer [23], Head: 6

Layer [23], Head: 7

Layer [23], Head: 8

Layer [23], Head: 9

Layer [23], Head: 10

Layer [23], Head: 11

Layer [23], Head: 12

Layer [23], Head: 13

Layer [23], Head: 14

Layer [23], Head: 15

Layer [24], Head: 0

Layer [24], Head: 1

Layer [24], Head: 2

Layer [24], Head: 3

Layer [24], Head: 4

Layer [24], Head: 5

Layer [24], Head: 6

Layer [24], Head: 7

Layer [24], Head: 8

Layer [24], Head: 9

Layer [24], Head: 10

Layer [24], Head: 11

Layer [24], Head: 12

Layer [24], Head: 13

Layer [24], Head: 14

Layer [24], Head: 15

Layer [25], Head: 0

Layer [25], Head: 1

Layer [25], Head: 2

Layer [25], Head: 3

Layer [25], Head: 4

Layer [25], Head: 5

Layer [25], Head: 6

Layer [25], Head: 7

Layer [25], Head: 8

Layer [25], Head: 9

Layer [25], Head: 10

Layer [25], Head: 11

Layer [25], Head: 12

Layer [25], Head: 13

Layer [25], Head: 14

Layer [25], Head: 15

Layer [26], Head: 0

Layer [26], Head: 1

Layer [26], Head: 2

Layer [26], Head: 3

Layer [26], Head: 4

Layer [26], Head: 5

Layer [26], Head: 6

Layer [26], Head: 7

Layer [26], Head: 8

Layer [26], Head: 9

Layer [26], Head: 10

Layer [26], Head: 11

Layer [26], Head: 12

Layer [26], Head: 13

Layer [26], Head: 14

Layer [26], Head: 15

Layer [27], Head: 0

Layer [27], Head: 1

Layer [27], Head: 2

Layer [27], Head: 3

Layer [27], Head: 4

Layer [27], Head: 5

Layer [27], Head: 6

Layer [27], Head: 7

Layer [27], Head: 8

Layer [27], Head: 9

Layer [27], Head: 10

Layer [27], Head: 11

Layer [27], Head: 12

Layer [27], Head: 13

Layer [27], Head: 14

Layer [27], Head: 15

Layer [28], Head: 0

Layer [28], Head: 1

Layer [28], Head: 2

Layer [28], Head: 3

Layer [28], Head: 4

Layer [28], Head: 5

Layer [28], Head: 6

Layer [28], Head: 7

Layer [28], Head: 8

Layer [28], Head: 9

Layer [28], Head: 10

Layer [28], Head: 11

Layer [28], Head: 12

Layer [28], Head: 13

Layer [28], Head: 14

Layer [28], Head: 15

Layer [29], Head: 0

Layer [29], Head: 1

Layer [29], Head: 2

Layer [29], Head: 3

Layer [29], Head: 4

Layer [29], Head: 5

Layer [29], Head: 6

Layer [29], Head: 7

Layer [29], Head: 8

Layer [29], Head: 9

Layer [29], Head: 10

Layer [29], Head: 11

Layer [29], Head: 12

Layer [29], Head: 13

Layer [29], Head: 14

Layer [29], Head: 15

Layer [30], Head: 0

Layer [30], Head: 1

Layer [30], Head: 2

Layer [30], Head: 3

Layer [30], Head: 4

Layer [30], Head: 5

Layer [30], Head: 6

Layer [30], Head: 7

Layer [30], Head: 8

Layer [30], Head: 9

Layer [30], Head: 10

Layer [30], Head: 11

Layer [30], Head: 12

Layer [30], Head: 13

Layer [30], Head: 14

Layer [30], Head: 15

Layer [31], Head: 0

Layer [31], Head: 1

Layer [31], Head: 2

Layer [31], Head: 3

Layer [31], Head: 4

Layer [31], Head: 5

Layer [31], Head: 6

Layer [31], Head: 7

Layer [31], Head: 8

Layer [31], Head: 9

Layer [31], Head: 10

Layer [31], Head: 11

Layer [31], Head: 12

Layer [31], Head: 13

Layer [31], Head: 14

Layer [31], Head: 15

Layer [0], Head: -1

Layer [1], Head: -1

Layer [2], Head: -1

Layer [3], Head: -1

Layer [4], Head: -1

Layer [5], Head: -1

Layer [6], Head: -1

Layer [7], Head: -1

Layer [8], Head: -1

Layer [9], Head: -1

Layer [10], Head: -1

Layer [11], Head: -1

Layer [12], Head: -1

Layer [13], Head: -1

Layer [14], Head: -1

Layer [15], Head: -1

Layer [16], Head: -1

Layer [17], Head: -1

Layer [18], Head: -1

Layer [19], Head: -1

Layer [20], Head: -1

Layer [21], Head: -1

Layer [22], Head: -1

Layer [23], Head: -1

Layer [24], Head: -1

Layer [25], Head: -1

Layer [26], Head: -1

Layer [27], Head: -1

Layer [28], Head: -1

Layer [29], Head: -1

Layer [30], Head: -1

Layer [31], Head: -1

Layer [32], Head: -1

Layer [-1], Head: -1
Accuracy (image->label / label->image) -- model(full): 60.60/71.43  PC: 60.40/71.43  text_self: 60.43/85.71  text_ref: 60.37/71.43  image_self: 60.37/71.43  image_ref: 60.60/85.71
Number of layers: 32
  [image_set] pool = imagenet (5000 images)

Layer [0], Head: 0

Layer [0], Head: 1

Layer [0], Head: 2

Layer [0], Head: 3

Layer [0], Head: 4

Layer [0], Head: 5

Layer [0], Head: 6

Layer [0], Head: 7

Layer [0], Head: 8

Layer [0], Head: 9

Layer [0], Head: 10

Layer [0], Head: 11

Layer [0], Head: 12

Layer [0], Head: 13

Layer [0], Head: 14

Layer [0], Head: 15

Layer [1], Head: 0

Layer [1], Head: 1

Layer [1], Head: 2

Layer [1], Head: 3

Layer [1], Head: 4

Layer [1], Head: 5

Layer [1], Head: 6

Layer [1], Head: 7

Layer [1], Head: 8

Layer [1], Head: 9

Layer [1], Head: 10

Layer [1], Head: 11

Layer [1], Head: 12

Layer [1], Head: 13

Layer [1], Head: 14

Layer [1], Head: 15

Layer [2], Head: 0

Layer [2], Head: 1

Layer [2], Head: 2

Layer [2], Head: 3

Layer [2], Head: 4

Layer [2], Head: 5

Layer [2], Head: 6

Layer [2], Head: 7

Layer [2], Head: 8

Layer [2], Head: 9

Layer [2], Head: 10

Layer [2], Head: 11

Layer [2], Head: 12

Layer [2], Head: 13

Layer [2], Head: 14

Layer [2], Head: 15

Layer [3], Head: 0

Layer [3], Head: 1

Layer [3], Head: 2

Layer [3], Head: 3

Layer [3], Head: 4

Layer [3], Head: 5

Layer [3], Head: 6

Layer [3], Head: 7

Layer [3], Head: 8

Layer [3], Head: 9

Layer [3], Head: 10

Layer [3], Head: 11

Layer [3], Head: 12

Layer [3], Head: 13

Layer [3], Head: 14

Layer [3], Head: 15

Layer [4], Head: 0

Layer [4], Head: 1

Layer [4], Head: 2

Layer [4], Head: 3

Layer [4], Head: 4

Layer [4], Head: 5

Layer [4], Head: 6

Layer [4], Head: 7

Layer [4], Head: 8

Layer [4], Head: 9

Layer [4], Head: 10

Layer [4], Head: 11

Layer [4], Head: 12

Layer [4], Head: 13

Layer [4], Head: 14

Layer [4], Head: 15

Layer [5], Head: 0

Layer [5], Head: 1

Layer [5], Head: 2

Layer [5], Head: 3

Layer [5], Head: 4

Layer [5], Head: 5

Layer [5], Head: 6

Layer [5], Head: 7

Layer [5], Head: 8

Layer [5], Head: 9

Layer [5], Head: 10

Layer [5], Head: 11

Layer [5], Head: 12

Layer [5], Head: 13

Layer [5], Head: 14

Layer [5], Head: 15

Layer [6], Head: 0

Layer [6], Head: 1

Layer [6], Head: 2

Layer [6], Head: 3

Layer [6], Head: 4

Layer [6], Head: 5

Layer [6], Head: 6

Layer [6], Head: 7

Layer [6], Head: 8

Layer [6], Head: 9

Layer [6], Head: 10

Layer [6], Head: 11

Layer [6], Head: 12

Layer [6], Head: 13

Layer [6], Head: 14

Layer [6], Head: 15

Layer [7], Head: 0

Layer [7], Head: 1

Layer [7], Head: 2

Layer [7], Head: 3

Layer [7], Head: 4

Layer [7], Head: 5

Layer [7], Head: 6

Layer [7], Head: 7

Layer [7], Head: 8

Layer [7], Head: 9

Layer [7], Head: 10

Layer [7], Head: 11

Layer [7], Head: 12

Layer [7], Head: 13

Layer [7], Head: 14

Layer [7], Head: 15

Layer [8], Head: 0

Layer [8], Head: 1

Layer [8], Head: 2

Layer [8], Head: 3

Layer [8], Head: 4

Layer [8], Head: 5

Layer [8], Head: 6

Layer [8], Head: 7

Layer [8], Head: 8

Layer [8], Head: 9

Layer [8], Head: 10

Layer [8], Head: 11

Layer [8], Head: 12

Layer [8], Head: 13

Layer [8], Head: 14

Layer [8], Head: 15

Layer [9], Head: 0

Layer [9], Head: 1

Layer [9], Head: 2

Layer [9], Head: 3

Layer [9], Head: 4

Layer [9], Head: 5

Layer [9], Head: 6

Layer [9], Head: 7

Layer [9], Head: 8

Layer [9], Head: 9

Layer [9], Head: 10

Layer [9], Head: 11

Layer [9], Head: 12

Layer [9], Head: 13

Layer [9], Head: 14

Layer [9], Head: 15

Layer [10], Head: 0

Layer [10], Head: 1

Layer [10], Head: 2

Layer [10], Head: 3

Layer [10], Head: 4

Layer [10], Head: 5

Layer [10], Head: 6

Layer [10], Head: 7

Layer [10], Head: 8

Layer [10], Head: 9

Layer [10], Head: 10

Layer [10], Head: 11

Layer [10], Head: 12

Layer [10], Head: 13

Layer [10], Head: 14

Layer [10], Head: 15

Layer [11], Head: 0

Layer [11], Head: 1

Layer [11], Head: 2

Layer [11], Head: 3

Layer [11], Head: 4

Layer [11], Head: 5

Layer [11], Head: 6

Layer [11], Head: 7

Layer [11], Head: 8

Layer [11], Head: 9

Layer [11], Head: 10

Layer [11], Head: 11

Layer [11], Head: 12

Layer [11], Head: 13

Layer [11], Head: 14

Layer [11], Head: 15

Layer [12], Head: 0

Layer [12], Head: 1

Layer [12], Head: 2

Layer [12], Head: 3

Layer [12], Head: 4

Layer [12], Head: 5

Layer [12], Head: 6

Layer [12], Head: 7

Layer [12], Head: 8

Layer [12], Head: 9

Layer [12], Head: 10

Layer [12], Head: 11

Layer [12], Head: 12

Layer [12], Head: 13

Layer [12], Head: 14

Layer [12], Head: 15

Layer [13], Head: 0

Layer [13], Head: 1

Layer [13], Head: 2

Layer [13], Head: 3

Layer [13], Head: 4

Layer [13], Head: 5

Layer [13], Head: 6

Layer [13], Head: 7

Layer [13], Head: 8

Layer [13], Head: 9

Layer [13], Head: 10

Layer [13], Head: 11

Layer [13], Head: 12

Layer [13], Head: 13

Layer [13], Head: 14

Layer [13], Head: 15

Layer [14], Head: 0

Layer [14], Head: 1

Layer [14], Head: 2

Layer [14], Head: 3

Layer [14], Head: 4

Layer [14], Head: 5

Layer [14], Head: 6

Layer [14], Head: 7

Layer [14], Head: 8

Layer [14], Head: 9

Layer [14], Head: 10

Layer [14], Head: 11

Layer [14], Head: 12

Layer [14], Head: 13

Layer [14], Head: 14

Layer [14], Head: 15

Layer [15], Head: 0

Layer [15], Head: 1

Layer [15], Head: 2

Layer [15], Head: 3

Layer [15], Head: 4

Layer [15], Head: 5

Layer [15], Head: 6

Layer [15], Head: 7

Layer [15], Head: 8

Layer [15], Head: 9

Layer [15], Head: 10

Layer [15], Head: 11

Layer [15], Head: 12

Layer [15], Head: 13

Layer [15], Head: 14

Layer [15], Head: 15

Layer [16], Head: 0

Layer [16], Head: 1

Layer [16], Head: 2

Layer [16], Head: 3

Layer [16], Head: 4

Layer [16], Head: 5

Layer [16], Head: 6

Layer [16], Head: 7

Layer [16], Head: 8

Layer [16], Head: 9

Layer [16], Head: 10

Layer [16], Head: 11

Layer [16], Head: 12

Layer [16], Head: 13

Layer [16], Head: 14

Layer [16], Head: 15

Layer [17], Head: 0

Layer [17], Head: 1

Layer [17], Head: 2

Layer [17], Head: 3

Layer [17], Head: 4

Layer [17], Head: 5

Layer [17], Head: 6

Layer [17], Head: 7

Layer [17], Head: 8

Layer [17], Head: 9

Layer [17], Head: 10

Layer [17], Head: 11

Layer [17], Head: 12

Layer [17], Head: 13

Layer [17], Head: 14

Layer [17], Head: 15

Layer [18], Head: 0

Layer [18], Head: 1

Layer [18], Head: 2

Layer [18], Head: 3

Layer [18], Head: 4

Layer [18], Head: 5

Layer [18], Head: 6

Layer [18], Head: 7

Layer [18], Head: 8

Layer [18], Head: 9

Layer [18], Head: 10

Layer [18], Head: 11

Layer [18], Head: 12

Layer [18], Head: 13

Layer [18], Head: 14

Layer [18], Head: 15

Layer [19], Head: 0

Layer [19], Head: 1

Layer [19], Head: 2

Layer [19], Head: 3

Layer [19], Head: 4

Layer [19], Head: 5

Layer [19], Head: 6

Layer [19], Head: 7

Layer [19], Head: 8

Layer [19], Head: 9

Layer [19], Head: 10

Layer [19], Head: 11

Layer [19], Head: 12

Layer [19], Head: 13

Layer [19], Head: 14

Layer [19], Head: 15

Layer [20], Head: 0

Layer [20], Head: 1

Layer [20], Head: 2

Layer [20], Head: 3

Layer [20], Head: 4

Layer [20], Head: 5

Layer [20], Head: 6

Layer [20], Head: 7

Layer [20], Head: 8

Layer [20], Head: 9

Layer [20], Head: 10

Layer [20], Head: 11

Layer [20], Head: 12

Layer [20], Head: 13

Layer [20], Head: 14

Layer [20], Head: 15

Layer [21], Head: 0

Layer [21], Head: 1

Layer [21], Head: 2

Layer [21], Head: 3

Layer [21], Head: 4

Layer [21], Head: 5

Layer [21], Head: 6

Layer [21], Head: 7

Layer [21], Head: 8

Layer [21], Head: 9

Layer [21], Head: 10

Layer [21], Head: 11

Layer [21], Head: 12

Layer [21], Head: 13

Layer [21], Head: 14

Layer [21], Head: 15

Layer [22], Head: 0

Layer [22], Head: 1

Layer [22], Head: 2

Layer [22], Head: 3

Layer [22], Head: 4

Layer [22], Head: 5

Layer [22], Head: 6

Layer [22], Head: 7

Layer [22], Head: 8

Layer [22], Head: 9

Layer [22], Head: 10

Layer [22], Head: 11

Layer [22], Head: 12

Layer [22], Head: 13

Layer [22], Head: 14

Layer [22], Head: 15

Layer [23], Head: 0

Layer [23], Head: 1

Layer [23], Head: 2

Layer [23], Head: 3

Layer [23], Head: 4

Layer [23], Head: 5

Layer [23], Head: 6

Layer [23], Head: 7

Layer [23], Head: 8

Layer [23], Head: 9

Layer [23], Head: 10

Layer [23], Head: 11

Layer [23], Head: 12

Layer [23], Head: 13

Layer [23], Head: 14

Layer [23], Head: 15

Layer [24], Head: 0

Layer [24], Head: 1

Layer [24], Head: 2

Layer [24], Head: 3

Layer [24], Head: 4

Layer [24], Head: 5

Layer [24], Head: 6

Layer [24], Head: 7

Layer [24], Head: 8

Layer [24], Head: 9

Layer [24], Head: 10

Layer [24], Head: 11

Layer [24], Head: 12

Layer [24], Head: 13

Layer [24], Head: 14

Layer [24], Head: 15

Layer [25], Head: 0

Layer [25], Head: 1

Layer [25], Head: 2

Layer [25], Head: 3

Layer [25], Head: 4

Layer [25], Head: 5

Layer [25], Head: 6

Layer [25], Head: 7

Layer [25], Head: 8

Layer [25], Head: 9

Layer [25], Head: 10

Layer [25], Head: 11

Layer [25], Head: 12

Layer [25], Head: 13

Layer [25], Head: 14

Layer [25], Head: 15

Layer [26], Head: 0

Layer [26], Head: 1

Layer [26], Head: 2

Layer [26], Head: 3

Layer [26], Head: 4

Layer [26], Head: 5

Layer [26], Head: 6

Layer [26], Head: 7

Layer [26], Head: 8

Layer [26], Head: 9

Layer [26], Head: 10

Layer [26], Head: 11

Layer [26], Head: 12

Layer [26], Head: 13

Layer [26], Head: 14

Layer [26], Head: 15

Layer [27], Head: 0

Layer [27], Head: 1

Layer [27], Head: 2

Layer [27], Head: 3

Layer [27], Head: 4

Layer [27], Head: 5

Layer [27], Head: 6

Layer [27], Head: 7

Layer [27], Head: 8

Layer [27], Head: 9

Layer [27], Head: 10

Layer [27], Head: 11

Layer [27], Head: 12

Layer [27], Head: 13

Layer [27], Head: 14

Layer [27], Head: 15

Layer [28], Head: 0

Layer [28], Head: 1

Layer [28], Head: 2

Layer [28], Head: 3

Layer [28], Head: 4

Layer [28], Head: 5

Layer [28], Head: 6

Layer [28], Head: 7

Layer [28], Head: 8

Layer [28], Head: 9

Layer [28], Head: 10

Layer [28], Head: 11

Layer [28], Head: 12

Layer [28], Head: 13

Layer [28], Head: 14

Layer [28], Head: 15

Layer [29], Head: 0

Layer [29], Head: 1

Layer [29], Head: 2

Layer [29], Head: 3

Layer [29], Head: 4

Layer [29], Head: 5

Layer [29], Head: 6

Layer [29], Head: 7

Layer [29], Head: 8

Layer [29], Head: 9

Layer [29], Head: 10

Layer [29], Head: 11

Layer [29], Head: 12

Layer [29], Head: 13

Layer [29], Head: 14

Layer [29], Head: 15

Layer [30], Head: 0

Layer [30], Head: 1

Layer [30], Head: 2

Layer [30], Head: 3

Layer [30], Head: 4

Layer [30], Head: 5

Layer [30], Head: 6

Layer [30], Head: 7

Layer [30], Head: 8

Layer [30], Head: 9

Layer [30], Head: 10

Layer [30], Head: 11

Layer [30], Head: 12

Layer [30], Head: 13

Layer [30], Head: 14

Layer [30], Head: 15

Layer [31], Head: 0

Layer [31], Head: 1

Layer [31], Head: 2

Layer [31], Head: 3

Layer [31], Head: 4

Layer [31], Head: 5

Layer [31], Head: 6

Layer [31], Head: 7

Layer [31], Head: 8

Layer [31], Head: 9

Layer [31], Head: 10

Layer [31], Head: 11

Layer [31], Head: 12

Layer [31], Head: 13

Layer [31], Head: 14

Layer [31], Head: 15

Layer [0], Head: -1

Layer [1], Head: -1

Layer [2], Head: -1

Layer [3], Head: -1

Layer [4], Head: -1

Layer [5], Head: -1

Layer [6], Head: -1

Layer [7], Head: -1

Layer [8], Head: -1

Layer [9], Head: -1

Layer [10], Head: -1

Layer [11], Head: -1

Layer [12], Head: -1

Layer [13], Head: -1

Layer [14], Head: -1

Layer [15], Head: -1

Layer [16], Head: -1

Layer [17], Head: -1

Layer [18], Head: -1

Layer [19], Head: -1

Layer [20], Head: -1

Layer [21], Head: -1

Layer [22], Head: -1

Layer [23], Head: -1

Layer [24], Head: -1

Layer [25], Head: -1

Layer [26], Head: -1

Layer [27], Head: -1

Layer [28], Head: -1

Layer [29], Head: -1

Layer [30], Head: -1

Layer [31], Head: -1

Layer [32], Head: -1

Layer [-1], Head: -1
Accuracy (image->label / label->image) -- model(full): 77.28/82.70  PC: 77.36/82.30  text_self: 77.04/83.10  text_ref: 77.20/82.30  image_self: 76.92/81.50  image_ref: 76.92/81.50
Number of text layers: 24, heads: 16
Evaluating against target images: CIFAR100 (2000 images, 100 classes)
Probe modality: text (14686 probes, dim 1024)
  [image_set] pool = imagenet (5000 images)

Layer [0], Head: 0

Layer [0], Head: 1

Layer [0], Head: 2

Layer [0], Head: 3

Layer [0], Head: 4

Layer [0], Head: 5

Layer [0], Head: 6

Layer [0], Head: 7

Layer [0], Head: 8

Layer [0], Head: 9

Layer [0], Head: 10

Layer [0], Head: 11

Layer [0], Head: 12

Layer [0], Head: 13

Layer [0], Head: 14

Layer [0], Head: 15

Layer [1], Head: 0

Layer [1], Head: 1

Layer [1], Head: 2

Layer [1], Head: 3

Layer [1], Head: 4

Layer [1], Head: 5

Layer [1], Head: 6

Layer [1], Head: 7

Layer [1], Head: 8

Layer [1], Head: 9

Layer [1], Head: 10

Layer [1], Head: 11

Layer [1], Head: 12

Layer [1], Head: 13

Layer [1], Head: 14

Layer [1], Head: 15

Layer [2], Head: 0

Layer [2], Head: 1

Layer [2], Head: 2

Layer [2], Head: 3

Layer [2], Head: 4

Layer [2], Head: 5

Layer [2], Head: 6

Layer [2], Head: 7

Layer [2], Head: 8

Layer [2], Head: 9

Layer [2], Head: 10

Layer [2], Head: 11

Layer [2], Head: 12

Layer [2], Head: 13

Layer [2], Head: 14

Layer [2], Head: 15

Layer [3], Head: 0

Layer [3], Head: 1

Layer [3], Head: 2

Layer [3], Head: 3

Layer [3], Head: 4

Layer [3], Head: 5

Layer [3], Head: 6

Layer [3], Head: 7

Layer [3], Head: 8

Layer [3], Head: 9

Layer [3], Head: 10

Layer [3], Head: 11

Layer [3], Head: 12

Layer [3], Head: 13

Layer [3], Head: 14

Layer [3], Head: 15

Layer [4], Head: 0

Layer [4], Head: 1

Layer [4], Head: 2

Layer [4], Head: 3

Layer [4], Head: 4

Layer [4], Head: 5

Layer [4], Head: 6

Layer [4], Head: 7

Layer [4], Head: 8

Layer [4], Head: 9

Layer [4], Head: 10

Layer [4], Head: 11

Layer [4], Head: 12

Layer [4], Head: 13

Layer [4], Head: 14

Layer [4], Head: 15

Layer [5], Head: 0

Layer [5], Head: 1

Layer [5], Head: 2

Layer [5], Head: 3

Layer [5], Head: 4

Layer [5], Head: 5

Layer [5], Head: 6

Layer [5], Head: 7

Layer [5], Head: 8

Layer [5], Head: 9

Layer [5], Head: 10

Layer [5], Head: 11

Layer [5], Head: 12

Layer [5], Head: 13

Layer [5], Head: 14

Layer [5], Head: 15

Layer [6], Head: 0

Layer [6], Head: 1

Layer [6], Head: 2

Layer [6], Head: 3

Layer [6], Head: 4

Layer [6], Head: 5

Layer [6], Head: 6

Layer [6], Head: 7

Layer [6], Head: 8

Layer [6], Head: 9

Layer [6], Head: 10

Layer [6], Head: 11

Layer [6], Head: 12

Layer [6], Head: 13

Layer [6], Head: 14

Layer [6], Head: 15

Layer [7], Head: 0

Layer [7], Head: 1

Layer [7], Head: 2

Layer [7], Head: 3

Layer [7], Head: 4

Layer [7], Head: 5

Layer [7], Head: 6

Layer [7], Head: 7

Layer [7], Head: 8

Layer [7], Head: 9

Layer [7], Head: 10

Layer [7], Head: 11

Layer [7], Head: 12

Layer [7], Head: 13

Layer [7], Head: 14

Layer [7], Head: 15

Layer [8], Head: 0

Layer [8], Head: 1

Layer [8], Head: 2

Layer [8], Head: 3

Layer [8], Head: 4

Layer [8], Head: 5

Layer [8], Head: 6

Layer [8], Head: 7

Layer [8], Head: 8

Layer [8], Head: 9

Layer [8], Head: 10

Layer [8], Head: 11

Layer [8], Head: 12

Layer [8], Head: 13

Layer [8], Head: 14

Layer [8], Head: 15

Layer [9], Head: 0

Layer [9], Head: 1

Layer [9], Head: 2

Layer [9], Head: 3

Layer [9], Head: 4

Layer [9], Head: 5

Layer [9], Head: 6

Layer [9], Head: 7

Layer [9], Head: 8

Layer [9], Head: 9

Layer [9], Head: 10

Layer [9], Head: 11

Layer [9], Head: 12

Layer [9], Head: 13

Layer [9], Head: 14

Layer [9], Head: 15

Layer [10], Head: 0

Layer [10], Head: 1

Layer [10], Head: 2

Layer [10], Head: 3

Layer [10], Head: 4

Layer [10], Head: 5

Layer [10], Head: 6

Layer [10], Head: 7

Layer [10], Head: 8

Layer [10], Head: 9

Layer [10], Head: 10

Layer [10], Head: 11

Layer [10], Head: 12

Layer [10], Head: 13

Layer [10], Head: 14

Layer [10], Head: 15

Layer [11], Head: 0

Layer [11], Head: 1

Layer [11], Head: 2

Layer [11], Head: 3

Layer [11], Head: 4

Layer [11], Head: 5

Layer [11], Head: 6

Layer [11], Head: 7

Layer [11], Head: 8

Layer [11], Head: 9

Layer [11], Head: 10

Layer [11], Head: 11

Layer [11], Head: 12

Layer [11], Head: 13

Layer [11], Head: 14

Layer [11], Head: 15

Layer [12], Head: 0

Layer [12], Head: 1

Layer [12], Head: 2

Layer [12], Head: 3

Layer [12], Head: 4

Layer [12], Head: 5

Layer [12], Head: 6

Layer [12], Head: 7

Layer [12], Head: 8

Layer [12], Head: 9

Layer [12], Head: 10

Layer [12], Head: 11

Layer [12], Head: 12

Layer [12], Head: 13

Layer [12], Head: 14

Layer [12], Head: 15

Layer [13], Head: 0

Layer [13], Head: 1

Layer [13], Head: 2

Layer [13], Head: 3

Layer [13], Head: 4

Layer [13], Head: 5

Layer [13], Head: 6

Layer [13], Head: 7

Layer [13], Head: 8

Layer [13], Head: 9

Layer [13], Head: 10

Layer [13], Head: 11

Layer [13], Head: 12

Layer [13], Head: 13

Layer [13], Head: 14

Layer [13], Head: 15

Layer [14], Head: 0

Layer [14], Head: 1

Layer [14], Head: 2

Layer [14], Head: 3

Layer [14], Head: 4

Layer [14], Head: 5

Layer [14], Head: 6

Layer [14], Head: 7

Layer [14], Head: 8

Layer [14], Head: 9

Layer [14], Head: 10

Layer [14], Head: 11

Layer [14], Head: 12

Layer [14], Head: 13

Layer [14], Head: 14

Layer [14], Head: 15

Layer [15], Head: 0

Layer [15], Head: 1

Layer [15], Head: 2

Layer [15], Head: 3

Layer [15], Head: 4

Layer [15], Head: 5

Layer [15], Head: 6

Layer [15], Head: 7

Layer [15], Head: 8

Layer [15], Head: 9

Layer [15], Head: 10

Layer [15], Head: 11

Layer [15], Head: 12

Layer [15], Head: 13

Layer [15], Head: 14

Layer [15], Head: 15

Layer [16], Head: 0

Layer [16], Head: 1

Layer [16], Head: 2

Layer [16], Head: 3

Layer [16], Head: 4

Layer [16], Head: 5

Layer [16], Head: 6

Layer [16], Head: 7

Layer [16], Head: 8

Layer [16], Head: 9

Layer [16], Head: 10

Layer [16], Head: 11

Layer [16], Head: 12

Layer [16], Head: 13

Layer [16], Head: 14

Layer [16], Head: 15

Layer [17], Head: 0

Layer [17], Head: 1

Layer [17], Head: 2

Layer [17], Head: 3

Layer [17], Head: 4

Layer [17], Head: 5

Layer [17], Head: 6

Layer [17], Head: 7

Layer [17], Head: 8

Layer [17], Head: 9

Layer [17], Head: 10

Layer [17], Head: 11

Layer [17], Head: 12

Layer [17], Head: 13

Layer [17], Head: 14

Layer [17], Head: 15

Layer [18], Head: 0

Layer [18], Head: 1

Layer [18], Head: 2

Layer [18], Head: 3

Layer [18], Head: 4

Layer [18], Head: 5

Layer [18], Head: 6

Layer [18], Head: 7

Layer [18], Head: 8

Layer [18], Head: 9

Layer [18], Head: 10

Layer [18], Head: 11

Layer [18], Head: 12

Layer [18], Head: 13

Layer [18], Head: 14

Layer [18], Head: 15

Layer [19], Head: 0

Layer [19], Head: 1

Layer [19], Head: 2

Layer [19], Head: 3

Layer [19], Head: 4

Layer [19], Head: 5

Layer [19], Head: 6

Layer [19], Head: 7

Layer [19], Head: 8

Layer [19], Head: 9

Layer [19], Head: 10

Layer [19], Head: 11

Layer [19], Head: 12

Layer [19], Head: 13

Layer [19], Head: 14

Layer [19], Head: 15

Layer [20], Head: 0

Layer [20], Head: 1

Layer [20], Head: 2

Layer [20], Head: 3

Layer [20], Head: 4

Layer [20], Head: 5

Layer [20], Head: 6

Layer [20], Head: 7

Layer [20], Head: 8

Layer [20], Head: 9

Layer [20], Head: 10

Layer [20], Head: 11

Layer [20], Head: 12

Layer [20], Head: 13

Layer [20], Head: 14

Layer [20], Head: 15

Layer [21], Head: 0

Layer [21], Head: 1

Layer [21], Head: 2

Layer [21], Head: 3

Layer [21], Head: 4

Layer [21], Head: 5

Layer [21], Head: 6

Layer [21], Head: 7

Layer [21], Head: 8

Layer [21], Head: 9

Layer [21], Head: 10

Layer [21], Head: 11

Layer [21], Head: 12

Layer [21], Head: 13

Layer [21], Head: 14

Layer [21], Head: 15

Layer [22], Head: 0

Layer [22], Head: 1

Layer [22], Head: 2

Layer [22], Head: 3

Layer [22], Head: 4

Layer [22], Head: 5

Layer [22], Head: 6

Layer [22], Head: 7

Layer [22], Head: 8

Layer [22], Head: 9

Layer [22], Head: 10

Layer [22], Head: 11

Layer [22], Head: 12

Layer [22], Head: 13

Layer [22], Head: 14

Layer [22], Head: 15

Layer [23], Head: 0

Layer [23], Head: 1

Layer [23], Head: 2

Layer [23], Head: 3

Layer [23], Head: 4

Layer [23], Head: 5

Layer [23], Head: 6

Layer [23], Head: 7

Layer [23], Head: 8

Layer [23], Head: 9

Layer [23], Head: 10

Layer [23], Head: 11

Layer [23], Head: 12

Layer [23], Head: 13

Layer [23], Head: 14

Layer [23], Head: 15

Layer [0], Head: -1

Layer [1], Head: -1

Layer [2], Head: -1

Layer [3], Head: -1

Layer [4], Head: -1

Layer [5], Head: -1

Layer [6], Head: -1

Layer [7], Head: -1

Layer [8], Head: -1

Layer [9], Head: -1

Layer [10], Head: -1

Layer [11], Head: -1

Layer [12], Head: -1

Layer [13], Head: -1

Layer [14], Head: -1

Layer [15], Head: -1

Layer [16], Head: -1

Layer [17], Head: -1

Layer [18], Head: -1

Layer [19], Head: -1

Layer [20], Head: -1

Layer [21], Head: -1

Layer [22], Head: -1

Layer [23], Head: -1

Layer [24], Head: -1

Layer [-1], Head: -1
Accuracy (image->label / label->image) -- model(full): 74.25/94.00  PC: 74.00/94.00  text_self: 75.75/92.00  text_ref: 74.25/94.00  image_self: 72.65/93.00  image_ref: 74.50/94.00
Wrote /home/virgilio/contrastive_learning/PCLens-spectral-explainability-in-CLIP-ViT-encoder/output_dir/activations_and_datasets_idxs_69/svd_data_approx_var99/CIFAR100_classnames_ViT-H-14_all_text.jsonl
Number of text layers: 24, heads: 16
Evaluating against target images: binary_waterbirds (2000 images, 2 classes)
Probe modality: text (14686 probes, dim 1024)
  [image_set] pool = imagenet (5000 images)

Layer [0], Head: 0

Layer [0], Head: 1

Layer [0], Head: 2

Layer [0], Head: 3

Layer [0], Head: 4

Layer [0], Head: 5

Layer [0], Head: 6

Layer [0], Head: 7

Layer [0], Head: 8

Layer [0], Head: 9

Layer [0], Head: 10

Layer [0], Head: 11

Layer [0], Head: 12

Layer [0], Head: 13

Layer [0], Head: 14

Layer [0], Head: 15

Layer [1], Head: 0

Layer [1], Head: 1

Layer [1], Head: 2

Layer [1], Head: 3

Layer [1], Head: 4

Layer [1], Head: 5

Layer [1], Head: 6

Layer [1], Head: 7

Layer [1], Head: 8

Layer [1], Head: 9

Layer [1], Head: 10

Layer [1], Head: 11

Layer [1], Head: 12

Layer [1], Head: 13

Layer [1], Head: 14

Layer [1], Head: 15

Layer [2], Head: 0

Layer [2], Head: 1

Layer [2], Head: 2

Layer [2], Head: 3

Layer [2], Head: 4

Layer [2], Head: 5

Layer [2], Head: 6

Layer [2], Head: 7

Layer [2], Head: 8

Layer [2], Head: 9

Layer [2], Head: 10

Layer [2], Head: 11

Layer [2], Head: 12

Layer [2], Head: 13

Layer [2], Head: 14

Layer [2], Head: 15

Layer [3], Head: 0

Layer [3], Head: 1

Layer [3], Head: 2

Layer [3], Head: 3

Layer [3], Head: 4

Layer [3], Head: 5

Layer [3], Head: 6

Layer [3], Head: 7

Layer [3], Head: 8

Layer [3], Head: 9

Layer [3], Head: 10

Layer [3], Head: 11

Layer [3], Head: 12

Layer [3], Head: 13

Layer [3], Head: 14

Layer [3], Head: 15

Layer [4], Head: 0

Layer [4], Head: 1

Layer [4], Head: 2

Layer [4], Head: 3

Layer [4], Head: 4

Layer [4], Head: 5

Layer [4], Head: 6

Layer [4], Head: 7

Layer [4], Head: 8

Layer [4], Head: 9

Layer [4], Head: 10

Layer [4], Head: 11

Layer [4], Head: 12

Layer [4], Head: 13

Layer [4], Head: 14

Layer [4], Head: 15

Layer [5], Head: 0

Layer [5], Head: 1

Layer [5], Head: 2

Layer [5], Head: 3

Layer [5], Head: 4

Layer [5], Head: 5

Layer [5], Head: 6

Layer [5], Head: 7

Layer [5], Head: 8

Layer [5], Head: 9

Layer [5], Head: 10

Layer [5], Head: 11

Layer [5], Head: 12

Layer [5], Head: 13

Layer [5], Head: 14

Layer [5], Head: 15

Layer [6], Head: 0

Layer [6], Head: 1

Layer [6], Head: 2

Layer [6], Head: 3

Layer [6], Head: 4

Layer [6], Head: 5

Layer [6], Head: 6

Layer [6], Head: 7

Layer [6], Head: 8

Layer [6], Head: 9

Layer [6], Head: 10

Layer [6], Head: 11

Layer [6], Head: 12

Layer [6], Head: 13

Layer [6], Head: 14

Layer [6], Head: 15

Layer [7], Head: 0

Layer [7], Head: 1

Layer [7], Head: 2

Layer [7], Head: 3

Layer [7], Head: 4

Layer [7], Head: 5

Layer [7], Head: 6

Layer [7], Head: 7

Layer [7], Head: 8

Layer [7], Head: 9

Layer [7], Head: 10

Layer [7], Head: 11

Layer [7], Head: 12

Layer [7], Head: 13

Layer [7], Head: 14

Layer [7], Head: 15

Layer [8], Head: 0

Layer [8], Head: 1

Layer [8], Head: 2

Layer [8], Head: 3

Layer [8], Head: 4

Layer [8], Head: 5

Layer [8], Head: 6

Layer [8], Head: 7

Layer [8], Head: 8

Layer [8], Head: 9

Layer [8], Head: 10

Layer [8], Head: 11

Layer [8], Head: 12

Layer [8], Head: 13

Layer [8], Head: 14

Layer [8], Head: 15

Layer [9], Head: 0

Layer [9], Head: 1

Layer [9], Head: 2

Layer [9], Head: 3

Layer [9], Head: 4

Layer [9], Head: 5

Layer [9], Head: 6

Layer [9], Head: 7

Layer [9], Head: 8

Layer [9], Head: 9

Layer [9], Head: 10

Layer [9], Head: 11

Layer [9], Head: 12

Layer [9], Head: 13

Layer [9], Head: 14

Layer [9], Head: 15

Layer [10], Head: 0

Layer [10], Head: 1

Layer [10], Head: 2

Layer [10], Head: 3

Layer [10], Head: 4

Layer [10], Head: 5

Layer [10], Head: 6

Layer [10], Head: 7

Layer [10], Head: 8

Layer [10], Head: 9

Layer [10], Head: 10

Layer [10], Head: 11

Layer [10], Head: 12

Layer [10], Head: 13

Layer [10], Head: 14

Layer [10], Head: 15

Layer [11], Head: 0

Layer [11], Head: 1

Layer [11], Head: 2

Layer [11], Head: 3

Layer [11], Head: 4

Layer [11], Head: 5

Layer [11], Head: 6

Layer [11], Head: 7

Layer [11], Head: 8

Layer [11], Head: 9

Layer [11], Head: 10

Layer [11], Head: 11

Layer [11], Head: 12

Layer [11], Head: 13

Layer [11], Head: 14

Layer [11], Head: 15

Layer [12], Head: 0

Layer [12], Head: 1

Layer [12], Head: 2

Layer [12], Head: 3

Layer [12], Head: 4

Layer [12], Head: 5

Layer [12], Head: 6

Layer [12], Head: 7

Layer [12], Head: 8

Layer [12], Head: 9

Layer [12], Head: 10

Layer [12], Head: 11

Layer [12], Head: 12

Layer [12], Head: 13

Layer [12], Head: 14

Layer [12], Head: 15

Layer [13], Head: 0

Layer [13], Head: 1

Layer [13], Head: 2

Layer [13], Head: 3

Layer [13], Head: 4

Layer [13], Head: 5

Layer [13], Head: 6

Layer [13], Head: 7

Layer [13], Head: 8

Layer [13], Head: 9

Layer [13], Head: 10

Layer [13], Head: 11

Layer [13], Head: 12

Layer [13], Head: 13

Layer [13], Head: 14

Layer [13], Head: 15

Layer [14], Head: 0

Layer [14], Head: 1

Layer [14], Head: 2

Layer [14], Head: 3

Layer [14], Head: 4

Layer [14], Head: 5

Layer [14], Head: 6

Layer [14], Head: 7

Layer [14], Head: 8

Layer [14], Head: 9

Layer [14], Head: 10

Layer [14], Head: 11

Layer [14], Head: 12

Layer [14], Head: 13

Layer [14], Head: 14

Layer [14], Head: 15

Layer [15], Head: 0

Layer [15], Head: 1

Layer [15], Head: 2

Layer [15], Head: 3

Layer [15], Head: 4

Layer [15], Head: 5

Layer [15], Head: 6

Layer [15], Head: 7

Layer [15], Head: 8

Layer [15], Head: 9

Layer [15], Head: 10

Layer [15], Head: 11

Layer [15], Head: 12

Layer [15], Head: 13

Layer [15], Head: 14

Layer [15], Head: 15

Layer [16], Head: 0

Layer [16], Head: 1

Layer [16], Head: 2

Layer [16], Head: 3

Layer [16], Head: 4

Layer [16], Head: 5

Layer [16], Head: 6

Layer [16], Head: 7

Layer [16], Head: 8

Layer [16], Head: 9

Layer [16], Head: 10

Layer [16], Head: 11

Layer [16], Head: 12

Layer [16], Head: 13

Layer [16], Head: 14

Layer [16], Head: 15

Layer [17], Head: 0

Layer [17], Head: 1

Layer [17], Head: 2

Layer [17], Head: 3

Layer [17], Head: 4

Layer [17], Head: 5

Layer [17], Head: 6

Layer [17], Head: 7

Layer [17], Head: 8

Layer [17], Head: 9

Layer [17], Head: 10

Layer [17], Head: 11

Layer [17], Head: 12

Layer [17], Head: 13

Layer [17], Head: 14

Layer [17], Head: 15

Layer [18], Head: 0

Layer [18], Head: 1

Layer [18], Head: 2

Layer [18], Head: 3

Layer [18], Head: 4

Layer [18], Head: 5

Layer [18], Head: 6

Layer [18], Head: 7

Layer [18], Head: 8

Layer [18], Head: 9

Layer [18], Head: 10

Layer [18], Head: 11

Layer [18], Head: 12

Layer [18], Head: 13

Layer [18], Head: 14

Layer [18], Head: 15

Layer [19], Head: 0

Layer [19], Head: 1

Layer [19], Head: 2

Layer [19], Head: 3

Layer [19], Head: 4

Layer [19], Head: 5

Layer [19], Head: 6

Layer [19], Head: 7

Layer [19], Head: 8

Layer [19], Head: 9

Layer [19], Head: 10

Layer [19], Head: 11

Layer [19], Head: 12

Layer [19], Head: 13

Layer [19], Head: 14

Layer [19], Head: 15

Layer [20], Head: 0

Layer [20], Head: 1

Layer [20], Head: 2

Layer [20], Head: 3

Layer [20], Head: 4

Layer [20], Head: 5

Layer [20], Head: 6

Layer [20], Head: 7

Layer [20], Head: 8

Layer [20], Head: 9

Layer [20], Head: 10

Layer [20], Head: 11

Layer [20], Head: 12

Layer [20], Head: 13

Layer [20], Head: 14

Layer [20], Head: 15

Layer [21], Head: 0

Layer [21], Head: 1

Layer [21], Head: 2

Layer [21], Head: 3

Layer [21], Head: 4

Layer [21], Head: 5

Layer [21], Head: 6

Layer [21], Head: 7

Layer [21], Head: 8

Layer [21], Head: 9

Layer [21], Head: 10

Layer [21], Head: 11

Layer [21], Head: 12

Layer [21], Head: 13

Layer [21], Head: 14

Layer [21], Head: 15

Layer [22], Head: 0

Layer [22], Head: 1

Layer [22], Head: 2

Layer [22], Head: 3

Layer [22], Head: 4

Layer [22], Head: 5

Layer [22], Head: 6

Layer [22], Head: 7

Layer [22], Head: 8

Layer [22], Head: 9

Layer [22], Head: 10

Layer [22], Head: 11

Layer [22], Head: 12

Layer [22], Head: 13

Layer [22], Head: 14

Layer [22], Head: 15

Layer [23], Head: 0

Layer [23], Head: 1

Layer [23], Head: 2

Layer [23], Head: 3

Layer [23], Head: 4

Layer [23], Head: 5

Layer [23], Head: 6

Layer [23], Head: 7

Layer [23], Head: 8

Layer [23], Head: 9

Layer [23], Head: 10

Layer [23], Head: 11

Layer [23], Head: 12

Layer [23], Head: 13

Layer [23], Head: 14

Layer [23], Head: 15

Layer [0], Head: -1

Layer [1], Head: -1

Layer [2], Head: -1

Layer [3], Head: -1

Layer [4], Head: -1

Layer [5], Head: -1

Layer [6], Head: -1

Layer [7], Head: -1

Layer [8], Head: -1

Layer [9], Head: -1

Layer [10], Head: -1

Layer [11], Head: -1

Layer [12], Head: -1

Layer [13], Head: -1

Layer [14], Head: -1

Layer [15], Head: -1

Layer [16], Head: -1

Layer [17], Head: -1

Layer [18], Head: -1

Layer [19], Head: -1

Layer [20], Head: -1

Layer [21], Head: -1

Layer [22], Head: -1

Layer [23], Head: -1

Layer [24], Head: -1

Layer [-1], Head: -1
Accuracy (image->label / label->image) -- model(full): 66.55/50.00  PC: 66.55/50.00  text_self: 66.55/50.00  text_ref: 66.55/50.00  image_self: 66.55/50.00  image_ref: 66.55/50.00
Wrote /home/virgilio/contrastive_learning/PCLens-spectral-explainability-in-CLIP-ViT-encoder/output_dir/activations_and_datasets_idxs_69/svd_data_approx_var99/binary_waterbirds_classnames_ViT-H-14_all_text.jsonl
Number of text layers: 24, heads: 16
Evaluating against target images: caltech (2020 images, 99 classes)
Probe modality: text (14686 probes, dim 1024)
  [image_set] pool = imagenet (5000 images)

Layer [0], Head: 0

Layer [0], Head: 1

Layer [0], Head: 2

Layer [0], Head: 3

Layer [0], Head: 4

Layer [0], Head: 5

Layer [0], Head: 6

Layer [0], Head: 7

Layer [0], Head: 8

Layer [0], Head: 9

Layer [0], Head: 10

Layer [0], Head: 11

Layer [0], Head: 12

Layer [0], Head: 13

Layer [0], Head: 14

Layer [0], Head: 15

Layer [1], Head: 0

Layer [1], Head: 1

Layer [1], Head: 2

Layer [1], Head: 3

Layer [1], Head: 4

Layer [1], Head: 5

Layer [1], Head: 6

Layer [1], Head: 7

Layer [1], Head: 8

Layer [1], Head: 9

Layer [1], Head: 10

Layer [1], Head: 11

Layer [1], Head: 12

Layer [1], Head: 13

Layer [1], Head: 14

Layer [1], Head: 15

Layer [2], Head: 0

Layer [2], Head: 1

Layer [2], Head: 2

Layer [2], Head: 3

Layer [2], Head: 4

Layer [2], Head: 5

Layer [2], Head: 6

Layer [2], Head: 7

Layer [2], Head: 8

Layer [2], Head: 9

Layer [2], Head: 10

Layer [2], Head: 11

Layer [2], Head: 12

Layer [2], Head: 13

Layer [2], Head: 14

Layer [2], Head: 15

Layer [3], Head: 0

Layer [3], Head: 1

Layer [3], Head: 2

Layer [3], Head: 3

Layer [3], Head: 4

Layer [3], Head: 5

Layer [3], Head: 6

Layer [3], Head: 7

Layer [3], Head: 8

Layer [3], Head: 9

Layer [3], Head: 10

Layer [3], Head: 11

Layer [3], Head: 12

Layer [3], Head: 13

Layer [3], Head: 14

Layer [3], Head: 15

Layer [4], Head: 0

Layer [4], Head: 1

Layer [4], Head: 2

Layer [4], Head: 3

Layer [4], Head: 4

Layer [4], Head: 5

Layer [4], Head: 6

Layer [4], Head: 7

Layer [4], Head: 8

Layer [4], Head: 9

Layer [4], Head: 10

Layer [4], Head: 11

Layer [4], Head: 12

Layer [4], Head: 13

Layer [4], Head: 14

Layer [4], Head: 15

Layer [5], Head: 0

Layer [5], Head: 1

Layer [5], Head: 2

Layer [5], Head: 3

Layer [5], Head: 4

Layer [5], Head: 5

Layer [5], Head: 6

Layer [5], Head: 7

Layer [5], Head: 8

Layer [5], Head: 9

Layer [5], Head: 10

Layer [5], Head: 11

Layer [5], Head: 12

Layer [5], Head: 13

Layer [5], Head: 14

Layer [5], Head: 15

Layer [6], Head: 0

Layer [6], Head: 1

Layer [6], Head: 2

Layer [6], Head: 3

Layer [6], Head: 4

Layer [6], Head: 5

Layer [6], Head: 6

Layer [6], Head: 7

Layer [6], Head: 8

Layer [6], Head: 9

Layer [6], Head: 10

Layer [6], Head: 11

Layer [6], Head: 12

Layer [6], Head: 13

Layer [6], Head: 14

Layer [6], Head: 15

Layer [7], Head: 0

Layer [7], Head: 1

Layer [7], Head: 2

Layer [7], Head: 3

Layer [7], Head: 4

Layer [7], Head: 5

Layer [7], Head: 6

Layer [7], Head: 7

Layer [7], Head: 8

Layer [7], Head: 9

Layer [7], Head: 10

Layer [7], Head: 11

Layer [7], Head: 12

Layer [7], Head: 13

Layer [7], Head: 14

Layer [7], Head: 15

Layer [8], Head: 0

Layer [8], Head: 1

Layer [8], Head: 2

Layer [8], Head: 3

Layer [8], Head: 4

Layer [8], Head: 5

Layer [8], Head: 6

Layer [8], Head: 7

Layer [8], Head: 8

Layer [8], Head: 9

Layer [8], Head: 10

Layer [8], Head: 11

Layer [8], Head: 12

Layer [8], Head: 13

Layer [8], Head: 14

Layer [8], Head: 15

Layer [9], Head: 0

Layer [9], Head: 1

Layer [9], Head: 2

Layer [9], Head: 3

Layer [9], Head: 4

Layer [9], Head: 5

Layer [9], Head: 6

Layer [9], Head: 7

Layer [9], Head: 8

Layer [9], Head: 9

Layer [9], Head: 10

Layer [9], Head: 11

Layer [9], Head: 12

Layer [9], Head: 13

Layer [9], Head: 14

Layer [9], Head: 15

Layer [10], Head: 0

Layer [10], Head: 1

Layer [10], Head: 2

Layer [10], Head: 3

Layer [10], Head: 4

Layer [10], Head: 5

Layer [10], Head: 6

Layer [10], Head: 7

Layer [10], Head: 8

Layer [10], Head: 9

Layer [10], Head: 10

Layer [10], Head: 11

Layer [10], Head: 12

Layer [10], Head: 13

Layer [10], Head: 14

Layer [10], Head: 15

Layer [11], Head: 0

Layer [11], Head: 1

Layer [11], Head: 2

Layer [11], Head: 3

Layer [11], Head: 4

Layer [11], Head: 5

Layer [11], Head: 6

Layer [11], Head: 7

Layer [11], Head: 8

Layer [11], Head: 9

Layer [11], Head: 10

Layer [11], Head: 11

Layer [11], Head: 12

Layer [11], Head: 13

Layer [11], Head: 14

Layer [11], Head: 15

Layer [12], Head: 0

Layer [12], Head: 1

Layer [12], Head: 2

Layer [12], Head: 3

Layer [12], Head: 4

Layer [12], Head: 5

Layer [12], Head: 6

Layer [12], Head: 7

Layer [12], Head: 8

Layer [12], Head: 9

Layer [12], Head: 10

Layer [12], Head: 11

Layer [12], Head: 12

Layer [12], Head: 13

Layer [12], Head: 14

Layer [12], Head: 15

Layer [13], Head: 0

Layer [13], Head: 1

Layer [13], Head: 2

Layer [13], Head: 3

Layer [13], Head: 4

Layer [13], Head: 5

Layer [13], Head: 6

Layer [13], Head: 7

Layer [13], Head: 8

Layer [13], Head: 9

Layer [13], Head: 10

Layer [13], Head: 11

Layer [13], Head: 12

Layer [13], Head: 13

Layer [13], Head: 14

Layer [13], Head: 15

Layer [14], Head: 0

Layer [14], Head: 1

Layer [14], Head: 2

Layer [14], Head: 3

Layer [14], Head: 4

Layer [14], Head: 5

Layer [14], Head: 6

Layer [14], Head: 7

Layer [14], Head: 8

Layer [14], Head: 9

Layer [14], Head: 10

Layer [14], Head: 11

Layer [14], Head: 12

Layer [14], Head: 13

Layer [14], Head: 14

Layer [14], Head: 15

Layer [15], Head: 0

Layer [15], Head: 1

Layer [15], Head: 2

Layer [15], Head: 3

Layer [15], Head: 4

Layer [15], Head: 5

Layer [15], Head: 6

Layer [15], Head: 7

Layer [15], Head: 8

Layer [15], Head: 9

Layer [15], Head: 10

Layer [15], Head: 11

Layer [15], Head: 12

Layer [15], Head: 13

Layer [15], Head: 14

Layer [15], Head: 15

Layer [16], Head: 0

Layer [16], Head: 1

Layer [16], Head: 2

Layer [16], Head: 3

Layer [16], Head: 4

Layer [16], Head: 5

Layer [16], Head: 6

Layer [16], Head: 7

Layer [16], Head: 8

Layer [16], Head: 9

Layer [16], Head: 10

Layer [16], Head: 11

Layer [16], Head: 12

Layer [16], Head: 13

Layer [16], Head: 14

Layer [16], Head: 15

Layer [17], Head: 0

Layer [17], Head: 1

Layer [17], Head: 2

Layer [17], Head: 3

Layer [17], Head: 4

Layer [17], Head: 5

Layer [17], Head: 6

Layer [17], Head: 7

Layer [17], Head: 8

Layer [17], Head: 9

Layer [17], Head: 10

Layer [17], Head: 11

Layer [17], Head: 12

Layer [17], Head: 13

Layer [17], Head: 14

Layer [17], Head: 15

Layer [18], Head: 0

Layer [18], Head: 1

Layer [18], Head: 2

Layer [18], Head: 3

Layer [18], Head: 4

Layer [18], Head: 5

Layer [18], Head: 6

Layer [18], Head: 7

Layer [18], Head: 8

Layer [18], Head: 9

Layer [18], Head: 10

Layer [18], Head: 11

Layer [18], Head: 12

Layer [18], Head: 13

Layer [18], Head: 14

Layer [18], Head: 15

Layer [19], Head: 0

Layer [19], Head: 1

Layer [19], Head: 2

Layer [19], Head: 3

Layer [19], Head: 4

Layer [19], Head: 5

Layer [19], Head: 6

Layer [19], Head: 7

Layer [19], Head: 8

Layer [19], Head: 9

Layer [19], Head: 10

Layer [19], Head: 11

Layer [19], Head: 12

Layer [19], Head: 13

Layer [19], Head: 14

Layer [19], Head: 15

Layer [20], Head: 0

Layer [20], Head: 1

Layer [20], Head: 2

Layer [20], Head: 3

Layer [20], Head: 4

Layer [20], Head: 5

Layer [20], Head: 6

Layer [20], Head: 7

Layer [20], Head: 8

Layer [20], Head: 9

Layer [20], Head: 10

Layer [20], Head: 11

Layer [20], Head: 12

Layer [20], Head: 13

Layer [20], Head: 14

Layer [20], Head: 15

Layer [21], Head: 0

Layer [21], Head: 1

Layer [21], Head: 2

Layer [21], Head: 3

Layer [21], Head: 4

Layer [21], Head: 5

Layer [21], Head: 6

Layer [21], Head: 7

Layer [21], Head: 8

Layer [21], Head: 9

Layer [21], Head: 10

Layer [21], Head: 11

Layer [21], Head: 12

Layer [21], Head: 13

Layer [21], Head: 14

Layer [21], Head: 15

Layer [22], Head: 0

Layer [22], Head: 1

Layer [22], Head: 2

Layer [22], Head: 3

Layer [22], Head: 4

Layer [22], Head: 5

Layer [22], Head: 6

Layer [22], Head: 7

Layer [22], Head: 8

Layer [22], Head: 9

Layer [22], Head: 10

Layer [22], Head: 11

Layer [22], Head: 12

Layer [22], Head: 13

Layer [22], Head: 14

Layer [22], Head: 15

Layer [23], Head: 0

Layer [23], Head: 1

Layer [23], Head: 2

Layer [23], Head: 3

Layer [23], Head: 4

Layer [23], Head: 5

Layer [23], Head: 6

Layer [23], Head: 7

Layer [23], Head: 8

Layer [23], Head: 9

Layer [23], Head: 10

Layer [23], Head: 11

Layer [23], Head: 12

Layer [23], Head: 13

Layer [23], Head: 14

Layer [23], Head: 15

Layer [0], Head: -1

Layer [1], Head: -1

Layer [2], Head: -1

Layer [3], Head: -1

Layer [4], Head: -1

Layer [5], Head: -1

Layer [6], Head: -1

Layer [7], Head: -1

Layer [8], Head: -1

Layer [9], Head: -1

Layer [10], Head: -1

Layer [11], Head: -1

Layer [12], Head: -1

Layer [13], Head: -1

Layer [14], Head: -1

Layer [15], Head: -1

Layer [16], Head: -1

Layer [17], Head: -1

Layer [18], Head: -1

Layer [19], Head: -1

Layer [20], Head: -1

Layer [21], Head: -1

Layer [22], Head: -1

Layer [23], Head: -1

Layer [24], Head: -1

Layer [-1], Head: -1
Accuracy (image->label / label->image) -- model(full): 81.04/94.95  PC: 80.94/93.94  text_self: 82.97/93.94  text_ref: 81.09/93.94  image_self: 80.64/93.94  image_ref: 80.35/94.95
Wrote /home/virgilio/contrastive_learning/PCLens-spectral-explainability-in-CLIP-ViT-encoder/output_dir/activations_and_datasets_idxs_69/svd_data_approx_var99/caltech_classnames_ViT-H-14_all_text.jsonl
Number of text layers: 24, heads: 16
Evaluating against target images: fairface (3500 images, 7 classes)
Probe modality: text (14686 probes, dim 1024)
  [image_set] pool = imagenet (5000 images)

Layer [0], Head: 0

Layer [0], Head: 1

Layer [0], Head: 2

Layer [0], Head: 3

Layer [0], Head: 4

Layer [0], Head: 5

Layer [0], Head: 6

Layer [0], Head: 7

Layer [0], Head: 8

Layer [0], Head: 9

Layer [0], Head: 10

Layer [0], Head: 11

Layer [0], Head: 12

Layer [0], Head: 13

Layer [0], Head: 14

Layer [0], Head: 15

Layer [1], Head: 0

Layer [1], Head: 1

Layer [1], Head: 2

Layer [1], Head: 3

Layer [1], Head: 4

Layer [1], Head: 5

Layer [1], Head: 6

Layer [1], Head: 7

Layer [1], Head: 8

Layer [1], Head: 9

Layer [1], Head: 10

Layer [1], Head: 11

Layer [1], Head: 12

Layer [1], Head: 13

Layer [1], Head: 14

Layer [1], Head: 15

Layer [2], Head: 0

Layer [2], Head: 1

Layer [2], Head: 2

Layer [2], Head: 3

Layer [2], Head: 4

Layer [2], Head: 5

Layer [2], Head: 6

Layer [2], Head: 7

Layer [2], Head: 8

Layer [2], Head: 9

Layer [2], Head: 10

Layer [2], Head: 11

Layer [2], Head: 12

Layer [2], Head: 13

Layer [2], Head: 14

Layer [2], Head: 15

Layer [3], Head: 0

Layer [3], Head: 1

Layer [3], Head: 2

Layer [3], Head: 3

Layer [3], Head: 4

Layer [3], Head: 5

Layer [3], Head: 6

Layer [3], Head: 7

Layer [3], Head: 8

Layer [3], Head: 9

Layer [3], Head: 10

Layer [3], Head: 11

Layer [3], Head: 12

Layer [3], Head: 13

Layer [3], Head: 14

Layer [3], Head: 15

Layer [4], Head: 0

Layer [4], Head: 1

Layer [4], Head: 2

Layer [4], Head: 3

Layer [4], Head: 4

Layer [4], Head: 5

Layer [4], Head: 6

Layer [4], Head: 7

Layer [4], Head: 8

Layer [4], Head: 9

Layer [4], Head: 10

Layer [4], Head: 11

Layer [4], Head: 12

Layer [4], Head: 13

Layer [4], Head: 14

Layer [4], Head: 15

Layer [5], Head: 0

Layer [5], Head: 1

Layer [5], Head: 2

Layer [5], Head: 3

Layer [5], Head: 4

Layer [5], Head: 5

Layer [5], Head: 6

Layer [5], Head: 7

Layer [5], Head: 8

Layer [5], Head: 9

Layer [5], Head: 10

Layer [5], Head: 11

Layer [5], Head: 12

Layer [5], Head: 13

Layer [5], Head: 14

Layer [5], Head: 15

Layer [6], Head: 0

Layer [6], Head: 1

Layer [6], Head: 2

Layer [6], Head: 3

Layer [6], Head: 4

Layer [6], Head: 5

Layer [6], Head: 6

Layer [6], Head: 7

Layer [6], Head: 8

Layer [6], Head: 9

Layer [6], Head: 10

Layer [6], Head: 11

Layer [6], Head: 12

Layer [6], Head: 13

Layer [6], Head: 14

Layer [6], Head: 15

Layer [7], Head: 0

Layer [7], Head: 1

Layer [7], Head: 2

Layer [7], Head: 3

Layer [7], Head: 4

Layer [7], Head: 5

Layer [7], Head: 6

Layer [7], Head: 7

Layer [7], Head: 8

Layer [7], Head: 9

Layer [7], Head: 10

Layer [7], Head: 11

Layer [7], Head: 12

Layer [7], Head: 13

Layer [7], Head: 14

Layer [7], Head: 15

Layer [8], Head: 0

Layer [8], Head: 1

Layer [8], Head: 2

Layer [8], Head: 3

Layer [8], Head: 4

Layer [8], Head: 5

Layer [8], Head: 6

Layer [8], Head: 7

Layer [8], Head: 8

Layer [8], Head: 9

Layer [8], Head: 10

Layer [8], Head: 11

Layer [8], Head: 12

Layer [8], Head: 13

Layer [8], Head: 14

Layer [8], Head: 15

Layer [9], Head: 0

Layer [9], Head: 1

Layer [9], Head: 2

Layer [9], Head: 3

Layer [9], Head: 4

Layer [9], Head: 5

Layer [9], Head: 6

Layer [9], Head: 7

Layer [9], Head: 8

Layer [9], Head: 9

Layer [9], Head: 10

Layer [9], Head: 11

Layer [9], Head: 12

Layer [9], Head: 13

Layer [9], Head: 14

Layer [9], Head: 15

Layer [10], Head: 0

Layer [10], Head: 1

Layer [10], Head: 2

Layer [10], Head: 3

Layer [10], Head: 4

Layer [10], Head: 5

Layer [10], Head: 6

Layer [10], Head: 7

Layer [10], Head: 8

Layer [10], Head: 9

Layer [10], Head: 10

Layer [10], Head: 11

Layer [10], Head: 12

Layer [10], Head: 13

Layer [10], Head: 14

Layer [10], Head: 15

Layer [11], Head: 0

Layer [11], Head: 1

Layer [11], Head: 2

Layer [11], Head: 3

Layer [11], Head: 4

Layer [11], Head: 5

Layer [11], Head: 6

Layer [11], Head: 7

Layer [11], Head: 8

Layer [11], Head: 9

Layer [11], Head: 10

Layer [11], Head: 11

Layer [11], Head: 12

Layer [11], Head: 13

Layer [11], Head: 14

Layer [11], Head: 15

Layer [12], Head: 0

Layer [12], Head: 1

Layer [12], Head: 2

Layer [12], Head: 3

Layer [12], Head: 4

Layer [12], Head: 5

Layer [12], Head: 6

Layer [12], Head: 7

Layer [12], Head: 8

Layer [12], Head: 9

Layer [12], Head: 10

Layer [12], Head: 11

Layer [12], Head: 12

Layer [12], Head: 13

Layer [12], Head: 14

Layer [12], Head: 15

Layer [13], Head: 0

Layer [13], Head: 1

Layer [13], Head: 2

Layer [13], Head: 3

Layer [13], Head: 4

Layer [13], Head: 5

Layer [13], Head: 6

Layer [13], Head: 7

Layer [13], Head: 8

Layer [13], Head: 9

Layer [13], Head: 10

Layer [13], Head: 11

Layer [13], Head: 12

Layer [13], Head: 13

Layer [13], Head: 14

Layer [13], Head: 15

Layer [14], Head: 0

Layer [14], Head: 1

Layer [14], Head: 2

Layer [14], Head: 3

Layer [14], Head: 4

Layer [14], Head: 5

Layer [14], Head: 6

Layer [14], Head: 7

Layer [14], Head: 8

Layer [14], Head: 9

Layer [14], Head: 10

Layer [14], Head: 11

Layer [14], Head: 12

Layer [14], Head: 13

Layer [14], Head: 14

Layer [14], Head: 15

Layer [15], Head: 0

Layer [15], Head: 1

Layer [15], Head: 2

Layer [15], Head: 3

Layer [15], Head: 4

Layer [15], Head: 5

Layer [15], Head: 6

Layer [15], Head: 7

Layer [15], Head: 8

Layer [15], Head: 9

Layer [15], Head: 10

Layer [15], Head: 11

Layer [15], Head: 12

Layer [15], Head: 13

Layer [15], Head: 14

Layer [15], Head: 15

Layer [16], Head: 0

Layer [16], Head: 1

Layer [16], Head: 2

Layer [16], Head: 3

Layer [16], Head: 4

Layer [16], Head: 5

Layer [16], Head: 6

Layer [16], Head: 7

Layer [16], Head: 8

Layer [16], Head: 9

Layer [16], Head: 10

Layer [16], Head: 11

Layer [16], Head: 12

Layer [16], Head: 13

Layer [16], Head: 14

Layer [16], Head: 15

Layer [17], Head: 0

Layer [17], Head: 1

Layer [17], Head: 2

Layer [17], Head: 3

Layer [17], Head: 4

Layer [17], Head: 5

Layer [17], Head: 6

Layer [17], Head: 7

Layer [17], Head: 8

Layer [17], Head: 9

Layer [17], Head: 10

Layer [17], Head: 11

Layer [17], Head: 12

Layer [17], Head: 13

Layer [17], Head: 14

Layer [17], Head: 15

Layer [18], Head: 0

Layer [18], Head: 1

Layer [18], Head: 2

Layer [18], Head: 3

Layer [18], Head: 4

Layer [18], Head: 5

Layer [18], Head: 6

Layer [18], Head: 7

Layer [18], Head: 8

Layer [18], Head: 9

Layer [18], Head: 10

Layer [18], Head: 11

Layer [18], Head: 12

Layer [18], Head: 13

Layer [18], Head: 14

Layer [18], Head: 15

Layer [19], Head: 0

Layer [19], Head: 1

Layer [19], Head: 2

Layer [19], Head: 3

Layer [19], Head: 4

Layer [19], Head: 5

Layer [19], Head: 6

Layer [19], Head: 7

Layer [19], Head: 8

Layer [19], Head: 9

Layer [19], Head: 10

Layer [19], Head: 11

Layer [19], Head: 12

Layer [19], Head: 13

Layer [19], Head: 14

Layer [19], Head: 15

Layer [20], Head: 0

Layer [20], Head: 1

Layer [20], Head: 2

Layer [20], Head: 3

Layer [20], Head: 4

Layer [20], Head: 5

Layer [20], Head: 6

Layer [20], Head: 7

Layer [20], Head: 8

Layer [20], Head: 9

Layer [20], Head: 10

Layer [20], Head: 11

Layer [20], Head: 12

Layer [20], Head: 13

Layer [20], Head: 14

Layer [20], Head: 15

Layer [21], Head: 0

Layer [21], Head: 1

Layer [21], Head: 2

Layer [21], Head: 3

Layer [21], Head: 4

Layer [21], Head: 5

Layer [21], Head: 6

Layer [21], Head: 7

Layer [21], Head: 8

Layer [21], Head: 9

Layer [21], Head: 10

Layer [21], Head: 11

Layer [21], Head: 12

Layer [21], Head: 13

Layer [21], Head: 14

Layer [21], Head: 15

Layer [22], Head: 0

Layer [22], Head: 1

Layer [22], Head: 2

Layer [22], Head: 3

Layer [22], Head: 4

Layer [22], Head: 5

Layer [22], Head: 6

Layer [22], Head: 7

Layer [22], Head: 8

Layer [22], Head: 9

Layer [22], Head: 10

Layer [22], Head: 11

Layer [22], Head: 12

Layer [22], Head: 13

Layer [22], Head: 14

Layer [22], Head: 15

Layer [23], Head: 0

Layer [23], Head: 1

Layer [23], Head: 2

Layer [23], Head: 3

Layer [23], Head: 4

Layer [23], Head: 5

Layer [23], Head: 6

Layer [23], Head: 7

Layer [23], Head: 8

Layer [23], Head: 9

Layer [23], Head: 10

Layer [23], Head: 11

Layer [23], Head: 12

Layer [23], Head: 13

Layer [23], Head: 14

Layer [23], Head: 15

Layer [0], Head: -1

Layer [1], Head: -1

Layer [2], Head: -1

Layer [3], Head: -1

Layer [4], Head: -1

Layer [5], Head: -1

Layer [6], Head: -1

Layer [7], Head: -1

Layer [8], Head: -1

Layer [9], Head: -1

Layer [10], Head: -1

Layer [11], Head: -1

Layer [12], Head: -1

Layer [13], Head: -1

Layer [14], Head: -1

Layer [15], Head: -1

Layer [16], Head: -1

Layer [17], Head: -1

Layer [18], Head: -1

Layer [19], Head: -1

Layer [20], Head: -1

Layer [21], Head: -1

Layer [22], Head: -1

Layer [23], Head: -1

Layer [24], Head: -1

Layer [-1], Head: -1
Accuracy (image->label / label->image) -- model(full): 44.26/57.14  PC: 44.14/57.14  text_self: 51.60/42.86  text_ref: 43.37/57.14  image_self: 44.31/57.14  image_ref: 44.00/57.14
Wrote /home/virgilio/contrastive_learning/PCLens-spectral-explainability-in-CLIP-ViT-encoder/output_dir/activations_and_datasets_idxs_69/svd_data_approx_var99/fairface_classnames_ViT-H-14_all_text.jsonl
[ViT-H-14 @ cuda:0] >> /home/virgilio/lib/minconda3/envs/MT/bin/python -m utils.scripts.compute_text_explanations --model ViT-H-14 --dataset caltech --components all --text_descriptions top_1500_nouns_5_sentences_imagenet_clean --text_dir /home/virgilio/contrastive_learning/PCLens-spectral-explainability-in-CLIP-ViT-encoder/utils/text_descriptions --algorithm svd_data_approx --num_of_last_layers 999 --text_per_princ_comp 10 --max_text 999 --seed 69 --device cuda:0 --image_set imagenet --input_dir /home/virgilio/contrastive_learning/PCLens-spectral-explainability-in-CLIP-ViT-encoder/output_dir/activations_and_datasets_idxs_69 --output_dir /home/virgilio/contrastive_learning/PCLens-spectral-explainability-in-CLIP-ViT-encoder/output_dir/activations_and_datasets_idxs_69 --out_file /home/virgilio/contrastive_learning/PCLens-spectral-explainability-in-CLIP-ViT-encoder/output_dir/activations_and_datasets_idxs_69/svd_data_approx_var99/caltech_ViT-H-14_all_image.jsonl
[ViT-H-14 @ cuda:0] >> /home/virgilio/lib/minconda3/envs/MT/bin/python -m utils.scripts.compute_text_explanations --model ViT-H-14 --dataset fairface --components all --text_descriptions top_1500_nouns_5_sentences_imagenet_clean --text_dir /home/virgilio/contrastive_learning/PCLens-spectral-explainability-in-CLIP-ViT-encoder/utils/text_descriptions --algorithm svd_data_approx --num_of_last_layers 999 --text_per_princ_comp 10 --max_text 999 --seed 69 --device cuda:0 --image_set imagenet --input_dir /home/virgilio/contrastive_learning/PCLens-spectral-explainability-in-CLIP-ViT-encoder/output_dir/activations_and_datasets_idxs_69 --output_dir /home/virgilio/contrastive_learning/PCLens-spectral-explainability-in-CLIP-ViT-encoder/output_dir/activations_and_datasets_idxs_69 --out_file /home/virgilio/contrastive_learning/PCLens-spectral-explainability-in-CLIP-ViT-encoder/output_dir/activations_and_datasets_idxs_69/svd_data_approx_var99/fairface_ViT-H-14_all_image.jsonl
[ViT-H-14 @ cuda:0] >> /home/virgilio/lib/minconda3/envs/MT/bin/python -m utils.scripts.compute_text_explanations --model ViT-H-14 --dataset imagenet --components all --text_descriptions top_1500_nouns_5_sentences_imagenet_clean --text_dir /home/virgilio/contrastive_learning/PCLens-spectral-explainability-in-CLIP-ViT-encoder/utils/text_descriptions --algorithm svd_data_approx --num_of_last_layers 999 --text_per_princ_comp 10 --max_text 999 --seed 69 --device cuda:0 --image_set imagenet --input_dir /home/virgilio/contrastive_learning/PCLens-spectral-explainability-in-CLIP-ViT-encoder/output_dir/activations_and_datasets_idxs_69 --output_dir /home/virgilio/contrastive_learning/PCLens-spectral-explainability-in-CLIP-ViT-encoder/output_dir/activations_and_datasets_idxs_69 --out_file /home/virgilio/contrastive_learning/PCLens-spectral-explainability-in-CLIP-ViT-encoder/output_dir/activations_and_datasets_idxs_69/svd_data_approx_var99/imagenet_ViT-H-14_all_image.jsonl
[ViT-H-14 @ cuda:0] >> /home/virgilio/lib/minconda3/envs/MT/bin/python -m utils.scripts.compute_text_explanations_text --model ViT-H-14 --dataset CIFAR100_classnames --components all --text_descriptions top_1500_nouns_5_sentences_imagenet_clean --text_dir /home/virgilio/contrastive_learning/PCLens-spectral-explainability-in-CLIP-ViT-encoder/utils/text_descriptions --algorithm svd_data_approx --num_of_last_layers 999 --text_per_princ_comp 10 --max_text 999 --seed 69 --device cuda:0 --probe_modality text --probe_name imagenet --eval_dataset CIFAR100 --image_set imagenet --input_dir /home/virgilio/contrastive_learning/PCLens-spectral-explainability-in-CLIP-ViT-encoder/output_dir/activations_and_datasets_idxs_69 --output_dir /home/virgilio/contrastive_learning/PCLens-spectral-explainability-in-CLIP-ViT-encoder/output_dir/activations_and_datasets_idxs_69 --out_file /home/virgilio/contrastive_learning/PCLens-spectral-explainability-in-CLIP-ViT-encoder/output_dir/activations_and_datasets_idxs_69/svd_data_approx_var99/CIFAR100_classnames_ViT-H-14_all_text.jsonl
[ViT-H-14 @ cuda:0] >> /home/virgilio/lib/minconda3/envs/MT/bin/python -m utils.scripts.compute_text_explanations_text --model ViT-H-14 --dataset binary_waterbirds_classnames --components all --text_descriptions top_1500_nouns_5_sentences_imagenet_clean --text_dir /home/virgilio/contrastive_learning/PCLens-spectral-explainability-in-CLIP-ViT-encoder/utils/text_descriptions --algorithm svd_data_approx --num_of_last_layers 999 --text_per_princ_comp 10 --max_text 999 --seed 69 --device cuda:0 --probe_modality text --probe_name imagenet --eval_dataset binary_waterbirds --image_set imagenet --input_dir /home/virgilio/contrastive_learning/PCLens-spectral-explainability-in-CLIP-ViT-encoder/output_dir/activations_and_datasets_idxs_69 --output_dir /home/virgilio/contrastive_learning/PCLens-spectral-explainability-in-CLIP-ViT-encoder/output_dir/activations_and_datasets_idxs_69 --out_file /home/virgilio/contrastive_learning/PCLens-spectral-explainability-in-CLIP-ViT-encoder/output_dir/activations_and_datasets_idxs_69/svd_data_approx_var99/binary_waterbirds_classnames_ViT-H-14_all_text.jsonl
[ViT-H-14 @ cuda:0] >> /home/virgilio/lib/minconda3/envs/MT/bin/python -m utils.scripts.compute_text_explanations_text --model ViT-H-14 --dataset caltech_classnames --components all --text_descriptions top_1500_nouns_5_sentences_imagenet_clean --text_dir /home/virgilio/contrastive_learning/PCLens-spectral-explainability-in-CLIP-ViT-encoder/utils/text_descriptions --algorithm svd_data_approx --num_of_last_layers 999 --text_per_princ_comp 10 --max_text 999 --seed 69 --device cuda:0 --probe_modality text --probe_name imagenet --eval_dataset caltech --image_set imagenet --input_dir /home/virgilio/contrastive_learning/PCLens-spectral-explainability-in-CLIP-ViT-encoder/output_dir/activations_and_datasets_idxs_69 --output_dir /home/virgilio/contrastive_learning/PCLens-spectral-explainability-in-CLIP-ViT-encoder/output_dir/activations_and_datasets_idxs_69 --out_file /home/virgilio/contrastive_learning/PCLens-spectral-explainability-in-CLIP-ViT-encoder/output_dir/activations_and_datasets_idxs_69/svd_data_approx_var99/caltech_classnames_ViT-H-14_all_text.jsonl
[ViT-H-14 @ cuda:0] >> /home/virgilio/lib/minconda3/envs/MT/bin/python -m utils.scripts.compute_text_explanations_text --model ViT-H-14 --dataset fairface_classnames --components all --text_descriptions top_1500_nouns_5_sentences_imagenet_clean --text_dir /home/virgilio/contrastive_learning/PCLens-spectral-explainability-in-CLIP-ViT-encoder/utils/text_descriptions --algorithm svd_data_approx --num_of_last_layers 999 --text_per_princ_comp 10 --max_text 999 --seed 69 --device cuda:0 --probe_modality text --probe_name imagenet --eval_dataset fairface --image_set imagenet --input_dir /home/virgilio/contrastive_learning/PCLens-spectral-explainability-in-CLIP-ViT-encoder/output_dir/activations_and_datasets_idxs_69 --output_dir /home/virgilio/contrastive_learning/PCLens-spectral-explainability-in-CLIP-ViT-encoder/output_dir/activations_and_datasets_idxs_69 --out_file /home/virgilio/contrastive_learning/PCLens-spectral-explainability-in-CLIP-ViT-encoder/output_dir/activations_and_datasets_idxs_69/svd_data_approx_var99/fairface_classnames_ViT-H-14_all_text.jsonl
Number of text layers: 24, heads: 16
Evaluating against target images: imagenet (5000 images, 1000 classes)
Probe modality: text (14686 probes, dim 1024)
  [image_set] pool = imagenet (5000 images)

Layer [0], Head: 0

Layer [0], Head: 1

Layer [0], Head: 2

Layer [0], Head: 3

Layer [0], Head: 4

Layer [0], Head: 5

Layer [0], Head: 6

Layer [0], Head: 7

Layer [0], Head: 8

Layer [0], Head: 9

Layer [0], Head: 10

Layer [0], Head: 11

Layer [0], Head: 12

Layer [0], Head: 13

Layer [0], Head: 14

Layer [0], Head: 15

Layer [1], Head: 0

Layer [1], Head: 1

Layer [1], Head: 2

Layer [1], Head: 3

Layer [1], Head: 4

Layer [1], Head: 5

Layer [1], Head: 6

Layer [1], Head: 7

Layer [1], Head: 8

Layer [1], Head: 9

Layer [1], Head: 10

Layer [1], Head: 11

Layer [1], Head: 12

Layer [1], Head: 13

Layer [1], Head: 14

Layer [1], Head: 15

Layer [2], Head: 0

Layer [2], Head: 1

Layer [2], Head: 2

Layer [2], Head: 3

Layer [2], Head: 4

Layer [2], Head: 5

Layer [2], Head: 6

Layer [2], Head: 7

Layer [2], Head: 8

Layer [2], Head: 9

Layer [2], Head: 10

Layer [2], Head: 11

Layer [2], Head: 12

Layer [2], Head: 13

Layer [2], Head: 14

Layer [2], Head: 15

Layer [3], Head: 0

Layer [3], Head: 1

Layer [3], Head: 2

Layer [3], Head: 3

Layer [3], Head: 4

Layer [3], Head: 5

Layer [3], Head: 6

Layer [3], Head: 7

Layer [3], Head: 8

Layer [3], Head: 9

Layer [3], Head: 10

Layer [3], Head: 11

Layer [3], Head: 12

Layer [3], Head: 13

Layer [3], Head: 14

Layer [3], Head: 15

Layer [4], Head: 0

Layer [4], Head: 1

Layer [4], Head: 2

Layer [4], Head: 3

Layer [4], Head: 4

Layer [4], Head: 5

Layer [4], Head: 6

Layer [4], Head: 7

Layer [4], Head: 8

Layer [4], Head: 9

Layer [4], Head: 10

Layer [4], Head: 11

Layer [4], Head: 12

Layer [4], Head: 13

Layer [4], Head: 14

Layer [4], Head: 15

Layer [5], Head: 0

Layer [5], Head: 1

Layer [5], Head: 2

Layer [5], Head: 3

Layer [5], Head: 4

Layer [5], Head: 5

Layer [5], Head: 6

Layer [5], Head: 7

Layer [5], Head: 8

Layer [5], Head: 9

Layer [5], Head: 10

Layer [5], Head: 11

Layer [5], Head: 12

Layer [5], Head: 13

Layer [5], Head: 14

Layer [5], Head: 15

Layer [6], Head: 0

Layer [6], Head: 1

Layer [6], Head: 2

Layer [6], Head: 3

Layer [6], Head: 4

Layer [6], Head: 5

Layer [6], Head: 6

Layer [6], Head: 7

Layer [6], Head: 8

Layer [6], Head: 9

Layer [6], Head: 10

Layer [6], Head: 11

Layer [6], Head: 12

Layer [6], Head: 13

Layer [6], Head: 14

Layer [6], Head: 15

Layer [7], Head: 0

Layer [7], Head: 1

Layer [7], Head: 2

Layer [7], Head: 3

Layer [7], Head: 4

Layer [7], Head: 5

Layer [7], Head: 6

Layer [7], Head: 7

Layer [7], Head: 8

Layer [7], Head: 9

Layer [7], Head: 10

Layer [7], Head: 11

Layer [7], Head: 12

Layer [7], Head: 13

Layer [7], Head: 14

Layer [7], Head: 15

Layer [8], Head: 0

Layer [8], Head: 1

Layer [8], Head: 2

Layer [8], Head: 3

Layer [8], Head: 4

Layer [8], Head: 5

Layer [8], Head: 6

Layer [8], Head: 7

Layer [8], Head: 8

Layer [8], Head: 9

Layer [8], Head: 10

Layer [8], Head: 11

Layer [8], Head: 12

Layer [8], Head: 13

Layer [8], Head: 14

Layer [8], Head: 15

Layer [9], Head: 0

Layer [9], Head: 1

Layer [9], Head: 2

Layer [9], Head: 3

Layer [9], Head: 4

Layer [9], Head: 5

Layer [9], Head: 6

Layer [9], Head: 7

Layer [9], Head: 8

Layer [9], Head: 9

Layer [9], Head: 10

Layer [9], Head: 11

Layer [9], Head: 12

Layer [9], Head: 13

Layer [9], Head: 14

Layer [9], Head: 15

Layer [10], Head: 0

Layer [10], Head: 1

Layer [10], Head: 2

Layer [10], Head: 3

Layer [10], Head: 4

Layer [10], Head: 5

Layer [10], Head: 6

Layer [10], Head: 7

Layer [10], Head: 8

Layer [10], Head: 9

Layer [10], Head: 10

Layer [10], Head: 11

Layer [10], Head: 12

Layer [10], Head: 13

Layer [10], Head: 14

Layer [10], Head: 15

Layer [11], Head: 0

Layer [11], Head: 1

Layer [11], Head: 2

Layer [11], Head: 3

Layer [11], Head: 4

Layer [11], Head: 5

Layer [11], Head: 6

Layer [11], Head: 7

Layer [11], Head: 8

Layer [11], Head: 9

Layer [11], Head: 10

Layer [11], Head: 11

Layer [11], Head: 12

Layer [11], Head: 13

Layer [11], Head: 14

Layer [11], Head: 15

Layer [12], Head: 0

Layer [12], Head: 1

Layer [12], Head: 2

Layer [12], Head: 3

Layer [12], Head: 4

Layer [12], Head: 5

Layer [12], Head: 6

Layer [12], Head: 7

Layer [12], Head: 8

Layer [12], Head: 9

Layer [12], Head: 10

Layer [12], Head: 11

Layer [12], Head: 12

Layer [12], Head: 13

Layer [12], Head: 14

Layer [12], Head: 15

Layer [13], Head: 0

Layer [13], Head: 1

Layer [13], Head: 2

Layer [13], Head: 3

Layer [13], Head: 4

Layer [13], Head: 5

Layer [13], Head: 6

Layer [13], Head: 7

Layer [13], Head: 8

Layer [13], Head: 9

Layer [13], Head: 10

Layer [13], Head: 11

Layer [13], Head: 12

Layer [13], Head: 13

Layer [13], Head: 14

Layer [13], Head: 15

Layer [14], Head: 0

Layer [14], Head: 1

Layer [14], Head: 2

Layer [14], Head: 3

Layer [14], Head: 4

Layer [14], Head: 5

Layer [14], Head: 6

Layer [14], Head: 7

Layer [14], Head: 8

Layer [14], Head: 9

Layer [14], Head: 10

Layer [14], Head: 11

Layer [14], Head: 12

Layer [14], Head: 13

Layer [14], Head: 14

Layer [14], Head: 15

Layer [15], Head: 0

Layer [15], Head: 1

Layer [15], Head: 2

Layer [15], Head: 3

Layer [15], Head: 4

Layer [15], Head: 5

Layer [15], Head: 6

Layer [15], Head: 7

Layer [15], Head: 8

Layer [15], Head: 9

Layer [15], Head: 10

Layer [15], Head: 11

Layer [15], Head: 12

Layer [15], Head: 13

Layer [15], Head: 14

Layer [15], Head: 15

Layer [16], Head: 0

Layer [16], Head: 1

Layer [16], Head: 2

Layer [16], Head: 3

Layer [16], Head: 4

Layer [16], Head: 5

Layer [16], Head: 6

Layer [16], Head: 7

Layer [16], Head: 8

Layer [16], Head: 9

Layer [16], Head: 10

Layer [16], Head: 11

Layer [16], Head: 12

Layer [16], Head: 13

Layer [16], Head: 14

Layer [16], Head: 15

Layer [17], Head: 0

Layer [17], Head: 1

Layer [17], Head: 2

Layer [17], Head: 3

Layer [17], Head: 4

Layer [17], Head: 5

Layer [17], Head: 6

Layer [17], Head: 7

Layer [17], Head: 8

Layer [17], Head: 9

Layer [17], Head: 10

Layer [17], Head: 11

Layer [17], Head: 12

Layer [17], Head: 13

Layer [17], Head: 14

Layer [17], Head: 15

Layer [18], Head: 0

Layer [18], Head: 1

Layer [18], Head: 2

Layer [18], Head: 3

Layer [18], Head: 4

Layer [18], Head: 5

Layer [18], Head: 6

Layer [18], Head: 7

Layer [18], Head: 8

Layer [18], Head: 9

Layer [18], Head: 10

Layer [18], Head: 11

Layer [18], Head: 12

Layer [18], Head: 13

Layer [18], Head: 14

Layer [18], Head: 15

Layer [19], Head: 0

Layer [19], Head: 1

Layer [19], Head: 2

Layer [19], Head: 3

Layer [19], Head: 4

Layer [19], Head: 5

Layer [19], Head: 6

Layer [19], Head: 7

Layer [19], Head: 8

Layer [19], Head: 9

Layer [19], Head: 10

Layer [19], Head: 11

Layer [19], Head: 12

Layer [19], Head: 13

Layer [19], Head: 14

Layer [19], Head: 15

Layer [20], Head: 0

Layer [20], Head: 1

Layer [20], Head: 2

Layer [20], Head: 3

Layer [20], Head: 4

Layer [20], Head: 5

Layer [20], Head: 6

Layer [20], Head: 7

Layer [20], Head: 8

Layer [20], Head: 9

Layer [20], Head: 10

Layer [20], Head: 11

Layer [20], Head: 12

Layer [20], Head: 13

Layer [20], Head: 14

Layer [20], Head: 15

Layer [21], Head: 0

Layer [21], Head: 1

Layer [21], Head: 2

Layer [21], Head: 3

Layer [21], Head: 4

Layer [21], Head: 5

Layer [21], Head: 6

Layer [21], Head: 7

Layer [21], Head: 8

Layer [21], Head: 9

Layer [21], Head: 10

Layer [21], Head: 11

Layer [21], Head: 12

Layer [21], Head: 13

Layer [21], Head: 14

Layer [21], Head: 15

Layer [22], Head: 0

Layer [22], Head: 1

Layer [22], Head: 2

Layer [22], Head: 3

Layer [22], Head: 4

Layer [22], Head: 5

Layer [22], Head: 6

Layer [22], Head: 7

Layer [22], Head: 8

Layer [22], Head: 9

Layer [22], Head: 10

Layer [22], Head: 11

Layer [22], Head: 12

Layer [22], Head: 13

Layer [22], Head: 14

Layer [22], Head: 15

Layer [23], Head: 0

Layer [23], Head: 1

Layer [23], Head: 2

Layer [23], Head: 3

Layer [23], Head: 4

Layer [23], Head: 5

Layer [23], Head: 6

Layer [23], Head: 7

Layer [23], Head: 8

Layer [23], Head: 9

Layer [23], Head: 10

Layer [23], Head: 11

Layer [23], Head: 12

Layer [23], Head: 13

Layer [23], Head: 14

Layer [23], Head: 15

Layer [0], Head: -1

Layer [1], Head: -1

Layer [2], Head: -1

Layer [3], Head: -1

Layer [4], Head: -1

Layer [5], Head: -1

Layer [6], Head: -1

Layer [7], Head: -1

Layer [8], Head: -1

Layer [9], Head: -1

Layer [10], Head: -1

Layer [11], Head: -1

Layer [12], Head: -1

Layer [13], Head: -1

Layer [14], Head: -1

Layer [15], Head: -1

Layer [16], Head: -1

Layer [17], Head: -1

Layer [18], Head: -1

Layer [19], Head: -1

Layer [20], Head: -1

Layer [21], Head: -1

Layer [22], Head: -1

Layer [23], Head: -1

Layer [24], Head: -1

Layer [-1], Head: -1
Accuracy (image->label / label->image) -- model(full): 73.44/84.80  PC: 72.14/84.90  text_self: 73.80/85.00  text_ref: 72.70/84.90  image_self: 73.02/85.10  image_ref: 73.02/85.10
Wrote /home/virgilio/contrastive_learning/PCLens-spectral-explainability-in-CLIP-ViT-encoder/output_dir/activations_and_datasets_idxs_69/svd_data_approx_var99/imagenet_classnames_ViT-H-14_all_text.jsonl
Number of layers: 24
  [image_set] pool = imagenet (5000 images)

Layer [0], Head: 0

Layer [0], Head: 1

Layer [0], Head: 2

Layer [0], Head: 3

Layer [0], Head: 4

Layer [0], Head: 5

Layer [0], Head: 6

Layer [0], Head: 7

Layer [0], Head: 8

Layer [0], Head: 9

Layer [0], Head: 10

Layer [0], Head: 11

Layer [0], Head: 12

Layer [0], Head: 13

Layer [0], Head: 14

Layer [0], Head: 15

Layer [1], Head: 0

Layer [1], Head: 1

Layer [1], Head: 2

Layer [1], Head: 3

Layer [1], Head: 4

Layer [1], Head: 5

Layer [1], Head: 6

Layer [1], Head: 7

Layer [1], Head: 8

Layer [1], Head: 9

Layer [1], Head: 10

Layer [1], Head: 11

Layer [1], Head: 12

Layer [1], Head: 13

Layer [1], Head: 14

Layer [1], Head: 15

Layer [2], Head: 0

Layer [2], Head: 1

Layer [2], Head: 2

Layer [2], Head: 3

Layer [2], Head: 4

Layer [2], Head: 5

Layer [2], Head: 6

Layer [2], Head: 7

Layer [2], Head: 8

Layer [2], Head: 9

Layer [2], Head: 10

Layer [2], Head: 11

Layer [2], Head: 12

Layer [2], Head: 13

Layer [2], Head: 14

Layer [2], Head: 15

Layer [3], Head: 0

Layer [3], Head: 1

Layer [3], Head: 2

Layer [3], Head: 3

Layer [3], Head: 4

Layer [3], Head: 5

Layer [3], Head: 6

Layer [3], Head: 7

Layer [3], Head: 8

Layer [3], Head: 9

Layer [3], Head: 10

Layer [3], Head: 11

Layer [3], Head: 12

Layer [3], Head: 13

Layer [3], Head: 14

Layer [3], Head: 15

Layer [4], Head: 0

Layer [4], Head: 1

Layer [4], Head: 2

Layer [4], Head: 3

Layer [4], Head: 4

Layer [4], Head: 5

Layer [4], Head: 6

Layer [4], Head: 7

Layer [4], Head: 8

Layer [4], Head: 9

Layer [4], Head: 10

Layer [4], Head: 11

Layer [4], Head: 12

Layer [4], Head: 13

Layer [4], Head: 14

Layer [4], Head: 15

Layer [5], Head: 0

Layer [5], Head: 1

Layer [5], Head: 2

Layer [5], Head: 3

Layer [5], Head: 4

Layer [5], Head: 5

Layer [5], Head: 6

Layer [5], Head: 7

Layer [5], Head: 8

Layer [5], Head: 9

Layer [5], Head: 10

Layer [5], Head: 11

Layer [5], Head: 12

Layer [5], Head: 13

Layer [5], Head: 14

Layer [5], Head: 15

Layer [6], Head: 0

Layer [6], Head: 1

Layer [6], Head: 2

Layer [6], Head: 3

Layer [6], Head: 4

Layer [6], Head: 5

Layer [6], Head: 6

Layer [6], Head: 7

Layer [6], Head: 8

Layer [6], Head: 9

Layer [6], Head: 10

Layer [6], Head: 11

Layer [6], Head: 12

Layer [6], Head: 13

Layer [6], Head: 14

Layer [6], Head: 15

Layer [7], Head: 0

Layer [7], Head: 1

Layer [7], Head: 2

Layer [7], Head: 3

Layer [7], Head: 4

Layer [7], Head: 5

Layer [7], Head: 6

Layer [7], Head: 7

Layer [7], Head: 8

Layer [7], Head: 9

Layer [7], Head: 10

Layer [7], Head: 11

Layer [7], Head: 12

Layer [7], Head: 13

Layer [7], Head: 14

Layer [7], Head: 15

Layer [8], Head: 0

Layer [8], Head: 1

Layer [8], Head: 2

Layer [8], Head: 3

Layer [8], Head: 4

Layer [8], Head: 5

Layer [8], Head: 6

Layer [8], Head: 7

Layer [8], Head: 8

Layer [8], Head: 9

Layer [8], Head: 10

Layer [8], Head: 11

Layer [8], Head: 12

Layer [8], Head: 13

Layer [8], Head: 14

Layer [8], Head: 15

Layer [9], Head: 0

Layer [9], Head: 1

Layer [9], Head: 2

Layer [9], Head: 3

Layer [9], Head: 4

Layer [9], Head: 5

Layer [9], Head: 6

Layer [9], Head: 7

Layer [9], Head: 8

Layer [9], Head: 9

Layer [9], Head: 10

Layer [9], Head: 11

Layer [9], Head: 12

Layer [9], Head: 13

Layer [9], Head: 14

Layer [9], Head: 15

Layer [10], Head: 0

Layer [10], Head: 1

Layer [10], Head: 2

Layer [10], Head: 3

Layer [10], Head: 4

Layer [10], Head: 5

Layer [10], Head: 6

Layer [10], Head: 7

Layer [10], Head: 8

Layer [10], Head: 9

Layer [10], Head: 10

Layer [10], Head: 11

Layer [10], Head: 12

Layer [10], Head: 13

Layer [10], Head: 14

Layer [10], Head: 15

Layer [11], Head: 0

Layer [11], Head: 1

Layer [11], Head: 2

Layer [11], Head: 3

Layer [11], Head: 4

Layer [11], Head: 5

Layer [11], Head: 6

Layer [11], Head: 7

Layer [11], Head: 8

Layer [11], Head: 9

Layer [11], Head: 10

Layer [11], Head: 11

Layer [11], Head: 12

Layer [11], Head: 13

Layer [11], Head: 14

Layer [11], Head: 15

Layer [12], Head: 0

Layer [12], Head: 1

Layer [12], Head: 2

Layer [12], Head: 3

Layer [12], Head: 4

Layer [12], Head: 5

Layer [12], Head: 6

Layer [12], Head: 7

Layer [12], Head: 8

Layer [12], Head: 9

Layer [12], Head: 10

Layer [12], Head: 11

Layer [12], Head: 12

Layer [12], Head: 13

Layer [12], Head: 14

Layer [12], Head: 15

Layer [13], Head: 0

Layer [13], Head: 1

Layer [13], Head: 2

Layer [13], Head: 3

Layer [13], Head: 4

Layer [13], Head: 5

Layer [13], Head: 6

Layer [13], Head: 7

Layer [13], Head: 8

Layer [13], Head: 9

Layer [13], Head: 10

Layer [13], Head: 11

Layer [13], Head: 12

Layer [13], Head: 13

Layer [13], Head: 14

Layer [13], Head: 15

Layer [14], Head: 0

Layer [14], Head: 1

Layer [14], Head: 2

Layer [14], Head: 3

Layer [14], Head: 4

Layer [14], Head: 5

Layer [14], Head: 6

Layer [14], Head: 7

Layer [14], Head: 8

Layer [14], Head: 9

Layer [14], Head: 10

Layer [14], Head: 11

Layer [14], Head: 12

Layer [14], Head: 13

Layer [14], Head: 14

Layer [14], Head: 15

Layer [15], Head: 0

Layer [15], Head: 1

Layer [15], Head: 2

Layer [15], Head: 3

Layer [15], Head: 4

Layer [15], Head: 5

Layer [15], Head: 6

Layer [15], Head: 7

Layer [15], Head: 8

Layer [15], Head: 9

Layer [15], Head: 10

Layer [15], Head: 11

Layer [15], Head: 12

Layer [15], Head: 13

Layer [15], Head: 14

Layer [15], Head: 15

Layer [16], Head: 0

Layer [16], Head: 1

Layer [16], Head: 2

Layer [16], Head: 3

Layer [16], Head: 4

Layer [16], Head: 5

Layer [16], Head: 6

Layer [16], Head: 7

Layer [16], Head: 8

Layer [16], Head: 9

Layer [16], Head: 10

Layer [16], Head: 11

Layer [16], Head: 12

Layer [16], Head: 13

Layer [16], Head: 14

Layer [16], Head: 15

Layer [17], Head: 0

Layer [17], Head: 1

Layer [17], Head: 2

Layer [17], Head: 3

Layer [17], Head: 4

Layer [17], Head: 5

Layer [17], Head: 6

Layer [17], Head: 7

Layer [17], Head: 8

Layer [17], Head: 9

Layer [17], Head: 10

Layer [17], Head: 11

Layer [17], Head: 12

Layer [17], Head: 13

Layer [17], Head: 14

Layer [17], Head: 15

Layer [18], Head: 0

Layer [18], Head: 1

Layer [18], Head: 2

Layer [18], Head: 3

Layer [18], Head: 4

Layer [18], Head: 5

Layer [18], Head: 6

Layer [18], Head: 7

Layer [18], Head: 8

Layer [18], Head: 9

Layer [18], Head: 10

Layer [18], Head: 11

Layer [18], Head: 12

Layer [18], Head: 13

Layer [18], Head: 14

Layer [18], Head: 15

Layer [19], Head: 0

Layer [19], Head: 1

Layer [19], Head: 2

Layer [19], Head: 3

Layer [19], Head: 4

Layer [19], Head: 5

Layer [19], Head: 6

Layer [19], Head: 7

Layer [19], Head: 8

Layer [19], Head: 9

Layer [19], Head: 10

Layer [19], Head: 11

Layer [19], Head: 12

Layer [19], Head: 13

Layer [19], Head: 14

Layer [19], Head: 15

Layer [20], Head: 0

Layer [20], Head: 1

Layer [20], Head: 2

Layer [20], Head: 3

Layer [20], Head: 4

Layer [20], Head: 5

Layer [20], Head: 6

Layer [20], Head: 7

Layer [20], Head: 8

Layer [20], Head: 9

Layer [20], Head: 10

Layer [20], Head: 11

Layer [20], Head: 12

Layer [20], Head: 13

Layer [20], Head: 14

Layer [20], Head: 15

Layer [21], Head: 0

Layer [21], Head: 1

Layer [21], Head: 2

Layer [21], Head: 3

Layer [21], Head: 4

Layer [21], Head: 5

Layer [21], Head: 6

Layer [21], Head: 7

Layer [21], Head: 8

Layer [21], Head: 9

Layer [21], Head: 10

Layer [21], Head: 11

Layer [21], Head: 12

Layer [21], Head: 13

Layer [21], Head: 14

Layer [21], Head: 15

Layer [22], Head: 0

Layer [22], Head: 1

Layer [22], Head: 2

Layer [22], Head: 3

Layer [22], Head: 4

Layer [22], Head: 5

Layer [22], Head: 6

Layer [22], Head: 7

Layer [22], Head: 8

Layer [22], Head: 9

Layer [22], Head: 10

Layer [22], Head: 11

Layer [22], Head: 12

Layer [22], Head: 13

Layer [22], Head: 14

Layer [22], Head: 15

Layer [23], Head: 0

Layer [23], Head: 1

Layer [23], Head: 2

Layer [23], Head: 3

Layer [23], Head: 4

Layer [23], Head: 5

Layer [23], Head: 6

Layer [23], Head: 7

Layer [23], Head: 8

Layer [23], Head: 9

Layer [23], Head: 10

Layer [23], Head: 11

Layer [23], Head: 12

Layer [23], Head: 13

Layer [23], Head: 14

Layer [23], Head: 15

Layer [0], Head: -1

Layer [1], Head: -1

Layer [2], Head: -1

Layer [3], Head: -1

Layer [4], Head: -1

Layer [5], Head: -1

Layer [6], Head: -1

Layer [7], Head: -1

Layer [8], Head: -1

Layer [9], Head: -1

Layer [10], Head: -1

Layer [11], Head: -1

Layer [12], Head: -1

Layer [13], Head: -1

Layer [14], Head: -1

Layer [15], Head: -1

Layer [16], Head: -1

Layer [17], Head: -1

Layer [18], Head: -1

Layer [19], Head: -1

Layer [20], Head: -1

Layer [21], Head: -1

Layer [22], Head: -1

Layer [23], Head: -1

Layer [24], Head: -1

Layer [-1], Head: -1
Accuracy (image->label / label->image) -- model(full): 83.50/91.00  PC: 83.25/91.00  text_self: 82.95/96.00  text_ref: 83.55/95.00  image_self: 83.75/92.00  image_ref: 83.40/91.00
Number of layers: 24
  [image_set] pool = imagenet (5000 images)

Layer [0], Head: 0

Layer [0], Head: 1

Layer [0], Head: 2

Layer [0], Head: 3

Layer [0], Head: 4

Layer [0], Head: 5

Layer [0], Head: 6

Layer [0], Head: 7

Layer [0], Head: 8

Layer [0], Head: 9

Layer [0], Head: 10

Layer [0], Head: 11

Layer [0], Head: 12

Layer [0], Head: 13

Layer [0], Head: 14

Layer [0], Head: 15

Layer [1], Head: 0

Layer [1], Head: 1

Layer [1], Head: 2

Layer [1], Head: 3

Layer [1], Head: 4

Layer [1], Head: 5

Layer [1], Head: 6

Layer [1], Head: 7

Layer [1], Head: 8

Layer [1], Head: 9

Layer [1], Head: 10

Layer [1], Head: 11

Layer [1], Head: 12

Layer [1], Head: 13

Layer [1], Head: 14

Layer [1], Head: 15

Layer [2], Head: 0

Layer [2], Head: 1

Layer [2], Head: 2

Layer [2], Head: 3

Layer [2], Head: 4

Layer [2], Head: 5

Layer [2], Head: 6

Layer [2], Head: 7

Layer [2], Head: 8

Layer [2], Head: 9

Layer [2], Head: 10

Layer [2], Head: 11

Layer [2], Head: 12

Layer [2], Head: 13

Layer [2], Head: 14

Layer [2], Head: 15

Layer [3], Head: 0

Layer [3], Head: 1

Layer [3], Head: 2

Layer [3], Head: 3

Layer [3], Head: 4

Layer [3], Head: 5

Layer [3], Head: 6

Layer [3], Head: 7

Layer [3], Head: 8

Layer [3], Head: 9

Layer [3], Head: 10

Layer [3], Head: 11

Layer [3], Head: 12

Layer [3], Head: 13

Layer [3], Head: 14

Layer [3], Head: 15

Layer [4], Head: 0

Layer [4], Head: 1

Layer [4], Head: 2

Layer [4], Head: 3

Layer [4], Head: 4

Layer [4], Head: 5

Layer [4], Head: 6

Layer [4], Head: 7

Layer [4], Head: 8

Layer [4], Head: 9

Layer [4], Head: 10

Layer [4], Head: 11

Layer [4], Head: 12

Layer [4], Head: 13

Layer [4], Head: 14

Layer [4], Head: 15

Layer [5], Head: 0

Layer [5], Head: 1

Layer [5], Head: 2

Layer [5], Head: 3

Layer [5], Head: 4

Layer [5], Head: 5

Layer [5], Head: 6

Layer [5], Head: 7

Layer [5], Head: 8

Layer [5], Head: 9

Layer [5], Head: 10

Layer [5], Head: 11

Layer [5], Head: 12

Layer [5], Head: 13

Layer [5], Head: 14

Layer [5], Head: 15

Layer [6], Head: 0

Layer [6], Head: 1

Layer [6], Head: 2

Layer [6], Head: 3

Layer [6], Head: 4

Layer [6], Head: 5

Layer [6], Head: 6

Layer [6], Head: 7

Layer [6], Head: 8

Layer [6], Head: 9

Layer [6], Head: 10

Layer [6], Head: 11

Layer [6], Head: 12

Layer [6], Head: 13

Layer [6], Head: 14

Layer [6], Head: 15

Layer [7], Head: 0

Layer [7], Head: 1

Layer [7], Head: 2

Layer [7], Head: 3

Layer [7], Head: 4

Layer [7], Head: 5

Layer [7], Head: 6

Layer [7], Head: 7

Layer [7], Head: 8

Layer [7], Head: 9

Layer [7], Head: 10

Layer [7], Head: 11

Layer [7], Head: 12

Layer [7], Head: 13

Layer [7], Head: 14

Layer [7], Head: 15

Layer [8], Head: 0

Layer [8], Head: 1

Layer [8], Head: 2

Layer [8], Head: 3

Layer [8], Head: 4

Layer [8], Head: 5

Layer [8], Head: 6

Layer [8], Head: 7

Layer [8], Head: 8

Layer [8], Head: 9

Layer [8], Head: 10

Layer [8], Head: 11

Layer [8], Head: 12

Layer [8], Head: 13

Layer [8], Head: 14

Layer [8], Head: 15

Layer [9], Head: 0

Layer [9], Head: 1

Layer [9], Head: 2

Layer [9], Head: 3

Layer [9], Head: 4

Layer [9], Head: 5

Layer [9], Head: 6

Layer [9], Head: 7

Layer [9], Head: 8

Layer [9], Head: 9

Layer [9], Head: 10

Layer [9], Head: 11

Layer [9], Head: 12

Layer [9], Head: 13

Layer [9], Head: 14

Layer [9], Head: 15

Layer [10], Head: 0

Layer [10], Head: 1

Layer [10], Head: 2

Layer [10], Head: 3

Layer [10], Head: 4

Layer [10], Head: 5

Layer [10], Head: 6

Layer [10], Head: 7

Layer [10], Head: 8

Layer [10], Head: 9

Layer [10], Head: 10

Layer [10], Head: 11

Layer [10], Head: 12

Layer [10], Head: 13

Layer [10], Head: 14

Layer [10], Head: 15

Layer [11], Head: 0

Layer [11], Head: 1

Layer [11], Head: 2

Layer [11], Head: 3

Layer [11], Head: 4

Layer [11], Head: 5

Layer [11], Head: 6

Layer [11], Head: 7

Layer [11], Head: 8

Layer [11], Head: 9

Layer [11], Head: 10

Layer [11], Head: 11

Layer [11], Head: 12

Layer [11], Head: 13

Layer [11], Head: 14

Layer [11], Head: 15

Layer [12], Head: 0

Layer [12], Head: 1

Layer [12], Head: 2

Layer [12], Head: 3

Layer [12], Head: 4

Layer [12], Head: 5

Layer [12], Head: 6

Layer [12], Head: 7

Layer [12], Head: 8

Layer [12], Head: 9

Layer [12], Head: 10

Layer [12], Head: 11

Layer [12], Head: 12

Layer [12], Head: 13

Layer [12], Head: 14

Layer [12], Head: 15

Layer [13], Head: 0

Layer [13], Head: 1

Layer [13], Head: 2

Layer [13], Head: 3

Layer [13], Head: 4

Layer [13], Head: 5

Layer [13], Head: 6

Layer [13], Head: 7

Layer [13], Head: 8

Layer [13], Head: 9

Layer [13], Head: 10

Layer [13], Head: 11

Layer [13], Head: 12

Layer [13], Head: 13

Layer [13], Head: 14

Layer [13], Head: 15

Layer [14], Head: 0

Layer [14], Head: 1

Layer [14], Head: 2

Layer [14], Head: 3

Layer [14], Head: 4

Layer [14], Head: 5

Layer [14], Head: 6

Layer [14], Head: 7

Layer [14], Head: 8

Layer [14], Head: 9

Layer [14], Head: 10

Layer [14], Head: 11

Layer [14], Head: 12

Layer [14], Head: 13

Layer [14], Head: 14

Layer [14], Head: 15

Layer [15], Head: 0

Layer [15], Head: 1

Layer [15], Head: 2

Layer [15], Head: 3

Layer [15], Head: 4

Layer [15], Head: 5

Layer [15], Head: 6

Layer [15], Head: 7

Layer [15], Head: 8

Layer [15], Head: 9

Layer [15], Head: 10

Layer [15], Head: 11

Layer [15], Head: 12

Layer [15], Head: 13

Layer [15], Head: 14

Layer [15], Head: 15

Layer [16], Head: 0

Layer [16], Head: 1

Layer [16], Head: 2

Layer [16], Head: 3

Layer [16], Head: 4

Layer [16], Head: 5

Layer [16], Head: 6

Layer [16], Head: 7

Layer [16], Head: 8

Layer [16], Head: 9

Layer [16], Head: 10

Layer [16], Head: 11

Layer [16], Head: 12

Layer [16], Head: 13

Layer [16], Head: 14

Layer [16], Head: 15

Layer [17], Head: 0

Layer [17], Head: 1

Layer [17], Head: 2

Layer [17], Head: 3

Layer [17], Head: 4

Layer [17], Head: 5

Layer [17], Head: 6

Layer [17], Head: 7

Layer [17], Head: 8

Layer [17], Head: 9

Layer [17], Head: 10

Layer [17], Head: 11

Layer [17], Head: 12

Layer [17], Head: 13

Layer [17], Head: 14

Layer [17], Head: 15

Layer [18], Head: 0

Layer [18], Head: 1

Layer [18], Head: 2

Layer [18], Head: 3

Layer [18], Head: 4

Layer [18], Head: 5

Layer [18], Head: 6

Layer [18], Head: 7

Layer [18], Head: 8

Layer [18], Head: 9

Layer [18], Head: 10

Layer [18], Head: 11

Layer [18], Head: 12

Layer [18], Head: 13

Layer [18], Head: 14

Layer [18], Head: 15

Layer [19], Head: 0

Layer [19], Head: 1

Layer [19], Head: 2

Layer [19], Head: 3

Layer [19], Head: 4

Layer [19], Head: 5

Layer [19], Head: 6

Layer [19], Head: 7

Layer [19], Head: 8

Layer [19], Head: 9

Layer [19], Head: 10

Layer [19], Head: 11

Layer [19], Head: 12

Layer [19], Head: 13

Layer [19], Head: 14

Layer [19], Head: 15

Layer [20], Head: 0

Layer [20], Head: 1

Layer [20], Head: 2

Layer [20], Head: 3

Layer [20], Head: 4

Layer [20], Head: 5

Layer [20], Head: 6

Layer [20], Head: 7

Layer [20], Head: 8

Layer [20], Head: 9

Layer [20], Head: 10

Layer [20], Head: 11

Layer [20], Head: 12

Layer [20], Head: 13

Layer [20], Head: 14

Layer [20], Head: 15

Layer [21], Head: 0

Layer [21], Head: 1

Layer [21], Head: 2

Layer [21], Head: 3

Layer [21], Head: 4

Layer [21], Head: 5

Layer [21], Head: 6

Layer [21], Head: 7

Layer [21], Head: 8

Layer [21], Head: 9

Layer [21], Head: 10

Layer [21], Head: 11

Layer [21], Head: 12

Layer [21], Head: 13

Layer [21], Head: 14

Layer [21], Head: 15

Layer [22], Head: 0

Layer [22], Head: 1

Layer [22], Head: 2

Layer [22], Head: 3

Layer [22], Head: 4

Layer [22], Head: 5

Layer [22], Head: 6

Layer [22], Head: 7

Layer [22], Head: 8

Layer [22], Head: 9

Layer [22], Head: 10

Layer [22], Head: 11

Layer [22], Head: 12

Layer [22], Head: 13

Layer [22], Head: 14

Layer [22], Head: 15

Layer [23], Head: 0

Layer [23], Head: 1

Layer [23], Head: 2

Layer [23], Head: 3

Layer [23], Head: 4

Layer [23], Head: 5

Layer [23], Head: 6

Layer [23], Head: 7

Layer [23], Head: 8

Layer [23], Head: 9

Layer [23], Head: 10

Layer [23], Head: 11

Layer [23], Head: 12

Layer [23], Head: 13

Layer [23], Head: 14

Layer [23], Head: 15

Layer [0], Head: -1

Layer [1], Head: -1

Layer [2], Head: -1

Layer [3], Head: -1

Layer [4], Head: -1

Layer [5], Head: -1

Layer [6], Head: -1

Layer [7], Head: -1

Layer [8], Head: -1

Layer [9], Head: -1

Layer [10], Head: -1

Layer [11], Head: -1

Layer [12], Head: -1

Layer [13], Head: -1

Layer [14], Head: -1

Layer [15], Head: -1

Layer [16], Head: -1

Layer [17], Head: -1

Layer [18], Head: -1

Layer [19], Head: -1

Layer [20], Head: -1

Layer [21], Head: -1

Layer [22], Head: -1

Layer [23], Head: -1

Layer [24], Head: -1

Layer [-1], Head: -1
Accuracy (image->label / label->image) -- model(full): 73.90/100.00  PC: 74.05/100.00  text_self: 74.05/50.00  text_ref: 73.90/50.00  image_self: 73.90/100.00  image_ref: 74.20/100.00
Number of layers: 24
  [image_set] pool = imagenet (5000 images)

Layer [0], Head: 0

Layer [0], Head: 1

Layer [0], Head: 2

Layer [0], Head: 3

Layer [0], Head: 4

Layer [0], Head: 5

Layer [0], Head: 6

Layer [0], Head: 7

Layer [0], Head: 8

Layer [0], Head: 9

Layer [0], Head: 10

Layer [0], Head: 11

Layer [0], Head: 12

Layer [0], Head: 13

Layer [0], Head: 14

Layer [0], Head: 15

Layer [1], Head: 0

Layer [1], Head: 1

Layer [1], Head: 2

Layer [1], Head: 3

Layer [1], Head: 4

Layer [1], Head: 5

Layer [1], Head: 6

Layer [1], Head: 7

Layer [1], Head: 8

Layer [1], Head: 9

Layer [1], Head: 10

Layer [1], Head: 11

Layer [1], Head: 12

Layer [1], Head: 13

Layer [1], Head: 14

Layer [1], Head: 15

Layer [2], Head: 0

Layer [2], Head: 1

Layer [2], Head: 2

Layer [2], Head: 3

Layer [2], Head: 4

Layer [2], Head: 5

Layer [2], Head: 6

Layer [2], Head: 7

Layer [2], Head: 8

Layer [2], Head: 9

Layer [2], Head: 10

Layer [2], Head: 11

Layer [2], Head: 12

Layer [2], Head: 13

Layer [2], Head: 14

Layer [2], Head: 15

Layer [3], Head: 0

Layer [3], Head: 1

Layer [3], Head: 2

Layer [3], Head: 3

Layer [3], Head: 4

Layer [3], Head: 5

Layer [3], Head: 6

Layer [3], Head: 7

Layer [3], Head: 8

Layer [3], Head: 9

Layer [3], Head: 10

Layer [3], Head: 11

Layer [3], Head: 12

Layer [3], Head: 13

Layer [3], Head: 14

Layer [3], Head: 15

Layer [4], Head: 0

Layer [4], Head: 1

Layer [4], Head: 2

Layer [4], Head: 3

Layer [4], Head: 4

Layer [4], Head: 5

Layer [4], Head: 6

Layer [4], Head: 7

Layer [4], Head: 8

Layer [4], Head: 9

Layer [4], Head: 10

Layer [4], Head: 11

Layer [4], Head: 12

Layer [4], Head: 13

Layer [4], Head: 14

Layer [4], Head: 15

Layer [5], Head: 0

Layer [5], Head: 1

Layer [5], Head: 2

Layer [5], Head: 3

Layer [5], Head: 4

Layer [5], Head: 5

Layer [5], Head: 6

Layer [5], Head: 7

Layer [5], Head: 8

Layer [5], Head: 9

Layer [5], Head: 10

Layer [5], Head: 11

Layer [5], Head: 12

Layer [5], Head: 13

Layer [5], Head: 14

Layer [5], Head: 15

Layer [6], Head: 0

Layer [6], Head: 1

Layer [6], Head: 2

Layer [6], Head: 3

Layer [6], Head: 4

Layer [6], Head: 5

Layer [6], Head: 6

Layer [6], Head: 7

Layer [6], Head: 8

Layer [6], Head: 9

Layer [6], Head: 10

Layer [6], Head: 11

Layer [6], Head: 12

Layer [6], Head: 13

Layer [6], Head: 14

Layer [6], Head: 15

Layer [7], Head: 0

Layer [7], Head: 1

Layer [7], Head: 2

Layer [7], Head: 3

Layer [7], Head: 4

Layer [7], Head: 5

Layer [7], Head: 6

Layer [7], Head: 7

Layer [7], Head: 8

Layer [7], Head: 9

Layer [7], Head: 10

Layer [7], Head: 11

Layer [7], Head: 12

Layer [7], Head: 13

Layer [7], Head: 14

Layer [7], Head: 15

Layer [8], Head: 0

Layer [8], Head: 1

Layer [8], Head: 2

Layer [8], Head: 3

Layer [8], Head: 4

Layer [8], Head: 5

Layer [8], Head: 6

Layer [8], Head: 7

Layer [8], Head: 8

Layer [8], Head: 9

Layer [8], Head: 10

Layer [8], Head: 11

Layer [8], Head: 12

Layer [8], Head: 13

Layer [8], Head: 14

Layer [8], Head: 15

Layer [9], Head: 0

Layer [9], Head: 1

Layer [9], Head: 2

Layer [9], Head: 3

Layer [9], Head: 4

Layer [9], Head: 5

Layer [9], Head: 6

Layer [9], Head: 7

Layer [9], Head: 8

Layer [9], Head: 9

Layer [9], Head: 10

Layer [9], Head: 11

Layer [9], Head: 12

Layer [9], Head: 13

Layer [9], Head: 14

Layer [9], Head: 15

Layer [10], Head: 0

Layer [10], Head: 1

Layer [10], Head: 2

Layer [10], Head: 3

Layer [10], Head: 4

Layer [10], Head: 5

Layer [10], Head: 6

Layer [10], Head: 7

Layer [10], Head: 8

Layer [10], Head: 9

Layer [10], Head: 10

Layer [10], Head: 11

Layer [10], Head: 12

Layer [10], Head: 13

Layer [10], Head: 14

Layer [10], Head: 15

Layer [11], Head: 0

Layer [11], Head: 1

Layer [11], Head: 2

Layer [11], Head: 3

Layer [11], Head: 4

Layer [11], Head: 5

Layer [11], Head: 6

Layer [11], Head: 7

Layer [11], Head: 8

Layer [11], Head: 9

Layer [11], Head: 10

Layer [11], Head: 11

Layer [11], Head: 12

Layer [11], Head: 13

Layer [11], Head: 14

Layer [11], Head: 15

Layer [12], Head: 0

Layer [12], Head: 1

Layer [12], Head: 2

Layer [12], Head: 3

Layer [12], Head: 4

Layer [12], Head: 5

Layer [12], Head: 6

Layer [12], Head: 7

Layer [12], Head: 8

Layer [12], Head: 9

Layer [12], Head: 10

Layer [12], Head: 11

Layer [12], Head: 12

Layer [12], Head: 13

Layer [12], Head: 14

Layer [12], Head: 15

Layer [13], Head: 0

Layer [13], Head: 1

Layer [13], Head: 2

Layer [13], Head: 3

Layer [13], Head: 4

Layer [13], Head: 5

Layer [13], Head: 6

Layer [13], Head: 7

Layer [13], Head: 8

Layer [13], Head: 9

Layer [13], Head: 10

Layer [13], Head: 11

Layer [13], Head: 12

Layer [13], Head: 13

Layer [13], Head: 14

Layer [13], Head: 15

Layer [14], Head: 0

Layer [14], Head: 1

Layer [14], Head: 2

Layer [14], Head: 3

Layer [14], Head: 4

Layer [14], Head: 5

Layer [14], Head: 6

Layer [14], Head: 7

Layer [14], Head: 8

Layer [14], Head: 9

Layer [14], Head: 10

Layer [14], Head: 11

Layer [14], Head: 12

Layer [14], Head: 13

Layer [14], Head: 14

Layer [14], Head: 15

Layer [15], Head: 0

Layer [15], Head: 1

Layer [15], Head: 2

Layer [15], Head: 3

Layer [15], Head: 4

Layer [15], Head: 5

Layer [15], Head: 6

Layer [15], Head: 7

Layer [15], Head: 8

Layer [15], Head: 9

Layer [15], Head: 10

Layer [15], Head: 11

Layer [15], Head: 12

Layer [15], Head: 13

Layer [15], Head: 14

Layer [15], Head: 15

Layer [16], Head: 0

Layer [16], Head: 1

Layer [16], Head: 2

Layer [16], Head: 3

Layer [16], Head: 4

Layer [16], Head: 5

Layer [16], Head: 6

Layer [16], Head: 7

Layer [16], Head: 8

Layer [16], Head: 9

Layer [16], Head: 10

Layer [16], Head: 11

Layer [16], Head: 12

Layer [16], Head: 13

Layer [16], Head: 14

Layer [16], Head: 15

Layer [17], Head: 0

Layer [17], Head: 1

Layer [17], Head: 2

Layer [17], Head: 3

Layer [17], Head: 4

Layer [17], Head: 5

Layer [17], Head: 6

Layer [17], Head: 7

Layer [17], Head: 8

Layer [17], Head: 9

Layer [17], Head: 10

Layer [17], Head: 11

Layer [17], Head: 12

Layer [17], Head: 13

Layer [17], Head: 14

Layer [17], Head: 15

Layer [18], Head: 0

Layer [18], Head: 1

Layer [18], Head: 2

Layer [18], Head: 3

Layer [18], Head: 4

Layer [18], Head: 5

Layer [18], Head: 6

Layer [18], Head: 7

Layer [18], Head: 8

Layer [18], Head: 9

Layer [18], Head: 10

Layer [18], Head: 11

Layer [18], Head: 12

Layer [18], Head: 13

Layer [18], Head: 14

Layer [18], Head: 15

Layer [19], Head: 0

Layer [19], Head: 1

Layer [19], Head: 2

Layer [19], Head: 3

Layer [19], Head: 4

Layer [19], Head: 5

Layer [19], Head: 6

Layer [19], Head: 7

Layer [19], Head: 8

Layer [19], Head: 9

Layer [19], Head: 10

Layer [19], Head: 11

Layer [19], Head: 12

Layer [19], Head: 13

Layer [19], Head: 14

Layer [19], Head: 15

Layer [20], Head: 0

Layer [20], Head: 1

Layer [20], Head: 2

Layer [20], Head: 3

Layer [20], Head: 4

Layer [20], Head: 5

Layer [20], Head: 6

Layer [20], Head: 7

Layer [20], Head: 8

Layer [20], Head: 9

Layer [20], Head: 10

Layer [20], Head: 11

Layer [20], Head: 12

Layer [20], Head: 13

Layer [20], Head: 14

Layer [20], Head: 15

Layer [21], Head: 0

Layer [21], Head: 1

Layer [21], Head: 2

Layer [21], Head: 3

Layer [21], Head: 4

Layer [21], Head: 5

Layer [21], Head: 6

Layer [21], Head: 7

Layer [21], Head: 8

Layer [21], Head: 9

Layer [21], Head: 10

Layer [21], Head: 11

Layer [21], Head: 12

Layer [21], Head: 13

Layer [21], Head: 14

Layer [21], Head: 15

Layer [22], Head: 0

Layer [22], Head: 1

Layer [22], Head: 2

Layer [22], Head: 3

Layer [22], Head: 4

Layer [22], Head: 5

Layer [22], Head: 6

Layer [22], Head: 7

Layer [22], Head: 8

Layer [22], Head: 9

Layer [22], Head: 10

Layer [22], Head: 11

Layer [22], Head: 12

Layer [22], Head: 13

Layer [22], Head: 14

Layer [22], Head: 15

Layer [23], Head: 0

Layer [23], Head: 1

Layer [23], Head: 2

Layer [23], Head: 3

Layer [23], Head: 4

Layer [23], Head: 5

Layer [23], Head: 6

Layer [23], Head: 7

Layer [23], Head: 8

Layer [23], Head: 9

Layer [23], Head: 10

Layer [23], Head: 11

Layer [23], Head: 12

Layer [23], Head: 13

Layer [23], Head: 14

Layer [23], Head: 15

Layer [0], Head: -1

Layer [1], Head: -1

Layer [2], Head: -1

Layer [3], Head: -1

Layer [4], Head: -1

Layer [5], Head: -1

Layer [6], Head: -1

Layer [7], Head: -1

Layer [8], Head: -1

Layer [9], Head: -1

Layer [10], Head: -1

Layer [11], Head: -1

Layer [12], Head: -1

Layer [13], Head: -1

Layer [14], Head: -1

Layer [15], Head: -1

Layer [16], Head: -1

Layer [17], Head: -1

Layer [18], Head: -1

Layer [19], Head: -1

Layer [20], Head: -1

Layer [21], Head: -1

Layer [22], Head: -1

Layer [23], Head: -1

Layer [24], Head: -1

Layer [-1], Head: -1
Accuracy (image->label / label->image) -- model(full): 91.73/96.97  PC: 91.73/96.97  text_self: 91.68/97.98  text_ref: 91.83/96.97  image_self: 91.53/98.99  image_ref: 91.63/97.98
Number of layers: 24
  [image_set] pool = imagenet (5000 images)

Layer [0], Head: 0

Layer [0], Head: 1

Layer [0], Head: 2

Layer [0], Head: 3

Layer [0], Head: 4

Layer [0], Head: 5

Layer [0], Head: 6

Layer [0], Head: 7

Layer [0], Head: 8

Layer [0], Head: 9

Layer [0], Head: 10

Layer [0], Head: 11

Layer [0], Head: 12

Layer [0], Head: 13

Layer [0], Head: 14

Layer [0], Head: 15

Layer [1], Head: 0

Layer [1], Head: 1

Layer [1], Head: 2

Layer [1], Head: 3

Layer [1], Head: 4

Layer [1], Head: 5

Layer [1], Head: 6

Layer [1], Head: 7

Layer [1], Head: 8

Layer [1], Head: 9

Layer [1], Head: 10

Layer [1], Head: 11

Layer [1], Head: 12

Layer [1], Head: 13

Layer [1], Head: 14

Layer [1], Head: 15

Layer [2], Head: 0

Layer [2], Head: 1

Layer [2], Head: 2

Layer [2], Head: 3

Layer [2], Head: 4

Layer [2], Head: 5

Layer [2], Head: 6

Layer [2], Head: 7

Layer [2], Head: 8

Layer [2], Head: 9

Layer [2], Head: 10

Layer [2], Head: 11

Layer [2], Head: 12

Layer [2], Head: 13

Layer [2], Head: 14

Layer [2], Head: 15

Layer [3], Head: 0

Layer [3], Head: 1

Layer [3], Head: 2

Layer [3], Head: 3

Layer [3], Head: 4

Layer [3], Head: 5

Layer [3], Head: 6

Layer [3], Head: 7

Layer [3], Head: 8

Layer [3], Head: 9

Layer [3], Head: 10

Layer [3], Head: 11

Layer [3], Head: 12

Layer [3], Head: 13

Layer [3], Head: 14

Layer [3], Head: 15

Layer [4], Head: 0

Layer [4], Head: 1

Layer [4], Head: 2

Layer [4], Head: 3

Layer [4], Head: 4

Layer [4], Head: 5

Layer [4], Head: 6

Layer [4], Head: 7

Layer [4], Head: 8

Layer [4], Head: 9

Layer [4], Head: 10

Layer [4], Head: 11

Layer [4], Head: 12

Layer [4], Head: 13

Layer [4], Head: 14

Layer [4], Head: 15

Layer [5], Head: 0

Layer [5], Head: 1

Layer [5], Head: 2

Layer [5], Head: 3

Layer [5], Head: 4

Layer [5], Head: 5

Layer [5], Head: 6

Layer [5], Head: 7

Layer [5], Head: 8

Layer [5], Head: 9

Layer [5], Head: 10

Layer [5], Head: 11

Layer [5], Head: 12

Layer [5], Head: 13

Layer [5], Head: 14

Layer [5], Head: 15

Layer [6], Head: 0

Layer [6], Head: 1

Layer [6], Head: 2

Layer [6], Head: 3

Layer [6], Head: 4

Layer [6], Head: 5

Layer [6], Head: 6

Layer [6], Head: 7

Layer [6], Head: 8

Layer [6], Head: 9

Layer [6], Head: 10

Layer [6], Head: 11

Layer [6], Head: 12

Layer [6], Head: 13

Layer [6], Head: 14

Layer [6], Head: 15

Layer [7], Head: 0

Layer [7], Head: 1

Layer [7], Head: 2

Layer [7], Head: 3

Layer [7], Head: 4

Layer [7], Head: 5

Layer [7], Head: 6

Layer [7], Head: 7

Layer [7], Head: 8

Layer [7], Head: 9

Layer [7], Head: 10

Layer [7], Head: 11

Layer [7], Head: 12

Layer [7], Head: 13

Layer [7], Head: 14

Layer [7], Head: 15

Layer [8], Head: 0

Layer [8], Head: 1

Layer [8], Head: 2

Layer [8], Head: 3

Layer [8], Head: 4

Layer [8], Head: 5

Layer [8], Head: 6

Layer [8], Head: 7

Layer [8], Head: 8

Layer [8], Head: 9

Layer [8], Head: 10

Layer [8], Head: 11

Layer [8], Head: 12

Layer [8], Head: 13

Layer [8], Head: 14

Layer [8], Head: 15

Layer [9], Head: 0

Layer [9], Head: 1

Layer [9], Head: 2

Layer [9], Head: 3

Layer [9], Head: 4

Layer [9], Head: 5

Layer [9], Head: 6

Layer [9], Head: 7

Layer [9], Head: 8

Layer [9], Head: 9

Layer [9], Head: 10

Layer [9], Head: 11

Layer [9], Head: 12

Layer [9], Head: 13

Layer [9], Head: 14

Layer [9], Head: 15

Layer [10], Head: 0

Layer [10], Head: 1

Layer [10], Head: 2

Layer [10], Head: 3

Layer [10], Head: 4

Layer [10], Head: 5

Layer [10], Head: 6

Layer [10], Head: 7

Layer [10], Head: 8

Layer [10], Head: 9

Layer [10], Head: 10

Layer [10], Head: 11

Layer [10], Head: 12

Layer [10], Head: 13

Layer [10], Head: 14

Layer [10], Head: 15

Layer [11], Head: 0

Layer [11], Head: 1

Layer [11], Head: 2

Layer [11], Head: 3

Layer [11], Head: 4

Layer [11], Head: 5

Layer [11], Head: 6

Layer [11], Head: 7

Layer [11], Head: 8

Layer [11], Head: 9

Layer [11], Head: 10

Layer [11], Head: 11

Layer [11], Head: 12

Layer [11], Head: 13

Layer [11], Head: 14

Layer [11], Head: 15

Layer [12], Head: 0

Layer [12], Head: 1

Layer [12], Head: 2

Layer [12], Head: 3

Layer [12], Head: 4

Layer [12], Head: 5

Layer [12], Head: 6

Layer [12], Head: 7

Layer [12], Head: 8

Layer [12], Head: 9

Layer [12], Head: 10

Layer [12], Head: 11

Layer [12], Head: 12

Layer [12], Head: 13

Layer [12], Head: 14

Layer [12], Head: 15

Layer [13], Head: 0

Layer [13], Head: 1

Layer [13], Head: 2

Layer [13], Head: 3

Layer [13], Head: 4

Layer [13], Head: 5

Layer [13], Head: 6

Layer [13], Head: 7

Layer [13], Head: 8

Layer [13], Head: 9

Layer [13], Head: 10

Layer [13], Head: 11

Layer [13], Head: 12

Layer [13], Head: 13

Layer [13], Head: 14

Layer [13], Head: 15

Layer [14], Head: 0

Layer [14], Head: 1

Layer [14], Head: 2

Layer [14], Head: 3

Layer [14], Head: 4

Layer [14], Head: 5

Layer [14], Head: 6

Layer [14], Head: 7

Layer [14], Head: 8

Layer [14], Head: 9

Layer [14], Head: 10

Layer [14], Head: 11

Layer [14], Head: 12

Layer [14], Head: 13

Layer [14], Head: 14

Layer [14], Head: 15

Layer [15], Head: 0

Layer [15], Head: 1

Layer [15], Head: 2

Layer [15], Head: 3

Layer [15], Head: 4

Layer [15], Head: 5

Layer [15], Head: 6

Layer [15], Head: 7

Layer [15], Head: 8

Layer [15], Head: 9

Layer [15], Head: 10

Layer [15], Head: 11

Layer [15], Head: 12

Layer [15], Head: 13

Layer [15], Head: 14

Layer [15], Head: 15

Layer [16], Head: 0

Layer [16], Head: 1

Layer [16], Head: 2

Layer [16], Head: 3

Layer [16], Head: 4

Layer [16], Head: 5

Layer [16], Head: 6

Layer [16], Head: 7

Layer [16], Head: 8

Layer [16], Head: 9

Layer [16], Head: 10

Layer [16], Head: 11

Layer [16], Head: 12

Layer [16], Head: 13

Layer [16], Head: 14

Layer [16], Head: 15

Layer [17], Head: 0

Layer [17], Head: 1

Layer [17], Head: 2

Layer [17], Head: 3

Layer [17], Head: 4

Layer [17], Head: 5

Layer [17], Head: 6

Layer [17], Head: 7

Layer [17], Head: 8

Layer [17], Head: 9

Layer [17], Head: 10

Layer [17], Head: 11

Layer [17], Head: 12

Layer [17], Head: 13

Layer [17], Head: 14

Layer [17], Head: 15

Layer [18], Head: 0

Layer [18], Head: 1

Layer [18], Head: 2

Layer [18], Head: 3

Layer [18], Head: 4

Layer [18], Head: 5

Layer [18], Head: 6

Layer [18], Head: 7

Layer [18], Head: 8

Layer [18], Head: 9

Layer [18], Head: 10

Layer [18], Head: 11

Layer [18], Head: 12

Layer [18], Head: 13

Layer [18], Head: 14

Layer [18], Head: 15

Layer [19], Head: 0

Layer [19], Head: 1

Layer [19], Head: 2

Layer [19], Head: 3

Layer [19], Head: 4

Layer [19], Head: 5

Layer [19], Head: 6

Layer [19], Head: 7

Layer [19], Head: 8

Layer [19], Head: 9

Layer [19], Head: 10

Layer [19], Head: 11

Layer [19], Head: 12

Layer [19], Head: 13

Layer [19], Head: 14

Layer [19], Head: 15

Layer [20], Head: 0

Layer [20], Head: 1

Layer [20], Head: 2

Layer [20], Head: 3

Layer [20], Head: 4

Layer [20], Head: 5

Layer [20], Head: 6

Layer [20], Head: 7

Layer [20], Head: 8

Layer [20], Head: 9

Layer [20], Head: 10

Layer [20], Head: 11

Layer [20], Head: 12

Layer [20], Head: 13

Layer [20], Head: 14

Layer [20], Head: 15

Layer [21], Head: 0

Layer [21], Head: 1

Layer [21], Head: 2

Layer [21], Head: 3

Layer [21], Head: 4

Layer [21], Head: 5

Layer [21], Head: 6

Layer [21], Head: 7

Layer [21], Head: 8

Layer [21], Head: 9

Layer [21], Head: 10

Layer [21], Head: 11

Layer [21], Head: 12

Layer [21], Head: 13

Layer [21], Head: 14

Layer [21], Head: 15

Layer [22], Head: 0

Layer [22], Head: 1

Layer [22], Head: 2

Layer [22], Head: 3

Layer [22], Head: 4

Layer [22], Head: 5

Layer [22], Head: 6

Layer [22], Head: 7

Layer [22], Head: 8

Layer [22], Head: 9

Layer [22], Head: 10

Layer [22], Head: 11

Layer [22], Head: 12

Layer [22], Head: 13

Layer [22], Head: 14

Layer [22], Head: 15

Layer [23], Head: 0

Layer [23], Head: 1

Layer [23], Head: 2

Layer [23], Head: 3

Layer [23], Head: 4

Layer [23], Head: 5

Layer [23], Head: 6

Layer [23], Head: 7

Layer [23], Head: 8

Layer [23], Head: 9

Layer [23], Head: 10

Layer [23], Head: 11

Layer [23], Head: 12

Layer [23], Head: 13

Layer [23], Head: 14

Layer [23], Head: 15

Layer [0], Head: -1

Layer [1], Head: -1

Layer [2], Head: -1

Layer [3], Head: -1

Layer [4], Head: -1

Layer [5], Head: -1

Layer [6], Head: -1

Layer [7], Head: -1

Layer [8], Head: -1

Layer [9], Head: -1

Layer [10], Head: -1

Layer [11], Head: -1

Layer [12], Head: -1

Layer [13], Head: -1

Layer [14], Head: -1

Layer [15], Head: -1

Layer [16], Head: -1

Layer [17], Head: -1

Layer [18], Head: -1

Layer [19], Head: -1

Layer [20], Head: -1

Layer [21], Head: -1

Layer [22], Head: -1

Layer [23], Head: -1

Layer [24], Head: -1

Layer [-1], Head: -1
Accuracy (image->label / label->image) -- model(full): 60.23/71.43  PC: 60.31/71.43  text_self: 60.31/71.43  text_ref: 59.83/85.71  image_self: 60.31/71.43  image_ref: 60.77/71.43
Number of layers: 24
  [image_set] pool = imagenet (5000 images)

Layer [0], Head: 0

Layer [0], Head: 1

Layer [0], Head: 2

Layer [0], Head: 3

Layer [0], Head: 4

Layer [0], Head: 5

Layer [0], Head: 6

Layer [0], Head: 7

Layer [0], Head: 8

Layer [0], Head: 9

Layer [0], Head: 10

Layer [0], Head: 11

Layer [0], Head: 12

Layer [0], Head: 13

Layer [0], Head: 14

Layer [0], Head: 15

Layer [1], Head: 0

Layer [1], Head: 1

Layer [1], Head: 2

Layer [1], Head: 3

Layer [1], Head: 4

Layer [1], Head: 5

Layer [1], Head: 6

Layer [1], Head: 7

Layer [1], Head: 8

Layer [1], Head: 9

Layer [1], Head: 10

Layer [1], Head: 11

Layer [1], Head: 12

Layer [1], Head: 13

Layer [1], Head: 14

Layer [1], Head: 15

Layer [2], Head: 0

Layer [2], Head: 1

Layer [2], Head: 2

Layer [2], Head: 3

Layer [2], Head: 4

Layer [2], Head: 5

Layer [2], Head: 6

Layer [2], Head: 7

Layer [2], Head: 8

Layer [2], Head: 9

Layer [2], Head: 10

Layer [2], Head: 11

Layer [2], Head: 12

Layer [2], Head: 13

Layer [2], Head: 14

Layer [2], Head: 15

Layer [3], Head: 0

Layer [3], Head: 1

Layer [3], Head: 2

Layer [3], Head: 3

Layer [3], Head: 4

Layer [3], Head: 5

Layer [3], Head: 6

Layer [3], Head: 7

Layer [3], Head: 8

Layer [3], Head: 9

Layer [3], Head: 10

Layer [3], Head: 11

Layer [3], Head: 12

Layer [3], Head: 13

Layer [3], Head: 14

Layer [3], Head: 15

Layer [4], Head: 0

Layer [4], Head: 1

Layer [4], Head: 2

Layer [4], Head: 3

Layer [4], Head: 4

Layer [4], Head: 5

Layer [4], Head: 6

Layer [4], Head: 7

Layer [4], Head: 8

Layer [4], Head: 9

Layer [4], Head: 10

Layer [4], Head: 11

Layer [4], Head: 12

Layer [4], Head: 13

Layer [4], Head: 14

Layer [4], Head: 15

Layer [5], Head: 0

Layer [5], Head: 1

Layer [5], Head: 2

Layer [5], Head: 3

Layer [5], Head: 4

Layer [5], Head: 5

Layer [5], Head: 6

Layer [5], Head: 7

Layer [5], Head: 8

Layer [5], Head: 9

Layer [5], Head: 10

Layer [5], Head: 11

Layer [5], Head: 12

Layer [5], Head: 13

Layer [5], Head: 14

Layer [5], Head: 15

Layer [6], Head: 0

Layer [6], Head: 1

Layer [6], Head: 2

Layer [6], Head: 3

Layer [6], Head: 4

Layer [6], Head: 5

Layer [6], Head: 6

Layer [6], Head: 7

Layer [6], Head: 8

Layer [6], Head: 9

Layer [6], Head: 10

Layer [6], Head: 11

Layer [6], Head: 12

Layer [6], Head: 13

Layer [6], Head: 14

Layer [6], Head: 15

Layer [7], Head: 0

Layer [7], Head: 1

Layer [7], Head: 2

Layer [7], Head: 3

Layer [7], Head: 4

Layer [7], Head: 5

Layer [7], Head: 6

Layer [7], Head: 7

Layer [7], Head: 8

Layer [7], Head: 9

Layer [7], Head: 10

Layer [7], Head: 11

Layer [7], Head: 12

Layer [7], Head: 13

Layer [7], Head: 14

Layer [7], Head: 15

Layer [8], Head: 0

Layer [8], Head: 1

Layer [8], Head: 2

Layer [8], Head: 3

Layer [8], Head: 4

Layer [8], Head: 5

Layer [8], Head: 6

Layer [8], Head: 7

Layer [8], Head: 8

Layer [8], Head: 9

Layer [8], Head: 10

Layer [8], Head: 11

Layer [8], Head: 12

Layer [8], Head: 13

Layer [8], Head: 14

Layer [8], Head: 15

Layer [9], Head: 0

Layer [9], Head: 1

Layer [9], Head: 2

Layer [9], Head: 3

Layer [9], Head: 4

Layer [9], Head: 5

Layer [9], Head: 6

Layer [9], Head: 7

Layer [9], Head: 8

Layer [9], Head: 9

Layer [9], Head: 10

Layer [9], Head: 11

Layer [9], Head: 12

Layer [9], Head: 13

Layer [9], Head: 14

Layer [9], Head: 15

Layer [10], Head: 0

Layer [10], Head: 1

Layer [10], Head: 2

Layer [10], Head: 3

Layer [10], Head: 4

Layer [10], Head: 5

Layer [10], Head: 6

Layer [10], Head: 7

Layer [10], Head: 8

Layer [10], Head: 9

Layer [10], Head: 10

Layer [10], Head: 11

Layer [10], Head: 12

Layer [10], Head: 13

Layer [10], Head: 14

Layer [10], Head: 15

Layer [11], Head: 0

Layer [11], Head: 1

Layer [11], Head: 2

Layer [11], Head: 3

Layer [11], Head: 4

Layer [11], Head: 5

Layer [11], Head: 6

Layer [11], Head: 7

Layer [11], Head: 8

Layer [11], Head: 9

Layer [11], Head: 10

Layer [11], Head: 11

Layer [11], Head: 12

Layer [11], Head: 13

Layer [11], Head: 14

Layer [11], Head: 15

Layer [12], Head: 0

Layer [12], Head: 1

Layer [12], Head: 2

Layer [12], Head: 3

Layer [12], Head: 4

Layer [12], Head: 5

Layer [12], Head: 6

Layer [12], Head: 7

Layer [12], Head: 8

Layer [12], Head: 9

Layer [12], Head: 10

Layer [12], Head: 11

Layer [12], Head: 12

Layer [12], Head: 13

Layer [12], Head: 14

Layer [12], Head: 15

Layer [13], Head: 0

Layer [13], Head: 1

Layer [13], Head: 2

Layer [13], Head: 3

Layer [13], Head: 4

Layer [13], Head: 5

Layer [13], Head: 6

Layer [13], Head: 7

Layer [13], Head: 8

Layer [13], Head: 9

Layer [13], Head: 10

Layer [13], Head: 11

Layer [13], Head: 12

Layer [13], Head: 13

Layer [13], Head: 14

Layer [13], Head: 15

Layer [14], Head: 0

Layer [14], Head: 1

Layer [14], Head: 2

Layer [14], Head: 3

Layer [14], Head: 4

Layer [14], Head: 5

Layer [14], Head: 6

Layer [14], Head: 7

Layer [14], Head: 8

Layer [14], Head: 9

Layer [14], Head: 10

Layer [14], Head: 11

Layer [14], Head: 12

Layer [14], Head: 13

Layer [14], Head: 14

Layer [14], Head: 15

Layer [15], Head: 0

Layer [15], Head: 1

Layer [15], Head: 2

Layer [15], Head: 3

Layer [15], Head: 4

Layer [15], Head: 5

Layer [15], Head: 6

Layer [15], Head: 7

Layer [15], Head: 8

Layer [15], Head: 9

Layer [15], Head: 10

Layer [15], Head: 11

Layer [15], Head: 12

Layer [15], Head: 13

Layer [15], Head: 14

Layer [15], Head: 15

Layer [16], Head: 0

Layer [16], Head: 1

Layer [16], Head: 2

Layer [16], Head: 3

Layer [16], Head: 4

Layer [16], Head: 5

Layer [16], Head: 6

Layer [16], Head: 7

Layer [16], Head: 8

Layer [16], Head: 9

Layer [16], Head: 10

Layer [16], Head: 11

Layer [16], Head: 12

Layer [16], Head: 13

Layer [16], Head: 14

Layer [16], Head: 15

Layer [17], Head: 0

Layer [17], Head: 1

Layer [17], Head: 2

Layer [17], Head: 3

Layer [17], Head: 4

Layer [17], Head: 5

Layer [17], Head: 6

Layer [17], Head: 7

Layer [17], Head: 8

Layer [17], Head: 9

Layer [17], Head: 10

Layer [17], Head: 11

Layer [17], Head: 12

Layer [17], Head: 13

Layer [17], Head: 14

Layer [17], Head: 15

Layer [18], Head: 0

Layer [18], Head: 1

Layer [18], Head: 2

Layer [18], Head: 3

Layer [18], Head: 4

Layer [18], Head: 5

Layer [18], Head: 6

Layer [18], Head: 7

Layer [18], Head: 8

Layer [18], Head: 9

Layer [18], Head: 10

Layer [18], Head: 11

Layer [18], Head: 12

Layer [18], Head: 13

Layer [18], Head: 14

Layer [18], Head: 15

Layer [19], Head: 0

Layer [19], Head: 1

Layer [19], Head: 2

Layer [19], Head: 3

Layer [19], Head: 4

Layer [19], Head: 5

Layer [19], Head: 6

Layer [19], Head: 7

Layer [19], Head: 8

Layer [19], Head: 9

Layer [19], Head: 10

Layer [19], Head: 11

Layer [19], Head: 12

Layer [19], Head: 13

Layer [19], Head: 14

Layer [19], Head: 15

Layer [20], Head: 0

Layer [20], Head: 1

Layer [20], Head: 2

Layer [20], Head: 3

Layer [20], Head: 4

Layer [20], Head: 5

Layer [20], Head: 6

Layer [20], Head: 7

Layer [20], Head: 8

Layer [20], Head: 9

Layer [20], Head: 10

Layer [20], Head: 11

Layer [20], Head: 12

Layer [20], Head: 13

Layer [20], Head: 14

Layer [20], Head: 15

Layer [21], Head: 0

Layer [21], Head: 1

Layer [21], Head: 2

Layer [21], Head: 3

Layer [21], Head: 4

Layer [21], Head: 5

Layer [21], Head: 6

Layer [21], Head: 7

Layer [21], Head: 8

Layer [21], Head: 9

Layer [21], Head: 10

Layer [21], Head: 11

Layer [21], Head: 12

Layer [21], Head: 13

Layer [21], Head: 14

Layer [21], Head: 15

Layer [22], Head: 0

Layer [22], Head: 1

Layer [22], Head: 2

Layer [22], Head: 3

Layer [22], Head: 4

Layer [22], Head: 5

Layer [22], Head: 6

Layer [22], Head: 7

Layer [22], Head: 8

Layer [22], Head: 9

Layer [22], Head: 10

Layer [22], Head: 11

Layer [22], Head: 12

Layer [22], Head: 13

Layer [22], Head: 14

Layer [22], Head: 15

Layer [23], Head: 0

Layer [23], Head: 1

Layer [23], Head: 2

Layer [23], Head: 3

Layer [23], Head: 4

Layer [23], Head: 5

Layer [23], Head: 6

Layer [23], Head: 7

Layer [23], Head: 8

Layer [23], Head: 9

Layer [23], Head: 10

Layer [23], Head: 11

Layer [23], Head: 12

Layer [23], Head: 13

Layer [23], Head: 14

Layer [23], Head: 15

Layer [0], Head: -1

Layer [1], Head: -1

Layer [2], Head: -1

Layer [3], Head: -1

Layer [4], Head: -1

Layer [5], Head: -1

Layer [6], Head: -1

Layer [7], Head: -1

Layer [8], Head: -1

Layer [9], Head: -1

Layer [10], Head: -1

Layer [11], Head: -1

Layer [12], Head: -1

Layer [13], Head: -1

Layer [14], Head: -1

Layer [15], Head: -1

Layer [16], Head: -1

Layer [17], Head: -1

Layer [18], Head: -1

Layer [19], Head: -1

Layer [20], Head: -1

Layer [21], Head: -1

Layer [22], Head: -1

Layer [23], Head: -1

Layer [24], Head: -1

Layer [-1], Head: -1
Accuracy (image->label / label->image) -- model(full): 74.60/79.20  PC: 74.66/79.10  text_self: 74.48/79.20  text_ref: 74.70/79.40  image_self: 74.64/79.10  image_ref: 74.64/79.10
Number of text layers: 12, heads: 12
Evaluating against target images: CIFAR100 (2000 images, 100 classes)
Probe modality: text (14686 probes, dim 768)
  [image_set] pool = imagenet (5000 images)

Layer [0], Head: 0

Layer [0], Head: 1

Layer [0], Head: 2

Layer [0], Head: 3

Layer [0], Head: 4

Layer [0], Head: 5

Layer [0], Head: 6

Layer [0], Head: 7

Layer [0], Head: 8

Layer [0], Head: 9

Layer [0], Head: 10

Layer [0], Head: 11

Layer [1], Head: 0

Layer [1], Head: 1

Layer [1], Head: 2

Layer [1], Head: 3

Layer [1], Head: 4

Layer [1], Head: 5

Layer [1], Head: 6

Layer [1], Head: 7

Layer [1], Head: 8

Layer [1], Head: 9

Layer [1], Head: 10

Layer [1], Head: 11

Layer [2], Head: 0

Layer [2], Head: 1

Layer [2], Head: 2

Layer [2], Head: 3

Layer [2], Head: 4

Layer [2], Head: 5

Layer [2], Head: 6

Layer [2], Head: 7

Layer [2], Head: 8

Layer [2], Head: 9

Layer [2], Head: 10

Layer [2], Head: 11

Layer [3], Head: 0

Layer [3], Head: 1

Layer [3], Head: 2

Layer [3], Head: 3

Layer [3], Head: 4

Layer [3], Head: 5

Layer [3], Head: 6

Layer [3], Head: 7

Layer [3], Head: 8

Layer [3], Head: 9

Layer [3], Head: 10

Layer [3], Head: 11

Layer [4], Head: 0

Layer [4], Head: 1

Layer [4], Head: 2

Layer [4], Head: 3

Layer [4], Head: 4

Layer [4], Head: 5

Layer [4], Head: 6

Layer [4], Head: 7

Layer [4], Head: 8

Layer [4], Head: 9

Layer [4], Head: 10

Layer [4], Head: 11

Layer [5], Head: 0

Layer [5], Head: 1

Layer [5], Head: 2

Layer [5], Head: 3

Layer [5], Head: 4

Layer [5], Head: 5

Layer [5], Head: 6

Layer [5], Head: 7

Layer [5], Head: 8

Layer [5], Head: 9

Layer [5], Head: 10

Layer [5], Head: 11

Layer [6], Head: 0

Layer [6], Head: 1

Layer [6], Head: 2

Layer [6], Head: 3

Layer [6], Head: 4

Layer [6], Head: 5

Layer [6], Head: 6

Layer [6], Head: 7

Layer [6], Head: 8

Layer [6], Head: 9

Layer [6], Head: 10

Layer [6], Head: 11

Layer [7], Head: 0

Layer [7], Head: 1

Layer [7], Head: 2

Layer [7], Head: 3

Layer [7], Head: 4

Layer [7], Head: 5

Layer [7], Head: 6

Layer [7], Head: 7

Layer [7], Head: 8

Layer [7], Head: 9

Layer [7], Head: 10

Layer [7], Head: 11

Layer [8], Head: 0

Layer [8], Head: 1

Layer [8], Head: 2

Layer [8], Head: 3

Layer [8], Head: 4

Layer [8], Head: 5

Layer [8], Head: 6

Layer [8], Head: 7

Layer [8], Head: 8

Layer [8], Head: 9

Layer [8], Head: 10

Layer [8], Head: 11

Layer [9], Head: 0

Layer [9], Head: 1

Layer [9], Head: 2

Layer [9], Head: 3

Layer [9], Head: 4

Layer [9], Head: 5

Layer [9], Head: 6

Layer [9], Head: 7

Layer [9], Head: 8

Layer [9], Head: 9

Layer [9], Head: 10

Layer [9], Head: 11

Layer [10], Head: 0

Layer [10], Head: 1

Layer [10], Head: 2

Layer [10], Head: 3

Layer [10], Head: 4

Layer [10], Head: 5

Layer [10], Head: 6

Layer [10], Head: 7

Layer [10], Head: 8

Layer [10], Head: 9

Layer [10], Head: 10

Layer [10], Head: 11

Layer [11], Head: 0

Layer [11], Head: 1

Layer [11], Head: 2

Layer [11], Head: 3

Layer [11], Head: 4

Layer [11], Head: 5

Layer [11], Head: 6

Layer [11], Head: 7

Layer [11], Head: 8

Layer [11], Head: 9

Layer [11], Head: 10

Layer [11], Head: 11

Layer [0], Head: -1

Layer [1], Head: -1

Layer [2], Head: -1

Layer [3], Head: -1

Layer [4], Head: -1

Layer [5], Head: -1

Layer [6], Head: -1

Layer [7], Head: -1

Layer [8], Head: -1

Layer [9], Head: -1

Layer [10], Head: -1

Layer [11], Head: -1

Layer [12], Head: -1

Layer [-1], Head: -1
Accuracy (image->label / label->image) -- model(full): 72.55/95.00  PC: 72.60/95.00  text_self: 71.95/94.00  text_ref: 71.25/94.00  image_self: 71.35/94.00  image_ref: 68.85/94.00
Wrote /home/virgilio/contrastive_learning/PCLens-spectral-explainability-in-CLIP-ViT-encoder/output_dir/activations_and_datasets_idxs_69/svd_data_approx_var99/CIFAR100_classnames_ViT-L-14_all_text.jsonl
[ViT-H-14 @ cuda:0] >> /home/virgilio/lib/minconda3/envs/MT/bin/python -m utils.scripts.compute_text_explanations_text --model ViT-H-14 --dataset imagenet_classnames --components all --text_descriptions top_1500_nouns_5_sentences_imagenet_clean --text_dir /home/virgilio/contrastive_learning/PCLens-spectral-explainability-in-CLIP-ViT-encoder/utils/text_descriptions --algorithm svd_data_approx --num_of_last_layers 999 --text_per_princ_comp 10 --max_text 999 --seed 69 --device cuda:0 --probe_modality text --probe_name imagenet --eval_dataset imagenet --image_set imagenet --input_dir /home/virgilio/contrastive_learning/PCLens-spectral-explainability-in-CLIP-ViT-encoder/output_dir/activations_and_datasets_idxs_69 --output_dir /home/virgilio/contrastive_learning/PCLens-spectral-explainability-in-CLIP-ViT-encoder/output_dir/activations_and_datasets_idxs_69 --out_file /home/virgilio/contrastive_learning/PCLens-spectral-explainability-in-CLIP-ViT-encoder/output_dir/activations_and_datasets_idxs_69/svd_data_approx_var99/imagenet_classnames_ViT-H-14_all_text.jsonl
  [skip] no top_1500_nouns_5_sentences_imagenet_bias_clean image activations to build top_1500_nouns_5_sentences_imagenet_bias_clean_embeddings_ViT-H-14 (gather them with extract_activations, or pick a different --probe_name).
  [skip] text tower 'top_1500_nouns_5_sentences_imagenet_bias_clean': no paired image eval set 'top_1500_nouns_5_sentences_imagenet_bias_clean' (needs top_1500_nouns_5_sentences_imagenet_bias_clean_embeddings + _labels).
[ViT-H-14 @ cuda:0] done.

======================================================================
[ViT-L-14 @ cuda:0] starting
======================================================================
[ViT-L-14 @ cuda:0] >> /home/virgilio/lib/minconda3/envs/MT/bin/python -m utils.scripts.compute_text_explanations --model ViT-L-14 --dataset CIFAR100 --components all --text_descriptions top_1500_nouns_5_sentences_imagenet_clean --text_dir /home/virgilio/contrastive_learning/PCLens-spectral-explainability-in-CLIP-ViT-encoder/utils/text_descriptions --algorithm svd_data_approx --num_of_last_layers 999 --text_per_princ_comp 10 --max_text 999 --seed 69 --device cuda:0 --image_set imagenet --input_dir /home/virgilio/contrastive_learning/PCLens-spectral-explainability-in-CLIP-ViT-encoder/output_dir/activations_and_datasets_idxs_69 --output_dir /home/virgilio/contrastive_learning/PCLens-spectral-explainability-in-CLIP-ViT-encoder/output_dir/activations_and_datasets_idxs_69 --out_file /home/virgilio/contrastive_learning/PCLens-spectral-explainability-in-CLIP-ViT-encoder/output_dir/activations_and_datasets_idxs_69/svd_data_approx_var99/CIFAR100_ViT-L-14_all_image.jsonl
[ViT-L-14 @ cuda:0] >> /home/virgilio/lib/minconda3/envs/MT/bin/python -m utils.scripts.compute_text_explanations --model ViT-L-14 --dataset binary_waterbirds --components all --text_descriptions top_1500_nouns_5_sentences_imagenet_clean --text_dir /home/virgilio/contrastive_learning/PCLens-spectral-explainability-in-CLIP-ViT-encoder/utils/text_descriptions --algorithm svd_data_approx --num_of_last_layers 999 --text_per_princ_comp 10 --max_text 999 --seed 69 --device cuda:0 --image_set imagenet --input_dir /home/virgilio/contrastive_learning/PCLens-spectral-explainability-in-CLIP-ViT-encoder/output_dir/activations_and_datasets_idxs_69 --output_dir /home/virgilio/contrastive_learning/PCLens-spectral-explainability-in-CLIP-ViT-encoder/output_dir/activations_and_datasets_idxs_69 --out_file /home/virgilio/contrastive_learning/PCLens-spectral-explainability-in-CLIP-ViT-encoder/output_dir/activations_and_datasets_idxs_69/svd_data_approx_var99/binary_waterbirds_ViT-L-14_all_image.jsonl
[ViT-L-14 @ cuda:0] >> /home/virgilio/lib/minconda3/envs/MT/bin/python -m utils.scripts.compute_text_explanations --model ViT-L-14 --dataset caltech --components all --text_descriptions top_1500_nouns_5_sentences_imagenet_clean --text_dir /home/virgilio/contrastive_learning/PCLens-spectral-explainability-in-CLIP-ViT-encoder/utils/text_descriptions --algorithm svd_data_approx --num_of_last_layers 999 --text_per_princ_comp 10 --max_text 999 --seed 69 --device cuda:0 --image_set imagenet --input_dir /home/virgilio/contrastive_learning/PCLens-spectral-explainability-in-CLIP-ViT-encoder/output_dir/activations_and_datasets_idxs_69 --output_dir /home/virgilio/contrastive_learning/PCLens-spectral-explainability-in-CLIP-ViT-encoder/output_dir/activations_and_datasets_idxs_69 --out_file /home/virgilio/contrastive_learning/PCLens-spectral-explainability-in-CLIP-ViT-encoder/output_dir/activations_and_datasets_idxs_69/svd_data_approx_var99/caltech_ViT-L-14_all_image.jsonl
[ViT-L-14 @ cuda:0] >> /home/virgilio/lib/minconda3/envs/MT/bin/python -m utils.scripts.compute_text_explanations --model ViT-L-14 --dataset fairface --components all --text_descriptions top_1500_nouns_5_sentences_imagenet_clean --text_dir /home/virgilio/contrastive_learning/PCLens-spectral-explainability-in-CLIP-ViT-encoder/utils/text_descriptions --algorithm svd_data_approx --num_of_last_layers 999 --text_per_princ_comp 10 --max_text 999 --seed 69 --device cuda:0 --image_set imagenet --input_dir /home/virgilio/contrastive_learning/PCLens-spectral-explainability-in-CLIP-ViT-encoder/output_dir/activations_and_datasets_idxs_69 --output_dir /home/virgilio/contrastive_learning/PCLens-spectral-explainability-in-CLIP-ViT-encoder/output_dir/activations_and_datasets_idxs_69 --out_file /home/virgilio/contrastive_learning/PCLens-spectral-explainability-in-CLIP-ViT-encoder/output_dir/activations_and_datasets_idxs_69/svd_data_approx_var99/fairface_ViT-L-14_all_image.jsonl
[ViT-L-14 @ cuda:0] >> /home/virgilio/lib/minconda3/envs/MT/bin/python -m utils.scripts.compute_text_explanations --model ViT-L-14 --dataset imagenet --components all --text_descriptions top_1500_nouns_5_sentences_imagenet_clean --text_dir /home/virgilio/contrastive_learning/PCLens-spectral-explainability-in-CLIP-ViT-encoder/utils/text_descriptions --algorithm svd_data_approx --num_of_last_layers 999 --text_per_princ_comp 10 --max_text 999 --seed 69 --device cuda:0 --image_set imagenet --input_dir /home/virgilio/contrastive_learning/PCLens-spectral-explainability-in-CLIP-ViT-encoder/output_dir/activations_and_datasets_idxs_69 --output_dir /home/virgilio/contrastive_learning/PCLens-spectral-explainability-in-CLIP-ViT-encoder/output_dir/activations_and_datasets_idxs_69 --out_file /home/virgilio/contrastive_learning/PCLens-spectral-explainability-in-CLIP-ViT-encoder/output_dir/activations_and_datasets_idxs_69/svd_data_approx_var99/imagenet_ViT-L-14_all_image.jsonl
[ViT-L-14 @ cuda:0] >> /home/virgilio/lib/minconda3/envs/MT/bin/python -m utils.scripts.compute_text_explanations_text --model ViT-L-14 --dataset CIFAR100_classnames --components all --text_descriptions top_1500_nouns_5_sentences_imagenet_clean --text_dir /home/virgilio/contrastive_learning/PCLens-spectral-explainability-in-CLIP-ViT-encoder/utils/text_descriptions --algorithm svd_data_approx --num_of_last_layers 999 --text_per_princ_comp 10 --max_text 999 --seed 69 --device cuda:0 --probe_modality text --probe_name imagenet --eval_dataset CIFAR100 --image_set imagenet --input_dir /home/virgilio/contrastive_learning/PCLens-spectral-explainability-in-CLIP-ViT-encoder/output_dir/activations_and_datasets_idxs_69 --output_dir /home/virgilio/contrastive_learning/PCLens-spectral-explainability-in-CLIP-ViT-encoder/output_dir/activations_and_datasets_idxs_69 --out_file /home/virgilio/contrastive_learning/PCLens-spectral-explainability-in-CLIP-ViT-encoder/output_dir/activations_and_datasets_idxs_69/svd_data_approx_var99/CIFAR100_classnames_ViT-L-14_all_text.jsonl
Number of text layers: 12, heads: 12
Evaluating against target images: binary_waterbirds (2000 images, 2 classes)
Probe modality: text (14686 probes, dim 768)
  [image_set] pool = imagenet (5000 images)

Layer [0], Head: 0

Layer [0], Head: 1

Layer [0], Head: 2

Layer [0], Head: 3

Layer [0], Head: 4

Layer [0], Head: 5

Layer [0], Head: 6

Layer [0], Head: 7

Layer [0], Head: 8

Layer [0], Head: 9

Layer [0], Head: 10

Layer [0], Head: 11

Layer [1], Head: 0

Layer [1], Head: 1

Layer [1], Head: 2

Layer [1], Head: 3

Layer [1], Head: 4

Layer [1], Head: 5

Layer [1], Head: 6

Layer [1], Head: 7

Layer [1], Head: 8

Layer [1], Head: 9

Layer [1], Head: 10

Layer [1], Head: 11

Layer [2], Head: 0

Layer [2], Head: 1

Layer [2], Head: 2

Layer [2], Head: 3

Layer [2], Head: 4

Layer [2], Head: 5

Layer [2], Head: 6

Layer [2], Head: 7

Layer [2], Head: 8

Layer [2], Head: 9

Layer [2], Head: 10

Layer [2], Head: 11

Layer [3], Head: 0

Layer [3], Head: 1

Layer [3], Head: 2

Layer [3], Head: 3

Layer [3], Head: 4

Layer [3], Head: 5

Layer [3], Head: 6

Layer [3], Head: 7

Layer [3], Head: 8

Layer [3], Head: 9

Layer [3], Head: 10

Layer [3], Head: 11

Layer [4], Head: 0

Layer [4], Head: 1

Layer [4], Head: 2

Layer [4], Head: 3

Layer [4], Head: 4

Layer [4], Head: 5

Layer [4], Head: 6

Layer [4], Head: 7

Layer [4], Head: 8

Layer [4], Head: 9

Layer [4], Head: 10

Layer [4], Head: 11

Layer [5], Head: 0

Layer [5], Head: 1

Layer [5], Head: 2

Layer [5], Head: 3

Layer [5], Head: 4

Layer [5], Head: 5

Layer [5], Head: 6

Layer [5], Head: 7

Layer [5], Head: 8

Layer [5], Head: 9

Layer [5], Head: 10

Layer [5], Head: 11

Layer [6], Head: 0

Layer [6], Head: 1

Layer [6], Head: 2

Layer [6], Head: 3

Layer [6], Head: 4

Layer [6], Head: 5

Layer [6], Head: 6

Layer [6], Head: 7

Layer [6], Head: 8

Layer [6], Head: 9

Layer [6], Head: 10

Layer [6], Head: 11

Layer [7], Head: 0

Layer [7], Head: 1

Layer [7], Head: 2

Layer [7], Head: 3

Layer [7], Head: 4

Layer [7], Head: 5

Layer [7], Head: 6

Layer [7], Head: 7

Layer [7], Head: 8

Layer [7], Head: 9

Layer [7], Head: 10

Layer [7], Head: 11

Layer [8], Head: 0

Layer [8], Head: 1

Layer [8], Head: 2

Layer [8], Head: 3

Layer [8], Head: 4

Layer [8], Head: 5

Layer [8], Head: 6

Layer [8], Head: 7

Layer [8], Head: 8

Layer [8], Head: 9

Layer [8], Head: 10

Layer [8], Head: 11

Layer [9], Head: 0

Layer [9], Head: 1

Layer [9], Head: 2

Layer [9], Head: 3

Layer [9], Head: 4

Layer [9], Head: 5

Layer [9], Head: 6

Layer [9], Head: 7

Layer [9], Head: 8

Layer [9], Head: 9

Layer [9], Head: 10

Layer [9], Head: 11

Layer [10], Head: 0

Layer [10], Head: 1

Layer [10], Head: 2

Layer [10], Head: 3

Layer [10], Head: 4

Layer [10], Head: 5

Layer [10], Head: 6

Layer [10], Head: 7

Layer [10], Head: 8

Layer [10], Head: 9

Layer [10], Head: 10

Layer [10], Head: 11

Layer [11], Head: 0

Layer [11], Head: 1

Layer [11], Head: 2

Layer [11], Head: 3

Layer [11], Head: 4

Layer [11], Head: 5

Layer [11], Head: 6

Layer [11], Head: 7

Layer [11], Head: 8

Layer [11], Head: 9

Layer [11], Head: 10

Layer [11], Head: 11

Layer [0], Head: -1

Layer [1], Head: -1

Layer [2], Head: -1

Layer [3], Head: -1

Layer [4], Head: -1

Layer [5], Head: -1

Layer [6], Head: -1

Layer [7], Head: -1

Layer [8], Head: -1

Layer [9], Head: -1

Layer [10], Head: -1

Layer [11], Head: -1

Layer [12], Head: -1

Layer [-1], Head: -1
Accuracy (image->label / label->image) -- model(full): 72.20/50.00  PC: 72.20/50.00  text_self: 72.20/50.00  text_ref: 72.20/50.00  image_self: 72.20/50.00  image_ref: 72.20/50.00
Wrote /home/virgilio/contrastive_learning/PCLens-spectral-explainability-in-CLIP-ViT-encoder/output_dir/activations_and_datasets_idxs_69/svd_data_approx_var99/binary_waterbirds_classnames_ViT-L-14_all_text.jsonl
Number of text layers: 12, heads: 12
Evaluating against target images: caltech (2020 images, 99 classes)
Probe modality: text (14686 probes, dim 768)
  [image_set] pool = imagenet (5000 images)

Layer [0], Head: 0

Layer [0], Head: 1

Layer [0], Head: 2

Layer [0], Head: 3

Layer [0], Head: 4

Layer [0], Head: 5

Layer [0], Head: 6

Layer [0], Head: 7

Layer [0], Head: 8

Layer [0], Head: 9

Layer [0], Head: 10

Layer [0], Head: 11

Layer [1], Head: 0

Layer [1], Head: 1

Layer [1], Head: 2

Layer [1], Head: 3

Layer [1], Head: 4

Layer [1], Head: 5

Layer [1], Head: 6

Layer [1], Head: 7

Layer [1], Head: 8

Layer [1], Head: 9

Layer [1], Head: 10

Layer [1], Head: 11

Layer [2], Head: 0

Layer [2], Head: 1

Layer [2], Head: 2

Layer [2], Head: 3

Layer [2], Head: 4

Layer [2], Head: 5

Layer [2], Head: 6

Layer [2], Head: 7

Layer [2], Head: 8

Layer [2], Head: 9

Layer [2], Head: 10

Layer [2], Head: 11

Layer [3], Head: 0

Layer [3], Head: 1

Layer [3], Head: 2

Layer [3], Head: 3

Layer [3], Head: 4

Layer [3], Head: 5

Layer [3], Head: 6

Layer [3], Head: 7

Layer [3], Head: 8

Layer [3], Head: 9

Layer [3], Head: 10

Layer [3], Head: 11

Layer [4], Head: 0

Layer [4], Head: 1

Layer [4], Head: 2

Layer [4], Head: 3

Layer [4], Head: 4

Layer [4], Head: 5

Layer [4], Head: 6

Layer [4], Head: 7

Layer [4], Head: 8

Layer [4], Head: 9

Layer [4], Head: 10

Layer [4], Head: 11

Layer [5], Head: 0

Layer [5], Head: 1

Layer [5], Head: 2

Layer [5], Head: 3

Layer [5], Head: 4

Layer [5], Head: 5

Layer [5], Head: 6

Layer [5], Head: 7

Layer [5], Head: 8

Layer [5], Head: 9

Layer [5], Head: 10

Layer [5], Head: 11

Layer [6], Head: 0

Layer [6], Head: 1

Layer [6], Head: 2

Layer [6], Head: 3

Layer [6], Head: 4

Layer [6], Head: 5

Layer [6], Head: 6

Layer [6], Head: 7

Layer [6], Head: 8

Layer [6], Head: 9

Layer [6], Head: 10

Layer [6], Head: 11

Layer [7], Head: 0

Layer [7], Head: 1

Layer [7], Head: 2

Layer [7], Head: 3

Layer [7], Head: 4

Layer [7], Head: 5

Layer [7], Head: 6

Layer [7], Head: 7

Layer [7], Head: 8

Layer [7], Head: 9

Layer [7], Head: 10

Layer [7], Head: 11

Layer [8], Head: 0

Layer [8], Head: 1

Layer [8], Head: 2

Layer [8], Head: 3

Layer [8], Head: 4

Layer [8], Head: 5

Layer [8], Head: 6

Layer [8], Head: 7

Layer [8], Head: 8

Layer [8], Head: 9

Layer [8], Head: 10

Layer [8], Head: 11

Layer [9], Head: 0

Layer [9], Head: 1

Layer [9], Head: 2

Layer [9], Head: 3

Layer [9], Head: 4

Layer [9], Head: 5

Layer [9], Head: 6

Layer [9], Head: 7

Layer [9], Head: 8

Layer [9], Head: 9

Layer [9], Head: 10

Layer [9], Head: 11

Layer [10], Head: 0

Layer [10], Head: 1

Layer [10], Head: 2

Layer [10], Head: 3

Layer [10], Head: 4

Layer [10], Head: 5

Layer [10], Head: 6

Layer [10], Head: 7

Layer [10], Head: 8

Layer [10], Head: 9

Layer [10], Head: 10

Layer [10], Head: 11

Layer [11], Head: 0

Layer [11], Head: 1

Layer [11], Head: 2

Layer [11], Head: 3

Layer [11], Head: 4

Layer [11], Head: 5

Layer [11], Head: 6

Layer [11], Head: 7

Layer [11], Head: 8

Layer [11], Head: 9

Layer [11], Head: 10

Layer [11], Head: 11

Layer [0], Head: -1

Layer [1], Head: -1

Layer [2], Head: -1

Layer [3], Head: -1

Layer [4], Head: -1

Layer [5], Head: -1

Layer [6], Head: -1

Layer [7], Head: -1

Layer [8], Head: -1

Layer [9], Head: -1

Layer [10], Head: -1

Layer [11], Head: -1

Layer [12], Head: -1

Layer [-1], Head: -1
Accuracy (image->label / label->image) -- model(full): 83.07/97.98  PC: 83.07/97.98  text_self: 83.91/95.96  text_ref: 83.02/97.98  image_self: 83.02/97.98  image_ref: 82.67/97.98
Wrote /home/virgilio/contrastive_learning/PCLens-spectral-explainability-in-CLIP-ViT-encoder/output_dir/activations_and_datasets_idxs_69/svd_data_approx_var99/caltech_classnames_ViT-L-14_all_text.jsonl
Number of text layers: 12, heads: 12
Evaluating against target images: fairface (3500 images, 7 classes)
Probe modality: text (14686 probes, dim 768)
  [image_set] pool = imagenet (5000 images)

Layer [0], Head: 0

Layer [0], Head: 1

Layer [0], Head: 2

Layer [0], Head: 3

Layer [0], Head: 4

Layer [0], Head: 5

Layer [0], Head: 6

Layer [0], Head: 7

Layer [0], Head: 8

Layer [0], Head: 9

Layer [0], Head: 10

Layer [0], Head: 11

Layer [1], Head: 0

Layer [1], Head: 1

Layer [1], Head: 2

Layer [1], Head: 3

Layer [1], Head: 4

Layer [1], Head: 5

Layer [1], Head: 6

Layer [1], Head: 7

Layer [1], Head: 8

Layer [1], Head: 9

Layer [1], Head: 10

Layer [1], Head: 11

Layer [2], Head: 0

Layer [2], Head: 1

Layer [2], Head: 2

Layer [2], Head: 3

Layer [2], Head: 4

Layer [2], Head: 5

Layer [2], Head: 6

Layer [2], Head: 7

Layer [2], Head: 8

Layer [2], Head: 9

Layer [2], Head: 10

Layer [2], Head: 11

Layer [3], Head: 0

Layer [3], Head: 1

Layer [3], Head: 2

Layer [3], Head: 3

Layer [3], Head: 4

Layer [3], Head: 5

Layer [3], Head: 6

Layer [3], Head: 7

Layer [3], Head: 8

Layer [3], Head: 9

Layer [3], Head: 10

Layer [3], Head: 11

Layer [4], Head: 0

Layer [4], Head: 1

Layer [4], Head: 2

Layer [4], Head: 3

Layer [4], Head: 4

Layer [4], Head: 5

Layer [4], Head: 6

Layer [4], Head: 7

Layer [4], Head: 8

Layer [4], Head: 9

Layer [4], Head: 10

Layer [4], Head: 11

Layer [5], Head: 0

Layer [5], Head: 1

Layer [5], Head: 2

Layer [5], Head: 3

Layer [5], Head: 4

Layer [5], Head: 5

Layer [5], Head: 6

Layer [5], Head: 7

Layer [5], Head: 8

Layer [5], Head: 9

Layer [5], Head: 10

Layer [5], Head: 11

Layer [6], Head: 0

Layer [6], Head: 1

Layer [6], Head: 2

Layer [6], Head: 3

Layer [6], Head: 4

Layer [6], Head: 5

Layer [6], Head: 6

Layer [6], Head: 7

Layer [6], Head: 8

Layer [6], Head: 9

Layer [6], Head: 10

Layer [6], Head: 11

Layer [7], Head: 0

Layer [7], Head: 1

Layer [7], Head: 2

Layer [7], Head: 3

Layer [7], Head: 4

Layer [7], Head: 5

Layer [7], Head: 6

Layer [7], Head: 7

Layer [7], Head: 8

Layer [7], Head: 9

Layer [7], Head: 10

Layer [7], Head: 11

Layer [8], Head: 0

Layer [8], Head: 1

Layer [8], Head: 2

Layer [8], Head: 3

Layer [8], Head: 4

Layer [8], Head: 5

Layer [8], Head: 6

Layer [8], Head: 7

Layer [8], Head: 8

Layer [8], Head: 9

Layer [8], Head: 10

Layer [8], Head: 11

Layer [9], Head: 0

Layer [9], Head: 1

Layer [9], Head: 2

Layer [9], Head: 3

Layer [9], Head: 4

Layer [9], Head: 5

Layer [9], Head: 6

Layer [9], Head: 7

Layer [9], Head: 8

Layer [9], Head: 9

Layer [9], Head: 10

Layer [9], Head: 11

Layer [10], Head: 0

Layer [10], Head: 1

Layer [10], Head: 2

Layer [10], Head: 3

Layer [10], Head: 4

Layer [10], Head: 5

Layer [10], Head: 6

Layer [10], Head: 7

Layer [10], Head: 8

Layer [10], Head: 9

Layer [10], Head: 10

Layer [10], Head: 11

Layer [11], Head: 0

Layer [11], Head: 1

Layer [11], Head: 2

Layer [11], Head: 3

Layer [11], Head: 4

Layer [11], Head: 5

Layer [11], Head: 6

Layer [11], Head: 7

Layer [11], Head: 8

Layer [11], Head: 9

Layer [11], Head: 10

Layer [11], Head: 11

Layer [0], Head: -1

Layer [1], Head: -1

Layer [2], Head: -1

Layer [3], Head: -1

Layer [4], Head: -1

Layer [5], Head: -1

Layer [6], Head: -1

Layer [7], Head: -1

Layer [8], Head: -1

Layer [9], Head: -1

Layer [10], Head: -1

Layer [11], Head: -1

Layer [12], Head: -1

Layer [-1], Head: -1
Accuracy (image->label / label->image) -- model(full): 57.63/85.71  PC: 57.43/85.71  text_self: 54.71/42.86  text_ref: 54.51/57.14  image_self: 57.43/85.71  image_ref: 57.20/85.71
Wrote /home/virgilio/contrastive_learning/PCLens-spectral-explainability-in-CLIP-ViT-encoder/output_dir/activations_and_datasets_idxs_69/svd_data_approx_var99/fairface_classnames_ViT-L-14_all_text.jsonl
Number of text layers: 12, heads: 12
Evaluating against target images: imagenet (5000 images, 1000 classes)
Probe modality: text (14686 probes, dim 768)
  [image_set] pool = imagenet (5000 images)

Layer [0], Head: 0

Layer [0], Head: 1

Layer [0], Head: 2

Layer [0], Head: 3

Layer [0], Head: 4

Layer [0], Head: 5

Layer [0], Head: 6

Layer [0], Head: 7

Layer [0], Head: 8

Layer [0], Head: 9

Layer [0], Head: 10

Layer [0], Head: 11

Layer [1], Head: 0

Layer [1], Head: 1

Layer [1], Head: 2

Layer [1], Head: 3

Layer [1], Head: 4

Layer [1], Head: 5

Layer [1], Head: 6

Layer [1], Head: 7

Layer [1], Head: 8

Layer [1], Head: 9

Layer [1], Head: 10

Layer [1], Head: 11

Layer [2], Head: 0

Layer [2], Head: 1

Layer [2], Head: 2

Layer [2], Head: 3

Layer [2], Head: 4

Layer [2], Head: 5

Layer [2], Head: 6

Layer [2], Head: 7

Layer [2], Head: 8

Layer [2], Head: 9

Layer [2], Head: 10

Layer [2], Head: 11

Layer [3], Head: 0

Layer [3], Head: 1

Layer [3], Head: 2

Layer [3], Head: 3

Layer [3], Head: 4

Layer [3], Head: 5

Layer [3], Head: 6

Layer [3], Head: 7

Layer [3], Head: 8

Layer [3], Head: 9

Layer [3], Head: 10

Layer [3], Head: 11

Layer [4], Head: 0

Layer [4], Head: 1

Layer [4], Head: 2

Layer [4], Head: 3

Layer [4], Head: 4

Layer [4], Head: 5

Layer [4], Head: 6

Layer [4], Head: 7

Layer [4], Head: 8

Layer [4], Head: 9

Layer [4], Head: 10

Layer [4], Head: 11

Layer [5], Head: 0

Layer [5], Head: 1

Layer [5], Head: 2

Layer [5], Head: 3

Layer [5], Head: 4

Layer [5], Head: 5

Layer [5], Head: 6

Layer [5], Head: 7

Layer [5], Head: 8

Layer [5], Head: 9

Layer [5], Head: 10

Layer [5], Head: 11

Layer [6], Head: 0

Layer [6], Head: 1

Layer [6], Head: 2

Layer [6], Head: 3

Layer [6], Head: 4

Layer [6], Head: 5

Layer [6], Head: 6

Layer [6], Head: 7

Layer [6], Head: 8

Layer [6], Head: 9

Layer [6], Head: 10

Layer [6], Head: 11

Layer [7], Head: 0

Layer [7], Head: 1

Layer [7], Head: 2

Layer [7], Head: 3

Layer [7], Head: 4

Layer [7], Head: 5

Layer [7], Head: 6

Layer [7], Head: 7

Layer [7], Head: 8

Layer [7], Head: 9

Layer [7], Head: 10

Layer [7], Head: 11

Layer [8], Head: 0

Layer [8], Head: 1

Layer [8], Head: 2

Layer [8], Head: 3

Layer [8], Head: 4

Layer [8], Head: 5

Layer [8], Head: 6

Layer [8], Head: 7

Layer [8], Head: 8

Layer [8], Head: 9

Layer [8], Head: 10

Layer [8], Head: 11

Layer [9], Head: 0

Layer [9], Head: 1

Layer [9], Head: 2

Layer [9], Head: 3

Layer [9], Head: 4

Layer [9], Head: 5

Layer [9], Head: 6

Layer [9], Head: 7

Layer [9], Head: 8

Layer [9], Head: 9

Layer [9], Head: 10

Layer [9], Head: 11

Layer [10], Head: 0

Layer [10], Head: 1

Layer [10], Head: 2

Layer [10], Head: 3

Layer [10], Head: 4

Layer [10], Head: 5

Layer [10], Head: 6

Layer [10], Head: 7

Layer [10], Head: 8

Layer [10], Head: 9

Layer [10], Head: 10

Layer [10], Head: 11

Layer [11], Head: 0

Layer [11], Head: 1

Layer [11], Head: 2

Layer [11], Head: 3

Layer [11], Head: 4

Layer [11], Head: 5

Layer [11], Head: 6

Layer [11], Head: 7

Layer [11], Head: 8

Layer [11], Head: 9

Layer [11], Head: 10

Layer [11], Head: 11

Layer [0], Head: -1

Layer [1], Head: -1

Layer [2], Head: -1

Layer [3], Head: -1

Layer [4], Head: -1

Layer [5], Head: -1

Layer [6], Head: -1

Layer [7], Head: -1

Layer [8], Head: -1

Layer [9], Head: -1

Layer [10], Head: -1

Layer [11], Head: -1

Layer [12], Head: -1

Layer [-1], Head: -1
Accuracy (image->label / label->image) -- model(full): 71.52/82.00  PC: 70.72/81.90  text_self: 70.32/81.90  text_ref: 70.60/82.30  image_self: 71.00/81.10  image_ref: 71.00/81.10
Wrote /home/virgilio/contrastive_learning/PCLens-spectral-explainability-in-CLIP-ViT-encoder/output_dir/activations_and_datasets_idxs_69/svd_data_approx_var99/imagenet_classnames_ViT-L-14_all_text.jsonl
[ViT-L-14 @ cuda:0] >> /home/virgilio/lib/minconda3/envs/MT/bin/python -m utils.scripts.compute_text_explanations_text --model ViT-L-14 --dataset binary_waterbirds_classnames --components all --text_descriptions top_1500_nouns_5_sentences_imagenet_clean --text_dir /home/virgilio/contrastive_learning/PCLens-spectral-explainability-in-CLIP-ViT-encoder/utils/text_descriptions --algorithm svd_data_approx --num_of_last_layers 999 --text_per_princ_comp 10 --max_text 999 --seed 69 --device cuda:0 --probe_modality text --probe_name imagenet --eval_dataset binary_waterbirds --image_set imagenet --input_dir /home/virgilio/contrastive_learning/PCLens-spectral-explainability-in-CLIP-ViT-encoder/output_dir/activations_and_datasets_idxs_69 --output_dir /home/virgilio/contrastive_learning/PCLens-spectral-explainability-in-CLIP-ViT-encoder/output_dir/activations_and_datasets_idxs_69 --out_file /home/virgilio/contrastive_learning/PCLens-spectral-explainability-in-CLIP-ViT-encoder/output_dir/activations_and_datasets_idxs_69/svd_data_approx_var99/binary_waterbirds_classnames_ViT-L-14_all_text.jsonl
[ViT-L-14 @ cuda:0] >> /home/virgilio/lib/minconda3/envs/MT/bin/python -m utils.scripts.compute_text_explanations_text --model ViT-L-14 --dataset caltech_classnames --components all --text_descriptions top_1500_nouns_5_sentences_imagenet_clean --text_dir /home/virgilio/contrastive_learning/PCLens-spectral-explainability-in-CLIP-ViT-encoder/utils/text_descriptions --algorithm svd_data_approx --num_of_last_layers 999 --text_per_princ_comp 10 --max_text 999 --seed 69 --device cuda:0 --probe_modality text --probe_name imagenet --eval_dataset caltech --image_set imagenet --input_dir /home/virgilio/contrastive_learning/PCLens-spectral-explainability-in-CLIP-ViT-encoder/output_dir/activations_and_datasets_idxs_69 --output_dir /home/virgilio/contrastive_learning/PCLens-spectral-explainability-in-CLIP-ViT-encoder/output_dir/activations_and_datasets_idxs_69 --out_file /home/virgilio/contrastive_learning/PCLens-spectral-explainability-in-CLIP-ViT-encoder/output_dir/activations_and_datasets_idxs_69/svd_data_approx_var99/caltech_classnames_ViT-L-14_all_text.jsonl
[ViT-L-14 @ cuda:0] >> /home/virgilio/lib/minconda3/envs/MT/bin/python -m utils.scripts.compute_text_explanations_text --model ViT-L-14 --dataset fairface_classnames --components all --text_descriptions top_1500_nouns_5_sentences_imagenet_clean --text_dir /home/virgilio/contrastive_learning/PCLens-spectral-explainability-in-CLIP-ViT-encoder/utils/text_descriptions --algorithm svd_data_approx --num_of_last_layers 999 --text_per_princ_comp 10 --max_text 999 --seed 69 --device cuda:0 --probe_modality text --probe_name imagenet --eval_dataset fairface --image_set imagenet --input_dir /home/virgilio/contrastive_learning/PCLens-spectral-explainability-in-CLIP-ViT-encoder/output_dir/activations_and_datasets_idxs_69 --output_dir /home/virgilio/contrastive_learning/PCLens-spectral-explainability-in-CLIP-ViT-encoder/output_dir/activations_and_datasets_idxs_69 --out_file /home/virgilio/contrastive_learning/PCLens-spectral-explainability-in-CLIP-ViT-encoder/output_dir/activations_and_datasets_idxs_69/svd_data_approx_var99/fairface_classnames_ViT-L-14_all_text.jsonl
[ViT-L-14 @ cuda:0] >> /home/virgilio/lib/minconda3/envs/MT/bin/python -m utils.scripts.compute_text_explanations_text --model ViT-L-14 --dataset imagenet_classnames --components all --text_descriptions top_1500_nouns_5_sentences_imagenet_clean --text_dir /home/virgilio/contrastive_learning/PCLens-spectral-explainability-in-CLIP-ViT-encoder/utils/text_descriptions --algorithm svd_data_approx --num_of_last_layers 999 --text_per_princ_comp 10 --max_text 999 --seed 69 --device cuda:0 --probe_modality text --probe_name imagenet --eval_dataset imagenet --image_set imagenet --input_dir /home/virgilio/contrastive_learning/PCLens-spectral-explainability-in-CLIP-ViT-encoder/output_dir/activations_and_datasets_idxs_69 --output_dir /home/virgilio/contrastive_learning/PCLens-spectral-explainability-in-CLIP-ViT-encoder/output_dir/activations_and_datasets_idxs_69 --out_file /home/virgilio/contrastive_learning/PCLens-spectral-explainability-in-CLIP-ViT-encoder/output_dir/activations_and_datasets_idxs_69/svd_data_approx_var99/imagenet_classnames_ViT-L-14_all_text.jsonl
  [skip] no top_1500_nouns_5_sentences_imagenet_bias_clean image activations to build top_1500_nouns_5_sentences_imagenet_bias_clean_embeddings_ViT-L-14 (gather them with extract_activations, or pick a different --probe_name).
  [skip] text tower 'top_1500_nouns_5_sentences_imagenet_bias_clean': no paired image eval set 'top_1500_nouns_5_sentences_imagenet_bias_clean' (needs top_1500_nouns_5_sentences_imagenet_bias_clean_embeddings + _labels).
[ViT-L-14 @ cuda:0] done.

Collecting zero-shot accuracy table ...
# PCLens completeness table -- SELF mode (the PC basis vh is fit on each TARGET's own activations).
# algorithm=svd_data_approx  n_explanations=var99  seed=69  textset=top_1500_nouns_5_sentences_imagenet_clean  image_set=imagenet  num_of_last_layers=999
#
# Every *_acc / *_self / *_ref cell is  image->label / label->image  (top-1 zero-shot %, both directions):
#   image->label : for each target image, argmax over the class prototypes == its label (standard zero-shot).
#   label->image : for each class, the single top-scoring target image belongs to that class (retrieval).
# Each *_self/_ref column APPROXIMATES the target's PCs with a candidate embedding pool (the 'explanator'),
# rebuilds the embedding and re-runs zero-shot on the target. Columns:
#   dataset      : target dataset (its activations are decomposed; zero-shot is measured on it).
#   model        : CLIP model.
#   component    : residual components decomposed (attn heads / mlp layers / all).
#   modality     : tower explained -- image = image encoder, text = text encoder.
#   n_pcs        : rank (kept PCs to 99% variance) of the single final-embedding decomposition.
#   pc_comp_mean : mean kept-PC count across the decomposed head/MLP units.
#   pc_comp_std  : std of that per-unit kept-PC count.
#   model_acc    : real-model zero-shot, all components summed, NO approximation (upper bound).
#   pc_acc       : rank-r PC-subspace reconstruction (no example approximation).
#   text_self    : PCs approximated with the TARGET's own class-name text embeddings.
#   text_ref     : PCs approximated with a general REFERENCE text set (=textset).
#   image_self   : PCs approximated with the TARGET's own image embeddings.
#   image_ref    : PCs approximated with a general REFERENCE image set (=image_set).
#   recovered_%  : 100 * text_ref(image->label) / model_acc(image->label).
#   NA           : not available for this run.
dataset,model,component,modality,n_pcs,pc_comp_mean,pc_comp_std,model_acc,pc_acc,text_self,text_ref,image_self,image_ref,recovered_%
CIFAR100,RN101,all,image,474,63.07,8.10,50.70/81.00,50.40/78.00,45.25/33.00,49.80/37.00,49.40/70.00,49.05/76.00,98.22
CIFAR100,RN50,all,image,630,63.36,14.48,44.10/67.00,44.05/63.00,35.05/57.00,41.25/68.00,40.45/62.00,42.05/63.00,93.54
CIFAR100,ViT-B-16,all,image,462,88.22,96.97,76.95/92.00,77.05/89.00,76.15/98.00,76.95/92.00,77.10/91.00,76.95/89.00,100.00
CIFAR100,ViT-B-32,all,image,475,88.24,95.54,76.20/91.00,76.15/91.00,76.05/93.00,75.95/94.00,76.15/89.00,76.05/91.00,99.67
CIFAR100,ViT-H-14,all,image,630,103.77,119.11,85.30/93.00,85.25/93.00,84.90/98.00,85.40/96.00,85.30/91.00,85.50/93.00,100.12
CIFAR100,ViT-L-14,all,image,527,84.13,97.83,83.50/91.00,83.25/91.00,82.95/96.00,83.55/95.00,83.75/92.00,83.40/91.00,100.06
CIFAR100_classnames,RN101,all,text,97,64.09,12.29,44.05/76.00,43.25/76.00,43.25/75.00,43.65/75.00,40.55/72.00,39.60/71.00,99.09
CIFAR100_classnames,RN50,all,text,97,64.04,12.29,34.80/68.00,35.20/67.00,37.10/61.00,36.45/66.00,34.05/66.00,34.30/68.00,104.74
CIFAR100_classnames,ViT-B-16,all,text,97,63.64,12.43,67.40/92.00,67.40/92.00,70.15/91.00,67.15/93.00,69.45/92.00,69.40/91.00,99.63
CIFAR100_classnames,ViT-B-32,all,text,97,63.52,12.59,65.85/91.00,66.00/91.00,67.85/91.00,65.80/91.00,68.25/91.00,65.95/90.00,99.92
CIFAR100_classnames,ViT-H-14,all,text,97,60.53,9.51,74.25/94.00,74.00/94.00,75.75/92.00,74.25/94.00,72.65/93.00,74.50/94.00,100.00
CIFAR100_classnames,ViT-L-14,all,text,97,62.28,10.69,72.55/95.00,72.60/95.00,71.95/94.00,71.25/94.00,71.35/94.00,68.85/94.00,98.21
binary_waterbirds,RN101,all,image,473,63.11,9.01,70.85/100.00,71.00/50.00,71.00/50.00,70.85/100.00,70.05/50.00,72.25/50.00,100.00
binary_waterbirds,RN50,all,image,625,63.52,15.85,70.95/100.00,70.40/100.00,70.40/100.00,72.35/100.00,70.05/100.00,69.20/100.00,101.97
binary_waterbirds,ViT-B-16,all,image,461,90.62,98.59,77.70/50.00,77.80/50.00,77.80/100.00,77.05/50.00,77.45/50.00,77.10/50.00,99.16
binary_waterbirds,ViT-B-32,all,image,472,91.35,99.70,62.60/50.00,62.75/50.00,62.75/100.00,63.05/100.00,62.55/100.00,62.45/50.00,100.72
binary_waterbirds,ViT-H-14,all,image,622,105.79,120.12,76.90/100.00,76.75/100.00,76.75/100.00,76.05/100.00,77.15/100.00,77.00/100.00,98.89
binary_waterbirds,ViT-L-14,all,image,523,86.02,98.91,73.90/100.00,74.05/100.00,74.05/50.00,73.90/50.00,73.90/100.00,74.20/100.00,100.00
binary_waterbirds_classnames,RN101,all,text,1,1.00,0.00,61.45/100.00,61.45/100.00,61.45/100.00,61.45/100.00,61.45/100.00,61.45/100.00,100.00
binary_waterbirds_classnames,RN50,all,text,1,1.00,0.00,67.85/100.00,67.85/100.00,67.85/100.00,67.85/100.00,67.85/100.00,67.85/100.00,100.00
binary_waterbirds_classnames,ViT-B-16,all,text,1,1.00,0.00,69.35/100.00,69.35/100.00,69.35/100.00,69.35/100.00,69.35/100.00,69.35/100.00,100.00
binary_waterbirds_classnames,ViT-B-32,all,text,1,1.00,0.00,59.50/50.00,59.50/50.00,59.50/50.00,59.50/50.00,59.50/50.00,59.50/50.00,100.00
binary_waterbirds_classnames,ViT-H-14,all,text,1,1.00,0.00,66.55/50.00,66.55/50.00,66.55/50.00,66.55/50.00,66.55/50.00,66.55/50.00,100.00
binary_waterbirds_classnames,ViT-L-14,all,text,1,1.00,0.00,72.20/50.00,72.20/50.00,72.20/50.00,72.20/50.00,72.20/50.00,72.20/50.00,100.00
caltech,RN101,all,image,485,63.11,8.59,82.92/89.90,82.62/87.88,79.85/58.59,81.98/77.78,81.19/92.93,82.48/90.91,98.87
caltech,RN50,all,image,631,63.45,14.87,79.21/91.92,79.21/92.93,72.92/84.85,78.07/90.91,77.33/90.91,78.22/89.90,98.56
caltech,ViT-B-16,all,image,467,90.64,99.07,88.71/93.94,88.86/94.95,88.47/95.96,89.80/95.96,89.06/95.96,89.01/94.95,101.23
caltech,ViT-B-32,all,image,481,91.25,99.45,90.35/92.93,90.20/94.95,90.15/92.93,90.15/94.95,90.10/93.94,90.10/94.95,99.78
caltech,ViT-H-14,all,image,628,105.85,120.97,91.34/93.94,91.29/93.94,91.04/96.97,91.19/95.96,91.14/95.96,90.99/93.94,99.84
caltech,ViT-L-14,all,image,525,86.11,99.89,91.73/96.97,91.73/96.97,91.68/97.98,91.83/96.97,91.53/98.99,91.63/97.98,100.11
caltech_classnames,RN101,all,text,98,64.28,12.57,80.50/89.90,80.00/89.90,80.84/86.87,79.36/89.90,78.91/89.90,77.97/88.89,98.59
caltech_classnames,RN50,all,text,97,64.26,12.53,76.73/89.90,76.93/89.90,78.42/90.91,76.78/89.90,75.35/86.87,76.53/87.88,100.06
caltech_classnames,ViT-B-16,all,text,97,63.84,12.70,80.94/92.93,80.99/92.93,81.58/94.95,80.94/92.93,82.08/92.93,80.15/95.96,100.00
caltech_classnames,ViT-B-32,all,text,97,63.76,12.76,80.30/94.95,80.25/94.95,83.42/94.95,80.54/94.95,80.45/95.96,79.75/95.96,100.31
caltech_classnames,ViT-H-14,all,text,98,60.69,9.75,81.04/94.95,80.94/93.94,82.97/93.94,81.09/93.94,80.64/93.94,80.35/94.95,100.06
caltech_classnames,ViT-L-14,all,text,97,62.47,10.90,83.07/97.98,83.07/97.98,83.91/95.96,83.02/97.98,83.02/97.98,82.67/97.98,99.94
fairface,RN101,all,image,466,63.04,6.83,55.66/100.00,55.66/57.14,55.66/71.43,53.51/42.86,54.89/57.14,55.14/71.43,96.15
fairface,RN50,all,image,625,63.32,12.86,52.80/71.43,52.83/85.71,52.83/42.86,49.91/42.86,53.57/57.14,51.03/71.43,94.53
fairface,ViT-B-16,all,image,461,89.76,97.71,54.83/85.71,54.86/100.00,54.86/71.43,53.86/100.00,55.00/71.43,55.00/100.00,98.23
fairface,ViT-B-32,all,image,470,90.28,97.54,51.51/71.43,51.63/71.43,51.63/57.14,50.14/85.71,51.94/71.43,51.31/71.43,97.34
fairface,ViT-H-14,all,image,627,105.12,119.49,60.60/71.43,60.40/71.43,60.43/85.71,60.37/71.43,60.37/71.43,60.60/85.71,99.62
fairface,ViT-L-14,all,image,526,85.20,97.54,60.23/71.43,60.31/71.43,60.31/71.43,59.83/85.71,60.31/71.43,60.77/71.43,99.34
fairface_classnames,ViT-B-16,all,text,6,5.96,0.23,51.17/85.71,51.11/85.71,47.46/71.43,50.86/85.71,51.11/85.71,51.11/85.71,99.39
fairface_classnames,ViT-B-32,all,text,6,5.89,0.39,49.40/57.14,49.37/57.14,48.74/57.14,49.00/57.14,48.74/57.14,49.29/57.14,99.19
fairface_classnames,ViT-H-14,all,text,6,5.96,0.23,44.26/57.14,44.14/57.14,51.60/42.86,43.37/57.14,44.31/57.14,44.00/57.14,98.00
fairface_classnames,ViT-L-14,all,text,6,5.89,0.37,57.63/85.71,57.43/85.71,54.71/42.86,54.51/57.14,57.43/85.71,57.20/85.71,94.60
imagenet,RN101,all,image,491,63.19,9.37,62.00/72.30,61.96/70.80,58.34/25.30,60.88/38.70,60.72/69.50,60.72/69.50,98.19
imagenet,RN50,all,image,664,63.62,16.70,58.88/65.80,59.08/64.50,52.42/47.10,55.40/58.50,56.72/63.90,56.72/63.90,94.09
imagenet,ViT-B-16,all,image,469,91.34,100.66,69.50/77.70,69.52/78.10,69.12/79.60,69.02/78.60,69.52/78.10,69.52/78.10,99.31
imagenet,ViT-B-32,all,image,485,91.97,101.39,66.44/74.80,66.34/74.10,65.76/77.40,65.72/75.60,66.14/74.00,66.14/74.00,98.92
imagenet,ViT-H-14,all,image,642,107.26,126.04,77.28/82.70,77.36/82.30,77.04/83.10,77.20/82.30,76.92/81.50,76.92/81.50,99.90
imagenet,ViT-L-14,all,image,530,86.94,102.37,74.60/79.20,74.66/79.10,74.48/79.20,74.70/79.40,74.64/79.10,74.64/79.10,100.13
imagenet_classnames,RN101,all,text,477,107.36,126.08,57.92/70.60,54.76/70.80,54.42/70.00,54.78/70.30,52.96/70.50,52.96/70.50,94.58
imagenet_classnames,RN50,all,text,481,107.34,126.06,53.80/64.80,53.40/64.80,52.18/65.30,53.10/64.20,52.42/63.60,52.42/63.60,98.70
imagenet_classnames,ViT-B-16,all,text,453,106.04,122.38,66.74/81.00,66.34/81.00,66.24/80.50,65.88/80.40,65.46/81.00,65.46/81.00,98.71
imagenet_classnames,ViT-B-32,all,text,466,107.39,125.84,63.68/77.70,63.72/77.60,62.42/77.60,62.92/78.10,62.52/77.20,62.52/77.20,98.81
imagenet_classnames,ViT-H-14,all,text,605,95.19,129.06,73.44/84.80,72.14/84.90,73.80/85.00,72.70/84.90,73.02/85.10,73.02/85.10,98.99
imagenet_classnames,ViT-L-14,all,text,513,98.35,121.99,71.52/82.00,70.72/81.90,70.32/81.90,70.60/82.30,71.00/81.10,71.00/81.10,98.71

Wrote /home/virgilio/contrastive_learning/PCLens-spectral-explainability-in-CLIP-ViT-encoder/output_dir/activations_and_datasets_idxs_69/svd_data_approx_var99/zero_shot_accuracy.csv

=== Transfer completeness (fit one general basis, evaluate on all) ===

Layer [0], Head: 0

Layer [0], Head: 0

Layer [0], Head: 0

Layer [0], Head: 0

Layer [0], Head: 0

Layer [0], Head: 0

Layer [0], Head: 0

Layer [0], Head: 0

Layer [0], Head: 0

Layer [0], Head: 0

Layer [0], Head: 0

Layer [0], Head: 0

Layer [0], Head: 0

Layer [0], Head: 0

Layer [0], Head: 0

Layer [0], Head: 0

Layer [0], Head: 0

Layer [0], Head: 0

Layer [0], Head: 0

Layer [0], Head: 0

Layer [0], Head: 0

Layer [0], Head: 0

Layer [0], Head: 0

Layer [0], Head: 0

Layer [0], Head: 0

Layer [0], Head: 0

Layer [0], Head: 0

Layer [0], Head: 0

Layer [0], Head: 0

Layer [0], Head: 0

Layer [0], Head: 0

Layer [0], Head: 0

Layer [0], Head: 0

Layer [0], Head: 0

Layer [0], Head: 0

Layer [0], Head: 0

Layer [0], Head: 0

Layer [0], Head: 0

Layer [0], Head: 0

Layer [0], Head: 0

Layer [0], Head: 0

Layer [0], Head: 0

Layer [0], Head: 0

Layer [0], Head: 0

Layer [0], Head: 0

Layer [0], Head: 0

Layer [0], Head: 0

Layer [0], Head: 0

Layer [0], Head: 0

Layer [0], Head: 0

Layer [0], Head: 0

Layer [0], Head: 0

Layer [0], Head: 0

Layer [0], Head: 0

Layer [0], Head: 0

Layer [0], Head: 0

Layer [0], Head: 0

Layer [0], Head: 0

Layer [0], Head: 0

Layer [0], Head: 0

Layer [0], Head: 0

Layer [0], Head: 0

Layer [0], Head: 0

Layer [0], Head: 0

Layer [0], Head: 0

Layer [0], Head: 0

Layer [0], Head: 0

Layer [0], Head: 0

Layer [0], Head: 0

Layer [0], Head: 0

Layer [0], Head: 0

Layer [0], Head: 0

Layer [0], Head: 0

Layer [0], Head: 0

Layer [0], Head: 0

Layer [0], Head: 0

Layer [0], Head: 0

Layer [0], Head: 0

Layer [0], Head: 0

Layer [0], Head: 0

Layer [0], Head: 0

Layer [0], Head: 0

Layer [0], Head: 0

Layer [0], Head: 0

Layer [0], Head: 0

Layer [0], Head: 0

Layer [0], Head: 0

Layer [0], Head: 0

Layer [0], Head: 0

Layer [0], Head: 0

Layer [0], Head: 0

Layer [0], Head: 0

Layer [0], Head: 0

Layer [0], Head: 0

Layer [0], Head: 0

Layer [0], Head: 0

Layer [0], Head: 0

Layer [0], Head: 0

Layer [0], Head: 0

Layer [0], Head: 0

Layer [0], Head: 0

Layer [0], Head: 0

Layer [0], Head: 0

Layer [0], Head: 0

Layer [0], Head: 0

Layer [0], Head: 0

Layer [0], Head: 0

Layer [0], Head: 0

Layer [0], Head: 0

Layer [0], Head: 0

Layer [0], Head: 0

Layer [0], Head: 0

Layer [0], Head: 0

Layer [0], Head: 0

Layer [0], Head: 0

Layer [0], Head: 0

Layer [0], Head: 0

Layer [0], Head: 0

Layer [0], Head: 0

Layer [0], Head: 0

Layer [0], Head: 0

Layer [0], Head: 0

Layer [0], Head: 0

Layer [0], Head: 0

Layer [0], Head: 0

Layer [0], Head: 0

Layer [0], Head: 0

Layer [0], Head: 0

Layer [0], Head: 0

Layer [0], Head: 0

Layer [0], Head: 0

Layer [0], Head: 0

Layer [0], Head: 0

Layer [0], Head: 0

Layer [0], Head: 0

Layer [0], Head: 0

Layer [0], Head: 0

Layer [0], Head: 0

Layer [0], Head: 0

Layer [0], Head: 0

Layer [0], Head: 0

Layer [0], Head: 0

Layer [0], Head: 0

Layer [0], Head: 0

Layer [0], Head: 0

Layer [0], Head: 0

Layer [0], Head: 0

Layer [0], Head: 0

Layer [0], Head: 0

Layer [0], Head: 0

Layer [0], Head: 0

Layer [0], Head: 0

Layer [0], Head: 0

Layer [0], Head: 0

Layer [0], Head: 0

Layer [0], Head: 0

Layer [0], Head: 0

Layer [0], Head: 0

Layer [0], Head: 0

Layer [0], Head: 0

Layer [0], Head: 0

Layer [0], Head: 0

Layer [0], Head: 0

Layer [0], Head: 0

Layer [0], Head: 0

Layer [0], Head: 0

Layer [0], Head: 0

Layer [0], Head: 0

Layer [0], Head: 0

Layer [0], Head: 0

Layer [0], Head: 0

Layer [0], Head: 0

Layer [0], Head: 0

Layer [0], Head: 0

Layer [0], Head: 0

Layer [0], Head: 0

Layer [0], Head: 0

Layer [0], Head: 0

Layer [0], Head: 0

Layer [0], Head: 0

Layer [0], Head: 0

Layer [0], Head: 0

Layer [0], Head: 0

Layer [0], Head: 0

Layer [0], Head: 0

Layer [0], Head: 0

Layer [0], Head: 0

Layer [0], Head: 0

Layer [0], Head: 0

Layer [0], Head: 0

Layer [0], Head: 0

Layer [0], Head: 0

Layer [0], Head: 0

Layer [0], Head: 0

Layer [0], Head: 0

Layer [0], Head: 0

Layer [0], Head: 0

Layer [0], Head: 0

Layer [0], Head: 0

Layer [0], Head: 0

Layer [0], Head: 0

Layer [0], Head: 0

Layer [0], Head: 0

Layer [0], Head: 0

Layer [0], Head: 0

Layer [0], Head: 0

Layer [0], Head: 0

Layer [0], Head: 0

Layer [0], Head: 0

Layer [0], Head: 0

Layer [0], Head: 0

Layer [0], Head: 0

Layer [0], Head: 0

Layer [0], Head: 0

Layer [0], Head: 0

Layer [0], Head: 0

Layer [0], Head: 0

Layer [0], Head: 0

Layer [0], Head: 0

Layer [0], Head: 0

Layer [0], Head: 0

Layer [0], Head: 0

Layer [0], Head: 0

Layer [0], Head: 0

Layer [0], Head: 0

Layer [0], Head: 0

Layer [0], Head: 0

Layer [0], Head: 0

Layer [0], Head: 0

Layer [0], Head: 0

Layer [0], Head: 0

Layer [0], Head: 0

Layer [0], Head: 0

Layer [0], Head: 0

Layer [0], Head: 0

Layer [0], Head: 0

Layer [0], Head: 0

Layer [0], Head: 0

Layer [0], Head: 0

Layer [0], Head: 0

Layer [0], Head: 0

Layer [0], Head: 0

Layer [0], Head: 0

Layer [0], Head: 0

Layer [0], Head: 0

Layer [0], Head: 0

Layer [0], Head: 0

Layer [0], Head: 0

Layer [0], Head: 0

Layer [0], Head: 0

Layer [0], Head: 0

Layer [0], Head: 0

Layer [0], Head: 0

Layer [0], Head: 0

Layer [0], Head: 0

Layer [0], Head: 0

Layer [0], Head: 0

Layer [0], Head: 0

Layer [0], Head: 0

Layer [0], Head: 0

Layer [0], Head: 0

Layer [0], Head: 0

Layer [0], Head: 0

Layer [0], Head: 0

Layer [0], Head: 0

Layer [0], Head: 0

Layer [0], Head: 0

Layer [0], Head: 0

Layer [0], Head: 0

Layer [0], Head: 0

Layer [0], Head: 0

Layer [0], Head: 0

Layer [0], Head: 0

Layer [0], Head: 0

Layer [0], Head: 0

Layer [0], Head: 0

Layer [0], Head: 0

Layer [0], Head: 0

Layer [0], Head: 0

Layer [0], Head: 0

Layer [0], Head: 0

Layer [0], Head: 0

Layer [0], Head: 0

Layer [0], Head: 0

Layer [0], Head: 0

Layer [0], Head: 0

Layer [0], Head: 0

Layer [0], Head: 0

Layer [0], Head: 0

Layer [0], Head: 0

Layer [0], Head: 0

Layer [0], Head: 0

Layer [0], Head: 0

Layer [0], Head: 0

Layer [0], Head: 0

Layer [0], Head: 0

Layer [0], Head: 0

Layer [0], Head: 0

Layer [0], Head: 0

Layer [0], Head: 0

Layer [0], Head: 0

Layer [0], Head: 0

Layer [0], Head: 0

Layer [0], Head: 0

Layer [0], Head: 0

Layer [0], Head: 0

Layer [0], Head: 0

Layer [0], Head: 0

Layer [0], Head: 0

Layer [0], Head: 0

Layer [0], Head: 0

Layer [0], Head: 0

Layer [0], Head: 0

Layer [0], Head: 0

Layer [0], Head: 0

Layer [0], Head: 0

Layer [0], Head: 0

Layer [0], Head: 0

Layer [0], Head: 0

Layer [0], Head: 0

Layer [0], Head: 0

Layer [0], Head: 0

Layer [0], Head: 0

Layer [0], Head: 0

Layer [0], Head: 0

Layer [0], Head: 0

Layer [0], Head: 0

Layer [0], Head: 0

Layer [0], Head: 0

Layer [0], Head: 0

Layer [0], Head: 0

Layer [0], Head: 0

Layer [0], Head: 0

Layer [0], Head: 0

Layer [0], Head: 0

Layer [0], Head: 0

Layer [0], Head: 0

Layer [0], Head: 0

Layer [0], Head: 0

Layer [0], Head: 0

Layer [0], Head: 0

Layer [0], Head: 0

Layer [0], Head: 0

Layer [0], Head: 0

Layer [0], Head: 0

Layer [0], Head: 0

Layer [0], Head: 0

Layer [0], Head: 0

Layer [0], Head: 0

Layer [0], Head: 0

Layer [0], Head: 0

Layer [0], Head: 0

Layer [0], Head: 0

Layer [0], Head: 0

Layer [0], Head: 0

Layer [0], Head: 0

Layer [0], Head: 0

Layer [0], Head: 0

Layer [0], Head: 0

Layer [0], Head: 0

Layer [0], Head: 0

Layer [0], Head: 0

Layer [0], Head: 0

Layer [0], Head: 0

Layer [0], Head: 0

Layer [0], Head: 0

Layer [0], Head: 0

Layer [0], Head: 0

Layer [0], Head: 0

Layer [0], Head: 0

Layer [0], Head: 0

Layer [0], Head: 0

Layer [0], Head: 0

Layer [0], Head: 0

Layer [0], Head: 0

Layer [0], Head: 0

Layer [0], Head: 0

Layer [0], Head: 0

Layer [0], Head: 0

Layer [0], Head: 0

Layer [0], Head: 0

Layer [0], Head: 0

Layer [0], Head: 0

Layer [0], Head: 0

Layer [0], Head: 0

Layer [0], Head: 0

Layer [0], Head: 0

Layer [0], Head: 0

Layer [0], Head: 0

Layer [0], Head: 0

Layer [0], Head: 0

Layer [0], Head: 0

Layer [0], Head: 0

Layer [0], Head: 0

Layer [0], Head: 0

Layer [0], Head: 0

Layer [0], Head: 0

Layer [0], Head: 0

Layer [0], Head: 0

Layer [0], Head: 0

Layer [0], Head: 0

Layer [0], Head: 0

Layer [0], Head: 0

Layer [0], Head: 0

Layer [0], Head: 0

Layer [0], Head: 0

Layer [0], Head: 0

Layer [0], Head: 0

Layer [0], Head: 0

Layer [0], Head: 0

Layer [0], Head: 0

Layer [0], Head: 0

Layer [0], Head: 0

Layer [0], Head: 0

Layer [0], Head: 0

Layer [0], Head: 0

Layer [0], Head: 0

Layer [0], Head: 0

Layer [0], Head: 0

Layer [0], Head: 0

Layer [0], Head: 0

Layer [0], Head: 0

Layer [0], Head: 0

Layer [0], Head: 0

Layer [0], Head: 0

Layer [0], Head: 0

Layer [0], Head: 0

Layer [0], Head: 0

Layer [0], Head: 0

Layer [0], Head: 0

Layer [0], Head: 0

Layer [0], Head: 0

Layer [0], Head: 0

Layer [0], Head: 0

Layer [0], Head: 0

Layer [0], Head: 0

Layer [0], Head: 0

Layer [0], Head: 0

Layer [0], Head: 0

Layer [0], Head: 0

Layer [0], Head: 0

Layer [0], Head: 0

Layer [0], Head: 0

Layer [0], Head: 0

Layer [0], Head: 0

Layer [0], Head: 0

Layer [0], Head: 0

Layer [0], Head: 0

Layer [0], Head: 0

Layer [0], Head: 0

Layer [0], Head: 0

Layer [0], Head: 0

Layer [0], Head: 0

Layer [0], Head: 0

Layer [0], Head: 0

Layer [0], Head: 0

Layer [0], Head: 0

Layer [0], Head: 0

Layer [0], Head: 0

Layer [0], Head: 0

Layer [0], Head: 0

Layer [0], Head: 0

Layer [0], Head: 0

Layer [0], Head: 0

Layer [0], Head: 0

Layer [0], Head: 0

Layer [0], Head: 0

Layer [0], Head: 0

Layer [0], Head: 0

Layer [0], Head: 0

Layer [0], Head: 0

Layer [0], Head: 0

Layer [0], Head: 0

Layer [0], Head: 0

Layer [0], Head: 0

Layer [0], Head: 0

Layer [0], Head: 0

Layer [0], Head: 0

Layer [0], Head: 0

Layer [0], Head: 0

Layer [0], Head: 0

Layer [0], Head: 0

Layer [0], Head: 0

Layer [0], Head: 0

Layer [0], Head: 0

Layer [0], Head: 0

Layer [0], Head: 0

Layer [0], Head: 0

Layer [0], Head: 0

Layer [0], Head: 0

Layer [0], Head: 0

Layer [0], Head: 0

Layer [0], Head: 0

Layer [0], Head: 0

Layer [0], Head: 0

Layer [0], Head: 0

Layer [0], Head: 0

Layer [0], Head: 0

Layer [0], Head: 0

Layer [0], Head: 0

Layer [0], Head: 0

Layer [0], Head: 0

Layer [0], Head: 0

Layer [0], Head: 0

Layer [0], Head: 0

Layer [0], Head: 0

Layer [0], Head: 0

Layer [0], Head: 0

Layer [0], Head: 0

Layer [0], Head: 0

Layer [0], Head: 0

Layer [0], Head: 0

Layer [0], Head: 0

Layer [0], Head: 0

Layer [0], Head: 0

Layer [0], Head: 0

Layer [0], Head: 0

Layer [0], Head: 0

Layer [0], Head: 0

Layer [0], Head: 0

Layer [0], Head: 0

Layer [0], Head: 0

Layer [0], Head: 0

Layer [0], Head: 0

Layer [0], Head: 0

Layer [0], Head: 0

Layer [0], Head: 0

Layer [0], Head: 0

Layer [0], Head: 0

Layer [0], Head: 0

Layer [0], Head: 0

Layer [0], Head: 0

Layer [0], Head: 0

Layer [0], Head: 0

Layer [0], Head: 0

Layer [0], Head: 0

Layer [0], Head: 0

Layer [0], Head: 0

Layer [0], Head: 0

Layer [0], Head: 0

Layer [0], Head: 0

Layer [0], Head: 0

Layer [0], Head: 0

Layer [0], Head: 0

Layer [0], Head: 0

Layer [0], Head: 0

Layer [0], Head: 0

Layer [0], Head: 0

Layer [0], Head: 0

Layer [0], Head: 0

Layer [0], Head: 0

Layer [0], Head: 0

Layer [0], Head: 0

Layer [0], Head: 0

Layer [0], Head: 0

Layer [0], Head: 0

Layer [0], Head: 0

Layer [0], Head: 0

Layer [0], Head: 0

Layer [0], Head: 0

Layer [0], Head: 0

Layer [0], Head: 0

Layer [0], Head: 0

Layer [0], Head: 0

Layer [0], Head: 0

Layer [0], Head: 0

Layer [0], Head: 0

Layer [0], Head: 0

Layer [0], Head: 0

Layer [0], Head: 0

Layer [0], Head: 0

Layer [0], Head: 0

Layer [0], Head: 0

Layer [0], Head: 0

Layer [0], Head: 0

Layer [0], Head: 0

Layer [0], Head: 0

Layer [0], Head: 0

Layer [0], Head: 0

Layer [0], Head: 0

Layer [0], Head: 0

Layer [0], Head: 0

Layer [0], Head: 0

Layer [0], Head: 0

Layer [0], Head: 0

Layer [0], Head: 0

Layer [0], Head: 0

Layer [0], Head: 0

Layer [0], Head: 0

Layer [0], Head: 0

Layer [0], Head: 0

Layer [0], Head: 0

Layer [0], Head: 0

Layer [0], Head: 0

Layer [0], Head: 0

Layer [0], Head: 0

Layer [0], Head: 0

Layer [0], Head: 0

Layer [0], Head: 0

Layer [0], Head: 0

Layer [0], Head: 0

Layer [0], Head: 0

Layer [0], Head: 0

Layer [0], Head: 0

Layer [0], Head: 0

Layer [0], Head: 0

Layer [0], Head: 0

Layer [0], Head: 0

Layer [0], Head: 0

Layer [0], Head: 0

Layer [0], Head: 0

Layer [0], Head: 0

Layer [0], Head: 0

Layer [0], Head: 0

Layer [0], Head: 0

Layer [0], Head: 0

Layer [0], Head: 0

Layer [0], Head: 0

Layer [0], Head: 0

Layer [0], Head: 0

Layer [0], Head: 0

Layer [0], Head: 0

Layer [0], Head: 0

Layer [0], Head: 0

Layer [0], Head: 0

Layer [0], Head: 0

Layer [0], Head: 0

Layer [0], Head: 0

Layer [0], Head: 0

Layer [0], Head: 0

Layer [0], Head: 0

Layer [0], Head: 0

Layer [0], Head: 0

Layer [0], Head: 0

Layer [0], Head: 0

Layer [0], Head: 0

Layer [0], Head: 0

Layer [0], Head: 0

Layer [0], Head: 0

Layer [0], Head: 0

Layer [0], Head: 0

Layer [0], Head: 0

Layer [0], Head: 0

Layer [0], Head: 0

Layer [0], Head: 0

Layer [0], Head: 0

Layer [0], Head: 0

Layer [0], Head: 0

Layer [0], Head: 0

Layer [0], Head: 0

Layer [0], Head: 0

Layer [0], Head: 0

Layer [0], Head: 0

Layer [0], Head: 0

Layer [0], Head: 0

Layer [0], Head: 0

Layer [0], Head: 0

Layer [0], Head: 0

Layer [0], Head: 0

Layer [0], Head: 0

Layer [0], Head: 0

Layer [0], Head: 0

Layer [0], Head: 0

Layer [0], Head: 0

Layer [0], Head: 0

Layer [0], Head: 0

Layer [0], Head: 0

Layer [0], Head: 0

Layer [0], Head: 0

Layer [0], Head: 0

Layer [0], Head: 0

Layer [0], Head: 0

Layer [0], Head: 0

Layer [0], Head: 0

Layer [0], Head: 0

Layer [0], Head: 0

Layer [0], Head: 0

Layer [0], Head: 0

Layer [0], Head: 0

Layer [0], Head: 0

Layer [0], Head: 0

Layer [0], Head: 0

Layer [0], Head: 0

Layer [0], Head: 0

Layer [0], Head: 0

Layer [0], Head: 0

Layer [0], Head: 0

Layer [0], Head: 0

Layer [0], Head: 0

Layer [0], Head: 0

Layer [0], Head: 0

Layer [0], Head: 0

Layer [0], Head: 0

Layer [0], Head: 0

Layer [0], Head: 0

Layer [0], Head: 0

Layer [0], Head: 0

Layer [0], Head: 0

Layer [0], Head: 0

Layer [0], Head: 0

Layer [0], Head: 0

Layer [0], Head: 0

Layer [0], Head: 0

Layer [0], Head: 0

Layer [0], Head: 0

Layer [0], Head: 0

Layer [0], Head: 0

Layer [0], Head: 0

Layer [0], Head: 0

Layer [0], Head: 0

Layer [0], Head: 0

Layer [0], Head: 0

Layer [0], Head: 0

Layer [0], Head: 0

Layer [0], Head: 0

Layer [0], Head: 0

Layer [0], Head: 0

Layer [0], Head: 0

Layer [0], Head: 0

Layer [0], Head: 0

Layer [0], Head: 0

Layer [0], Head: 0

Layer [0], Head: 0

Layer [0], Head: 0

Layer [0], Head: 0

Layer [0], Head: 0

Layer [0], Head: 0

Layer [0], Head: 0

Layer [0], Head: 0

Layer [0], Head: 0

Layer [0], Head: 0

Layer [0], Head: 0

Layer [0], Head: 0

Layer [0], Head: 0

Layer [0], Head: 0

Layer [0], Head: 0

Layer [0], Head: 0

Layer [0], Head: 0

Layer [0], Head: 0

Layer [0], Head: 0

Layer [0], Head: 0

Layer [0], Head: 0

Layer [0], Head: 0

Layer [0], Head: 0

Layer [0], Head: 0

Layer [0], Head: 0

Layer [0], Head: 0

Layer [0], Head: 0

Layer [0], Head: 0

Layer [0], Head: 0

Layer [0], Head: 0

Layer [0], Head: 0

Layer [0], Head: 0

Layer [0], Head: 0

Layer [0], Head: 0

Layer [0], Head: 0

Layer [0], Head: 0

Layer [0], Head: 0

Layer [0], Head: 0

Layer [0], Head: 0

Layer [0], Head: 0

Layer [0], Head: 0

Layer [0], Head: 0

Layer [0], Head: 0

Layer [0], Head: 0

Layer [0], Head: 0

Layer [0], Head: 0

Layer [0], Head: 0

Layer [0], Head: 0

Layer [0], Head: 0

Layer [0], Head: 0

Layer [0], Head: 0

Layer [0], Head: 0

Layer [0], Head: 0

Layer [0], Head: 0

Layer [0], Head: 0

Layer [0], Head: 0

Layer [0], Head: 0

Layer [0], Head: 0

Layer [0], Head: 0

Layer [0], Head: 0

Layer [0], Head: 0

Layer [0], Head: 0

Layer [0], Head: 0

Layer [0], Head: 0

Layer [0], Head: 0

Layer [0], Head: 0

Layer [0], Head: 0

Layer [0], Head: 0

Layer [0], Head: 0

Layer [0], Head: 0

Layer [0], Head: 0

Layer [0], Head: 0

Layer [0], Head: 0

Layer [0], Head: 0

Layer [0], Head: 0

Layer [0], Head: 0

Layer [0], Head: 0

Layer [0], Head: 0

Layer [0], Head: 0

Layer [0], Head: 0

Layer [0], Head: 0

Layer [0], Head: 0

Layer [0], Head: 0

Layer [0], Head: 0

Layer [0], Head: 0

Layer [0], Head: 0

Layer [0], Head: 0

Layer [0], Head: 0

Layer [0], Head: 0

Layer [0], Head: 0

Layer [0], Head: 0

Layer [0], Head: 0

Layer [0], Head: 0

Layer [0], Head: 0

Layer [0], Head: 0

Layer [0], Head: 0

Layer [0], Head: 0

Layer [0], Head: 0

Layer [0], Head: 0

Layer [0], Head: 0

Layer [0], Head: 0

Layer [0], Head: 0

Layer [0], Head: 0

Layer [0], Head: 0

Layer [0], Head: 0

Layer [0], Head: 0

Layer [0], Head: 0

Layer [0], Head: 0

Layer [0], Head: 0

Layer [0], Head: 0

Layer [0], Head: 0

Layer [0], Head: 0

Layer [0], Head: 0

Layer [0], Head: 0

Layer [0], Head: 0

Layer [0], Head: 0

Layer [0], Head: 0

Layer [0], Head: 0

Layer [0], Head: 0

Layer [0], Head: 0

Layer [0], Head: 0

Layer [0], Head: 0

Layer [0], Head: 0

Layer [0], Head: 0

Layer [0], Head: 0

Layer [0], Head: 0

Layer [0], Head: 0

Layer [0], Head: 0

Layer [0], Head: 0

Layer [0], Head: 0

Layer [0], Head: 0

Layer [0], Head: 0

Layer [0], Head: 0

Layer [0], Head: 0

Layer [0], Head: 0

Layer [0], Head: 0

Layer [0], Head: 0

Layer [0], Head: 0

Layer [0], Head: 0

Layer [0], Head: 0

Layer [0], Head: 0

Layer [0], Head: 0

Layer [0], Head: 0

Layer [0], Head: 0

Layer [0], Head: 0

Layer [0], Head: 0

Layer [0], Head: 0

Layer [0], Head: 0

Layer [0], Head: 0

Layer [0], Head: 0

Layer [0], Head: 0

Layer [0], Head: 0

Layer [0], Head: 0

Layer [0], Head: 0

Layer [0], Head: 0

Layer [0], Head: 0

Layer [0], Head: 0

Layer [0], Head: 0

Layer [0], Head: 0

Layer [0], Head: 0

Layer [0], Head: 0

Layer [0], Head: 0

Layer [0], Head: 0

Layer [0], Head: 0

Layer [0], Head: 0

Layer [0], Head: 0

Layer [0], Head: 0

Layer [0], Head: 0

Layer [0], Head: 0

Layer [0], Head: 0

Layer [0], Head: 0

Layer [0], Head: 0

Layer [0], Head: 0

Layer [0], Head: 0

Layer [0], Head: 0

Layer [0], Head: 0

Layer [0], Head: 0

Layer [0], Head: 0

Layer [0], Head: 0

Layer [0], Head: 0

Layer [0], Head: 0

Layer [0], Head: 0

Layer [0], Head: 0

Layer [0], Head: 0

Layer [0], Head: 0

Layer [0], Head: 0

Layer [0], Head: 0

Layer [0], Head: 0

Layer [0], Head: 0

Layer [0], Head: 0

Layer [0], Head: 0

Layer [0], Head: 0

Layer [0], Head: 0

Layer [0], Head: 0

Layer [0], Head: 0

Layer [0], Head: 0

Layer [0], Head: 0

Layer [0], Head: 0

Layer [0], Head: 0

Layer [0], Head: 0

Layer [0], Head: 0

Layer [0], Head: 0

Layer [0], Head: 0

Layer [0], Head: 0

Layer [0], Head: 0

Layer [0], Head: 0

Layer [0], Head: 0

Layer [0], Head: 0

Layer [0], Head: 0

Layer [0], Head: 0

Layer [0], Head: 0

Layer [0], Head: 0

Layer [0], Head: 0

Layer [0], Head: 0

Layer [0], Head: 0

Layer [0], Head: 0

Layer [0], Head: 0

Layer [0], Head: 0

Layer [0], Head: 0

Layer [0], Head: 0

Layer [0], Head: 0

Layer [0], Head: 0

Layer [0], Head: 0

Layer [0], Head: 0

Layer [0], Head: 0

Layer [0], Head: 0

Layer [0], Head: 0

Layer [0], Head: 0

Layer [0], Head: 0

Layer [0], Head: 0

Layer [0], Head: 0

Layer [0], Head: 0

Layer [0], Head: 0

Layer [0], Head: 0

Layer [0], Head: 0

Layer [0], Head: 0

Layer [0], Head: 0

Layer [0], Head: 0

Layer [0], Head: 0

Layer [0], Head: 0

Layer [0], Head: 0

Layer [0], Head: 0

Layer [0], Head: 0

Layer [0], Head: 0

Layer [0], Head: 0

Layer [0], Head: 0

Layer [0], Head: 0

Layer [0], Head: 0

Layer [0], Head: 0

Layer [0], Head: 0

Layer [0], Head: 0

Layer [0], Head: 0

Layer [0], Head: 0

Layer [0], Head: 0

Layer [0], Head: 0

Layer [0], Head: 0

Layer [0], Head: 0

Layer [0], Head: 0

Layer [0], Head: 0

Layer [0], Head: 0

Layer [0], Head: 0

Layer [0], Head: 0

Layer [0], Head: 0

Layer [0], Head: 0

Layer [0], Head: 0

Layer [0], Head: 0

Layer [0], Head: 0

Layer [0], Head: 0

Layer [0], Head: 0

Layer [0], Head: 0

Layer [0], Head: 0

Layer [0], Head: 0

Layer [0], Head: 0

Layer [0], Head: 0

Layer [0], Head: 0

Layer [0], Head: 0

Layer [0], Head: 0

Layer [0], Head: 0

Layer [0], Head: 0

Layer [0], Head: 0

Layer [0], Head: 0

Layer [0], Head: 0

Layer [0], Head: 0

Layer [0], Head: 0

Layer [0], Head: 0

Layer [0], Head: 0

Layer [0], Head: 0

Layer [0], Head: 0

Layer [0], Head: 0

Layer [0], Head: 0

Layer [0], Head: 0

Layer [0], Head: 0

Layer [0], Head: 0

Layer [0], Head: 0

Layer [0], Head: 0

Layer [0], Head: 0

Layer [0], Head: 0

Layer [0], Head: 0

Layer [0], Head: 0

Layer [0], Head: 0

Layer [0], Head: 0

Layer [0], Head: 0

Layer [0], Head: 0

Layer [0], Head: 0

Layer [0], Head: 0

Layer [0], Head: 0

Layer [0], Head: 0

Layer [0], Head: 0

Layer [0], Head: 0

Layer [0], Head: 0

Layer [0], Head: 0

Layer [0], Head: 0

Layer [0], Head: 0

Layer [0], Head: 0

Layer [0], Head: 0

Layer [0], Head: 0

Layer [0], Head: 0

Layer [0], Head: 0

Layer [0], Head: 0

Layer [0], Head: 0

Layer [0], Head: 0

Layer [0], Head: 0

Layer [0], Head: 0

Layer [0], Head: 0

Layer [0], Head: 0

Layer [0], Head: 0

Layer [0], Head: 0

Layer [0], Head: 0

Layer [0], Head: 0

Layer [0], Head: 0

Layer [0], Head: 0

Layer [0], Head: 0

Layer [0], Head: 0

Layer [0], Head: 0

Layer [0], Head: 0

Layer [0], Head: 0

Layer [0], Head: 0

Layer [0], Head: 0

Layer [0], Head: 0

Layer [0], Head: 0

Layer [0], Head: 0

Layer [0], Head: 0

Layer [0], Head: 0

Layer [0], Head: 0

Layer [0], Head: 0

Layer [0], Head: 0

Layer [0], Head: 0

Layer [0], Head: 0

Layer [0], Head: 0

Layer [0], Head: 0

Layer [0], Head: 0

Layer [0], Head: 0

Layer [0], Head: 0

Layer [0], Head: 0

Layer [0], Head: 0

Layer [0], Head: 0

Layer [0], Head: 0

Layer [0], Head: 0

Layer [0], Head: 0

Layer [0], Head: 0

Layer [0], Head: 0

Layer [0], Head: 0

Layer [0], Head: 0

Layer [0], Head: 0

Layer [0], Head: 0

Layer [0], Head: 0

Layer [0], Head: 0

Layer [0], Head: 0
[transfer] fit image basis on 'imagenet' (RN101): 1089 components frozen.

Layer [-1], Head: -1
[transfer] eval 'CIFAR100': model=50.70 pc=50.45 text_self=45.25 text_ref=48.65 image_self=49.15 image_ref=50.50

Layer [-1], Head: -1
[transfer] eval 'binary_waterbirds': model=70.85 pc=71.00 text_self=71.00 text_ref=70.15 image_self=70.40 image_ref=70.30

Layer [-1], Head: -1
[transfer] eval 'caltech': model=82.92 pc=82.92 text_self=78.51 text_ref=81.68 image_self=81.34 image_ref=81.49

Layer [-1], Head: -1
[transfer] eval 'fairface': model=55.66 pc=55.94 text_self=55.94 text_ref=54.26 image_self=55.26 image_ref=55.06

Layer [-1], Head: -1
[transfer] eval 'imagenet': model=62.00 pc=61.96 text_self=58.34 text_ref=60.88 image_self=60.72 image_ref=60.72
  [skip] no top_1500_nouns_5_sentences_imagenet_bias_clean image activations to build top_1500_nouns_5_sentences_imagenet_bias_clean_embeddings_RN101 (gather them with extract_activations, or pick a different --probe_name).

Layer [0], Head: 0

Layer [0], Head: 0

Layer [0], Head: 0

Layer [0], Head: 0

Layer [0], Head: 0

Layer [0], Head: 0

Layer [0], Head: 0

Layer [0], Head: 0

Layer [0], Head: 0

Layer [0], Head: 0

Layer [0], Head: 0

Layer [0], Head: 0

Layer [0], Head: 0

Layer [0], Head: 0

Layer [0], Head: 0

Layer [0], Head: 0

Layer [0], Head: 0

Layer [0], Head: 0

Layer [0], Head: 0

Layer [0], Head: 0

Layer [0], Head: 0

Layer [0], Head: 0

Layer [0], Head: 0

Layer [0], Head: 0

Layer [0], Head: 0

Layer [0], Head: 0

Layer [0], Head: 0

Layer [0], Head: 0

Layer [0], Head: 0

Layer [0], Head: 0

Layer [0], Head: 0

Layer [0], Head: 0

Layer [0], Head: 0

Layer [0], Head: 0

Layer [0], Head: 0

Layer [0], Head: 0

Layer [0], Head: 0

Layer [0], Head: 0

Layer [0], Head: 0

Layer [0], Head: 0

Layer [0], Head: 0

Layer [0], Head: 0

Layer [0], Head: 0

Layer [0], Head: 0

Layer [0], Head: 0

Layer [0], Head: 0

Layer [0], Head: 0

Layer [0], Head: 0

Layer [0], Head: 0

Layer [0], Head: 0

Layer [0], Head: 0

Layer [0], Head: 0

Layer [0], Head: 0

Layer [0], Head: 0

Layer [0], Head: 0

Layer [0], Head: 0

Layer [0], Head: 0

Layer [0], Head: 0

Layer [0], Head: 0

Layer [0], Head: 0

Layer [0], Head: 0

Layer [0], Head: 0

Layer [0], Head: 0

Layer [0], Head: 0

Layer [0], Head: 0

Layer [0], Head: 0

Layer [0], Head: 0

Layer [0], Head: 0

Layer [0], Head: 0

Layer [0], Head: 0

Layer [0], Head: 0

Layer [0], Head: 0

Layer [0], Head: 0

Layer [0], Head: 0

Layer [0], Head: 0

Layer [0], Head: 0

Layer [0], Head: 0

Layer [0], Head: 0

Layer [0], Head: 0

Layer [0], Head: 0

Layer [0], Head: 0

Layer [0], Head: 0

Layer [0], Head: 0

Layer [0], Head: 0

Layer [0], Head: 0

Layer [0], Head: 0

Layer [0], Head: 0

Layer [0], Head: 0

Layer [0], Head: 0

Layer [0], Head: 0

Layer [0], Head: 0

Layer [0], Head: 0

Layer [0], Head: 0

Layer [0], Head: 0

Layer [0], Head: 0

Layer [0], Head: 0

Layer [0], Head: 0

Layer [0], Head: 0

Layer [0], Head: 0

Layer [0], Head: 0

Layer [0], Head: 0

Layer [0], Head: 0

Layer [0], Head: 0

Layer [0], Head: 0

Layer [0], Head: 0

Layer [0], Head: 0

Layer [0], Head: 0

Layer [0], Head: 0

Layer [0], Head: 0
[transfer] fit text basis on 'top_1500_nouns_5_sentences_imagenet_bias_clean' (RN101): 109 components frozen.

Layer [-1], Head: -1
[transfer] eval 'CIFAR100_classnames': model=44.05 pc=42.05 text_self=42.55 text_ref=38.95 image_self=41.25 image_ref=40.30

Layer [-1], Head: -1
[transfer] eval 'binary_waterbirds_classnames': model=61.45 pc=57.80 text_self=40.90 text_ref=57.10 image_self=53.15 image_ref=70.05

Layer [-1], Head: -1
[transfer] eval 'caltech_classnames': model=80.50 pc=78.32 text_self=78.17 text_ref=76.83 image_self=77.03 image_ref=77.18

Layer [-1], Head: -1
[transfer] eval 'imagenet_classnames': model=57.92 pc=55.02 text_self=54.82 text_ref=54.32 image_self=54.06 image_ref=54.06
[transfer] skip 'top_1500_nouns_5_sentences_imagenet_bias_clean': no scorer (missing classifier or paired image eval set).

Layer [0], Head: 0

Layer [0], Head: 0

Layer [0], Head: 0

Layer [0], Head: 0

Layer [0], Head: 0

Layer [0], Head: 0

Layer [0], Head: 0

Layer [0], Head: 0

Layer [0], Head: 0

Layer [0], Head: 0

Layer [0], Head: 0

Layer [0], Head: 0

Layer [0], Head: 0

Layer [0], Head: 0

Layer [0], Head: 0

Layer [0], Head: 0

Layer [0], Head: 0

Layer [0], Head: 0

Layer [0], Head: 0

Layer [0], Head: 0

Layer [0], Head: 0

Layer [0], Head: 0

Layer [0], Head: 0

Layer [0], Head: 0

Layer [0], Head: 0

Layer [0], Head: 0

Layer [0], Head: 0

Layer [0], Head: 0

Layer [0], Head: 0

Layer [0], Head: 0

Layer [0], Head: 0

Layer [0], Head: 0

Layer [0], Head: 0

Layer [0], Head: 0

Layer [0], Head: 0

Layer [0], Head: 0

Layer [0], Head: 0

Layer [0], Head: 0

Layer [0], Head: 0

Layer [0], Head: 0

Layer [0], Head: 0

Layer [0], Head: 0

Layer [0], Head: 0

Layer [0], Head: 0

Layer [0], Head: 0

Layer [0], Head: 0

Layer [0], Head: 0

Layer [0], Head: 0

Layer [0], Head: 0

Layer [0], Head: 0

Layer [0], Head: 0

Layer [0], Head: 0

Layer [0], Head: 0

Layer [0], Head: 0

Layer [0], Head: 0

Layer [0], Head: 0

Layer [0], Head: 0

Layer [0], Head: 0

Layer [0], Head: 0

Layer [0], Head: 0

Layer [0], Head: 0

Layer [0], Head: 0

Layer [0], Head: 0

Layer [0], Head: 0

Layer [0], Head: 0

Layer [0], Head: 0

Layer [0], Head: 0

Layer [0], Head: 0

Layer [0], Head: 0

Layer [0], Head: 0

Layer [0], Head: 0

Layer [0], Head: 0

Layer [0], Head: 0

Layer [0], Head: 0

Layer [0], Head: 0

Layer [0], Head: 0

Layer [0], Head: 0

Layer [0], Head: 0

Layer [0], Head: 0

Layer [0], Head: 0

Layer [0], Head: 0

Layer [0], Head: 0

Layer [0], Head: 0

Layer [0], Head: 0

Layer [0], Head: 0

Layer [0], Head: 0

Layer [0], Head: 0

Layer [0], Head: 0

Layer [0], Head: 0

Layer [0], Head: 0

Layer [0], Head: 0

Layer [0], Head: 0

Layer [0], Head: 0

Layer [0], Head: 0

Layer [0], Head: 0

Layer [0], Head: 0

Layer [0], Head: 0

Layer [0], Head: 0

Layer [0], Head: 0

Layer [0], Head: 0

Layer [0], Head: 0

Layer [0], Head: 0

Layer [0], Head: 0

Layer [0], Head: 0

Layer [0], Head: 0

Layer [0], Head: 0

Layer [0], Head: 0

Layer [0], Head: 0

Layer [0], Head: 0

Layer [0], Head: 0

Layer [0], Head: 0

Layer [0], Head: 0

Layer [0], Head: 0

Layer [0], Head: 0

Layer [0], Head: 0

Layer [0], Head: 0

Layer [0], Head: 0

Layer [0], Head: 0

Layer [0], Head: 0

Layer [0], Head: 0

Layer [0], Head: 0

Layer [0], Head: 0

Layer [0], Head: 0

Layer [0], Head: 0

Layer [0], Head: 0

Layer [0], Head: 0

Layer [0], Head: 0

Layer [0], Head: 0

Layer [0], Head: 0

Layer [0], Head: 0

Layer [0], Head: 0

Layer [0], Head: 0

Layer [0], Head: 0

Layer [0], Head: 0

Layer [0], Head: 0

Layer [0], Head: 0

Layer [0], Head: 0

Layer [0], Head: 0

Layer [0], Head: 0

Layer [0], Head: 0

Layer [0], Head: 0

Layer [0], Head: 0

Layer [0], Head: 0

Layer [0], Head: 0

Layer [0], Head: 0

Layer [0], Head: 0

Layer [0], Head: 0

Layer [0], Head: 0

Layer [0], Head: 0

Layer [0], Head: 0

Layer [0], Head: 0

Layer [0], Head: 0

Layer [0], Head: 0

Layer [0], Head: 0

Layer [0], Head: 0

Layer [0], Head: 0

Layer [0], Head: 0

Layer [0], Head: 0

Layer [0], Head: 0

Layer [0], Head: 0

Layer [0], Head: 0

Layer [0], Head: 0

Layer [0], Head: 0

Layer [0], Head: 0

Layer [0], Head: 0

Layer [0], Head: 0

Layer [0], Head: 0

Layer [0], Head: 0

Layer [0], Head: 0

Layer [0], Head: 0

Layer [0], Head: 0

Layer [0], Head: 0

Layer [0], Head: 0

Layer [0], Head: 0

Layer [0], Head: 0

Layer [0], Head: 0

Layer [0], Head: 0

Layer [0], Head: 0

Layer [0], Head: 0

Layer [0], Head: 0

Layer [0], Head: 0

Layer [0], Head: 0

Layer [0], Head: 0

Layer [0], Head: 0

Layer [0], Head: 0

Layer [0], Head: 0

Layer [0], Head: 0

Layer [0], Head: 0

Layer [0], Head: 0

Layer [0], Head: 0

Layer [0], Head: 0

Layer [0], Head: 0

Layer [0], Head: 0

Layer [0], Head: 0

Layer [0], Head: 0

Layer [0], Head: 0

Layer [0], Head: 0

Layer [0], Head: 0

Layer [0], Head: 0

Layer [0], Head: 0

Layer [0], Head: 0

Layer [0], Head: 0

Layer [0], Head: 0

Layer [0], Head: 0

Layer [0], Head: 0

Layer [0], Head: 0

Layer [0], Head: 0

Layer [0], Head: 0

Layer [0], Head: 0

Layer [0], Head: 0

Layer [0], Head: 0

Layer [0], Head: 0

Layer [0], Head: 0

Layer [0], Head: 0

Layer [0], Head: 0

Layer [0], Head: 0

Layer [0], Head: 0

Layer [0], Head: 0

Layer [0], Head: 0

Layer [0], Head: 0

Layer [0], Head: 0

Layer [0], Head: 0

Layer [0], Head: 0

Layer [0], Head: 0

Layer [0], Head: 0

Layer [0], Head: 0

Layer [0], Head: 0

Layer [0], Head: 0

Layer [0], Head: 0

Layer [0], Head: 0

Layer [0], Head: 0

Layer [0], Head: 0

Layer [0], Head: 0

Layer [0], Head: 0

Layer [0], Head: 0

Layer [0], Head: 0

Layer [0], Head: 0

Layer [0], Head: 0

Layer [0], Head: 0

Layer [0], Head: 0

Layer [0], Head: 0

Layer [0], Head: 0

Layer [0], Head: 0

Layer [0], Head: 0

Layer [0], Head: 0

Layer [0], Head: 0

Layer [0], Head: 0

Layer [0], Head: 0

Layer [0], Head: 0

Layer [0], Head: 0

Layer [0], Head: 0

Layer [0], Head: 0

Layer [0], Head: 0

Layer [0], Head: 0

Layer [0], Head: 0

Layer [0], Head: 0

Layer [0], Head: 0

Layer [0], Head: 0

Layer [0], Head: 0

Layer [0], Head: 0

Layer [0], Head: 0

Layer [0], Head: 0

Layer [0], Head: 0

Layer [0], Head: 0

Layer [0], Head: 0

Layer [0], Head: 0

Layer [0], Head: 0

Layer [0], Head: 0

Layer [0], Head: 0

Layer [0], Head: 0

Layer [0], Head: 0

Layer [0], Head: 0

Layer [0], Head: 0

Layer [0], Head: 0

Layer [0], Head: 0

Layer [0], Head: 0

Layer [0], Head: 0

Layer [0], Head: 0

Layer [0], Head: 0

Layer [0], Head: 0

Layer [0], Head: 0

Layer [0], Head: 0

Layer [0], Head: 0

Layer [0], Head: 0

Layer [0], Head: 0

Layer [0], Head: 0

Layer [0], Head: 0

Layer [0], Head: 0

Layer [0], Head: 0

Layer [0], Head: 0

Layer [0], Head: 0

Layer [0], Head: 0

Layer [0], Head: 0

Layer [0], Head: 0

Layer [0], Head: 0

Layer [0], Head: 0

Layer [0], Head: 0

Layer [0], Head: 0

Layer [0], Head: 0

Layer [0], Head: 0

Layer [0], Head: 0

Layer [0], Head: 0

Layer [0], Head: 0

Layer [0], Head: 0

Layer [0], Head: 0

Layer [0], Head: 0

Layer [0], Head: 0

Layer [0], Head: 0

Layer [0], Head: 0

Layer [0], Head: 0

Layer [0], Head: 0

Layer [0], Head: 0

Layer [0], Head: 0

Layer [0], Head: 0

Layer [0], Head: 0

Layer [0], Head: 0

Layer [0], Head: 0

Layer [0], Head: 0

Layer [0], Head: 0

Layer [0], Head: 0

Layer [0], Head: 0

Layer [0], Head: 0

Layer [0], Head: 0

Layer [0], Head: 0

Layer [0], Head: 0

Layer [0], Head: 0

Layer [0], Head: 0

Layer [0], Head: 0

Layer [0], Head: 0

Layer [0], Head: 0

Layer [0], Head: 0

Layer [0], Head: 0

Layer [0], Head: 0

Layer [0], Head: 0

Layer [0], Head: 0

Layer [0], Head: 0

Layer [0], Head: 0

Layer [0], Head: 0

Layer [0], Head: 0

Layer [0], Head: 0

Layer [0], Head: 0

Layer [0], Head: 0

Layer [0], Head: 0

Layer [0], Head: 0

Layer [0], Head: 0

Layer [0], Head: 0

Layer [0], Head: 0

Layer [0], Head: 0

Layer [0], Head: 0

Layer [0], Head: 0

Layer [0], Head: 0

Layer [0], Head: 0

Layer [0], Head: 0

Layer [0], Head: 0

Layer [0], Head: 0

Layer [0], Head: 0

Layer [0], Head: 0

Layer [0], Head: 0

Layer [0], Head: 0

Layer [0], Head: 0

Layer [0], Head: 0

Layer [0], Head: 0

Layer [0], Head: 0

Layer [0], Head: 0

Layer [0], Head: 0

Layer [0], Head: 0

Layer [0], Head: 0

Layer [0], Head: 0

Layer [0], Head: 0

Layer [0], Head: 0

Layer [0], Head: 0

Layer [0], Head: 0

Layer [0], Head: 0

Layer [0], Head: 0

Layer [0], Head: 0

Layer [0], Head: 0

Layer [0], Head: 0

Layer [0], Head: 0

Layer [0], Head: 0

Layer [0], Head: 0

Layer [0], Head: 0

Layer [0], Head: 0

Layer [0], Head: 0

Layer [0], Head: 0

Layer [0], Head: 0

Layer [0], Head: 0

Layer [0], Head: 0

Layer [0], Head: 0

Layer [0], Head: 0

Layer [0], Head: 0

Layer [0], Head: 0

Layer [0], Head: 0

Layer [0], Head: 0

Layer [0], Head: 0

Layer [0], Head: 0

Layer [0], Head: 0

Layer [0], Head: 0

Layer [0], Head: 0

Layer [0], Head: 0

Layer [0], Head: 0

Layer [0], Head: 0

Layer [0], Head: 0

Layer [0], Head: 0

Layer [0], Head: 0

Layer [0], Head: 0

Layer [0], Head: 0

Layer [0], Head: 0

Layer [0], Head: 0

Layer [0], Head: 0

Layer [0], Head: 0

Layer [0], Head: 0

Layer [0], Head: 0

Layer [0], Head: 0

Layer [0], Head: 0

Layer [0], Head: 0

Layer [0], Head: 0

Layer [0], Head: 0

Layer [0], Head: 0

Layer [0], Head: 0

Layer [0], Head: 0

Layer [0], Head: 0

Layer [0], Head: 0

Layer [0], Head: 0

Layer [0], Head: 0

Layer [0], Head: 0

Layer [0], Head: 0

Layer [0], Head: 0

Layer [0], Head: 0

Layer [0], Head: 0

Layer [0], Head: 0

Layer [0], Head: 0

Layer [0], Head: 0

Layer [0], Head: 0

Layer [0], Head: 0

Layer [0], Head: 0

Layer [0], Head: 0

Layer [0], Head: 0

Layer [0], Head: 0

Layer [0], Head: 0

Layer [0], Head: 0

Layer [0], Head: 0

Layer [0], Head: 0

Layer [0], Head: 0

Layer [0], Head: 0

Layer [0], Head: 0

Layer [0], Head: 0

Layer [0], Head: 0

Layer [0], Head: 0

Layer [0], Head: 0

Layer [0], Head: 0

Layer [0], Head: 0

Layer [0], Head: 0

Layer [0], Head: 0

Layer [0], Head: 0

Layer [0], Head: 0

Layer [0], Head: 0

Layer [0], Head: 0

Layer [0], Head: 0

Layer [0], Head: 0

Layer [0], Head: 0

Layer [0], Head: 0

Layer [0], Head: 0

Layer [0], Head: 0

Layer [0], Head: 0

Layer [0], Head: 0

Layer [0], Head: 0

Layer [0], Head: 0

Layer [0], Head: 0

Layer [0], Head: 0

Layer [0], Head: 0

Layer [0], Head: 0

Layer [0], Head: 0

Layer [0], Head: 0

Layer [0], Head: 0

Layer [0], Head: 0

Layer [0], Head: 0

Layer [0], Head: 0

Layer [0], Head: 0

Layer [0], Head: 0

Layer [0], Head: 0

Layer [0], Head: 0

Layer [0], Head: 0

Layer [0], Head: 0

Layer [0], Head: 0

Layer [0], Head: 0

Layer [0], Head: 0

Layer [0], Head: 0

Layer [0], Head: 0

Layer [0], Head: 0

Layer [0], Head: 0

Layer [0], Head: 0

Layer [0], Head: 0

Layer [0], Head: 0

Layer [0], Head: 0

Layer [0], Head: 0

Layer [0], Head: 0

Layer [0], Head: 0

Layer [0], Head: 0

Layer [0], Head: 0

Layer [0], Head: 0

Layer [0], Head: 0

Layer [0], Head: 0

Layer [0], Head: 0

Layer [0], Head: 0

Layer [0], Head: 0

Layer [0], Head: 0

Layer [0], Head: 0

Layer [0], Head: 0

Layer [0], Head: 0

Layer [0], Head: 0

Layer [0], Head: 0

Layer [0], Head: 0

Layer [0], Head: 0

Layer [0], Head: 0

Layer [0], Head: 0

Layer [0], Head: 0

Layer [0], Head: 0

Layer [0], Head: 0

Layer [0], Head: 0

Layer [0], Head: 0

Layer [0], Head: 0

Layer [0], Head: 0

Layer [0], Head: 0

Layer [0], Head: 0

Layer [0], Head: 0

Layer [0], Head: 0

Layer [0], Head: 0

Layer [0], Head: 0

Layer [0], Head: 0

Layer [0], Head: 0

Layer [0], Head: 0

Layer [0], Head: 0

Layer [0], Head: 0

Layer [0], Head: 0

Layer [0], Head: 0

Layer [0], Head: 0

Layer [0], Head: 0

Layer [0], Head: 0

Layer [0], Head: 0

Layer [0], Head: 0

Layer [0], Head: 0

Layer [0], Head: 0

Layer [0], Head: 0

Layer [0], Head: 0

Layer [0], Head: 0
[transfer] fit image basis on 'imagenet' (RN50): 545 components frozen.

Layer [-1], Head: -1
[transfer] eval 'CIFAR100': model=44.10 pc=44.15 text_self=34.85 text_ref=42.40 image_self=42.40 image_ref=42.80

Layer [-1], Head: -1
[transfer] eval 'binary_waterbirds': model=70.95 pc=70.65 text_self=70.65 text_ref=71.45 image_self=71.20 image_ref=70.35

Layer [-1], Head: -1
[transfer] eval 'caltech': model=79.21 pc=79.65 text_self=73.42 text_ref=78.22 image_self=77.97 image_ref=78.61

Layer [-1], Head: -1
[transfer] eval 'fairface': model=52.80 pc=52.66 text_self=52.66 text_ref=49.60 image_self=51.97 image_ref=50.77

Layer [-1], Head: -1
[transfer] eval 'imagenet': model=58.88 pc=59.08 text_self=52.42 text_ref=55.40 image_self=56.72 image_ref=56.72
  [skip] no top_1500_nouns_5_sentences_imagenet_bias_clean image activations to build top_1500_nouns_5_sentences_imagenet_bias_clean_embeddings_RN50 (gather them with extract_activations, or pick a different --probe_name).

Layer [0], Head: 0

Layer [0], Head: 0

Layer [0], Head: 0

Layer [0], Head: 0

Layer [0], Head: 0

Layer [0], Head: 0

Layer [0], Head: 0

Layer [0], Head: 0

Layer [0], Head: 0

Layer [0], Head: 0

Layer [0], Head: 0

Layer [0], Head: 0

Layer [0], Head: 0

Layer [0], Head: 0

Layer [0], Head: 0

Layer [0], Head: 0

Layer [0], Head: 0

Layer [0], Head: 0

Layer [0], Head: 0

Layer [0], Head: 0

Layer [0], Head: 0

Layer [0], Head: 0

Layer [0], Head: 0

Layer [0], Head: 0

Layer [0], Head: 0

Layer [0], Head: 0

Layer [0], Head: 0

Layer [0], Head: 0

Layer [0], Head: 0

Layer [0], Head: 0

Layer [0], Head: 0

Layer [0], Head: 0

Layer [0], Head: 0

Layer [0], Head: 0

Layer [0], Head: 0

Layer [0], Head: 0

Layer [0], Head: 0

Layer [0], Head: 0

Layer [0], Head: 0

Layer [0], Head: 0

Layer [0], Head: 0

Layer [0], Head: 0

Layer [0], Head: 0

Layer [0], Head: 0

Layer [0], Head: 0

Layer [0], Head: 0

Layer [0], Head: 0

Layer [0], Head: 0

Layer [0], Head: 0

Layer [0], Head: 0

Layer [0], Head: 0

Layer [0], Head: 0

Layer [0], Head: 0

Layer [0], Head: 0

Layer [0], Head: 0

Layer [0], Head: 0

Layer [0], Head: 0

Layer [0], Head: 0

Layer [0], Head: 0

Layer [0], Head: 0

Layer [0], Head: 0

Layer [0], Head: 0

Layer [0], Head: 0

Layer [0], Head: 0

Layer [0], Head: 0

Layer [0], Head: 0

Layer [0], Head: 0

Layer [0], Head: 0

Layer [0], Head: 0

Layer [0], Head: 0

Layer [0], Head: 0

Layer [0], Head: 0

Layer [0], Head: 0

Layer [0], Head: 0

Layer [0], Head: 0

Layer [0], Head: 0

Layer [0], Head: 0

Layer [0], Head: 0

Layer [0], Head: 0

Layer [0], Head: 0

Layer [0], Head: 0

Layer [0], Head: 0

Layer [0], Head: 0

Layer [0], Head: 0

Layer [0], Head: 0

Layer [0], Head: 0

Layer [0], Head: 0

Layer [0], Head: 0

Layer [0], Head: 0

Layer [0], Head: 0

Layer [0], Head: 0

Layer [0], Head: 0

Layer [0], Head: 0

Layer [0], Head: 0

Layer [0], Head: 0

Layer [0], Head: 0

Layer [0], Head: 0

Layer [0], Head: 0

Layer [0], Head: 0

Layer [0], Head: 0

Layer [0], Head: 0

Layer [0], Head: 0

Layer [0], Head: 0

Layer [0], Head: 0

Layer [0], Head: 0

Layer [0], Head: 0

Layer [0], Head: 0

Layer [0], Head: 0

Layer [0], Head: 0
[transfer] fit text basis on 'top_1500_nouns_5_sentences_imagenet_bias_clean' (RN50): 109 components frozen.

Layer [-1], Head: -1
[transfer] eval 'CIFAR100_classnames': model=34.80 pc=36.30 text_self=38.85 text_ref=36.90 image_self=35.00 image_ref=37.50

Layer [-1], Head: -1
[transfer] eval 'binary_waterbirds_classnames': model=67.85 pc=65.15 text_self=71.30 text_ref=62.70 image_self=66.10 image_ref=66.65

Layer [-1], Head: -1
[transfer] eval 'caltech_classnames': model=76.73 pc=76.68 text_self=77.38 text_ref=77.03 image_self=75.59 image_ref=75.99

Layer [-1], Head: -1
[transfer] eval 'imagenet_classnames': model=53.80 pc=53.38 text_self=53.58 text_ref=53.60 image_self=52.78 image_ref=52.78
[transfer] skip 'top_1500_nouns_5_sentences_imagenet_bias_clean': no scorer (missing classifier or paired image eval set).

Layer [0], Head: 0

Layer [0], Head: 0

Layer [0], Head: 0

Layer [0], Head: 0

Layer [0], Head: 0

Layer [0], Head: 0

Layer [0], Head: 0

Layer [0], Head: 0

Layer [0], Head: 0

Layer [0], Head: 0

Layer [0], Head: 0

Layer [0], Head: 0

Layer [0], Head: 0

Layer [0], Head: 0

Layer [0], Head: 0

Layer [0], Head: 0

Layer [0], Head: 0

Layer [0], Head: 0

Layer [0], Head: 0

Layer [0], Head: 0

Layer [0], Head: 0

Layer [0], Head: 0

Layer [0], Head: 0

Layer [0], Head: 0

Layer [0], Head: 0

Layer [0], Head: 0

Layer [0], Head: 0

Layer [0], Head: 0

Layer [0], Head: 0

Layer [0], Head: 0

Layer [0], Head: 0

Layer [0], Head: 0

Layer [0], Head: 0

Layer [0], Head: 0

Layer [0], Head: 0

Layer [0], Head: 0

Layer [0], Head: 0

Layer [0], Head: 0

Layer [0], Head: 0

Layer [0], Head: 0

Layer [0], Head: 0

Layer [0], Head: 0

Layer [0], Head: 0

Layer [0], Head: 0

Layer [0], Head: 0

Layer [0], Head: 0

Layer [0], Head: 0

Layer [0], Head: 0

Layer [0], Head: 0

Layer [0], Head: 0

Layer [0], Head: 0

Layer [0], Head: 0

Layer [0], Head: 0

Layer [0], Head: 0

Layer [0], Head: 0

Layer [0], Head: 0

Layer [0], Head: 0

Layer [0], Head: 0

Layer [0], Head: 0

Layer [0], Head: 0

Layer [0], Head: 0

Layer [0], Head: 0

Layer [0], Head: 0

Layer [0], Head: 0

Layer [0], Head: 0

Layer [0], Head: 0

Layer [0], Head: 0

Layer [0], Head: 0

Layer [0], Head: 0

Layer [0], Head: 0

Layer [0], Head: 0

Layer [0], Head: 0

Layer [0], Head: 0

Layer [0], Head: 0

Layer [0], Head: 0

Layer [0], Head: 0

Layer [0], Head: 0

Layer [0], Head: 0

Layer [0], Head: 0

Layer [0], Head: 0

Layer [0], Head: 0

Layer [0], Head: 0

Layer [0], Head: 0

Layer [0], Head: 0

Layer [0], Head: 0

Layer [0], Head: 0

Layer [0], Head: 0

Layer [0], Head: 0

Layer [0], Head: 0

Layer [0], Head: 0

Layer [0], Head: 0

Layer [0], Head: 0

Layer [0], Head: 0

Layer [0], Head: 0

Layer [0], Head: 0

Layer [0], Head: 0

Layer [0], Head: 0

Layer [0], Head: 0

Layer [0], Head: 0

Layer [0], Head: 0

Layer [0], Head: 0

Layer [0], Head: 0

Layer [0], Head: 0

Layer [0], Head: 0

Layer [0], Head: 0

Layer [0], Head: 0

Layer [0], Head: 0

Layer [0], Head: 0

Layer [0], Head: 0

Layer [0], Head: 0

Layer [0], Head: 0

Layer [0], Head: 0

Layer [0], Head: 0

Layer [0], Head: 0

Layer [0], Head: 0

Layer [0], Head: 0

Layer [0], Head: 0

Layer [0], Head: 0

Layer [0], Head: 0

Layer [0], Head: 0

Layer [0], Head: 0

Layer [0], Head: 0

Layer [0], Head: 0

Layer [0], Head: 0

Layer [0], Head: 0

Layer [0], Head: 0

Layer [0], Head: 0

Layer [0], Head: 0

Layer [0], Head: 0

Layer [0], Head: 0

Layer [0], Head: 0

Layer [0], Head: 0

Layer [0], Head: 0

Layer [0], Head: 0

Layer [0], Head: 0

Layer [0], Head: 0

Layer [0], Head: 0

Layer [0], Head: 0

Layer [0], Head: 0

Layer [0], Head: 0

Layer [0], Head: 0

Layer [0], Head: 0

Layer [0], Head: 0

Layer [0], Head: 0

Layer [0], Head: 0

Layer [0], Head: 0

Layer [0], Head: 0

Layer [0], Head: 0

Layer [0], Head: 0

Layer [0], Head: 0

Layer [0], Head: 0

Layer [0], Head: 0

Layer [0], Head: 0

Layer [0], Head: 0

Layer [0], Head: 0

Layer [0], Head: 0

Layer [0], Head: 0
[transfer] fit image basis on 'imagenet' (ViT-B-16): 157 components frozen.

Layer [-1], Head: -1
[transfer] eval 'CIFAR100': model=76.95 pc=76.95 text_self=76.45 text_ref=77.15 image_self=77.50 image_ref=77.05

Layer [-1], Head: -1
[transfer] eval 'binary_waterbirds': model=77.70 pc=77.95 text_self=77.95 text_ref=77.90 image_self=77.35 image_ref=77.30

Layer [-1], Head: -1
[transfer] eval 'caltech': model=88.71 pc=88.76 text_self=87.97 text_ref=88.76 image_self=88.91 image_ref=88.76

Layer [-1], Head: -1
[transfer] eval 'fairface': model=54.83 pc=54.80 text_self=54.80 text_ref=54.37 image_self=55.06 image_ref=54.34

Layer [-1], Head: -1
[transfer] eval 'imagenet': model=69.50 pc=69.52 text_self=69.12 text_ref=69.02 image_self=69.52 image_ref=69.52
  [skip] no top_1500_nouns_5_sentences_imagenet_bias_clean image activations to build top_1500_nouns_5_sentences_imagenet_bias_clean_embeddings_ViT-B-16 (gather them with extract_activations, or pick a different --probe_name).

Layer [0], Head: 0

Layer [0], Head: 0

Layer [0], Head: 0

Layer [0], Head: 0

Layer [0], Head: 0

Layer [0], Head: 0

Layer [0], Head: 0

Layer [0], Head: 0

Layer [0], Head: 0

Layer [0], Head: 0

Layer [0], Head: 0

Layer [0], Head: 0

Layer [0], Head: 0

Layer [0], Head: 0

Layer [0], Head: 0

Layer [0], Head: 0

Layer [0], Head: 0

Layer [0], Head: 0

Layer [0], Head: 0

Layer [0], Head: 0

Layer [0], Head: 0

Layer [0], Head: 0

Layer [0], Head: 0

Layer [0], Head: 0

Layer [0], Head: 0

Layer [0], Head: 0

Layer [0], Head: 0

Layer [0], Head: 0

Layer [0], Head: 0

Layer [0], Head: 0

Layer [0], Head: 0

Layer [0], Head: 0

Layer [0], Head: 0

Layer [0], Head: 0

Layer [0], Head: 0

Layer [0], Head: 0

Layer [0], Head: 0

Layer [0], Head: 0

Layer [0], Head: 0

Layer [0], Head: 0

Layer [0], Head: 0

Layer [0], Head: 0

Layer [0], Head: 0

Layer [0], Head: 0

Layer [0], Head: 0

Layer [0], Head: 0

Layer [0], Head: 0

Layer [0], Head: 0

Layer [0], Head: 0

Layer [0], Head: 0

Layer [0], Head: 0

Layer [0], Head: 0

Layer [0], Head: 0

Layer [0], Head: 0

Layer [0], Head: 0

Layer [0], Head: 0

Layer [0], Head: 0

Layer [0], Head: 0

Layer [0], Head: 0

Layer [0], Head: 0

Layer [0], Head: 0

Layer [0], Head: 0

Layer [0], Head: 0

Layer [0], Head: 0

Layer [0], Head: 0

Layer [0], Head: 0

Layer [0], Head: 0

Layer [0], Head: 0

Layer [0], Head: 0

Layer [0], Head: 0

Layer [0], Head: 0

Layer [0], Head: 0

Layer [0], Head: 0

Layer [0], Head: 0

Layer [0], Head: 0

Layer [0], Head: 0

Layer [0], Head: 0

Layer [0], Head: 0

Layer [0], Head: 0

Layer [0], Head: 0

Layer [0], Head: 0

Layer [0], Head: 0

Layer [0], Head: 0

Layer [0], Head: 0

Layer [0], Head: 0

Layer [0], Head: 0

Layer [0], Head: 0

Layer [0], Head: 0

Layer [0], Head: 0

Layer [0], Head: 0

Layer [0], Head: 0

Layer [0], Head: 0

Layer [0], Head: 0

Layer [0], Head: 0

Layer [0], Head: 0

Layer [0], Head: 0

Layer [0], Head: 0

Layer [0], Head: 0

Layer [0], Head: 0

Layer [0], Head: 0

Layer [0], Head: 0

Layer [0], Head: 0

Layer [0], Head: 0

Layer [0], Head: 0

Layer [0], Head: 0

Layer [0], Head: 0

Layer [0], Head: 0

Layer [0], Head: 0

Layer [0], Head: 0
[transfer] fit text basis on 'top_1500_nouns_5_sentences_imagenet_bias_clean' (ViT-B-16): 109 components frozen.

Layer [-1], Head: -1
[transfer] eval 'CIFAR100_classnames': model=67.40 pc=68.10 text_self=70.25 text_ref=68.75 image_self=71.15 image_ref=70.95

Layer [-1], Head: -1
[transfer] eval 'binary_waterbirds_classnames': model=69.35 pc=69.65 text_self=73.40 text_ref=71.30 image_self=65.75 image_ref=68.95

Layer [-1], Head: -1
[transfer] eval 'caltech_classnames': model=80.94 pc=78.96 text_self=80.10 text_ref=79.36 image_self=81.49 image_ref=80.64

Layer [-1], Head: -1
[transfer] eval 'fairface_classnames': model=51.17 pc=51.86 text_self=53.49 text_ref=48.66 image_self=52.86 image_ref=53.40

Layer [-1], Head: -1
[transfer] eval 'imagenet_classnames': model=66.74 pc=66.02 text_self=66.06 text_ref=65.42 image_self=64.82 image_ref=64.82
[transfer] skip 'top_1500_nouns_5_sentences_imagenet_bias_clean': no scorer (missing classifier or paired image eval set).

Layer [0], Head: 0

Layer [0], Head: 0

Layer [0], Head: 0

Layer [0], Head: 0

Layer [0], Head: 0

Layer [0], Head: 0

Layer [0], Head: 0

Layer [0], Head: 0

Layer [0], Head: 0

Layer [0], Head: 0

Layer [0], Head: 0

Layer [0], Head: 0

Layer [0], Head: 0

Layer [0], Head: 0

Layer [0], Head: 0

Layer [0], Head: 0

Layer [0], Head: 0

Layer [0], Head: 0

Layer [0], Head: 0

Layer [0], Head: 0

Layer [0], Head: 0

Layer [0], Head: 0

Layer [0], Head: 0

Layer [0], Head: 0

Layer [0], Head: 0

Layer [0], Head: 0

Layer [0], Head: 0

Layer [0], Head: 0

Layer [0], Head: 0

Layer [0], Head: 0

Layer [0], Head: 0

Layer [0], Head: 0

Layer [0], Head: 0

Layer [0], Head: 0

Layer [0], Head: 0

Layer [0], Head: 0

Layer [0], Head: 0

Layer [0], Head: 0

Layer [0], Head: 0

Layer [0], Head: 0

Layer [0], Head: 0

Layer [0], Head: 0

Layer [0], Head: 0

Layer [0], Head: 0

Layer [0], Head: 0

Layer [0], Head: 0

Layer [0], Head: 0

Layer [0], Head: 0

Layer [0], Head: 0

Layer [0], Head: 0

Layer [0], Head: 0

Layer [0], Head: 0

Layer [0], Head: 0

Layer [0], Head: 0

Layer [0], Head: 0

Layer [0], Head: 0

Layer [0], Head: 0

Layer [0], Head: 0

Layer [0], Head: 0

Layer [0], Head: 0

Layer [0], Head: 0

Layer [0], Head: 0

Layer [0], Head: 0

Layer [0], Head: 0

Layer [0], Head: 0

Layer [0], Head: 0

Layer [0], Head: 0

Layer [0], Head: 0

Layer [0], Head: 0

Layer [0], Head: 0

Layer [0], Head: 0

Layer [0], Head: 0

Layer [0], Head: 0

Layer [0], Head: 0

Layer [0], Head: 0

Layer [0], Head: 0

Layer [0], Head: 0

Layer [0], Head: 0

Layer [0], Head: 0

Layer [0], Head: 0

Layer [0], Head: 0

Layer [0], Head: 0

Layer [0], Head: 0

Layer [0], Head: 0

Layer [0], Head: 0

Layer [0], Head: 0

Layer [0], Head: 0

Layer [0], Head: 0

Layer [0], Head: 0

Layer [0], Head: 0

Layer [0], Head: 0

Layer [0], Head: 0

Layer [0], Head: 0

Layer [0], Head: 0

Layer [0], Head: 0

Layer [0], Head: 0

Layer [0], Head: 0

Layer [0], Head: 0

Layer [0], Head: 0

Layer [0], Head: 0

Layer [0], Head: 0

Layer [0], Head: 0

Layer [0], Head: 0

Layer [0], Head: 0

Layer [0], Head: 0

Layer [0], Head: 0

Layer [0], Head: 0

Layer [0], Head: 0

Layer [0], Head: 0

Layer [0], Head: 0

Layer [0], Head: 0

Layer [0], Head: 0

Layer [0], Head: 0

Layer [0], Head: 0

Layer [0], Head: 0

Layer [0], Head: 0

Layer [0], Head: 0

Layer [0], Head: 0

Layer [0], Head: 0

Layer [0], Head: 0

Layer [0], Head: 0

Layer [0], Head: 0

Layer [0], Head: 0

Layer [0], Head: 0

Layer [0], Head: 0

Layer [0], Head: 0

Layer [0], Head: 0

Layer [0], Head: 0

Layer [0], Head: 0

Layer [0], Head: 0

Layer [0], Head: 0

Layer [0], Head: 0

Layer [0], Head: 0

Layer [0], Head: 0

Layer [0], Head: 0

Layer [0], Head: 0

Layer [0], Head: 0

Layer [0], Head: 0

Layer [0], Head: 0

Layer [0], Head: 0

Layer [0], Head: 0

Layer [0], Head: 0

Layer [0], Head: 0

Layer [0], Head: 0

Layer [0], Head: 0

Layer [0], Head: 0

Layer [0], Head: 0

Layer [0], Head: 0

Layer [0], Head: 0

Layer [0], Head: 0

Layer [0], Head: 0

Layer [0], Head: 0

Layer [0], Head: 0

Layer [0], Head: 0

Layer [0], Head: 0

Layer [0], Head: 0

Layer [0], Head: 0
[transfer] fit image basis on 'imagenet' (ViT-B-32): 157 components frozen.

Layer [-1], Head: -1
[transfer] eval 'CIFAR100': model=76.20 pc=76.20 text_self=75.80 text_ref=76.10 image_self=75.50 image_ref=75.95

Layer [-1], Head: -1
[transfer] eval 'binary_waterbirds': model=62.60 pc=62.45 text_self=62.45 text_ref=62.60 image_self=63.10 image_ref=62.85

Layer [-1], Head: -1
[transfer] eval 'caltech': model=90.35 pc=90.25 text_self=90.05 text_ref=90.05 image_self=90.64 image_ref=90.40

Layer [-1], Head: -1
[transfer] eval 'fairface': model=51.51 pc=51.69 text_self=51.69 text_ref=51.11 image_self=51.83 image_ref=51.83

Layer [-1], Head: -1
[transfer] eval 'imagenet': model=66.44 pc=66.34 text_self=65.76 text_ref=65.72 image_self=66.14 image_ref=66.14
  [skip] no top_1500_nouns_5_sentences_imagenet_bias_clean image activations to build top_1500_nouns_5_sentences_imagenet_bias_clean_embeddings_ViT-B-32 (gather them with extract_activations, or pick a different --probe_name).

Layer [0], Head: 0

Layer [0], Head: 0

Layer [0], Head: 0

Layer [0], Head: 0

Layer [0], Head: 0

Layer [0], Head: 0

Layer [0], Head: 0

Layer [0], Head: 0

Layer [0], Head: 0

Layer [0], Head: 0

Layer [0], Head: 0

Layer [0], Head: 0

Layer [0], Head: 0

Layer [0], Head: 0

Layer [0], Head: 0

Layer [0], Head: 0

Layer [0], Head: 0

Layer [0], Head: 0

Layer [0], Head: 0

Layer [0], Head: 0

Layer [0], Head: 0

Layer [0], Head: 0

Layer [0], Head: 0

Layer [0], Head: 0

Layer [0], Head: 0

Layer [0], Head: 0

Layer [0], Head: 0

Layer [0], Head: 0

Layer [0], Head: 0

Layer [0], Head: 0

Layer [0], Head: 0

Layer [0], Head: 0

Layer [0], Head: 0

Layer [0], Head: 0

Layer [0], Head: 0

Layer [0], Head: 0

Layer [0], Head: 0

Layer [0], Head: 0

Layer [0], Head: 0

Layer [0], Head: 0

Layer [0], Head: 0

Layer [0], Head: 0

Layer [0], Head: 0

Layer [0], Head: 0

Layer [0], Head: 0

Layer [0], Head: 0

Layer [0], Head: 0

Layer [0], Head: 0

Layer [0], Head: 0

Layer [0], Head: 0

Layer [0], Head: 0

Layer [0], Head: 0

Layer [0], Head: 0

Layer [0], Head: 0

Layer [0], Head: 0

Layer [0], Head: 0

Layer [0], Head: 0

Layer [0], Head: 0

Layer [0], Head: 0

Layer [0], Head: 0

Layer [0], Head: 0

Layer [0], Head: 0

Layer [0], Head: 0

Layer [0], Head: 0

Layer [0], Head: 0

Layer [0], Head: 0

Layer [0], Head: 0

Layer [0], Head: 0

Layer [0], Head: 0

Layer [0], Head: 0

Layer [0], Head: 0

Layer [0], Head: 0

Layer [0], Head: 0

Layer [0], Head: 0

Layer [0], Head: 0

Layer [0], Head: 0

Layer [0], Head: 0

Layer [0], Head: 0

Layer [0], Head: 0

Layer [0], Head: 0

Layer [0], Head: 0

Layer [0], Head: 0

Layer [0], Head: 0

Layer [0], Head: 0

Layer [0], Head: 0

Layer [0], Head: 0

Layer [0], Head: 0

Layer [0], Head: 0

Layer [0], Head: 0

Layer [0], Head: 0

Layer [0], Head: 0

Layer [0], Head: 0

Layer [0], Head: 0

Layer [0], Head: 0

Layer [0], Head: 0

Layer [0], Head: 0

Layer [0], Head: 0

Layer [0], Head: 0

Layer [0], Head: 0

Layer [0], Head: 0

Layer [0], Head: 0

Layer [0], Head: 0

Layer [0], Head: 0

Layer [0], Head: 0

Layer [0], Head: 0

Layer [0], Head: 0

Layer [0], Head: 0

Layer [0], Head: 0

Layer [0], Head: 0
[transfer] fit text basis on 'top_1500_nouns_5_sentences_imagenet_bias_clean' (ViT-B-32): 109 components frozen.

Layer [-1], Head: -1
[transfer] eval 'CIFAR100_classnames': model=65.85 pc=65.75 text_self=69.60 text_ref=65.90 image_self=69.70 image_ref=69.45

Layer [-1], Head: -1
[transfer] eval 'binary_waterbirds_classnames': model=59.50 pc=56.90 text_self=61.75 text_ref=56.55 image_self=52.30 image_ref=60.00

Layer [-1], Head: -1
[transfer] eval 'caltech_classnames': model=80.30 pc=80.69 text_self=81.49 text_ref=80.99 image_self=81.83 image_ref=81.88

Layer [-1], Head: -1
[transfer] eval 'fairface_classnames': model=49.40 pc=49.00 text_self=51.77 text_ref=48.51 image_self=49.40 image_ref=46.37

Layer [-1], Head: -1
[transfer] eval 'imagenet_classnames': model=63.68 pc=63.60 text_self=63.06 text_ref=63.08 image_self=62.10 image_ref=62.10
[transfer] skip 'top_1500_nouns_5_sentences_imagenet_bias_clean': no scorer (missing classifier or paired image eval set).

Layer [0], Head: 0

Layer [0], Head: 0

Layer [0], Head: 0

Layer [0], Head: 0

Layer [0], Head: 0

Layer [0], Head: 0

Layer [0], Head: 0

Layer [0], Head: 0

Layer [0], Head: 0

Layer [0], Head: 0

Layer [0], Head: 0

Layer [0], Head: 0

Layer [0], Head: 0

Layer [0], Head: 0

Layer [0], Head: 0

Layer [0], Head: 0

Layer [0], Head: 0

Layer [0], Head: 0

Layer [0], Head: 0

Layer [0], Head: 0

Layer [0], Head: 0

Layer [0], Head: 0

Layer [0], Head: 0

Layer [0], Head: 0

Layer [0], Head: 0

Layer [0], Head: 0

Layer [0], Head: 0

Layer [0], Head: 0

Layer [0], Head: 0

Layer [0], Head: 0

Layer [0], Head: 0

Layer [0], Head: 0

Layer [0], Head: 0

Layer [0], Head: 0

Layer [0], Head: 0

Layer [0], Head: 0

Layer [0], Head: 0

Layer [0], Head: 0

Layer [0], Head: 0

Layer [0], Head: 0

Layer [0], Head: 0

Layer [0], Head: 0

Layer [0], Head: 0

Layer [0], Head: 0

Layer [0], Head: 0

Layer [0], Head: 0

Layer [0], Head: 0

Layer [0], Head: 0

Layer [0], Head: 0

Layer [0], Head: 0

Layer [0], Head: 0

Layer [0], Head: 0

Layer [0], Head: 0

Layer [0], Head: 0

Layer [0], Head: 0

Layer [0], Head: 0

Layer [0], Head: 0

Layer [0], Head: 0

Layer [0], Head: 0

Layer [0], Head: 0

Layer [0], Head: 0

Layer [0], Head: 0

Layer [0], Head: 0

Layer [0], Head: 0

Layer [0], Head: 0

Layer [0], Head: 0

Layer [0], Head: 0

Layer [0], Head: 0

Layer [0], Head: 0

Layer [0], Head: 0

Layer [0], Head: 0

Layer [0], Head: 0

Layer [0], Head: 0

Layer [0], Head: 0

Layer [0], Head: 0

Layer [0], Head: 0

Layer [0], Head: 0

Layer [0], Head: 0

Layer [0], Head: 0

Layer [0], Head: 0

Layer [0], Head: 0

Layer [0], Head: 0

Layer [0], Head: 0

Layer [0], Head: 0

Layer [0], Head: 0

Layer [0], Head: 0

Layer [0], Head: 0

Layer [0], Head: 0

Layer [0], Head: 0

Layer [0], Head: 0

Layer [0], Head: 0

Layer [0], Head: 0

Layer [0], Head: 0

Layer [0], Head: 0

Layer [0], Head: 0

Layer [0], Head: 0

Layer [0], Head: 0

Layer [0], Head: 0

Layer [0], Head: 0

Layer [0], Head: 0

Layer [0], Head: 0

Layer [0], Head: 0

Layer [0], Head: 0

Layer [0], Head: 0

Layer [0], Head: 0

Layer [0], Head: 0

Layer [0], Head: 0

Layer [0], Head: 0

Layer [0], Head: 0

Layer [0], Head: 0

Layer [0], Head: 0

Layer [0], Head: 0

Layer [0], Head: 0

Layer [0], Head: 0

Layer [0], Head: 0

Layer [0], Head: 0

Layer [0], Head: 0

Layer [0], Head: 0

Layer [0], Head: 0

Layer [0], Head: 0

Layer [0], Head: 0

Layer [0], Head: 0

Layer [0], Head: 0

Layer [0], Head: 0

Layer [0], Head: 0

Layer [0], Head: 0

Layer [0], Head: 0

Layer [0], Head: 0

Layer [0], Head: 0

Layer [0], Head: 0

Layer [0], Head: 0

Layer [0], Head: 0

Layer [0], Head: 0

Layer [0], Head: 0

Layer [0], Head: 0

Layer [0], Head: 0

Layer [0], Head: 0

Layer [0], Head: 0

Layer [0], Head: 0

Layer [0], Head: 0

Layer [0], Head: 0

Layer [0], Head: 0

Layer [0], Head: 0

Layer [0], Head: 0

Layer [0], Head: 0

Layer [0], Head: 0

Layer [0], Head: 0

Layer [0], Head: 0

Layer [0], Head: 0

Layer [0], Head: 0

Layer [0], Head: 0

Layer [0], Head: 0

Layer [0], Head: 0

Layer [0], Head: 0

Layer [0], Head: 0

Layer [0], Head: 0

Layer [0], Head: 0

Layer [0], Head: 0

Layer [0], Head: 0

Layer [0], Head: 0

Layer [0], Head: 0

Layer [0], Head: 0

Layer [0], Head: 0

Layer [0], Head: 0

Layer [0], Head: 0

Layer [0], Head: 0

Layer [0], Head: 0

Layer [0], Head: 0

Layer [0], Head: 0

Layer [0], Head: 0

Layer [0], Head: 0

Layer [0], Head: 0

Layer [0], Head: 0

Layer [0], Head: 0

Layer [0], Head: 0

Layer [0], Head: 0

Layer [0], Head: 0

Layer [0], Head: 0

Layer [0], Head: 0

Layer [0], Head: 0

Layer [0], Head: 0

Layer [0], Head: 0

Layer [0], Head: 0

Layer [0], Head: 0

Layer [0], Head: 0

Layer [0], Head: 0

Layer [0], Head: 0

Layer [0], Head: 0

Layer [0], Head: 0

Layer [0], Head: 0

Layer [0], Head: 0

Layer [0], Head: 0

Layer [0], Head: 0

Layer [0], Head: 0

Layer [0], Head: 0

Layer [0], Head: 0

Layer [0], Head: 0

Layer [0], Head: 0

Layer [0], Head: 0

Layer [0], Head: 0

Layer [0], Head: 0

Layer [0], Head: 0

Layer [0], Head: 0

Layer [0], Head: 0

Layer [0], Head: 0

Layer [0], Head: 0

Layer [0], Head: 0

Layer [0], Head: 0

Layer [0], Head: 0

Layer [0], Head: 0

Layer [0], Head: 0

Layer [0], Head: 0

Layer [0], Head: 0

Layer [0], Head: 0

Layer [0], Head: 0

Layer [0], Head: 0

Layer [0], Head: 0

Layer [0], Head: 0

Layer [0], Head: 0

Layer [0], Head: 0

Layer [0], Head: 0

Layer [0], Head: 0

Layer [0], Head: 0

Layer [0], Head: 0

Layer [0], Head: 0

Layer [0], Head: 0

Layer [0], Head: 0

Layer [0], Head: 0

Layer [0], Head: 0

Layer [0], Head: 0

Layer [0], Head: 0

Layer [0], Head: 0

Layer [0], Head: 0

Layer [0], Head: 0

Layer [0], Head: 0

Layer [0], Head: 0

Layer [0], Head: 0

Layer [0], Head: 0

Layer [0], Head: 0

Layer [0], Head: 0

Layer [0], Head: 0

Layer [0], Head: 0

Layer [0], Head: 0

Layer [0], Head: 0

Layer [0], Head: 0

Layer [0], Head: 0

Layer [0], Head: 0

Layer [0], Head: 0

Layer [0], Head: 0

Layer [0], Head: 0

Layer [0], Head: 0

Layer [0], Head: 0

Layer [0], Head: 0

Layer [0], Head: 0

Layer [0], Head: 0

Layer [0], Head: 0

Layer [0], Head: 0

Layer [0], Head: 0

Layer [0], Head: 0

Layer [0], Head: 0

Layer [0], Head: 0

Layer [0], Head: 0

Layer [0], Head: 0

Layer [0], Head: 0

Layer [0], Head: 0

Layer [0], Head: 0

Layer [0], Head: 0

Layer [0], Head: 0

Layer [0], Head: 0

Layer [0], Head: 0

Layer [0], Head: 0

Layer [0], Head: 0

Layer [0], Head: 0

Layer [0], Head: 0

Layer [0], Head: 0

Layer [0], Head: 0

Layer [0], Head: 0

Layer [0], Head: 0

Layer [0], Head: 0

Layer [0], Head: 0

Layer [0], Head: 0

Layer [0], Head: 0

Layer [0], Head: 0

Layer [0], Head: 0

Layer [0], Head: 0

Layer [0], Head: 0

Layer [0], Head: 0

Layer [0], Head: 0

Layer [0], Head: 0

Layer [0], Head: 0

Layer [0], Head: 0

Layer [0], Head: 0

Layer [0], Head: 0

Layer [0], Head: 0

Layer [0], Head: 0

Layer [0], Head: 0

Layer [0], Head: 0

Layer [0], Head: 0

Layer [0], Head: 0

Layer [0], Head: 0

Layer [0], Head: 0

Layer [0], Head: 0

Layer [0], Head: 0

Layer [0], Head: 0

Layer [0], Head: 0

Layer [0], Head: 0

Layer [0], Head: 0

Layer [0], Head: 0

Layer [0], Head: 0

Layer [0], Head: 0

Layer [0], Head: 0

Layer [0], Head: 0

Layer [0], Head: 0

Layer [0], Head: 0

Layer [0], Head: 0

Layer [0], Head: 0

Layer [0], Head: 0

Layer [0], Head: 0

Layer [0], Head: 0

Layer [0], Head: 0

Layer [0], Head: 0

Layer [0], Head: 0

Layer [0], Head: 0

Layer [0], Head: 0

Layer [0], Head: 0

Layer [0], Head: 0

Layer [0], Head: 0

Layer [0], Head: 0

Layer [0], Head: 0

Layer [0], Head: 0

Layer [0], Head: 0

Layer [0], Head: 0

Layer [0], Head: 0

Layer [0], Head: 0

Layer [0], Head: 0

Layer [0], Head: 0

Layer [0], Head: 0

Layer [0], Head: 0

Layer [0], Head: 0

Layer [0], Head: 0

Layer [0], Head: 0

Layer [0], Head: 0

Layer [0], Head: 0

Layer [0], Head: 0

Layer [0], Head: 0

Layer [0], Head: 0

Layer [0], Head: 0

Layer [0], Head: 0

Layer [0], Head: 0

Layer [0], Head: 0

Layer [0], Head: 0

Layer [0], Head: 0

Layer [0], Head: 0

Layer [0], Head: 0

Layer [0], Head: 0

Layer [0], Head: 0

Layer [0], Head: 0

Layer [0], Head: 0

Layer [0], Head: 0

Layer [0], Head: 0

Layer [0], Head: 0

Layer [0], Head: 0

Layer [0], Head: 0

Layer [0], Head: 0

Layer [0], Head: 0

Layer [0], Head: 0

Layer [0], Head: 0

Layer [0], Head: 0

Layer [0], Head: 0

Layer [0], Head: 0

Layer [0], Head: 0

Layer [0], Head: 0

Layer [0], Head: 0

Layer [0], Head: 0

Layer [0], Head: 0

Layer [0], Head: 0

Layer [0], Head: 0

Layer [0], Head: 0

Layer [0], Head: 0

Layer [0], Head: 0

Layer [0], Head: 0

Layer [0], Head: 0

Layer [0], Head: 0

Layer [0], Head: 0

Layer [0], Head: 0

Layer [0], Head: 0

Layer [0], Head: 0

Layer [0], Head: 0

Layer [0], Head: 0

Layer [0], Head: 0

Layer [0], Head: 0

Layer [0], Head: 0

Layer [0], Head: 0

Layer [0], Head: 0

Layer [0], Head: 0

Layer [0], Head: 0

Layer [0], Head: 0

Layer [0], Head: 0

Layer [0], Head: 0

Layer [0], Head: 0

Layer [0], Head: 0

Layer [0], Head: 0

Layer [0], Head: 0

Layer [0], Head: 0

Layer [0], Head: 0

Layer [0], Head: 0

Layer [0], Head: 0

Layer [0], Head: 0

Layer [0], Head: 0

Layer [0], Head: 0

Layer [0], Head: 0

Layer [0], Head: 0

Layer [0], Head: 0

Layer [0], Head: 0

Layer [0], Head: 0

Layer [0], Head: 0

Layer [0], Head: 0

Layer [0], Head: 0

Layer [0], Head: 0

Layer [0], Head: 0

Layer [0], Head: 0

Layer [0], Head: 0

Layer [0], Head: 0

Layer [0], Head: 0

Layer [0], Head: 0

Layer [0], Head: 0

Layer [0], Head: 0

Layer [0], Head: 0

Layer [0], Head: 0

Layer [0], Head: 0

Layer [0], Head: 0

Layer [0], Head: 0

Layer [0], Head: 0

Layer [0], Head: 0

Layer [0], Head: 0

Layer [0], Head: 0

Layer [0], Head: 0

Layer [0], Head: 0

Layer [0], Head: 0

Layer [0], Head: 0

Layer [0], Head: 0

Layer [0], Head: 0

Layer [0], Head: 0

Layer [0], Head: 0

Layer [0], Head: 0

Layer [0], Head: 0

Layer [0], Head: 0

Layer [0], Head: 0

Layer [0], Head: 0

Layer [0], Head: 0

Layer [0], Head: 0

Layer [0], Head: 0

Layer [0], Head: 0

Layer [0], Head: 0

Layer [0], Head: 0

Layer [0], Head: 0

Layer [0], Head: 0

Layer [0], Head: 0

Layer [0], Head: 0

Layer [0], Head: 0

Layer [0], Head: 0

Layer [0], Head: 0

Layer [0], Head: 0

Layer [0], Head: 0

Layer [0], Head: 0

Layer [0], Head: 0

Layer [0], Head: 0

Layer [0], Head: 0

Layer [0], Head: 0

Layer [0], Head: 0

Layer [0], Head: 0

Layer [0], Head: 0

Layer [0], Head: 0

Layer [0], Head: 0

Layer [0], Head: 0

Layer [0], Head: 0

Layer [0], Head: 0

Layer [0], Head: 0

Layer [0], Head: 0

Layer [0], Head: 0

Layer [0], Head: 0

Layer [0], Head: 0

Layer [0], Head: 0

Layer [0], Head: 0

Layer [0], Head: 0

Layer [0], Head: 0

Layer [0], Head: 0

Layer [0], Head: 0

Layer [0], Head: 0

Layer [0], Head: 0

Layer [0], Head: 0

Layer [0], Head: 0

Layer [0], Head: 0

Layer [0], Head: 0

Layer [0], Head: 0

Layer [0], Head: 0

Layer [0], Head: 0

Layer [0], Head: 0

Layer [0], Head: 0

Layer [0], Head: 0

Layer [0], Head: 0

Layer [0], Head: 0

Layer [0], Head: 0

Layer [0], Head: 0

Layer [0], Head: 0

Layer [0], Head: 0

Layer [0], Head: 0

Layer [0], Head: 0

Layer [0], Head: 0

Layer [0], Head: 0

Layer [0], Head: 0

Layer [0], Head: 0

Layer [0], Head: 0

Layer [0], Head: 0

Layer [0], Head: 0

Layer [0], Head: 0

Layer [0], Head: 0

Layer [0], Head: 0

Layer [0], Head: 0

Layer [0], Head: 0

Layer [0], Head: 0

Layer [0], Head: 0

Layer [0], Head: 0

Layer [0], Head: 0

Layer [0], Head: 0

Layer [0], Head: 0

Layer [0], Head: 0

Layer [0], Head: 0

Layer [0], Head: 0

Layer [0], Head: 0

Layer [0], Head: 0

Layer [0], Head: 0

Layer [0], Head: 0

Layer [0], Head: 0

Layer [0], Head: 0

Layer [0], Head: 0

Layer [0], Head: 0

Layer [0], Head: 0

Layer [0], Head: 0

Layer [0], Head: 0

Layer [0], Head: 0

Layer [0], Head: 0

Layer [0], Head: 0

Layer [0], Head: 0

Layer [0], Head: 0
[transfer] fit image basis on 'imagenet' (ViT-H-14): 545 components frozen.

Layer [-1], Head: -1
[transfer] eval 'CIFAR100': model=85.30 pc=85.30 text_self=85.15 text_ref=85.15 image_self=85.40 image_ref=85.35

Layer [-1], Head: -1
[transfer] eval 'binary_waterbirds': model=76.90 pc=76.70 text_self=76.70 text_ref=76.90 image_self=77.00 image_ref=77.25

Layer [-1], Head: -1
[transfer] eval 'caltech': model=91.34 pc=91.19 text_self=90.74 text_ref=91.24 image_self=91.49 image_ref=91.09

Layer [-1], Head: -1
[transfer] eval 'fairface': model=60.60 pc=60.49 text_self=60.49 text_ref=60.43 image_self=60.31 image_ref=60.06

Layer [-1], Head: -1
[transfer] eval 'imagenet': model=77.28 pc=77.36 text_self=77.04 text_ref=77.20 image_self=76.92 image_ref=76.92
  [skip] no top_1500_nouns_5_sentences_imagenet_bias_clean image activations to build top_1500_nouns_5_sentences_imagenet_bias_clean_embeddings_ViT-H-14 (gather them with extract_activations, or pick a different --probe_name).

Layer [0], Head: 0

Layer [0], Head: 0

Layer [0], Head: 0

Layer [0], Head: 0

Layer [0], Head: 0

Layer [0], Head: 0

Layer [0], Head: 0

Layer [0], Head: 0

Layer [0], Head: 0

Layer [0], Head: 0

Layer [0], Head: 0

Layer [0], Head: 0

Layer [0], Head: 0

Layer [0], Head: 0

Layer [0], Head: 0

Layer [0], Head: 0

Layer [0], Head: 0

Layer [0], Head: 0

Layer [0], Head: 0

Layer [0], Head: 0

Layer [0], Head: 0

Layer [0], Head: 0

Layer [0], Head: 0

Layer [0], Head: 0

Layer [0], Head: 0

Layer [0], Head: 0

Layer [0], Head: 0

Layer [0], Head: 0

Layer [0], Head: 0

Layer [0], Head: 0

Layer [0], Head: 0

Layer [0], Head: 0

Layer [0], Head: 0

Layer [0], Head: 0

Layer [0], Head: 0

Layer [0], Head: 0

Layer [0], Head: 0

Layer [0], Head: 0

Layer [0], Head: 0

Layer [0], Head: 0

Layer [0], Head: 0

Layer [0], Head: 0

Layer [0], Head: 0

Layer [0], Head: 0

Layer [0], Head: 0

Layer [0], Head: 0

Layer [0], Head: 0

Layer [0], Head: 0

Layer [0], Head: 0

Layer [0], Head: 0

Layer [0], Head: 0

Layer [0], Head: 0

Layer [0], Head: 0

Layer [0], Head: 0

Layer [0], Head: 0

Layer [0], Head: 0

Layer [0], Head: 0

Layer [0], Head: 0

Layer [0], Head: 0

Layer [0], Head: 0

Layer [0], Head: 0

Layer [0], Head: 0

Layer [0], Head: 0

Layer [0], Head: 0

Layer [0], Head: 0

Layer [0], Head: 0

Layer [0], Head: 0

Layer [0], Head: 0

Layer [0], Head: 0

Layer [0], Head: 0

Layer [0], Head: 0

Layer [0], Head: 0

Layer [0], Head: 0

Layer [0], Head: 0

Layer [0], Head: 0

Layer [0], Head: 0

Layer [0], Head: 0

Layer [0], Head: 0

Layer [0], Head: 0

Layer [0], Head: 0

Layer [0], Head: 0

Layer [0], Head: 0

Layer [0], Head: 0

Layer [0], Head: 0

Layer [0], Head: 0

Layer [0], Head: 0

Layer [0], Head: 0

Layer [0], Head: 0

Layer [0], Head: 0

Layer [0], Head: 0

Layer [0], Head: 0

Layer [0], Head: 0

Layer [0], Head: 0

Layer [0], Head: 0

Layer [0], Head: 0

Layer [0], Head: 0

Layer [0], Head: 0

Layer [0], Head: 0

Layer [0], Head: 0

Layer [0], Head: 0

Layer [0], Head: 0

Layer [0], Head: 0

Layer [0], Head: 0

Layer [0], Head: 0

Layer [0], Head: 0

Layer [0], Head: 0

Layer [0], Head: 0

Layer [0], Head: 0

Layer [0], Head: 0

Layer [0], Head: 0

Layer [0], Head: 0

Layer [0], Head: 0

Layer [0], Head: 0

Layer [0], Head: 0

Layer [0], Head: 0

Layer [0], Head: 0

Layer [0], Head: 0

Layer [0], Head: 0

Layer [0], Head: 0

Layer [0], Head: 0

Layer [0], Head: 0

Layer [0], Head: 0

Layer [0], Head: 0

Layer [0], Head: 0

Layer [0], Head: 0

Layer [0], Head: 0

Layer [0], Head: 0

Layer [0], Head: 0

Layer [0], Head: 0

Layer [0], Head: 0

Layer [0], Head: 0

Layer [0], Head: 0

Layer [0], Head: 0

Layer [0], Head: 0

Layer [0], Head: 0

Layer [0], Head: 0

Layer [0], Head: 0

Layer [0], Head: 0

Layer [0], Head: 0

Layer [0], Head: 0

Layer [0], Head: 0

Layer [0], Head: 0

Layer [0], Head: 0

Layer [0], Head: 0

Layer [0], Head: 0

Layer [0], Head: 0

Layer [0], Head: 0

Layer [0], Head: 0

Layer [0], Head: 0

Layer [0], Head: 0

Layer [0], Head: 0

Layer [0], Head: 0

Layer [0], Head: 0

Layer [0], Head: 0

Layer [0], Head: 0

Layer [0], Head: 0

Layer [0], Head: 0

Layer [0], Head: 0

Layer [0], Head: 0

Layer [0], Head: 0

Layer [0], Head: 0

Layer [0], Head: 0

Layer [0], Head: 0

Layer [0], Head: 0

Layer [0], Head: 0

Layer [0], Head: 0

Layer [0], Head: 0

Layer [0], Head: 0

Layer [0], Head: 0

Layer [0], Head: 0

Layer [0], Head: 0

Layer [0], Head: 0

Layer [0], Head: 0

Layer [0], Head: 0

Layer [0], Head: 0

Layer [0], Head: 0

Layer [0], Head: 0

Layer [0], Head: 0

Layer [0], Head: 0

Layer [0], Head: 0

Layer [0], Head: 0

Layer [0], Head: 0

Layer [0], Head: 0

Layer [0], Head: 0

Layer [0], Head: 0

Layer [0], Head: 0

Layer [0], Head: 0

Layer [0], Head: 0

Layer [0], Head: 0

Layer [0], Head: 0

Layer [0], Head: 0

Layer [0], Head: 0

Layer [0], Head: 0

Layer [0], Head: 0

Layer [0], Head: 0

Layer [0], Head: 0

Layer [0], Head: 0

Layer [0], Head: 0

Layer [0], Head: 0

Layer [0], Head: 0

Layer [0], Head: 0

Layer [0], Head: 0

Layer [0], Head: 0

Layer [0], Head: 0

Layer [0], Head: 0

Layer [0], Head: 0

Layer [0], Head: 0

Layer [0], Head: 0

Layer [0], Head: 0

Layer [0], Head: 0

Layer [0], Head: 0

Layer [0], Head: 0

Layer [0], Head: 0

Layer [0], Head: 0

Layer [0], Head: 0

Layer [0], Head: 0

Layer [0], Head: 0

Layer [0], Head: 0

Layer [0], Head: 0

Layer [0], Head: 0

Layer [0], Head: 0

Layer [0], Head: 0

Layer [0], Head: 0

Layer [0], Head: 0

Layer [0], Head: 0

Layer [0], Head: 0

Layer [0], Head: 0

Layer [0], Head: 0

Layer [0], Head: 0

Layer [0], Head: 0

Layer [0], Head: 0

Layer [0], Head: 0

Layer [0], Head: 0

Layer [0], Head: 0

Layer [0], Head: 0

Layer [0], Head: 0

Layer [0], Head: 0

Layer [0], Head: 0

Layer [0], Head: 0

Layer [0], Head: 0

Layer [0], Head: 0

Layer [0], Head: 0

Layer [0], Head: 0

Layer [0], Head: 0

Layer [0], Head: 0

Layer [0], Head: 0

Layer [0], Head: 0

Layer [0], Head: 0

Layer [0], Head: 0

Layer [0], Head: 0

Layer [0], Head: 0

Layer [0], Head: 0

Layer [0], Head: 0

Layer [0], Head: 0

Layer [0], Head: 0

Layer [0], Head: 0

Layer [0], Head: 0

Layer [0], Head: 0

Layer [0], Head: 0

Layer [0], Head: 0

Layer [0], Head: 0

Layer [0], Head: 0

Layer [0], Head: 0

Layer [0], Head: 0

Layer [0], Head: 0

Layer [0], Head: 0

Layer [0], Head: 0

Layer [0], Head: 0

Layer [0], Head: 0

Layer [0], Head: 0

Layer [0], Head: 0

Layer [0], Head: 0

Layer [0], Head: 0

Layer [0], Head: 0

Layer [0], Head: 0

Layer [0], Head: 0

Layer [0], Head: 0

Layer [0], Head: 0

Layer [0], Head: 0

Layer [0], Head: 0

Layer [0], Head: 0

Layer [0], Head: 0

Layer [0], Head: 0

Layer [0], Head: 0

Layer [0], Head: 0

Layer [0], Head: 0

Layer [0], Head: 0

Layer [0], Head: 0

Layer [0], Head: 0

Layer [0], Head: 0

Layer [0], Head: 0

Layer [0], Head: 0

Layer [0], Head: 0

Layer [0], Head: 0

Layer [0], Head: 0

Layer [0], Head: 0

Layer [0], Head: 0

Layer [0], Head: 0

Layer [0], Head: 0

Layer [0], Head: 0

Layer [0], Head: 0

Layer [0], Head: 0

Layer [0], Head: 0

Layer [0], Head: 0

Layer [0], Head: 0

Layer [0], Head: 0

Layer [0], Head: 0

Layer [0], Head: 0

Layer [0], Head: 0

Layer [0], Head: 0

Layer [0], Head: 0

Layer [0], Head: 0

Layer [0], Head: 0

Layer [0], Head: 0

Layer [0], Head: 0

Layer [0], Head: 0

Layer [0], Head: 0

Layer [0], Head: 0

Layer [0], Head: 0

Layer [0], Head: 0

Layer [0], Head: 0

Layer [0], Head: 0

Layer [0], Head: 0

Layer [0], Head: 0

Layer [0], Head: 0

Layer [0], Head: 0

Layer [0], Head: 0

Layer [0], Head: 0

Layer [0], Head: 0

Layer [0], Head: 0

Layer [0], Head: 0

Layer [0], Head: 0

Layer [0], Head: 0

Layer [0], Head: 0

Layer [0], Head: 0

Layer [0], Head: 0

Layer [0], Head: 0

Layer [0], Head: 0

Layer [0], Head: 0

Layer [0], Head: 0

Layer [0], Head: 0

Layer [0], Head: 0

Layer [0], Head: 0

Layer [0], Head: 0

Layer [0], Head: 0

Layer [0], Head: 0

Layer [0], Head: 0

Layer [0], Head: 0

Layer [0], Head: 0

Layer [0], Head: 0

Layer [0], Head: 0

Layer [0], Head: 0

Layer [0], Head: 0

Layer [0], Head: 0

Layer [0], Head: 0

Layer [0], Head: 0

Layer [0], Head: 0

Layer [0], Head: 0

Layer [0], Head: 0

Layer [0], Head: 0

Layer [0], Head: 0

Layer [0], Head: 0

Layer [0], Head: 0

Layer [0], Head: 0

Layer [0], Head: 0

Layer [0], Head: 0

Layer [0], Head: 0

Layer [0], Head: 0

Layer [0], Head: 0

Layer [0], Head: 0

Layer [0], Head: 0

Layer [0], Head: 0

Layer [0], Head: 0

Layer [0], Head: 0

Layer [0], Head: 0

Layer [0], Head: 0

Layer [0], Head: 0

Layer [0], Head: 0

Layer [0], Head: 0

Layer [0], Head: 0

Layer [0], Head: 0

Layer [0], Head: 0

Layer [0], Head: 0

Layer [0], Head: 0

Layer [0], Head: 0

Layer [0], Head: 0

Layer [0], Head: 0

Layer [0], Head: 0

Layer [0], Head: 0

Layer [0], Head: 0

Layer [0], Head: 0

Layer [0], Head: 0

Layer [0], Head: 0

Layer [0], Head: 0

Layer [0], Head: 0

Layer [0], Head: 0

Layer [0], Head: 0

Layer [0], Head: 0

Layer [0], Head: 0

Layer [0], Head: 0

Layer [0], Head: 0

Layer [0], Head: 0

Layer [0], Head: 0

Layer [0], Head: 0

Layer [0], Head: 0

Layer [0], Head: 0

Layer [0], Head: 0

Layer [0], Head: 0

Layer [0], Head: 0
[transfer] fit text basis on 'top_1500_nouns_5_sentences_imagenet_bias_clean' (ViT-H-14): 409 components frozen.

Layer [-1], Head: -1
[transfer] eval 'CIFAR100_classnames': model=74.25 pc=71.85 text_self=77.80 text_ref=71.00 image_self=77.80 image_ref=76.60

Layer [-1], Head: -1
[transfer] eval 'binary_waterbirds_classnames': model=66.55 pc=68.15 text_self=50.90 text_ref=68.75 image_self=58.00 image_ref=65.20

Layer [-1], Head: -1
[transfer] eval 'caltech_classnames': model=81.04 pc=79.60 text_self=83.71 text_ref=80.10 image_self=83.76 image_ref=82.97

Layer [-1], Head: -1
[transfer] eval 'fairface_classnames': model=44.26 pc=39.11 text_self=54.06 text_ref=40.49 image_self=52.37 image_ref=52.31

Layer [-1], Head: -1
[transfer] eval 'imagenet_classnames': model=73.44 pc=69.94 text_self=70.12 text_ref=70.72 image_self=71.70 image_ref=71.70
[transfer] skip 'top_1500_nouns_5_sentences_imagenet_bias_clean': no scorer (missing classifier or paired image eval set).

Layer [0], Head: 0

Layer [0], Head: 0

Layer [0], Head: 0

Layer [0], Head: 0

Layer [0], Head: 0

Layer [0], Head: 0

Layer [0], Head: 0

Layer [0], Head: 0

Layer [0], Head: 0

Layer [0], Head: 0

Layer [0], Head: 0

Layer [0], Head: 0

Layer [0], Head: 0

Layer [0], Head: 0

Layer [0], Head: 0

Layer [0], Head: 0

Layer [0], Head: 0

Layer [0], Head: 0

Layer [0], Head: 0

Layer [0], Head: 0

Layer [0], Head: 0

Layer [0], Head: 0

Layer [0], Head: 0

Layer [0], Head: 0

Layer [0], Head: 0

Layer [0], Head: 0

Layer [0], Head: 0

Layer [0], Head: 0

Layer [0], Head: 0

Layer [0], Head: 0

Layer [0], Head: 0

Layer [0], Head: 0

Layer [0], Head: 0

Layer [0], Head: 0

Layer [0], Head: 0

Layer [0], Head: 0

Layer [0], Head: 0

Layer [0], Head: 0

Layer [0], Head: 0

Layer [0], Head: 0

Layer [0], Head: 0

Layer [0], Head: 0

Layer [0], Head: 0

Layer [0], Head: 0

Layer [0], Head: 0

Layer [0], Head: 0

Layer [0], Head: 0

Layer [0], Head: 0

Layer [0], Head: 0

Layer [0], Head: 0

Layer [0], Head: 0

Layer [0], Head: 0

Layer [0], Head: 0

Layer [0], Head: 0

Layer [0], Head: 0

Layer [0], Head: 0

Layer [0], Head: 0

Layer [0], Head: 0

Layer [0], Head: 0

Layer [0], Head: 0

Layer [0], Head: 0

Layer [0], Head: 0

Layer [0], Head: 0

Layer [0], Head: 0

Layer [0], Head: 0

Layer [0], Head: 0

Layer [0], Head: 0

Layer [0], Head: 0

Layer [0], Head: 0

Layer [0], Head: 0

Layer [0], Head: 0

Layer [0], Head: 0

Layer [0], Head: 0

Layer [0], Head: 0

Layer [0], Head: 0

Layer [0], Head: 0

Layer [0], Head: 0

Layer [0], Head: 0

Layer [0], Head: 0

Layer [0], Head: 0

Layer [0], Head: 0

Layer [0], Head: 0

Layer [0], Head: 0

Layer [0], Head: 0

Layer [0], Head: 0

Layer [0], Head: 0

Layer [0], Head: 0

Layer [0], Head: 0

Layer [0], Head: 0

Layer [0], Head: 0

Layer [0], Head: 0

Layer [0], Head: 0

Layer [0], Head: 0

Layer [0], Head: 0

Layer [0], Head: 0

Layer [0], Head: 0

Layer [0], Head: 0

Layer [0], Head: 0

Layer [0], Head: 0

Layer [0], Head: 0

Layer [0], Head: 0

Layer [0], Head: 0

Layer [0], Head: 0

Layer [0], Head: 0

Layer [0], Head: 0

Layer [0], Head: 0

Layer [0], Head: 0

Layer [0], Head: 0

Layer [0], Head: 0

Layer [0], Head: 0

Layer [0], Head: 0

Layer [0], Head: 0

Layer [0], Head: 0

Layer [0], Head: 0

Layer [0], Head: 0

Layer [0], Head: 0

Layer [0], Head: 0

Layer [0], Head: 0

Layer [0], Head: 0

Layer [0], Head: 0

Layer [0], Head: 0

Layer [0], Head: 0

Layer [0], Head: 0

Layer [0], Head: 0

Layer [0], Head: 0

Layer [0], Head: 0

Layer [0], Head: 0

Layer [0], Head: 0

Layer [0], Head: 0

Layer [0], Head: 0

Layer [0], Head: 0

Layer [0], Head: 0

Layer [0], Head: 0

Layer [0], Head: 0

Layer [0], Head: 0

Layer [0], Head: 0

Layer [0], Head: 0

Layer [0], Head: 0

Layer [0], Head: 0

Layer [0], Head: 0

Layer [0], Head: 0

Layer [0], Head: 0

Layer [0], Head: 0

Layer [0], Head: 0

Layer [0], Head: 0

Layer [0], Head: 0

Layer [0], Head: 0

Layer [0], Head: 0

Layer [0], Head: 0

Layer [0], Head: 0

Layer [0], Head: 0

Layer [0], Head: 0

Layer [0], Head: 0

Layer [0], Head: 0

Layer [0], Head: 0

Layer [0], Head: 0

Layer [0], Head: 0

Layer [0], Head: 0

Layer [0], Head: 0

Layer [0], Head: 0

Layer [0], Head: 0

Layer [0], Head: 0

Layer [0], Head: 0

Layer [0], Head: 0

Layer [0], Head: 0

Layer [0], Head: 0

Layer [0], Head: 0

Layer [0], Head: 0

Layer [0], Head: 0

Layer [0], Head: 0

Layer [0], Head: 0

Layer [0], Head: 0

Layer [0], Head: 0

Layer [0], Head: 0

Layer [0], Head: 0

Layer [0], Head: 0

Layer [0], Head: 0

Layer [0], Head: 0

Layer [0], Head: 0

Layer [0], Head: 0

Layer [0], Head: 0

Layer [0], Head: 0

Layer [0], Head: 0

Layer [0], Head: 0

Layer [0], Head: 0

Layer [0], Head: 0

Layer [0], Head: 0

Layer [0], Head: 0

Layer [0], Head: 0

Layer [0], Head: 0

Layer [0], Head: 0

Layer [0], Head: 0

Layer [0], Head: 0

Layer [0], Head: 0

Layer [0], Head: 0

Layer [0], Head: 0

Layer [0], Head: 0

Layer [0], Head: 0

Layer [0], Head: 0

Layer [0], Head: 0

Layer [0], Head: 0

Layer [0], Head: 0

Layer [0], Head: 0

Layer [0], Head: 0

Layer [0], Head: 0

Layer [0], Head: 0

Layer [0], Head: 0

Layer [0], Head: 0

Layer [0], Head: 0

Layer [0], Head: 0

Layer [0], Head: 0

Layer [0], Head: 0

Layer [0], Head: 0

Layer [0], Head: 0

Layer [0], Head: 0

Layer [0], Head: 0

Layer [0], Head: 0

Layer [0], Head: 0

Layer [0], Head: 0

Layer [0], Head: 0

Layer [0], Head: 0

Layer [0], Head: 0

Layer [0], Head: 0

Layer [0], Head: 0

Layer [0], Head: 0

Layer [0], Head: 0

Layer [0], Head: 0

Layer [0], Head: 0

Layer [0], Head: 0

Layer [0], Head: 0

Layer [0], Head: 0

Layer [0], Head: 0

Layer [0], Head: 0

Layer [0], Head: 0

Layer [0], Head: 0

Layer [0], Head: 0

Layer [0], Head: 0

Layer [0], Head: 0

Layer [0], Head: 0

Layer [0], Head: 0

Layer [0], Head: 0

Layer [0], Head: 0

Layer [0], Head: 0

Layer [0], Head: 0

Layer [0], Head: 0

Layer [0], Head: 0

Layer [0], Head: 0

Layer [0], Head: 0

Layer [0], Head: 0

Layer [0], Head: 0

Layer [0], Head: 0

Layer [0], Head: 0

Layer [0], Head: 0

Layer [0], Head: 0

Layer [0], Head: 0

Layer [0], Head: 0

Layer [0], Head: 0

Layer [0], Head: 0

Layer [0], Head: 0

Layer [0], Head: 0

Layer [0], Head: 0

Layer [0], Head: 0

Layer [0], Head: 0

Layer [0], Head: 0

Layer [0], Head: 0

Layer [0], Head: 0

Layer [0], Head: 0

Layer [0], Head: 0

Layer [0], Head: 0

Layer [0], Head: 0

Layer [0], Head: 0

Layer [0], Head: 0

Layer [0], Head: 0

Layer [0], Head: 0

Layer [0], Head: 0

Layer [0], Head: 0

Layer [0], Head: 0

Layer [0], Head: 0

Layer [0], Head: 0

Layer [0], Head: 0

Layer [0], Head: 0

Layer [0], Head: 0

Layer [0], Head: 0

Layer [0], Head: 0

Layer [0], Head: 0

Layer [0], Head: 0

Layer [0], Head: 0

Layer [0], Head: 0

Layer [0], Head: 0

Layer [0], Head: 0

Layer [0], Head: 0

Layer [0], Head: 0

Layer [0], Head: 0

Layer [0], Head: 0

Layer [0], Head: 0

Layer [0], Head: 0

Layer [0], Head: 0

Layer [0], Head: 0

Layer [0], Head: 0

Layer [0], Head: 0

Layer [0], Head: 0

Layer [0], Head: 0

Layer [0], Head: 0

Layer [0], Head: 0

Layer [0], Head: 0

Layer [0], Head: 0

Layer [0], Head: 0

Layer [0], Head: 0

Layer [0], Head: 0

Layer [0], Head: 0

Layer [0], Head: 0

Layer [0], Head: 0

Layer [0], Head: 0

Layer [0], Head: 0

Layer [0], Head: 0

Layer [0], Head: 0

Layer [0], Head: 0

Layer [0], Head: 0

Layer [0], Head: 0

Layer [0], Head: 0

Layer [0], Head: 0

Layer [0], Head: 0

Layer [0], Head: 0

Layer [0], Head: 0

Layer [0], Head: 0

Layer [0], Head: 0

Layer [0], Head: 0

Layer [0], Head: 0

Layer [0], Head: 0

Layer [0], Head: 0

Layer [0], Head: 0

Layer [0], Head: 0

Layer [0], Head: 0

Layer [0], Head: 0

Layer [0], Head: 0

Layer [0], Head: 0

Layer [0], Head: 0

Layer [0], Head: 0

Layer [0], Head: 0

Layer [0], Head: 0

Layer [0], Head: 0

Layer [0], Head: 0

Layer [0], Head: 0

Layer [0], Head: 0

Layer [0], Head: 0

Layer [0], Head: 0

Layer [0], Head: 0

Layer [0], Head: 0

Layer [0], Head: 0

Layer [0], Head: 0

Layer [0], Head: 0

Layer [0], Head: 0

Layer [0], Head: 0

Layer [0], Head: 0

Layer [0], Head: 0

Layer [0], Head: 0

Layer [0], Head: 0

Layer [0], Head: 0

Layer [0], Head: 0

Layer [0], Head: 0

Layer [0], Head: 0

Layer [0], Head: 0

Layer [0], Head: 0

Layer [0], Head: 0

Layer [0], Head: 0

Layer [0], Head: 0

Layer [0], Head: 0

Layer [0], Head: 0

Layer [0], Head: 0

Layer [0], Head: 0

Layer [0], Head: 0

Layer [0], Head: 0

Layer [0], Head: 0

Layer [0], Head: 0

Layer [0], Head: 0

Layer [0], Head: 0

Layer [0], Head: 0

Layer [0], Head: 0

Layer [0], Head: 0

Layer [0], Head: 0

Layer [0], Head: 0

Layer [0], Head: 0

Layer [0], Head: 0

Layer [0], Head: 0

Layer [0], Head: 0

Layer [0], Head: 0

Layer [0], Head: 0

Layer [0], Head: 0

Layer [0], Head: 0

Layer [0], Head: 0

Layer [0], Head: 0

Layer [0], Head: 0

Layer [0], Head: 0

Layer [0], Head: 0

Layer [0], Head: 0

Layer [0], Head: 0

Layer [0], Head: 0

Layer [0], Head: 0

Layer [0], Head: 0

Layer [0], Head: 0

Layer [0], Head: 0

Layer [0], Head: 0

Layer [0], Head: 0

Layer [0], Head: 0

Layer [0], Head: 0

Layer [0], Head: 0

Layer [0], Head: 0

Layer [0], Head: 0

Layer [0], Head: 0
[transfer] fit image basis on 'imagenet' (ViT-L-14): 409 components frozen.

Layer [-1], Head: -1
[transfer] eval 'CIFAR100': model=83.50 pc=83.40 text_self=82.75 text_ref=83.45 image_self=83.30 image_ref=83.25

Layer [-1], Head: -1
[transfer] eval 'binary_waterbirds': model=73.90 pc=74.00 text_self=74.00 text_ref=74.15 image_self=74.60 image_ref=74.30

Layer [-1], Head: -1
[transfer] eval 'caltech': model=91.73 pc=91.73 text_self=91.53 text_ref=91.68 image_self=91.78 image_ref=91.78

Layer [-1], Head: -1
[transfer] eval 'fairface': model=60.23 pc=60.51 text_self=60.51 text_ref=60.29 image_self=60.51 image_ref=60.11

Layer [-1], Head: -1
[transfer] eval 'imagenet': model=74.60 pc=74.66 text_self=74.48 text_ref=74.70 image_self=74.64 image_ref=74.64
  [skip] no top_1500_nouns_5_sentences_imagenet_bias_clean image activations to build top_1500_nouns_5_sentences_imagenet_bias_clean_embeddings_ViT-L-14 (gather them with extract_activations, or pick a different --probe_name).

Layer [0], Head: 0

Layer [0], Head: 0

Layer [0], Head: 0

Layer [0], Head: 0

Layer [0], Head: 0

Layer [0], Head: 0

Layer [0], Head: 0

Layer [0], Head: 0

Layer [0], Head: 0

Layer [0], Head: 0

Layer [0], Head: 0

Layer [0], Head: 0

Layer [0], Head: 0

Layer [0], Head: 0

Layer [0], Head: 0

Layer [0], Head: 0

Layer [0], Head: 0

Layer [0], Head: 0

Layer [0], Head: 0

Layer [0], Head: 0

Layer [0], Head: 0

Layer [0], Head: 0

Layer [0], Head: 0

Layer [0], Head: 0

Layer [0], Head: 0

Layer [0], Head: 0

Layer [0], Head: 0

Layer [0], Head: 0

Layer [0], Head: 0

Layer [0], Head: 0

Layer [0], Head: 0

Layer [0], Head: 0

Layer [0], Head: 0

Layer [0], Head: 0

Layer [0], Head: 0

Layer [0], Head: 0

Layer [0], Head: 0

Layer [0], Head: 0

Layer [0], Head: 0

Layer [0], Head: 0

Layer [0], Head: 0

Layer [0], Head: 0

Layer [0], Head: 0

Layer [0], Head: 0

Layer [0], Head: 0

Layer [0], Head: 0

Layer [0], Head: 0

Layer [0], Head: 0

Layer [0], Head: 0

Layer [0], Head: 0

Layer [0], Head: 0

Layer [0], Head: 0

Layer [0], Head: 0

Layer [0], Head: 0

Layer [0], Head: 0

Layer [0], Head: 0

Layer [0], Head: 0

Layer [0], Head: 0

Layer [0], Head: 0

Layer [0], Head: 0

Layer [0], Head: 0

Layer [0], Head: 0

Layer [0], Head: 0

Layer [0], Head: 0

Layer [0], Head: 0

Layer [0], Head: 0

Layer [0], Head: 0

Layer [0], Head: 0

Layer [0], Head: 0

Layer [0], Head: 0

Layer [0], Head: 0

Layer [0], Head: 0

Layer [0], Head: 0

Layer [0], Head: 0

Layer [0], Head: 0

Layer [0], Head: 0

Layer [0], Head: 0

Layer [0], Head: 0

Layer [0], Head: 0

Layer [0], Head: 0

Layer [0], Head: 0

Layer [0], Head: 0

Layer [0], Head: 0

Layer [0], Head: 0

Layer [0], Head: 0

Layer [0], Head: 0

Layer [0], Head: 0

Layer [0], Head: 0

Layer [0], Head: 0

Layer [0], Head: 0

Layer [0], Head: 0

Layer [0], Head: 0

Layer [0], Head: 0

Layer [0], Head: 0

Layer [0], Head: 0

Layer [0], Head: 0

Layer [0], Head: 0

Layer [0], Head: 0

Layer [0], Head: 0

Layer [0], Head: 0

Layer [0], Head: 0

Layer [0], Head: 0

Layer [0], Head: 0

Layer [0], Head: 0

Layer [0], Head: 0

Layer [0], Head: 0

Layer [0], Head: 0

Layer [0], Head: 0

Layer [0], Head: 0

Layer [0], Head: 0

Layer [0], Head: 0

Layer [0], Head: 0

Layer [0], Head: 0

Layer [0], Head: 0

Layer [0], Head: 0

Layer [0], Head: 0

Layer [0], Head: 0

Layer [0], Head: 0

Layer [0], Head: 0

Layer [0], Head: 0

Layer [0], Head: 0

Layer [0], Head: 0

Layer [0], Head: 0

Layer [0], Head: 0

Layer [0], Head: 0

Layer [0], Head: 0

Layer [0], Head: 0

Layer [0], Head: 0

Layer [0], Head: 0

Layer [0], Head: 0

Layer [0], Head: 0

Layer [0], Head: 0

Layer [0], Head: 0

Layer [0], Head: 0

Layer [0], Head: 0

Layer [0], Head: 0

Layer [0], Head: 0

Layer [0], Head: 0

Layer [0], Head: 0

Layer [0], Head: 0

Layer [0], Head: 0

Layer [0], Head: 0

Layer [0], Head: 0

Layer [0], Head: 0

Layer [0], Head: 0

Layer [0], Head: 0

Layer [0], Head: 0

Layer [0], Head: 0

Layer [0], Head: 0

Layer [0], Head: 0

Layer [0], Head: 0

Layer [0], Head: 0

Layer [0], Head: 0

Layer [0], Head: 0

Layer [0], Head: 0

Layer [0], Head: 0

Layer [0], Head: 0
[transfer] fit text basis on 'top_1500_nouns_5_sentences_imagenet_bias_clean' (ViT-L-14): 157 components frozen.

Layer [-1], Head: -1
[transfer] eval 'CIFAR100_classnames': model=72.55 pc=70.30 text_self=78.25 text_ref=67.50 image_self=76.90 image_ref=75.55

Layer [-1], Head: -1
[transfer] eval 'binary_waterbirds_classnames': model=72.20 pc=73.65 text_self=66.10 text_ref=76.50 image_self=67.00 image_ref=67.95

Layer [-1], Head: -1
[transfer] eval 'caltech_classnames': model=83.07 pc=81.93 text_self=83.91 text_ref=81.04 image_self=82.87 image_ref=82.97

Layer [-1], Head: -1
[transfer] eval 'fairface_classnames': model=57.63 pc=56.74 text_self=57.97 text_ref=51.77 image_self=58.06 image_ref=57.37

Layer [-1], Head: -1
[transfer] eval 'imagenet_classnames': model=71.52 pc=69.60 text_self=68.18 text_ref=69.02 image_self=70.58 image_ref=70.58
[transfer] skip 'top_1500_nouns_5_sentences_imagenet_bias_clean': no scorer (missing classifier or paired image eval set).
# PCLens completeness table -- TRANSFER mode (ONE PC basis vh is fit on the general fit_dataset and FROZEN, then evaluated on every target).
# algorithm=svd_data_approx  seed=69  textset=top_1500_nouns_5_sentences_imagenet_clean  image_set=imagenet  num_of_last_layers=999
#
# Every *_acc / *_self / *_ref cell is  image->label / label->image  (top-1 zero-shot %, both directions).
# Columns match zero_shot_accuracy.csv, with a leading fit_dataset:
#   fit_dataset  : general dataset the frozen PC basis was fit on (the transfer source).
#   dataset      : target dataset (projected onto the frozen basis; zero-shot is measured on it).
#   model        : CLIP model.
#   component    : residual components decomposed (attn heads / mlp layers / all).
#   modality     : tower explained -- image = image encoder, text = text encoder.
#   n_pcs        : rank (99% variance) of the TARGET's own final-embedding decomposition.
#   pc_comp_mean : mean kept-PC count across the frozen fit-basis units (constant across targets).
#   pc_comp_std  : std of that per-unit kept-PC count.
#   model_acc    : real-model zero-shot, all components summed, NO approximation (upper bound).
#   pc_acc       : frozen rank-r PC-subspace reconstruction (no example approximation).
#   text_self    : PCs approximated with the TARGET's own class-name text embeddings.
#   text_ref     : PCs approximated with the general REFERENCE text set (=textset), frozen on fit.
#   image_self   : PCs approximated with the TARGET's own image embeddings.
#   image_ref    : PCs approximated with the general REFERENCE image set (=image_set), frozen on fit.
#   recovered_%  : 100 * text_ref(image->label) / model_acc(image->label).
#   NA           : not available for this run.
fit_dataset,dataset,model,component,modality,n_pcs,pc_comp_mean,pc_comp_std,model_acc,pc_acc,text_self,text_ref,image_self,image_ref,recovered_%
imagenet,CIFAR100,RN101,all,image,471,63.19,9.37,50.70/81.00,50.45/75.00,45.25/34.00,48.65/36.00,49.15/69.00,50.50/73.00,95.96
imagenet,CIFAR100,RN50,all,image,622,63.62,16.70,44.10/67.00,44.15/61.00,34.85/52.00,42.40/45.00,42.40/64.00,42.80/64.00,96.15
imagenet,CIFAR100,ViT-B-16,all,image,461,91.34,100.66,76.95/92.00,76.95/88.00,76.45/97.00,77.15/91.00,77.50/90.00,77.05/93.00,100.26
imagenet,CIFAR100,ViT-B-32,all,image,473,91.97,101.39,76.20/91.00,76.20/89.00,75.80/95.00,76.10/93.00,75.50/91.00,75.95/90.00,99.87
imagenet,CIFAR100,ViT-H-14,all,image,623,107.26,126.04,85.30/93.00,85.30/93.00,85.15/99.00,85.15/98.00,85.40/92.00,85.35/93.00,99.82
imagenet,CIFAR100,ViT-L-14,all,image,527,86.94,102.37,83.50/91.00,83.40/91.00,82.75/97.00,83.45/94.00,83.30/90.00,83.25/92.00,99.94
imagenet,binary_waterbirds,RN101,all,image,471,63.19,9.37,70.85/100.00,71.00/100.00,71.00/50.00,70.15/100.00,70.40/100.00,70.30/100.00,99.01
imagenet,binary_waterbirds,RN50,all,image,619,63.62,16.70,70.95/100.00,70.65/100.00,70.65/100.00,71.45/100.00,71.20/100.00,70.35/100.00,100.70
imagenet,binary_waterbirds,ViT-B-16,all,image,460,91.34,100.66,77.70/50.00,77.95/50.00,77.95/100.00,77.90/50.00,77.35/50.00,77.30/50.00,100.26
imagenet,binary_waterbirds,ViT-B-32,all,image,470,91.97,101.39,62.60/50.00,62.45/50.00,62.45/100.00,62.60/50.00,63.10/50.00,62.85/50.00,100.00
imagenet,binary_waterbirds,ViT-H-14,all,image,616,107.26,126.04,76.90/100.00,76.70/100.00,76.70/100.00,76.90/100.00,77.00/100.00,77.25/100.00,100.00
imagenet,binary_waterbirds,ViT-L-14,all,image,522,86.94,102.37,73.90/100.00,74.00/100.00,74.00/50.00,74.15/100.00,74.60/100.00,74.30/100.00,100.34
imagenet,caltech,RN101,all,image,485,63.19,9.37,82.92/89.90,82.92/89.90,78.51/63.64,81.68/79.80,81.34/91.92,81.49/93.94,98.51
imagenet,caltech,RN50,all,image,625,63.62,16.70,79.21/91.92,79.65/92.93,73.42/81.82,78.22/90.91,77.97/89.90,78.61/90.91,98.75
imagenet,caltech,ViT-B-16,all,image,466,91.34,100.66,88.71/93.94,88.76/94.95,87.97/96.97,88.76/96.97,88.91/95.96,88.76/95.96,100.06
imagenet,caltech,ViT-B-32,all,image,480,91.97,101.39,90.35/92.93,90.25/93.94,90.05/91.92,90.05/96.97,90.64/94.95,90.40/93.94,99.67
imagenet,caltech,ViT-H-14,all,image,620,107.26,126.04,91.34/93.94,91.19/93.94,90.74/97.98,91.24/95.96,91.49/94.95,91.09/93.94,99.89
imagenet,caltech,ViT-L-14,all,image,524,86.94,102.37,91.73/96.97,91.73/96.97,91.53/96.97,91.68/96.97,91.78/100.00,91.78/96.97,99.95
imagenet,fairface,RN101,all,image,463,63.19,9.37,55.66/100.00,55.94/71.43,55.94/42.86,54.26/0.00,55.26/42.86,55.06/85.71,97.48
imagenet,fairface,RN50,all,image,617,63.62,16.70,52.80/71.43,52.66/71.43,52.66/100.00,49.60/71.43,51.97/57.14,50.77/57.14,93.94
imagenet,fairface,ViT-B-16,all,image,459,91.34,100.66,54.83/85.71,54.80/85.71,54.80/71.43,54.37/85.71,55.06/85.71,54.34/100.00,99.17
imagenet,fairface,ViT-B-32,all,image,467,91.97,101.39,51.51/71.43,51.69/71.43,51.69/85.71,51.11/71.43,51.83/85.71,51.83/71.43,99.22
imagenet,fairface,ViT-H-14,all,image,621,107.26,126.04,60.60/71.43,60.49/85.71,60.49/85.71,60.43/71.43,60.31/85.71,60.06/85.71,99.72
imagenet,fairface,ViT-L-14,all,image,525,86.94,102.37,60.23/71.43,60.51/71.43,60.51/71.43,60.29/85.71,60.51/85.71,60.11/71.43,100.09
imagenet,imagenet,RN101,all,image,491,63.19,9.37,62.00/72.30,61.96/70.80,58.34/25.30,60.88/38.60,60.72/69.50,60.72/69.50,98.19
imagenet,imagenet,RN50,all,image,658,63.62,16.70,58.88/65.80,59.08/64.50,52.42/47.10,55.40/58.50,56.72/63.90,56.72/63.90,94.09
imagenet,imagenet,ViT-B-16,all,image,469,91.34,100.66,69.50/77.70,69.52/78.10,69.12/79.60,69.02/78.60,69.52/78.10,69.52/78.10,99.31
imagenet,imagenet,ViT-B-32,all,image,484,91.97,101.39,66.44/74.80,66.34/74.10,65.76/77.40,65.72/75.60,66.14/74.00,66.14/74.00,98.92
imagenet,imagenet,ViT-H-14,all,image,627,107.26,126.04,77.28/82.70,77.36/82.30,77.04/83.10,77.20/82.30,76.92/81.50,76.92/81.50,99.90
imagenet,imagenet,ViT-L-14,all,image,528,86.94,102.37,74.60/79.20,74.66/79.10,74.48/79.20,74.70/79.40,74.64/79.10,74.64/79.10,100.13
top_1500_nouns_5_sentences_imagenet_bias_clean,CIFAR100_classnames,RN101,all,text,97,108.70,129.18,44.05/76.00,42.05/75.00,42.55/73.00,38.95/72.00,41.25/75.00,40.30/76.00,88.42
top_1500_nouns_5_sentences_imagenet_bias_clean,CIFAR100_classnames,RN50,all,text,97,108.78,129.70,34.80/68.00,36.30/66.00,38.85/65.00,36.90/68.00,35.00/66.00,37.50/69.00,106.03
top_1500_nouns_5_sentences_imagenet_bias_clean,CIFAR100_classnames,ViT-B-16,all,text,97,107.04,125.17,67.40/92.00,68.10/93.00,70.25/92.00,68.75/92.00,71.15/92.00,70.95/91.00,102.00
top_1500_nouns_5_sentences_imagenet_bias_clean,CIFAR100_classnames,ViT-B-32,all,text,97,108.56,128.94,65.85/91.00,65.75/91.00,69.60/89.00,65.90/88.00,69.70/91.00,69.45/90.00,100.08
top_1500_nouns_5_sentences_imagenet_bias_clean,CIFAR100_classnames,ViT-H-14,all,text,97,97.13,136.69,74.25/94.00,71.85/93.00,77.80/88.00,71.00/93.00,77.80/93.00,76.60/93.00,95.62
top_1500_nouns_5_sentences_imagenet_bias_clean,CIFAR100_classnames,ViT-L-14,all,text,97,99.21,125.08,72.55/95.00,70.30/95.00,78.25/95.00,67.50/93.00,76.90/94.00,75.55/96.00,93.04
top_1500_nouns_5_sentences_imagenet_bias_clean,binary_waterbirds_classnames,RN101,all,text,1,108.70,129.18,61.45/100.00,57.80/100.00,40.90/100.00,57.10/100.00,53.15/100.00,70.05/100.00,92.92
top_1500_nouns_5_sentences_imagenet_bias_clean,binary_waterbirds_classnames,RN50,all,text,1,108.78,129.70,67.85/100.00,65.15/100.00,71.30/100.00,62.70/100.00,66.10/100.00,66.65/100.00,92.41
top_1500_nouns_5_sentences_imagenet_bias_clean,binary_waterbirds_classnames,ViT-B-16,all,text,1,107.04,125.17,69.35/100.00,69.65/100.00,73.40/100.00,71.30/100.00,65.75/100.00,68.95/100.00,102.81
top_1500_nouns_5_sentences_imagenet_bias_clean,binary_waterbirds_classnames,ViT-B-32,all,text,1,108.56,128.94,59.50/50.00,56.90/50.00,61.75/50.00,56.55/50.00,52.30/50.00,60.00/50.00,95.04
top_1500_nouns_5_sentences_imagenet_bias_clean,binary_waterbirds_classnames,ViT-H-14,all,text,1,97.13,136.69,66.55/50.00,68.15/50.00,50.90/100.00,68.75/50.00,58.00/50.00,65.20/50.00,103.31
top_1500_nouns_5_sentences_imagenet_bias_clean,binary_waterbirds_classnames,ViT-L-14,all,text,1,99.21,125.08,72.20/50.00,73.65/50.00,66.10/100.00,76.50/50.00,67.00/50.00,67.95/50.00,105.96
top_1500_nouns_5_sentences_imagenet_bias_clean,caltech_classnames,RN101,all,text,98,108.70,129.18,80.50/89.90,78.32/89.90,78.17/84.85,76.83/90.91,77.03/89.90,77.18/88.89,95.45
top_1500_nouns_5_sentences_imagenet_bias_clean,caltech_classnames,RN50,all,text,97,108.78,129.70,76.73/89.90,76.68/89.90,77.38/88.89,77.03/90.91,75.59/88.89,75.99/89.90,100.39
top_1500_nouns_5_sentences_imagenet_bias_clean,caltech_classnames,ViT-B-16,all,text,97,107.04,125.17,80.94/92.93,78.96/92.93,80.10/94.95,79.36/94.95,81.49/94.95,80.64/93.94,98.04
top_1500_nouns_5_sentences_imagenet_bias_clean,caltech_classnames,ViT-B-32,all,text,97,108.56,128.94,80.30/94.95,80.69/94.95,81.49/93.94,80.99/94.95,81.83/95.96,81.88/95.96,100.86
top_1500_nouns_5_sentences_imagenet_bias_clean,caltech_classnames,ViT-H-14,all,text,98,97.13,136.69,81.04/94.95,79.60/93.94,83.71/92.93,80.10/94.95,83.76/93.94,82.97/93.94,98.84
top_1500_nouns_5_sentences_imagenet_bias_clean,caltech_classnames,ViT-L-14,all,text,97,99.21,125.08,83.07/97.98,81.93/96.97,83.91/95.96,81.04/97.98,82.87/97.98,82.97/97.98,97.56
top_1500_nouns_5_sentences_imagenet_bias_clean,fairface_classnames,ViT-B-16,all,text,6,107.04,125.17,51.17/85.71,51.86/85.71,53.49/85.71,48.66/85.71,52.86/85.71,53.40/71.43,95.09
top_1500_nouns_5_sentences_imagenet_bias_clean,fairface_classnames,ViT-B-32,all,text,6,108.56,128.94,49.40/57.14,49.00/57.14,51.77/42.86,48.51/71.43,49.40/57.14,46.37/57.14,98.21
top_1500_nouns_5_sentences_imagenet_bias_clean,fairface_classnames,ViT-H-14,all,text,6,97.13,136.69,44.26/57.14,39.11/57.14,54.06/57.14,40.49/71.43,52.37/57.14,52.31/57.14,91.48
top_1500_nouns_5_sentences_imagenet_bias_clean,fairface_classnames,ViT-L-14,all,text,6,99.21,125.08,57.63/85.71,56.74/85.71,57.97/71.43,51.77/42.86,58.06/85.71,57.37/71.43,89.84
top_1500_nouns_5_sentences_imagenet_bias_clean,imagenet_classnames,RN101,all,text,477,108.70,129.18,57.92/70.60,55.02/70.70,54.82/72.10,54.32/70.60,54.06/69.80,54.06/69.80,93.78
top_1500_nouns_5_sentences_imagenet_bias_clean,imagenet_classnames,RN50,all,text,481,108.78,129.70,53.80/64.80,53.38/64.50,53.58/64.00,53.60/64.10,52.78/63.70,52.78/63.70,99.63
top_1500_nouns_5_sentences_imagenet_bias_clean,imagenet_classnames,ViT-B-16,all,text,452,107.04,125.17,66.74/81.00,66.02/81.30,66.06/80.80,65.42/80.80,64.82/81.90,64.82/81.90,98.02
top_1500_nouns_5_sentences_imagenet_bias_clean,imagenet_classnames,ViT-B-32,all,text,465,108.56,128.94,63.68/77.70,63.60/78.00,63.06/78.10,63.08/78.00,62.10/78.60,62.10/78.60,99.06
top_1500_nouns_5_sentences_imagenet_bias_clean,imagenet_classnames,ViT-H-14,all,text,604,97.13,136.69,73.44/84.80,69.94/84.80,70.12/84.90,70.72/84.70,71.70/84.80,71.70/84.80,96.30
top_1500_nouns_5_sentences_imagenet_bias_clean,imagenet_classnames,ViT-L-14,all,text,512,99.21,125.08,71.52/82.00,69.60/81.70,68.18/81.40,69.02/81.90,70.58/81.50,70.58/81.50,96.50

Wrote /home/virgilio/contrastive_learning/PCLens-spectral-explainability-in-CLIP-ViT-encoder/output_dir/activations_and_datasets_idxs_69/svd_data_approx_var99/zero_shot_accuracy_transfer.csv

All done. Outputs in /home/virgilio/contrastive_learning/PCLens-spectral-explainability-in-CLIP-ViT-encoder/output_dir/activations_and_datasets_idxs_69/svd_data_approx_var99
